Passcode$Name$Status$Attribute$type$link$link_arrows$rank$pendulum_scale$level$attack$defense$spell_attribute$summoning_condition$pendulum_condition$card_text$card_supports$card_anti_supports$card_actions$effect_types$
$Slifer the Sky Dragon$Unlimited$DIVINE$[Divine-Beast/Effect]$$$$$10$?$?$$$$Requires 3 Tributes to Normal Summon (cannot be Normal Set). This card's Normal Summon cannot be negated. When Normal Summoned, cards and effects cannot be activated. Once per turn, during the End Phase, if this card was Special Summoned: Send it to the GY. Gains 1000 ATK/DEF for each card in your hand. If a monster(s) is Normal or Special Summoned to your opponent's field in Attack Position: That monster(s) loses 2000 ATK, then if its ATK has been reduced to 0 as a result, destroy it.$$$Sends itself from field to Graveyard$Summon/Unclassified/Continuous/Trigger$
$Obelisk the Tormentor$Unlimited$DIVINE$[Divine-Beast/Effect]$$$$$10$4000$4000$$$$Requires 3 Tributes to Normal Summon (cannot be Normal Set). This card's Normal Summon cannot be negated. When Normal Summoned, cards and effects cannot be activated. Neither player can target this card with card effects. Once per turn, during the End Phase, if this card was Special Summoned: Send it to the GY. You can Tribute 2 monsters; destroy all monsters your opponent controls. This card cannot declare an attack the turn this effect is activated.$$$Sends itself from field to Graveyard/Tributes for cost$Summon/Unclassified/Continuous/Trigger/Ignition/Condition$
46986414$Dark Magician$Unlimited$DARK$[Spellcaster/Normal]$$$$$7$2500$2100$$$$The ultimate wizard in terms of attack and defense.$$$$$
85551711$Ebon High Magician$Unlimited$DARK$[Spellcaster/Xyz/Effect]$$$7$$$2300$2800$$2 Level 7 Spellcaster monsters$$While this card has material, you can activate a Quick-Play Spell Card or a Trap Card from your hand during your opponent's turn by detaching 1 material from this card at activation. If this Xyz Summoned card is destroyed by battle and sent to the GY, or if this Xyz Summoned card you control is sent to your GY by an opponent's card effect: You can Special Summon 1 DARK Spellcaster monster from your hand or Deck, then you can destroy 1 card on the field.$Spellcaster/Quick-Play Spell Card/DARK$$Applies effects if Xyz Material is attached/Detaches Xyz Materials for effect/Activates if destroyed by battle/Activates if destroyed by card effect/Activates from your Graveyard$Continuous/Trigger$
74583607$D/D/D Flame King Genghis$Unlimited$FIRE$[Fiend/Fusion/Effect]$$$$$6$2000$1500$$2 "D/D" monsters$$If another "D/D" monster(s) is Special Summoned to your field, while you control this monster (except during the Damage Step): You can target 1 "D/D" monster in your GY; Special Summon it. You can only use this effect of "D/D/D Flame King Genghis" once per turn. If this card is destroyed by battle, or if this card in its owner's possession is destroyed by an opponent's card effect: You can target 1 "Dark Contract" card in your GY; add it to your hand.$Supports archetypes /D/D/Dark Contract$$Activates upon Special Summon/Activates from your Graveyard/Adds from Graveyard to hand$Trigger/Condition$
92870717$Dragonox, the Empowered Warrior$Unlimited$DARK$[Warrior/Pendulum/Effect]$$$$7$4$1500$1500$$$When an opponent's monster declares an attack: You can destroy this card, then end the Battle Phase.$Once per turn: You can discard 1 card, then target 1 Warrior or Spellcaster-Type monster with 2000 or less ATK in your Graveyard; Special Summon it in face-down Defense Position.$Warrior/Spellcaster$$Ends the Battle Phase/Discards for cost$Pendulum Effect /Trigger-like/Monster Effect/Ignition$
47075569$Performapal Pendulum Sorcerer$Unlimited$EARTH$[Spellcaster/Pendulum/Effect]$$$$2$4$1500$800$$$If a "Performapal" monster(s) is Pendulum Summoned to your field: All "Performapal" monsters you currently control gain 1000 ATK until the end of this turn (even if this card leaves the field).$If this card is Special Summoned: You can target up to 2 cards you control; destroy them, and if you do, add "Performapal" monsters with different names from your Deck to your hand, except "Performapal Pendulum Sorcerer", equal to the number of cards destroyed. You can only use this effect of "Performapal Pendulum Sorcerer" once per turn.$Supports archetypes /Performapal$$Activates upon Pendulum Summon/Activates upon Special Summon/Adds from Deck to hand$Pendulum Effect /Trigger-like/Monster Effect/Trigger/Condition$
89631139$Blue-Eyes White Dragon$Unlimited$LIGHT$[Dragon/Normal]$$$$$8$3000$2500$$$$This legendary dragon is a powerful engine of destruction. Virtually invincible, very few have faced this awesome creature and lived to tell the tale.$$$$$
59822133$Blue-Eyes Spirit Dragon$Unlimited$LIGHT$[Dragon/Synchro/Effect]$$$$$9$2500$3000$$1 Tuner + 1+ non-Tuner "Blue-Eyes" monsters$$Neither player can Special Summon 2 or more monsters at the same time. Once per turn, when an effect of a card in the GY is activated (Quick Effect): You can negate the activation. (Quick Effect): You can Tribute this Synchro Summoned card; Special Summon 1 LIGHT Dragon Synchro Monster from your Extra Deck in Defense Position, except "Blue-Eyes Spirit Dragon", but destroy it during the End Phase of this turn.$Supports archetypes /Blue-Eyes$$Tributes itself for cost/Destroys your Monster Cards$Continuous/Quick$
00987311$D/D/D Gust King Alexander$Unlimited$WIND$[Fiend/Synchro/Effect]$$$$$7$2500$2000$$1 "D/D" Tuner + 1 or more non-Tuner monsters$$If another "D/D" monster(s) is Normal or Special Summoned to your field, while you control this face-up card (except during the Damage Step): You can target 1 Level 4 or lower "D/D" monster in your Graveyard; Special Summon it. You can only use this effect of "D/D/D Gust King Alexander" once per turn.$Supports archetypes /D/D$$Activates upon Normal Summon/Activates upon Special Summon$Trigger/Condition$
28865322$Aether, the Evil Empowering Dragon$Unlimited$DARK$[Dragon/Pendulum/Effect]$$$$4$6$2300$1600$$$Once per turn: You can banish 1 "Empowered Warrior" monster from your Graveyard, then target 1 card on the field; destroy it.$When this card is Normal or Special Summoned: You can target 1 monster on the field; banish it.$Supports archetypes /Empowered Warrior$$Activates upon Normal Summon/Activates upon Special Summon$Pendulum Effect /Ignition-like/Monster Effect/Trigger$
59438930$Ghost Ogre & Snow Rabbit$Unlimited$LIGHT$[Psychic/Tuner/Effect]$$$$$3$0$1800$$$$When a monster on the field activates its effect, or when a Spell/Trap that is already face-up on the field activates its effect (Quick Effect): You can send this card from your hand or field to the GY; destroy that card on the field. You can only use this effect of "Ghost Ogre & Snow Rabbit" once per turn.$$$Sends itself from hand to Graveyard for cost/Sends itself from field to Graveyard for cost$Quick/Condition$
