Passcode$Name$Status$Attribute$type$link$link_arrows$rank$pendulum_scale$level$attack$defense$spell_attribute$summoning_condition$pendulum_condition$card_text$card_supports$card_anti_supports$card_actions$effect_types$
43228023$Blue-Eyes Alternative Ultimate Dragon$Unlimited$LIGHT$[Dragon/Fusion/Effect]$$$$$12$4500$3800$$"Blue-Eyes White Dragon" + "Blue-Eyes White Dragon" + "Blue-Eyes White Dragon"$$Your opponent cannot target or destroy this card with card effects. Once per turn: You can target 1 card your opponent controls; destroy it. If this card was Fusion Summoned using a monster whose original name is "Blue-Eyes Alternative White Dragon" as material, you can target up to 3 cards your opponent controls instead. This card cannot attack the turn this effect is activated.$Blue-Eyes White Dragon/Blue-Eyes Alternative White Dragon$$$Continuous/Ignition/Condition$
79613121$Magician of Black Chaos MAX$Unlimited$DARK$[Spellcaster/Ritual/Effect]$$$$$8$2800$2600$$$$You can Ritual Summon this card with "Chaos Form". If this card is Special Summoned: You can Tribute 1 monster; your opponent cannot activate monster effects this turn. When this card destroys an opponent's monster by battle: You can target 1 Spell in your GY; add it to your hand. You can only use each effect of "Magician of Black Chaos MAX" once per turn.$$$Activates upon Special Summon/Tributes for cost/Activates when it destroys a monster by battle/Adds from Graveyard to hand$Summon/Condition/Trigger$
05008836$Exodia, the Legendary Defender$Unlimited$DARK$[Spellcaster/Effect]$$$$$10$?$?$$$$Cannot be Special Summoned. You can Tribute 5 monsters to Tribute Summon (but not Set) this card. This card's ATK/DEF become the combined original ATK/DEF of the Tributed monsters. If this card Summoned this way destroys a DARK Fiend monster owned by your opponent, you win the Duel at the end of the Damage Step.$$DARK/Fiend$Activates when it destroys a monster by battle$Summon/Unclassified/Continuous/Condition$
42006475$Palladium Oracle Mana$Unlimited$LIGHT$[Spellcaster/Effect]$$$$$6$2000$1700$$$$When your opponent activates a card or effect that targets 1 Spellcaster monster you control (and no other cards), while this card is in your hand or GY (Quick Effect): You can Special Summon this card. You can only use this effect of "Palladium Oracle Mana" once per turn. Level 7 or higher Spellcaster monsters you control cannot be destroyed by card effects. If this card is destroyed by battle or card effect: You can Special Summon 1 "Dark Magician Girl" from your hand, Deck, or GY.$Spellcaster/Dark Magician Girl$$Activates from your hand/Activates from your Graveyard/Activates if destroyed by battle/Activates if destroyed by card effect$Quick/Condition/Continuous/Trigger$
18491580$Red-Eyes Alternative Black Dragon$Unlimited$DARK$[Dragon/Effect]$$$$$7$2400$2000$$$$Cannot be Normal Summoned/Set. Must first be Special Summoned (from your hand) by Tributing 1 "Red-Eyes" monster from your hand or field. You can only Special Summon "Red-Eyes Alternative Black Dragon" once per turn this way. If this card is destroyed by battle, or if this card in its owner's possession is destroyed by an opponent's card effect: You can target 1 Level 7 or lower "Red-Eyes" monster in your GY, except "Red-Eyes Alternative Black Dragon"; Special Summon it, and if it was a "Red-Eyes B. Dragon" that was Special Summoned, its original ATK becomes doubled.$Supports archetypes /Red-Eyes$$Tributes for cost/Activates if destroyed by battle/Activates if destroyed by card effect$Summon/Condition/Trigger$
45885288$Neo Kaiser Glider$Unlimited$LIGHT$[Dragon/Effect]$$$$$6$2400$2200$$$$You can discard this card and 1 monster, then target 1 Dragon Normal Monster in your GY; Special Summon it. If this card is sent to the GY: You can make all monsters your opponent currently controls lose 500 ATK until the end of this turn. You can only use each effect of "Neo Kaiser Glider" once per turn.$Dragon/Normal Monster$$Activates from your hand/Discards itself for cost/Discards for cost/Activates from your Graveyard$Ignition/Trigger/Condition$
$Obelisk the Tormentor$Unlimited$DIVINE$[Divine-Beast/Effect]$$$$$10$4000$4000$$$$Requires 3 Tributes to Normal Summon (cannot be Normal Set). This card's Normal Summon cannot be negated. When Normal Summoned, cards and effects cannot be activated. Neither player can target this card with card effects. Once per turn, during the End Phase, if this card was Special Summoned: Send it to the GY. You can Tribute 2 monsters; destroy all monsters your opponent controls. This card cannot declare an attack the turn this effect is activated.$$$Sends itself from field to Graveyard/Tributes for cost$Summon/Unclassified/Continuous/Trigger/Ignition/Condition$
$Slifer the Sky Dragon$Unlimited$DIVINE$[Divine-Beast/Effect]$$$$$10$?$?$$$$Requires 3 Tributes to Normal Summon (cannot be Normal Set). This card's Normal Summon cannot be negated. When Normal Summoned, cards and effects cannot be activated. Once per turn, during the End Phase, if this card was Special Summoned: Send it to the GY. Gains 1000 ATK/DEF for each card in your hand. If a monster(s) is Normal or Special Summoned to your opponent's field in Attack Position: That monster(s) loses 2000 ATK, then if its ATK has been reduced to 0 as a result, destroy it.$$$Sends itself from field to Graveyard$Summon/Unclassified/Continuous/Trigger$
$The Winged Dragon of Ra$Unlimited$DIVINE$[Divine-Beast/Effect]$$$$$10$?$?$$$$Cannot be Special Summoned. Requires 3 Tributes to Normal Summon (cannot be Normal Set). This card's Normal Summon cannot be negated. When Normal Summoned, other cards and effects cannot be activated. When this card is Normal Summoned: You can pay LP so that you only have 100 left; this card gains ATK/DEF equal to the amount of LP paid. You can pay 1000 LP, then target 1 monster on the field; destroy that target.$$$$Summon/Unclassified/Continuous/Trigger/Ignition$
12580477$Raigeki$Unlimited$SPELL$$$$$$$$$$$$Destroy all monsters your opponent controls.$$$$Effect$
83764718$Monster Reborn$Limited$SPELL$$$$$$$$$$$$Target 1 monster in either GY; Special Summon it.$$$$Effect$
91800273$Dimension Shifter$Semi-Limited(OCG)$DARK$[Spellcaster/Effect]$$$$$6$1200$2200$$$$If you have no cards in your GY (Quick Effect): You can send this card from your hand to the GY; until the end of the next turn, any card sent to the GY is banished instead.$$$Activates from your hand/Sends itself from hand to Graveyard for cost$Quick$
27204311$Nibiru, the Primal Being$Unlimited$LIGHT$[Rock/Effect]$$$$$11$3000$600$$$$During the Main Phase, if your opponent Normal or Special Summoned 5 or more monsters this turn (Quick Effect): You can Tribute as many face-up monsters on the field as possible, and if you do, Special Summon this card from your hand, then Special Summon 1 "Primal Being Token" (Rock/LIGHT/Level 11/ATK ?/DEF ?) to your opponent's field. (This Token's ATK/DEF become the combined original ATK/DEF of the Tributed monsters.) You can only use this effect of "Nibiru, the Primal Being" once per turn.$$$Activates from your hand/Tributes as an effect/Tributes opponent's monsters$Quick/Condition$
54693926$Dark Ruler No More$Unlimited$SPELL$$$$$$$$$$$$Negate the effects of all face-up monsters your opponent currently controls, until the end of this turn, also, for the rest of this turn after this card resolves, your opponent takes no damage. Neither player can activate monster effects in response to this card's activation.$$$$Effect/Condition$
