Passcode$Name$Status$Attribute$type$link$link_arrows$rank$pendulum_scale$level$attack$defense$spell_attribute$summoning_condition$pendulum_condition$card_text$card_supports$card_anti_supports$card_actions$effect_types$
03381441$Gravekeeper's Priestess$Unlimited$DARK$[Spellcaster/Effect]$$$$$3$1000$1500$$$$While there is no face-up Field Spell, the field is treated as "Necrovalley". All "Gravekeeper's" monsters on the field gain 200 ATK/DEF.$Supports archetypes /Gravekeeper's$$$Continuous$
57308711$Unicycular$Unlimited$EARTH$[Machine/Normal]$$$$$1$100$100$$$$The third of the brothers, following Tricular and Bicular.$$$$$
83392426$Bicular$Unlimited$EARTH$[Machine/Effect]$$$$$2$200$200$$$$When this card is destroyed by battle and sent to the Graveyard, you can Special Summon 1 "Unicycular" from your hand or Deck.$Unicycular$$Activates if destroyed by battle/Activates from your Graveyard$Trigger$
20797524$Tricular$Unlimited$EARTH$[Machine/Effect]$$$$$3$300$300$$$$When this card is destroyed by battle and sent to the Graveyard, you can Special Summon 1 "Bicular" from your hand or Deck.$Bicular$$Activates if destroyed by battle/Activates from your Graveyard$Trigger$
56286179$Drill Synchron$Unlimited$EARTH$[Machine/Tuner/Effect]$$$$$3$800$300$$$$If a Warrior-Type monster you control attacks a Defense Position monster, inflict piercing battle damage to your opponent. Once per turn, when you inflict battle damage to your opponent with this effect: You can draw 1 card.$Warrior$$You draw cards$Continuous/Trigger$
82670878$Ogre of the Scarlet Sorrow$Unlimited$DARK$[Fiend/Effect]$$$$$4$0$0$$$$During your opponent's turn, when your opponent declares a second direct attack during the same Battle Phase, you can Special Summon this card from your hand. When you do, this card's ATK and DEF becomes equal to the ATK and DEF of the first monster that attacked directly this turn, if it is still face-up on the field. The turn this card is Special Summoned with this effect, your opponent cannot select monsters other than this card as an attack target while this card is face-up on the field.$$$Activates from your hand/Activates upon attack declaration$Trigger/Continuous$
19665973$Battle Fader$Unlimited$DARK$[Fiend/Effect]$$$$$1$0$0$$$$When an opponent's monster declares a direct attack: You can Special Summon this card from your hand, then end the Battle Phase. If Summoned this way, banish it when it leaves the field.$$$Activates from your hand/Activates upon attack declaration/Ends the Battle Phase$Trigger/Condition$
55063681$Power Supplier$Unlimited$EARTH$[Spellcaster/Effect]$$$$$2$400$400$$$$Once per turn, you can select 1 face-up monster you control. It gains 400 ATK while you control this face-up card. (A monster cannot gain more than 400 ATK from this card's effect.)$$$$Ignition/Continuous$
82458280$Magic Hole Golem$Unlimited$DARK$[Rock/Effect]$$$$$3$0$2000$$$$Once per turn, you can select 1 face-up monster you control. Its ATK is halved until the End Phase, and it can attack your opponent directly this turn. During the turn you activate this effect, only the selected monster can attack.$$$$Ignition$
18842395$Power Invader$Unlimited$DARK$[Fiend/Effect]$$$$$5$2200$0$$$$If your opponent controls 2 or more monsters, you can Normal Summon this card without Tributing.$$$$Summon$
44341034$Dark Bug$Unlimited$DARK$[Insect/Effect]$$$$$1$100$100$$$$When this card is Normal Summoned, select and Special Summon 1 Level 3 Tuner monster from your Graveyard. The effect(s) of that monster is negated.$Tuner monster$$Activates upon Normal Summon$Trigger$
81336148$Sword Master$Unlimited$EARTH$[Warrior/Tuner/Effect]$$$$$3$1200$0$$$$If a Warrior-Type monster you control attacks your opponent's monster, and the opponent's monster is not destroyed by battle, at the end of the Damage Step you can Special Summon this card from your hand. During battle between this attacking card and a Defense Position monster whose DEF is lower than the ATK of this card, inflict the difference as Battle Damage to your opponent.$Warrior$$Activates from your hand$Trigger/Continuous$
17720747$Witch of the Black Rose$Unlimited$DARK$[Spellcaster/Tuner/Effect]$$$$$4$1700$1200$$$$Cannot be Special Summoned. If this card is Normal Summoned, and you control no other cards: Draw 1 card and show it, then, if it is not a monster, send it to the GY, also destroy this card.$$$Activates upon Normal Summon/You draw cards/Shows the player's drawn cards/Sends from your hand to your Graveyard$Summon/Trigger$
44125452$Rose Fairy$Unlimited$WIND$[Plant/Effect]$$$$$3$600$1200$$$$If this card is added from your Deck to your hand by a card effect: You can Special Summon this card.$$$Activates from your hand$Trigger$
80513550$Dragon Queen of Tragic Endings$Unlimited$DARK$[Dragon/Effect]$$$$$6$1900$2600$$$$This card cannot be Normal Summoned or Set. This card can only be Special Summoned by controlling 3 or more face-up Continuous Spell Cards. When this attacking card inflicts Battle Damage to your opponent, your opponent selects and sends 1 card from their hand to the Graveyard, and you draw 1 card. During your Standby Phase, if this card is in your Graveyard and was sent there from the field, you can send 1 face-up Continuous Spell Card you control to the Graveyard to Special Summon this card from the Graveyard.$Continuous Spell Card$$Activates when it inflicts battle damage/Sends from your opponent's hand to your opponent's Graveyard/You draw cards/Activates from your Graveyard/Sends from field to Graveyard for cost$Summon/Trigger$
16008155$Reptilianne Servant$Unlimited$DARK$[Reptile/Effect]$$$$$1$100$100$$$$Destroy this card if there are face-up monsters on the field other than this card. Destroy this card when it is targeted by the effect of a Spell or Trap Card. Neither player can Normal Summon a monster while this card is face-up on the field.$$$$Continuous$
43002864$Reptilianne Gardna$Unlimited$WATER$[Reptile/Effect]$$$$$4$0$2000$$$$When this card you control is destroyed and sent to the Graveyard, add 1 "Reptilianne" monster from your Deck to your hand.$Supports archetypes /Reptilianne$$Activates from your Graveyard/Adds from Deck to hand$Trigger$
79491903$Reptilianne Naga$Unlimited$DARK$[Reptile/Effect]$$$$$1$0$0$$$$This card cannot be destroyed by battle. The ATK of any monster that battles this card becomes 0 at the end of that Battle Phase. During your End Phase, change this face-up Defense Position card on the field to face-up Attack Position.$$$Changes battle positions$Continuous/Trigger$
16886617$Reptilianne Vaskii$Unlimited$DARK$[Reptile/Effect]$$$$$8$2600$0$$$$This card cannot be Normal Summoned or Set. This card cannot be Special Summoned except by Tributing 2 face-up monsters with 0 ATK from anywhere on the field. Once per turn, you can select and destroy 1 face-up monster your opponent controls. There can only be 1 face-up "Reptilianne Vaskii" on the field.$$$Tributes opponent's monsters/Tributes for cost$Summon/Ignition/Unclassified$
42280216$Oracle of the Sun$Unlimited$LIGHT$[Spellcaster/Effect]$$$$$5$1000$2000$$$$If only your opponent controls a monster, you can Special Summon this card (from your hand). When this card on the field is destroyed and sent to the GY: You can add 1 "Fire Ant Ascator" or "Supay" from your Deck to your hand.$Fire Ant Ascator/Supay$$Activates from your Graveyard/Adds from Deck to hand$Summon/Trigger$
78275321$Fire Ant Ascator$Unlimited$EARTH$[Insect/Tuner/Effect]$$$$$3$700$1300$$$$When this card is destroyed by battle and sent to the GY: You can target 1 Level 5 monster in your GY; Special Summon that target, but its effects are negated, also send it to the GY during the End Phase of this turn.$Level 5 Monster Cards$$Activates if destroyed by battle/Activates from your Graveyard/Sends from field to Graveyard$Trigger$
05763020$Weeping Idol$Unlimited$DARK$[Rock/Effect]$$$$$2$0$500$$$$You can banish 1 Tuner from your GY; Special Summon this card from your hand.$Tuner monster$$$Ignition$
41158734$Apocatequil$Unlimited$LIGHT$[Thunder/Effect]$$$$$4$1800$1200$$$$While this card is face-up on the field, it is Level 5 if you control a face-up Tuner monster. When this card on the field is destroyed and sent to the Graveyard, you can select and Special Summon 1 "Oracle of the Sun" from your Graveyard.$Tuner monster/Oracle of the Sun$$Activates from your Graveyard$Continuous/Trigger$
78552773$Supay$Unlimited$EARTH$[Fiend/Tuner/Effect]$$$$$1$300$100$$$$When this card is sent from the field to the GY by card effect: You can Special Summon 1 "Oracle of the Sun" from your Deck, and if you do, double its ATK, also return it to the hand during the End Phase of this turn.$Oracle of the Sun$$Activates from your Graveyard/Returns from field to hand$Trigger$
04941482$Informer Spider$Unlimited$EARTH$[Insect/Effect]$$$$$4$500$1800$$$$When this card is sent from the field to the Graveyard by a card effect, take control of 1 Defense Position monster your opponent controls.$$$Activates from your Graveyard/Changes control$Trigger$
30936186$Koa'ki Meiru Urnight$Unlimited$EARTH$[Beast-Warrior/Effect]$$$$$4$2000$1500$$$$During each of your End Phases, destroy this card unless you send 1 "Iron Core of Koa'ki Meiru" from your hand to the Graveyard or reveal 1 Beast-Warrior-Type monster in your hand. Once per turn, you can reveal 1 "Iron Core of Koa'ki Meiru" in your hand to Special Summon 1 Level 4 or lower "Koa'ki Meiru" monster from your Deck, except "Koa'ki Meiru Urnight".$Supports archetypes /Koa'ki Meiru$$Sends from hand to Graveyard for cost/Reveals your hand for cost$Maintenance cost/Ignition$
77330185$XX-Saber Garsem$Unlimited$EARTH$[Beast/Effect]$$$$$4$1400$400$$$$When this card on the field is destroyed and sent to the Graveyard by a card effect, add 1 "X-Saber" monster from your Deck to your hand. This card gains 200 ATK for each face-up "X-Saber" monster you control.$Supports archetypes /X-Saber$$Activates from your Graveyard/Adds from Deck to hand$Trigger/Continuous$
03825890$Gravekeeper's Visionary$Unlimited$DARK$[Spellcaster/Effect]$$$$$8$2000$1800$$$$You can Tribute Summon this card by Tributing 1 "Gravekeeper's" monster. This card gains 200 ATK for each "Gravekeeper's" monster in your Graveyard. If this face-up card would be destroyed, you can discard 1 "Gravekeeper's" monster instead.$Supports archetypes /Gravekeeper's$$Discards for effect$Summon/Continuous$
30213599$Gravekeeper's Descendant$Unlimited$DARK$[Spellcaster/Effect]$$$$$4$1500$1200$$$$You can Tribute 1 other face-up "Gravekeeper's" monster to target 1 card your opponent controls; destroy that target.$Supports archetypes /Gravekeeper's$$Tributes for cost$Ignition$
76218643$Black Potan$Unlimited$DARK$[Fiend/Effect]$$$$$1$200$100$$$$If you control a face-up Tuner monster, this card cannot be destroyed by battle. When a face-up Tuner monster(s) you control is removed from the field, gain 800 Life Points.$Tuner monster$$Activates when it leaves the field$Continuous/Trigger$
03603242$Shreddder$Unlimited$EARTH$[Machine/Effect]$$$$$4$1600$1000$$$$Once per turn: You can send 1 Machine-Type monster from your hand to the Graveyard, then target 1 monster your opponent controls with a Level less than or equal to the sent monster's; destroy that target.$Machine$$Sends from hand to Graveyard for cost$Ignition$
39091951$Pandaborg$Unlimited$WATER$[Psychic/Effect]$$$$$4$1700$1400$$$$When this card is destroyed by battle and sent to the Graveyard, you can pay 800 Life Points to Special Summon 1 Level 4 Psychic-Type monster from your Deck.$Psychic$$Activates if destroyed by battle/Activates from your Graveyard$Trigger$
65496056$Codarus$Unlimited$WATER$[Sea Serpent/Effect]$$$$$4$1400$1200$$$$You can send 1 face-up "Umi" you control to the Graveyard to target up to 2 cards your opponent controls; send those targets to the Graveyard.$Umi$$Sends from field to Graveyard for cost/Sends from your opponent's field to your opponent's Graveyard$Ignition$
02980764$Consecrated Light$Unlimited$LIGHT$[Fairy/Effect]$$$$$1$0$0$$$$Neither player can Normal or Special Summon DARK monsters or declare an attack with a DARK monster. This card cannot be destroyed by battle with a DARK monster, also you take no battle damage from that battle.$$DARK$$Continuous$
38975369$Gundari$Unlimited$FIRE$[Pyro/Spirit/Effect]$$$$$4$1000$200$$$$This card cannot be Special Summoned. This card returns to its owner's hand during the End Phase of the turn it is Normal Summoned or flipped face-up. If this card battles a Synchro Monster, return both monsters to their owners' hands at the start of the Damage Step (without damage calculation).$$Synchro Monster$Returns itself from field to hand/Returns from your opponent's field to your opponent's hand$Summon/Trigger$
05373478$Cyber Dragon Zwei$Unlimited$LIGHT$[Machine/Effect]$$$$$4$1500$1000$$$$This card's name becomes "Cyber Dragon" while in the GY. Once per turn: You can reveal 1 Spell in your hand; this card's name becomes "Cyber Dragon" until the End Phase. If this card attacks an opponent's monster, it gains 300 ATK during the Damage Step only.$Cyber Dragon$$Reveals your hand for cost$Continuous/Ignition/Unclassified$
31768112$Oilman$Unlimited$EARTH$[Machine/Union/Effect]$$$$$2$400$400$$$$Once per turn, you can either: Target 1 Machine-Type monster you control; equip this card to that target, OR: Unequip this card and Special Summon it in Attack Position. While equipped by this effect, if the equipped monster destroys an opponent's monster by battle: Draw 1 card. (A monster can only be equipped with 1 Union monster at a time. If the equipped monster would be destroyed, destroy this card instead.)$Machine$Union monster$Equips self from field/Activates when it destroys a monster by battle/You draw cards$Ignition/Ignition-like/Trigger-like/Condition/Continuous-like$
77153811$Djinn Cursenchanter of Rituals$Unlimited$DARK$[Fiend/Effect]$$$$$4$1700$1000$$$$When you Ritual Summon a monster, you can banish this card from your Graveyard as 1 of the monsters required for the Ritual Summon. While the monster Ritual Summoned using this card is face-up on the field, Synchro Monsters' effects are negated.$Ritual Monster$Synchro Monster$Applies effect when used for a Ritual Summon$Unclassified$
04141820$Djinn Prognosticator of Rituals$Unlimited$DARK$[Fiend/Effect]$$$$$3$400$300$$$$When you Ritual Summon a monster, you can banish this card from your GY as 1 of the monsters required for the Ritual Summon. If you Ritual Summon using this card, if that Ritual Summoned monster inflicts battle damage to your opponent, they discard 1 card.$Ritual Monster$$Applies effect when used for a Ritual Summon/Your opponent discards$Unclassified$
30646525$Garlandolf, King of Destruction$Unlimited$DARK$[Fiend/Ritual/Effect]$$$$$7$2500$1400$$$$This card can only be Ritual Summoned with the Ritual Spell Card, "Ritual of Destruction". When this card is Ritual Summoned, destroy all other face-up monsters on the field with DEF less than or equal to this card's ATK. This card gains 100 ATK for each monster destroyed by this effect.$$$Activates upon Ritual Summon$Summon/Trigger$
67030233$Majestic Red Dragon$Unlimited$DARK$[Dragon/Synchro/Effect]$$$$$10$4000$3000$$"Majestic Dragon" + "Red Dragon Archfiend" + 1 non-Tuner monster$$Cannot be destroyed by card effects. After damage calculation, if this card attacks: Destroy all Defense Position monsters on the field. Once per turn: You can target 1 face-up monster your opponent controls; negate its effects, and if you do, this card gains ATK equal to that monster's ATK. These changes last until the end of this turn. During the End Phase: Target 1 "Red Dragon Archfiend" in your Graveyard; return this card from the field to the Extra Deck, then Special Summon that target.$Red Dragon Archfiend$$Returns itself from field to Extra Deck$Continuous/Trigger/Ignition$
03429238$Drill Warrior$Unlimited$EARTH$[Warrior/Synchro/Effect]$$$$$6$2400$2000$$"Drill Synchron" + 1 or more non-Tuner monsters$$Once per turn, during your Main Phase 1: You can halve this card's ATK, and if you do, it can attack your opponent directly this turn. Once per turn: You can discard 1 card, and if you do, banish this card. During your next Standby Phase: Special Summon this card banished by this effect, then add 1 monster from your Graveyard to your hand.$$$Discards for effect/Adds from Graveyard to hand$Ignition/Trigger$
39823987$Sun Dragon Inti$Unlimited$LIGHT$[Dragon/Synchro/Effect]$$$$$8$3000$2800$$"Fire Ant Ascator" + 1+ non-Tuner monsters$$If this card is destroyed by battle and sent to the GY: Destroy the monster that destroyed this card, and if you do, inflict damage to your opponent equal to half the ATK that monster had on the field. Once per turn, during the Standby Phase of the next turn after this card on the field was destroyed: You can target 1 "Moon Dragon Quilla" in your GY; Special Summon that target.$Moon Dragon Quilla$$Activates if destroyed by battle/Activates if destroyed by card effect/Activates from your Graveyard$Trigger$
66818682$Moon Dragon Quilla$Unlimited$DARK$[Dragon/Synchro/Effect]$$$$$6$2500$2000$$"Supay" + 1+ non-Tuner monsters$$If this card is targeted for an attack: Gain LP equal to half the attacking monster's ATK. If this card on the field is destroyed: You can target 1 "Sun Dragon Inti" in your GY; Special Summon that target.$Sun Dragon Inti$$Activates if destroyed by battle/Activates if destroyed by card effect$Trigger$
02203790$XX-Saber Hyunlei$Unlimited$EARTH$[Warrior/Synchro/Effect]$$$$$6$2300$1300$$1 Tuner + 1 or more non-Tuner "X-Saber" monsters$$When this card is Synchro Summoned, you can select and destroy up to 3 Spell or Trap Cards on the field.$Supports archetypes /X-Saber$$Activates upon Synchro Summon$Trigger$
39701395$Cards of Consonance$Unlimited$SPELL$$$$$$$$$$$$Discard 1 Dragon Tuner with 1000 or less ATK; draw 2 cards.$Dragon/Tuner monster$$Discards for cost/You draw cards$Cost/Effect$
65196094$Variety Comes Out$Unlimited$SPELL$$$$$$$$$$$$Return 1 face-up Synchro Monster you control to the Extra Deck to select and Special Summon a Tuner monster(s) from your Graveyard, whose total Levels equal the Level of the that Synchro Monster. You cannot Synchro Summon the turn you activate this card.$Synchro Monster/Tuner monster$$Returns from field to Extra Deck$Cost/Effect$
91580102$Reptilianne Rage$Unlimited$SPELL$$$$$$$$$Equip$$$The equipped monster becomes Reptile-Type. It gains 800 ATK. If this card is destroyed and sent to the Graveyard: Target 1 face-up monster your opponent controls; it loses 800 ATK.$$$Activates from your Graveyard$Continuous-like/Trigger-like$
38589847$Advance Force$Unlimited$SPELL$$$$$$$$$Continuous$$$You can Tribute 1 Level 5 or higher monster to Tribute Summon a Level 7 or higher monster.$$$$Continuous-like$
64973456$Viper's Rebirth$Unlimited$SPELL$$$$$$$$$$$$If all monsters in your GY are Reptile: Target 1 non-Tuner in your GY; Special Summon it, but destroy it during the End Phase of this turn.$Reptile$$$Activation requirement/Effect/Lingering$
91468551$Temple of the Sun$Unlimited$SPELL$$$$$$$$$Continuous$$$Face-up monsters you control that were Special Summoned from the Graveyard gain 300 ATK.$$$$Continuous-like$
27863269$Rocket Pilder$Unlimited$SPELL$$$$$$$$$Equip$$$While the equipped monster is attacking, it cannot be destroyed by battle. At the end of the Damage Step, if the equipped monster attacked: The attack target loses ATK equal to the ATK of the equipped monster, until the End Phase.$$$$Continuous-like/Trigger-like$
63851864$Break! Draw!$Unlimited$SPELL$$$$$$$$$Equip$$$Equip only to a Machine monster. If the equipped monster destroys an opponent's monster by battle and sends it to the GY: Draw 1 card. Destroy this card during your 3rd End Phase after activation.$Machine$$You draw cards$Condition/Trigger-like$
90246973$Power Pickaxe$Unlimited$SPELL$$$$$$$$$Equip$$$Once per turn, you can select and remove from play 1 monster in your opponent's Graveyard whose Level is less than or equal to the equipped monster's, and have the equipped monster gain 500 ATK until the End Phase.$$$$Ignition-like$
26640671$Spiders' Lair$Unlimited$SPELL$$$$$$$$$Continuous$$$Once per turn, you can select 1 face-up Insect-Type monster you control. While this card remains on the field, any opponent's monster that battles with one of those monsters is changed to Defense Position at the end of the Battle Phase, and cannot change its battle position while this card is on the field.$Insect$$Changes battle positions/Prevents Battle Position changes$Ignition-like/Continuous-like$
53039326$Iron Core Specimen Lab$Unlimited$SPELL$$$$$$$$$Field$$$During each of your End Phases, destroy this card unless you reveal 1 "Iron Core of Koa'ki Meiru" in your hand. Each time a "Koa'ki Meiru" monster on the field is destroyed during the End Phase, its owner can add 1 "Koa'ki Meiru" monster from their Deck to their hand.$Supports archetypes /Koa'ki Meiru$$Reveals your hand for cost/Adds from Deck to hand$Maintenance cost/Trigger-like$
99523325$Gravekeeper's Stele$Unlimited$SPELL$$$$$$$$$$$$Target 2 "Gravekeeper's" monsters in your GY; add those targets to your hand. This effect cannot be negated by the effect of "Necrovalley".$Supports archetypes /Gravekeeper's$$Adds from Graveyard to hand/Effect that cannot be negated$Effect/Condition$
25518020$Machine Assembly Line$Unlimited$SPELL$$$$$$$$$Continuous$$$All Machine monsters on the field gain 200 ATK. Each time a face-up Machine monster(s) on the field is destroyed by battle or card effect, place 2 Junk Counters on this card. You can send this card to the GY, then target 1 Machine monster in your GY whose Level is less than or equal to the number of Junk Counters that were on this card; Special Summon that target.$Machine$$Activates if destroyed by battle/Activates if destroyed by card effect/Sends itself from field to Graveyard for cost$Continuous-like/Ignition-like$
52913738$Ritual of Destruction$Unlimited$SPELL$$$$$$$$$Ritual$$$This card is used to Ritual Summon "Garlandolf, King of Destruction". You must also Tribute monsters whose total Levels equal 7 or more from the field or your hand. During your Main Phase, you can remove from play this card from your Graveyard. If you do, during this turn, any monster destroyed by battle with a Ritual Monster you control will be returned to the top of the Deck instead of being sent to the Graveyard.$Ritual Monster$$Tributes as an effect/Returns from your opponent's field to your opponent's Deck/Returns to the Deck cards that would be sent to the Graveyard/Activates from your Graveyard$Effect/Ignition-like$
88301833$Ascending Soul$Unlimited$SPELL$$$$$$$$$Continuous$$$Once per turn, when a Ritual Monster(s) is Ritual Summoned: You can target 1 monster in your Graveyard that was Tributed for the Ritual Summon; add that target to your hand.$Ritual Monster$$Activates upon Ritual Summon/Adds from Graveyard to hand$Trigger-like$
25796442$Ritual Cage$Unlimited$SPELL$$$$$$$$$Continuous$$$You take no battle damage from attacks involving a Ritual Monster you control. Ritual Monsters you control cannot be targeted by, or destroyed by, monster effects.$Ritual Monster$Effect Monster$$Continuous-like$
51790181$Pot of Benevolence$Unlimited$SPELL$$$$$$$$$$$$Select 2 cards from the Graveyard(s), and shuffle them into their owner's Deck(s). After activation, remove this card from play instead of sending it to the Graveyard. You can only activate 1 "Pot of Benevolence" per turn.$$$Returns from your Graveyard to your Deck/Returns from your opponent's Graveyard to your opponent's Deck$Effect/Condition$
88289295$Synchro Control$Unlimited$SPELL$$$$$$$$$Quick-Play$$$Activate only if you have no Synchro Monsters on your side of the field or in your Graveyard. Pay 1000 Life Points and select 1 face-up Synchro Monster your opponent controls. Take control of the selected monster until the End Phase of your turn.$$Synchro Monster$Changes control$Activation requirement/Cost/Effect$
24673894$Changing Destiny$Unlimited$TRAP$$$$$$$$$$$$When an opponent's monster declares an attack: Target the attacking monster; negate the attack, and if you do, change it to Defense Position and it cannot change its battle position while it is face-up on the field. Then, your opponent chooses 1 of these effects.●You (the opponent of this card's activator) gain LP equal to half the target's ATK.●Your opponent (the activator of this card) takes damage equal to half the target's ATK.$$$Activates upon attack declaration/Changes battle positions/Prevents battle position changes$Activation requirement/Effect$
50078509$Fiendish Chain$Unlimited$TRAP$$$$$$$$$Continuous$$$Activate this card by targeting 1 Effect Monster on the field; negate the effects of that face-up monster while it is on the field, also that face-up monster cannot attack. When it is destroyed, destroy this card.$$$$Continuous-like$
83467607$Nature's Reflection$Unlimited$TRAP$$$$$$$$$$$$During this turn, any effect activated by your opponent that would inflict damage becomes an effect that inflicts damage to their Life Points.$$$$Effect$
19451302$Serpent Suppression$Unlimited$TRAP$$$$$$$$$Continuous$$$Face-up Attack Position monsters with 0 ATK your opponent controls cannot be destroyed by battle with "Reptilianne" monsters.$Supports archetypes /Reptilianne$$$Continuous-like$
56856951$Meteor Flare$Unlimited$TRAP$$$$$$$$$$$$Activate by sending 2 cards from your hand to the Graveyard while your opponent has more than 3000 Life Points. Inflict 2000 damage to your opponent. If this card is in the Graveyard, you can add it to your hand instead of conducting your normal draw during your Draw Phase.$$$Sends from hand to Graveyard for cost/Sends from your hand to your Graveyard/Activates from your Graveyard/Returns itself from Graveyard to hand/Replaces normal draw$Cost/Activation requirement/Effect/Trigger-like$
82340056$Offering to the Immortals$Unlimited$TRAP$$$$$$$$$$$$When your opponent's monster declares a direct attack while you have 3000 or less LP: Negate the attack, and if you do, Special Summon 2 "Ceremonial Tokens" (Rock/EARTH/Level 1/ATK 0/DEF 0), and if you do that, add 1 "Earthbound Immortal" card from your Deck to your hand. "Ceremonial Tokens" cannot be Tributed, except for a Tribute Summon of an "Earthbound Immortal" monster, and cannot be used as Synchro Material.$Supports archetypes /Earthbound Immortal$$Activates upon attack declaration/Adds from Deck to hand/Cannot be Tributed$Activation requirement/Effect$
18739764$Destruct Potion$Unlimited$TRAP$$$$$$$$$$$$Select 1 monster you control. Destroy it, and gain Life Points equal to it's ATK.$$$$Effect$
45133463$Call of the Reaper$Unlimited$TRAP$$$$$$$$$$$$Activate only when a monster(s) is Special Summoned from your Graveyard. Select and Special Summon 1 "Supay" or 1 "Fire Ant Ascator" from your Graveyard.$Supay/Fire Ant Ascator$$$Activation requirement/Effect$
81128478$Lair Wire$Unlimited$TRAP$$$$$$$$$$$$Remove from play 1 Insect-Type monster from your Graveyard and select 1 monster your opponent controls. Destroy the selected monster.$Insect$$$Cost/Effect$
18517177$Core Blast$Unlimited$TRAP$$$$$$$$$Continuous$$$You can only activate this card's effect while you control a face-up "Koa'ki Meiru" monster. Once per turn, during your Standby Phase, if your opponent controls more monsters than you do, you can destroy a number of cards your opponent controls so that your opponent will control the same number of cards as you control monsters.$Supports archetypes /Koa'ki Meiru$$$Trigger-like$
44901281$Saber Hole$Unlimited$TRAP$$$$$$$$$Counter$$$Activate only while you control a face-up "X-Saber" monster. Negate the Summon of a monster, and destroy it.$Supports archetypes /X-Saber$$$Activation requirement/Effect$
70406920$Machine King - 3000 B.C.$Unlimited$TRAP$$$$$$$$$Continuous$$$Special Summon this card as an Effect Monster (Machine/EARTH/Level 4/ATK 1000/DEF 1000). (This card is also still a Trap.) If Summoned this way, once per turn, during your Main Phase: You can Tribute 1 Machine monster; this card gains ATK equal to the ATK the Tributed monster had on the field, until the end of this turn. You cannot Normal or Special Summon other monsters the turn you activate this card.$Machine$$Tributes for cost$Effect/Condition/Ignition-like$
17490535$Alien Brain$Unlimited$TRAP$$$$$$$$$$$$If a Reptile monster you control is destroyed by battle with an opponent's attacking monster and sent to the GY: Take control of the opponent's monster, and if you do, it becomes a Reptile.$Reptile$$Changes control$Activation requirement/Effect$
43889633$Forgotten Temple of the Deep$Unlimited$TRAP$$$$$$$$$Continuous$$$While this card is on the field, this card's name becomes "Umi". Once per turn: You can target 1 Level 4 or lower Fish, Sea Serpent or Aqua-Type monster you control; banish that target. During your End Phase: Special Summon the monster(s) banished by this effect.$Umi/Fish/Sea Serpent/Aqua$$$Continuous-like/Quick-like/Trigger-like$
70284332$Tuner's Scheme$Unlimited$TRAP$$$$$$$$$Continuous$$$Activate only when a Synchro Monster is Special Summoned to your opponent's side of the field. Take control of that Synchro Monster. Remove it from play when it is destroyed. Destroy this card when that monster is removed from the field.$$Synchro Monster$Changes control$Activation requirement/Effect/Continuous-like$
16678947$Psi-Curse$Unlimited$TRAP$$$$$$$$$$$$When a Psychic-Type monster you control is destroyed by battle with an opponent's attacking monster and sent to the Graveyard: Target the opponent's monster; destroy that target, and if you do, inflict damage to your opponent equal to the Level of your destroyed Psychic-Type monster x 300.$Psychic$$$Activation requirement/Effect$
42167046$Widespread Dud$Unlimited$TRAP$$$$$$$$$Continuous$$$Select 2 face-up Attack Position monsters on the field. When any of the selected monsters are removed from the field, destroy this card. When this card is destroyed, destroy the selected monster(s).$$$$Continuous-like$
79161790$Inverse Universe$Unlimited$TRAP$$$$$$$$$$$$Switch the ATK and DEF of all face-up Effect Monsters on the field.$Effect Monster$Effect Monster$$Effect$
42737833$XX-Saber Emmersblade$Unlimited$EARTH$[Insect/Effect]$$$$$3$1300$800$$$$When this card is destroyed by battle and sent to the Graveyard: You can Special Summon 1 Level 4 or lower "X-Saber" monster from your Deck.$Supports archetypes /X-Saber$$Activates from your Graveyard$Trigger$
78121572$Alchemist of Black Spells$Unlimited$WIND$[Spellcaster/Effect]$$$$$4$1200$1800$$$$Once per turn, you can change this face-up Attack Position card you control to face-up Defense Position and place 1 Spell Counter on a face-up card you control that you can place a Spell Counter on.$$$Changes battle positions$Ignition$
05220687$Super-Nimble Mega Hamster$Unlimited$EARTH$[Beast/Flip/Effect]$$$$$4$1100$1800$$$$FLIP: You can Special Summon 1 Level 3 or lower Beast monster from your Deck in face-down Defense Position.$Beast$$Activates upon being flipped face-up$Flip$
31615285$Cactus Bouncer$Unlimited$EARTH$[Plant/Effect]$$$$$4$1800$300$$$$Cannot be Special Summoned. While another Plant monster is on the field, neither player can Special Summon monsters.$Plant$Plant$$Summon/Continuous$
78009994$Dragonic Guard$Unlimited$FIRE$[Dragon/Effect]$$$$$4$1500$1800$$$$Each time a monster is Normal Summoned or Set, place 1 Dragonic Counter on this card. You can send this face-up card to the Graveyard to Special Summon 1 Dragon-Type monster from your Deck whose Level is less than or equal to the number of Dragonic Counters on this card.$Dragon$$Sends itself from field to Graveyard for cost$Continuous/Ignition$
04404099$The Dragon Dwelling in the Deep$Unlimited$WATER$[Sea Serpent/Effect]$$$$$4$1700$1400$$$$Place 1 Ocean Counter on this card during each player's Standby Phase. When this card is removed from the field, all Fish-Type and Sea Serpent-Type monsters you control gain 200 ATK for each Ocean Counter on this card, until the End Phase.$Fish/Sea Serpent$$Activates when it leaves the field$Trigger$
30492798$Djinn Disserere of Rituals$Unlimited$DARK$[Fiend/Effect]$$$$$1$200$200$$$$When you Ritual Summon a monster, you can banish this card from your GY as 1 of the monsters required for the Ritual Summon. The monster Ritual Summoned using this card is unaffected by Trap effects.$Ritual Monster$Trap Card$Applies effect when used for a Ritual Summon$Unclassified$
67987302$Earthbound Linewalker$Unlimited$DARK$[Fiend/Effect]$$$$$4$1200$1900$$$$"Earthbound Immortal" monsters cannot be destroyed by their own effects.$Supports archetypes /Earthbound Immortal$$$Continuous$
30770156$Core Transport Unit$Unlimited$SPELL$$$$$$$$$Continuous$$$Once per turn, you can discard 1 card to add 1 "Iron Core of Koa'ki Meiru" from your Deck to your hand.$Iron Core of Koa'ki Meiru$$Discards for cost/Adds from Deck to hand$Ignition-like$
16229315$Gale Dogra$Unlimited$EARTH$[Insect/Effect]$$$$$2$650$600$$$$You can pay 3000 LP; send 1 monster from your Extra Deck to the GY.$$$Sends from Extra Deck to Graveyard$Ignition$
77207191$Berfomet$Unlimited$DARK$[Fiend/Effect]$$$$$5$1400$1800$$$$When this card is Normal or Flip Summoned: You can add 1 "Gazelle the King of Mythical Beasts" from your Deck to your hand.$Gazelle the King of Mythical Beasts$$Activates upon Normal Summon/Activates upon Flip Summon/Adds from Deck to hand$Trigger$
04796100$Chimera the Flying Mythical Beast$Unlimited$WIND$[Beast/Fusion/Effect]$$$$$6$2100$1800$$"Gazelle the King of Mythical Beasts" + "Berfomet"$$(This card is always treated as a "Phantom Beast" card.)When this card is destroyed: You can target 1 "Berfomet" or 1 "Gazelle the King of Mythical Beasts" in your GY; Special Summon that target.$Berfomet/Gazelle the King of Mythical Beasts$$Activates if destroyed by battle/Activates if destroyed by card effect$Condition/Trigger$
56043446$Viser Des$Unlimited$DARK$[Fiend/Effect]$$$$$4$500$1200$$$$If this card is Normal Summoned: Target 1 monster your opponent controls; during your third Standby Phase after this effect's activation, destroy that monster. This card cannot be destroyed by battle while the targeted monster is on the field.$$$Activates upon Normal Summon$Trigger/Continuous$
15684835$Evil Blast$Unlimited$TRAP$$$$$$$$$$$$Activate only when a monster is Special Summoned to your opponent's side of the field. Equip this card to that monster. It gains 500 ATK. During each of your opponent's Standby Phases, inflict 500 damage to your opponent.$$$Equips self from field$Activation requirement/Effect/Continuous-like/Trigger-like$
28859794$Shield Wing$Unlimited$WIND$[Winged Beast/Effect]$$$$$2$0$900$$$$Twice per turn, this card cannot be destroyed by battle.$$$$Continuous$
63465535$Underground Arachnid$Unlimited$EARTH$[Insect/Synchro/Effect]$$$$$6$2400$1200$$1 DARK Tuner + 1 non-Tuner Insect-Type monster$$If this card attacks, your opponent cannot activate any Spell or Trap Cards until the end of the Damage Step. Once per turn, you can select 1 face-up monster your opponent controls, and equip it to this card. If this card would be destroyed by battle, you can destroy the monster equipped to this card by its effect instead. (You can only equip 1 monster at a time to this card.)$DARK/Insect$$Equips monsters from the opponent's field to itself$Continuous/Ignition$
22858242$Zeman the Ape King$Unlimited$EARTH$[Beast/Synchro/Effect]$$$$$7$2500$1800$$1 DARK Tuner + 1 non-Tuner Beast-Type monster$$If this card attacks, your opponent cannot activate any Spell or Trap Cards until the end of the Damage Step. When an opponent's monster declares an attack, you can select that monster and send 1 monster from your hand or your side of the field to the Graveyard to negate the attack.$DARK/Beast$$Activates upon attack declaration/Sends from hand to Graveyard for cost/Sends from field to Graveyard for cost$Continuous/Trigger$
62782218$Skull Conductor$Unlimited$DARK$[Zombie/Effect]$$$$$4$2000$0$$$$If this card is face-up on the field at the end of the Battle Phase: Destroy this face-up card. You can send this card from your hand to the Graveyard; Special Summon up to 2 Zombie-Type monsters from your hand whose combined ATK is exactly 2000.$Zombie$$Sends itself from hand to Graveyard for cost$Trigger/Ignition$
15939448$Shield Worm$Unlimited$EARTH$[Insect/Effect]$$$$$4$800$2000$$$$When this card is Summoned, it is changed to Defense Position. Then, send 1 card from the top of your opponent's Deck to the Graveyard for each face-up Insect-Type monster you control.$Insect$$Changes battle positions/Sends from your opponent's Deck to your opponent's Graveyard$Trigger$
