Passcode$Name$Status$Attribute$type$link$link_arrows$rank$pendulum_scale$level$attack$defense$spell_attribute$summoning_condition$pendulum_condition$card_text$card_supports$card_anti_supports$card_actions$effect_types$
65403020$The End of Anubis$Unlimited$DARK$[Fiend/Effect]$$$$$6$2500$0$$$$While this card is face-up on the field, all effects of Spell, Trap, and Monster Cards that target a card(s) in the Graveyard or that activate in the Graveyard are negated.$$$$Continuous$
39674352$Gogiga Gagagigo$Unlimited$WATER$[Reptile/Normal]$$$$$8$2950$2800$$$$His soul long-since collapsed, his body recklessly continues onward, driven by a lust for more power. He no longer resembles his former self....$$$$$
66073051$Warrior of Zera$Unlimited$EARTH$[Warrior/Normal]$$$$$4$1600$1600$$$$A wandering warrior who seeks the sanctuary where he can gain the power of the Archlords. To escape the temptation of evil fiends, he fights solo day by day.$$$$$
02468169$Sealmaster Meisei$Unlimited$DARK$[Spellcaster/Normal]$$$$$3$1100$900$$$$One of the few people who has a good command of Talismans. His history is a mystery.$$$$$
39552864$Mystical Shine Ball$Unlimited$LIGHT$[Fairy/Normal]$$$$$2$500$500$$$$A soul of light covered by mystical shine. When you see its beautiful shape, your dream will come true.$$$$$
65957473$Metal Armored Bug$Unlimited$EARTH$[Insect/Normal]$$$$$8$2800$1500$$$$A gigantic insect-like creature covered by thick armor. Everything in his path is destroyed.$$$$$
91345518$The Agent of Judgment - Saturn$Unlimited$LIGHT$[Fairy/Effect]$$$$$6$2400$0$$$$While your LP are higher than your opponent's: You can Tribute this card; inflict damage to your opponent equal to the difference. You must control "The Sanctuary in the Sky" to activate and to resolve this effect. You cannot conduct your Battle Phase the turn you activate this effect.$The Sanctuary in the Sky$$Tributes itself for cost/Cannot conduct Battle Phase$Ignition$
38730226$The Agent of Wisdom - Mercury$Unlimited$LIGHT$[Fairy/Effect]$$$$$4$0$1700$$$$Once per turn, during your Standby Phase, if you controlled this face-up card in your Monster Zone and had no cards in your hand at the end of the opponent's last turn: Draw 1 card.$$$You draw cards$Trigger$
64734921$The Agent of Creation - Venus$Unlimited$LIGHT$[Fairy/Effect]$$$$$3$1600$0$$$$You can pay 500 LP; Special Summon 1 "Mystical Shine Ball" from your hand or Deck.$Mystical Shine Ball$$$Ignition$
91123920$The Agent of Force - Mars$Unlimited$LIGHT$[Fairy/Effect]$$$$$3$0$0$$$$Unaffected by Spell Cards or effects. While you control "The Sanctuary in the Sky" and your LP are higher than your opponent's, this card gains ATK/DEF equal to the difference.$$$$Continuous$
27618634$The Unhappy Girl$Unlimited$LIGHT$[Spellcaster/Effect]$$$$$2$400$300$$$$While this card is in face-up Attack Position on the field, this card is not destroyed as a result of battle. (Damage calculation is applied normally.) A monster that battled with this card cannot change its battle position, except with a card effect, or attack while this card is in face-up Attack Position on the field.$$$Prevents Battle Position changes$Continuous$
63012333$Soul-Absorbing Bone Tower$Unlimited$DARK$[Zombie/Effect]$$$$$3$400$1500$$$$If you control another Zombie-Type monster, your opponent cannot target this card for attacks. Each time a Zombie-Type monster(s) is Special Summoned: Send the top 2 cards of your opponent's Deck to the Graveyard.$Zombie$$Sends from your opponent's Deck to your opponent's Graveyard$Continuous/Trigger$
90407382$The Kick Man$Unlimited$DARK$[Zombie/Effect]$$$$$3$1300$300$$$$When this card is Special Summoned, you can equip 1 appropriate Equip Spell Card from your Graveyard to this card.$Equip Spell Card$$Places cards from Graveyard in Spell & Trap Zone$Trigger$
26495087$Vampire Lady$Unlimited$DARK$[Zombie/Effect]$$$$$4$1550$1550$$$$When this card inflicts Battle Damage to your opponent: Declare 1 card type (Monster, Spell, or Trap); your opponent sends 1 card of that type from their Deck to the Graveyard.$$$Declares a card type/Sends from your opponent's Deck to your opponent's Graveyard$Trigger$
31812496$Stone Statue of the Aztecs$Unlimited$EARTH$[Rock/Effect]$$$$$4$300$2000$$$$Double any Battle Damage your opponent takes when they attack this monster.$$$$Continuous$
53890795$Rocket Jumper$Unlimited$EARTH$[Rock/Effect]$$$$$3$1000$800$$$$If the only cards on your opponent's side of the field are Defense Position monsters, this card can attack your opponent's Life Points directly.$$$$Continuous$
99284890$Avatar of The Pot$Unlimited$EARTH$[Rock/Effect]$$$$$3$1200$1300$$$$By sending 1 "Pot of Greed" from your hand to the Graveyard, draw 3 cards from your Deck.$Pot of Greed$$Sends from hand to Graveyard/Sends from hand to Graveyard for cost/Sends from your hand to your Graveyard/You draw cards$Ignition$
25773409$Legendary Jujitsu Master$Unlimited$EARTH$[Rock/Effect]$$$$$3$1300$1800$$$$If this Defense Position card battled a monster, at the end of the Damage Step: Place that monster on the top of the Deck.$$$Returns from field to Deck/Returns from your opponent's field to your opponent's Deck$Trigger$
30190809$Gear Golem the Moving Fortress$Unlimited$EARTH$[Machine/Effect]$$$$$4$800$2200$$$$Once per turn, during your Main Phase 1: You can pay 800 Life Points; this card can attack your opponent directly this turn.$$$$Ignition$
52768103$KA-2 Des Scissors$Unlimited$DARK$[Machine/Effect]$$$$$4$1000$1000$$$$When this card destroys a monster and sends it to the Graveyard as a result of battle, inflict damage to your opponent's Life Points equal to the Level of the destroyed monster x 500 points.$$$$Trigger$
98162242$Needle Burrower$Unlimited$DARK$[Machine/Effect]$$$$$5$1700$1700$$$$When this card destroys a monster and sends it to the Graveyard as a result of battle, inflict damage to your opponent's Life Points equal to the Level of the destroyed monster x 500 points.$$$Activates when it destroys a monster by battle$Trigger$
84550200$Sonic Jammer$Unlimited$WIND$[Machine/Effect]$$$$$2$350$650$$$$FLIP: Your opponent cannot activate any Spell Cards until the end of the End Phase of the next turn.$$$Activates upon being flipped face-up$Flip$
25551951$Blowback Dragon$Unlimited$DARK$[Machine/Effect]$$$$$6$2300$1200$$$$Once per turn: You can target 1 card your opponent controls; toss a coin 3 times and destroy that target if at least 2 of the results are heads.$$$$Ignition$
51945556$Zaborg the Thunder Monarch$Unlimited$LIGHT$[Thunder/Effect]$$$$$5$2400$1000$$$$If this card is Tribute Summoned: Target 1 monster on the field; destroy that target.$$$Activates upon Tribute Summon$Trigger$
87340664$Atomic Firefly$Unlimited$LIGHT$[Insect/Effect]$$$$$1$100$200$$$$When this face-up card on the field attacks or is attacked and it is destroyed as a result of battle, the player who destroyed it takes 1000 points of damage.$$$Activates from your Graveyard$Trigger$
24435369$Mermaid Knight$Unlimited$WATER$[Aqua/Effect]$$$$$4$1500$700$$$$As long as "Umi" remains face-up on the field, this card can attack twice during the same Battle Phase.$Umi$$$Continuous$
50823978$Piranha Army$Unlimited$WATER$[Fish/Effect]$$$$$2$800$200$$$$The Battle Damage this card inflicts by attacking your opponent's Life Points directly is doubled.$$$$Continuous$
83228073$Two Thousand Needles$Unlimited$EARTH$[Beast/Effect]$$$$$5$2000$1800$$$$When this Defense Position card is attacked and the ATK of the attacking monster is lower than the DEF of this card, destroy the attacking monster at the end of the Damage Step.$$$$Trigger$
19612721$Disc Fighter$Unlimited$EARTH$[Warrior/Effect]$$$$$4$1000$1000$$$$If this card attacks a Defense Position monster with DEF 2000 or more, destroy the monster with this card's effect without applying Damage Calculation.$$$$Trigger$
55001420$Arcane Archer of the Forest$Unlimited$EARTH$[Warrior/Effect]$$$$$3$900$1400$$$$While there is a Plant-Type monster on your side of the field, this card cannot be attacked. By tributing 1 Plant-Type monster on your side of the field, destroy 1 Spell or Trap Card on the field.$Plant$$Tributes for cost$Continuous/Ignition$
82005435$Lady Ninja Yae$Unlimited$WIND$[Warrior/Effect]$$$$$3$1100$200$$$$By discarding 1 WIND monster from your hand to the Graveyard, return all Spell and Trap Cards on your opponent's side of the field to the owner's hand.$WIND$$Discards for cost/Returns from your opponent's field to your opponent's hand$Ignition$
18590133$Goblin King$Unlimited$DARK$[Fiend/Effect]$$$$$1$0$0$$$$While you control another Fiend monster, this card cannot be attacked. This card's ATK/DEF become equal to the number of other Fiend monsters on the field x 1000.$Fiend$$$Continuous$
45985838$Solar Flare Dragon$Unlimited$FIRE$[Pyro/Effect]$$$$$4$1500$1000$$$$While you control another Pyro-Type monster, this card cannot be attacked. During each of your End Phases: Inflict 500 damage to your opponent.$Pyro$$$Continuous/Trigger$
81383947$White Magician Pikeru$Unlimited$LIGHT$[Spellcaster/Effect]$$$$$2$1200$0$$$$During your Standby Phase, increase your Life Points by 400 points for each monster on your side of the field.$$$$Trigger$
18378582$Archlord Zerato$Unlimited$LIGHT$[Fairy/Effect]$$$$$8$2800$2300$$$$This card cannot be Normal Summoned or Set. This card cannot be Special Summoned except by Tributing 1 face-up "Warrior of Zera" on your side of the field while "The Sanctuary in the Sky" is on the field. If "The Sanctuary in the Sky" is on your side of the field, by discarding 1 LIGHT Monster Card from your hand to the Graveyard, destroy all monsters on your opponent's side of the field. If "The Sanctuary in the Sky" is not on your side of the field, this effect is not applied.$Warrior of Zera/The Sanctuary in the Sky/LIGHT$$Tributes for cost/Discards for cost$Summon/Ignition$
44762290$Opti-Camouflage Armor$Unlimited$SPELL$$$$$$$$$Equip$$$You can only equip this card to a Level 1 monster. A monster equipped with this card can attack your opponent's Life Points directly.$$$$Condition/Continuous-like$
80161395$Mystik Wok$Unlimited$SPELL$$$$$$$$$Quick-Play$$$Tribute 1 monster. Select either its ATK or DEF and gain that many Life Points.$$$Tributes for cost$Cost/Effect$
98045062$Enemy Controller$Unlimited$SPELL$$$$$$$$$Quick-Play$$$Activate 1 of these effects.●Target 1 face-up monster your opponent controls; change that target's battle position.●Tribute 1 monster, then target 1 face-up monster your opponent controls; take control of that target until the End Phase.$$$Tributes for cost/Changes control/Changes battle positions$Condition/Effect/Cost$
17655904$Burst Stream of Destruction$Unlimited$SPELL$$$$$$$$$$$$If you control "Blue-Eyes White Dragon": Destroy all monsters your opponent controls. "Blue-Eyes White Dragon" you control cannot attack the turn you activate this card.$Blue-Eyes White Dragon$$$Activation requirement/Effect/Condition$
43040603$Monster Gate$Unlimited(OCG)$SPELL$$$$$$$$$$$$Tribute 1 monster; excavate cards from the top of your Deck until you excavate a monster that can be Normal Summoned/Set. Special Summon it, also send the other excavated cards to the GY.$$$Tributes for cost/Excavates from the player's Deck/Sends excavated cards to the Graveyard/Sends from the top of your Deck to your Graveyard$Cost/Effect$
00303660$Amplifier$Unlimited$SPELL$$$$$$$$$Equip$$$Equip only to "Jinzo". This card's activation and effect cannot be negated. The equipped monster's effect, "Trap Cards, and their effects on the field, cannot be activated. Negate all Trap effects on the field." becomes "Your opponent cannot activate Trap Cards, or their effects on the field. Negate all Trap effects your opponent controls." When this card leaves the field, destroy the equipped monster.$Jinzo$$Overwrites card effects/Activates when it leaves the field/Activation cannot be negated/Effect that cannot be negated$Condition/Continuous-like$
10035717$Weapon Change$Unlimited$SPELL$$$$$$$$$Continuous$$$Once during each of your Standby Phases: You can pay 700 Life Points, then target 1 Warrior or Machine-Type monster you control; switch the current ATK and DEF of that target until the end of your opponent's next turn.$Warrior/Machine$$$Trigger-like$
56433456$The Sanctuary in the Sky$Unlimited$SPELL$$$$$$$$$Field$$$Battle damage to the controller of a Fairy monster from a battle involving that monster becomes 0.$Fairy$$$Continuous-like$
82828051$Earthquake$Unlimited$SPELL$$$$$$$$$$$$Change all face-up monsters on the field to Defense Position.$$$Changes battle positions$Effect$
19312169$Talisman of Trap Sealing$Unlimited$SPELL$$$$$$$$$Continuous$$$You can only activate this card while there is a face-up "Sealmaster Meisei" on your side of the field. While this card is face-up on the field, Trap Cards cannot be activated and the effects of face-up Trap Cards on the field are negated. When "Sealmaster Meisei" is removed from the field, destroy this card.$Sealmaster Meisei$$$Activation requirement/Continuous-like$
45311864$Goblin Thief$Unlimited$SPELL$$$$$$$$$$$$Inflict 500 points of damage to your opponent's Life Points and increase your Life Points by 500 points.$$$$Effect$
82705573$Backfire$Unlimited$TRAP$$$$$$$$$Continuous$$$If a face-up FIRE monster(s) you control is destroyed and sent to the GY: Inflict 500 damage to your opponent.$FIRE$$$Trigger-like$
18190572$Micro Ray$Unlimited$TRAP$$$$$$$$$$$$Target 1 face-up monster on the field; that target's DEF becomes 0 until the end of this turn.$$$$Effect$
44595286$Light of Judgment$Unlimited$TRAP$$$$$$$$$$$$If "The Sanctuary in the Sky" is on the field: Discard 1 LIGHT monster to the GY; apply 1 of the following effects.●Look at your opponent's hand and discard 1 card from their hand.●Send 1 card your opponent controls to the GY.$LIGHT/The Sanctuary in the Sky$$Discards for cost/Sends from your opponent's hand to your opponent's Graveyard/Sends from your opponent's field to your opponent's Graveyard/Reveals your opponent's hand$Activation requirement/Cost/Effect$
71983925$Talisman of Spell Sealing$Unlimited$TRAP$$$$$$$$$Continuous$$$You can only activate this card while there is a face-up "Sealmaster Meisei" on your side of the field. While this card is face-up on the field, Spell Cards cannot be activated and the effects of face-up Spell Cards on the field are negated. When "Sealmaster Meisei" is removed from the field, destroy this card.$Sealmaster Meisei$$$Activation requirement/Continuous-like$
17078030$Wall of Revealing Light$Unlimited$TRAP$$$$$$$$$Continuous$$$Activate by paying any multiple of 1000 Life Points. Monsters your opponent controls cannot attack if their ATK is less than or equal to the amount you paid.$$$$Cost/Continuous-like$
44472639$Solar Ray$Unlimited$TRAP$$$$$$$$$$$$Inflict 600 points of damage to your opponent's Life Points for each face-up LIGHT monster on your side of the field.$LIGHT$$$Effect$
70861343$Ninjitsu Art of Transformation$Unlimited$TRAP$$$$$$$$$Continuous$$$Activate this card by Tributing 1 face-up "Ninja" monster; Special Summon 1 Beast, Winged Beast, or Insect monster from your hand or Deck whose Level is less than or equal to the Level the Tributed monster had on the field +3. When this card leaves the field, destroy that monster.$Supports archetypes /Ninja$$Tributes for cost$Cost/Effect/Continuous-like$
16255442$Beckoning Light$Unlimited$TRAP$$$$$$$$$$$$Discard your entire hand, then for each card you discarded to the GY by this effect, add 1 LIGHT monster from your GY to your hand.$LIGHT$$Discards for effect/Adds from Graveyard to hand$Effect$
43250041$Draining Shield$Unlimited$TRAP$$$$$$$$$$$$If an opponent's monster declares an attack: Target the attacking monster; negate that attack, and if you do, gain LP equal to that target's ATK.$$$Activates upon attack declaration$Activation requirement/Effect$
79649195$Armor Break$Unlimited$TRAP$$$$$$$$$Counter$$$Negate the activation of an Equip Spell Card and destroy it.$$Equip Spell Card$$Effect$
53776525$Gigobyte$Unlimited$WATER$[Reptile/Normal]$$$$$1$350$300$$$$He has a tranquil soul, but carries a destiny that one day his heart shall be tainted by evil....$$$$$
27288416$Mokey Mokey$Unlimited$LIGHT$[Fairy/Normal]$$$$$1$300$100$$$$An outcast angel. Nobody knows what he is thinking at all. Sometimes he gets mad and that is dreadful.$$$$$
99171160$Kozaky$Unlimited$DARK$[Fiend/Normal]$$$$$1$400$400$$$$A workaholic fiend who devotes everything to his research into the languages of Dark World. His mind has collapsed because of working too hard.$$$$$
26566878$Fiend Scorpion$Unlimited$EARTH$[Insect/Normal]$$$$$2$900$200$$$$A huge scorpion inhabited by the soul of a fiend. Usually it holds back, but has untapped potential.$$$$$
$Pharaoh's Servant$$DARK$[Zombie/Normal]$$$$$2$900$0$$$$An apparition of those said to formerly serve the Pharaoh. It has tremendous loyalty that does not waiver.$$$$$
89959682$Pharaonic Protector$Unlimited$EARTH$[Zombie/Normal]$$$$$2$900$0$$$$The mummy of a soldier that has been guarding the royal family for thousands of years. Even now, its spirit does not allow anybody to trespass.$$$$$
25343280$Spirit of the Pharaoh$Unlimited$LIGHT$[Zombie/Effect]$$$$$6$2500$2000$$$$This card cannot be Normal Summoned or Set. This card cannot be Special Summoned except by the effect of "The First Sarcophagus". When this card is Special Summoned, you can Special Summon up to 4 Level 2 or lower Zombie-Type Normal Monsters from your Graveyard.$The First Sarcophagus/Zombie/Normal Monster$$Activates upon Special Summon$Summon/Trigger$
51838385$Theban Nightmare$Unlimited$LIGHT$[Fiend/Effect]$$$$$4$1500$500$$$$Gains 1500 ATK while you have no cards in your hand nor in your Spell & Trap Zones.$$$$Continuous$
88236094$Aswan Apparition$Unlimited$DARK$[Fiend/Effect]$$$$$3$500$500$$$$If this card inflicts Battle Damage to your opponent's Life Points, you can return 1 Trap Card from your Graveyard to the top of your Deck.$$$Returns from Graveyard to Deck/Returns from your Graveyard to your Deck$Trigger$
24221739$Protector of the Sanctuary$Unlimited$EARTH$[Fiend/Effect]$$$$$4$1100$1900$$$$Your opponent cannot draw cards except during Draw Phases.$$$Prevents adding cards from Deck to hand$Continuous$
51616747$Nubian Guard$Unlimited$FIRE$[Warrior/Effect]$$$$$2$500$500$$$$If this card inflicts Battle Damage to your opponent's Life Points, you can return 1 Continuous Spell Card from your Graveyard to the top of your Deck.$Continuous Spell Card$$Activates when it inflicts battle damage/Returns from your Graveyard to your Deck$Trigger$
87010442$Legacy Hunter$Unlimited$EARTH$[Warrior/Effect]$$$$$4$1000$1500$$$$When this card attacks a face-down Defense Position monster and destroys it and sends it to the Graveyard as a result of battle, your opponent returns 1 random card from their hand to their Deck. Their Deck is then shuffled.$$$Activates when it destroys a monster by battle/Returns from your opponent's hand to your opponent's Deck$Trigger$
13409151$Desertapir$Unlimited$EARTH$[Beast/Effect]$$$$$3$900$300$$$$FLIP: Flip 1 face-up monster on the field into face-down Defense Position. You cannot select "Desertapir".$$$Activates upon being flipped face-up/Flips monsters face-down$Flip$
50593156$Sand Gambler$Unlimited$LIGHT$[Spellcaster/Effect]$$$$$3$300$1600$$$$Toss a coin 3 times. If all 3 results are Heads, destroy all monsters on your opponent's side of the field. If all 3 results are Tails, destroy all monsters on your side of the field. You can only activate this effect once per turn, during your Main Phase.$$$$Ignition$
86988864$3-Hump Lacooda$Unlimited$EARTH$[Beast/Effect]$$$$$3$500$1500$$$$If there are 3 face-up "3-Hump Lacooda" cards on your side of the field, Tribute 2 of them to draw 3 cards.$$$Tributes for cost/You draw cards$Ignition$
13386503$Ghost Knight of Jackal$Unlimited$EARTH$[Beast-Warrior/Effect]$$$$$5$1700$1600$$$$When this card destroys an opponent's monster by battle and sends it to the GY: You can target that destroyed monster in your opponent's GY; Special Summon that target to your field in Defense Position.$$$$Trigger$
49771608$Absorbing Kid from the Sky$Unlimited$LIGHT$[Fairy/Effect]$$$$$4$1300$1000$$$$When this card destroys a monster and sends it to the Graveyard as a result of battle, increase your Life Points by the Level of the destroyed monster x 300 points.$$$$Trigger$
85166216$Elephant Statue of Blessing$Unlimited$EARTH$[Rock/Effect]$$$$$3$1500$0$$$$When this card is sent from your hand to your Graveyard by an opponent's card effect: You gain 2000 Life Points.$$$Activates from your Graveyard$Trigger$
12160911$Elephant Statue of Disaster$Unlimited$EARTH$[Rock/Effect]$$$$$3$1500$0$$$$If this card is sent from your hand to your GY by an opponent's card effect: Inflict 2000 damage to your opponent.$$$Activates from your Graveyard$Trigger$
48659020$Spirit Caller$Unlimited$LIGHT$[Spellcaster/Effect]$$$$$3$1000$1000$$$$FLIP: You can Special Summon 1 Level 3 or lower Normal Monster from your Graveyard to your side of the field.$Normal Monster$$$Flip$
75043725$Emissary of the Afterlife$Unlimited$DARK$[Fiend/Effect]$$$$$4$1600$600$$$$When this card is sent from the field to the Graveyard: Each player adds 1 Level 3 or lower Normal Monster from their Deck to their hand.$Normal Monster$$Activates from your Graveyard/Adds from Deck to hand$Trigger$
11448373$Grave Protector$Unlimited$DARK$[Fiend/Effect]$$$$$4$0$2000$$$$Any monster destroyed by battle is shuffled into the Deck instead of going to the Graveyard.$$$Returns from field to Deck/Returns from your field to your Deck/Returns from your opponent's field to your opponent's Deck/Returns to the Deck cards that would be sent to the Graveyard$Continuous$
44436472$Double Coston$Unlimited$DARK$[Zombie/Effect]$$$$$4$1700$1650$$$$This card can be treated as 2 Tributes for the Tribute Summon of a DARK monster.$DARK$$$Unclassified$
70821187$Regenerating Mummy$Unlimited$DARK$[Zombie/Effect]$$$$$4$1800$1500$$$$When this card is sent from your hand to your GY by an opponent's card effect: Return this card to the hand.$$$Returns itself from Graveyard to hand$Trigger$
16226786$Night Assailant$Unlimited$DARK$[Fiend/Flip/Effect]$$$$$3$200$500$$$$FLIP: Target 1 monster your opponent controls; destroy that target.If this card is sent from the hand to the GY: Target 1 Flip monster in your GY, except "Night Assailant"; add that target to your hand.$Flip monster$$Activates upon being flipped face-up/Adds from Graveyard to hand/Activates from your Graveyard$Flip/Trigger$
43714890$Man-Thro' Tro'$Unlimited$EARTH$[Beast-Warrior/Effect]$$$$$4$1000$1000$$$$By tributing 1 Normal Monster (except a Token) on your side of the field, inflict 800 points of damage to your opponent's Life Points.$Normal Monster$$Tributes for cost$Ignition$
79109599$King of the Swamp$Unlimited$WATER$[Aqua/Effect]$$$$$3$500$1100$$$$This card in your hand, field, or GY can be used as a substitute for any 1 Fusion Material whose name is mentioned on the Fusion Monster Card, but the other materials must be correct. You can discard this card to the GY; add 1 "Polymerization" from your Deck to your hand.$Polymerization/Fusion Monster$$Discards itself for cost/Adds from Deck to hand$Unclassified/Ignition$
06103294$Emissary of the Oasis$Unlimited$LIGHT$[Spellcaster/Effect]$$$$$3$600$400$$$$While a face-up Level 3 or lower Normal Monster is on your side of the field, your opponent cannot select this card as an attack target. While this card is face-up on your side of the field, any Battle Damage to the controller of this card from battle involving a Level 3 or lower Normal Monster becomes 0.$Normal Monster$$$Continuous$
42598242$Special Hurricane$Unlimited$SPELL$$$$$$$$$$$$Discard 1 card from your hand. Destroy all Special Summoned monsters on the field.$$Special Summon$Discards for cost$Cost/Effect$
78986941$Order to Charge$Unlimited$SPELL$$$$$$$$$Quick-Play$$$Target 1 non-Token Normal Monster you control; Tribute that Normal Monster, and if you do, destroy 1 monster your opponent controls.$Normal Monster$$Tributes as an effect$Effect$
05371656$Sword of the Soul-Eater$Unlimited$SPELL$$$$$$$$$Equip$$$You can only equip this card to a Level 3 or lower Normal Monster on your side of the field. When you activate this card, Tribute all Normal Monsters (except Tokens) on your side of the field, except the equipped monster. Increase the ATK of the equipped monster by 1000 points for each Normal Monster that you Tributed.$Normal Monster$$Tributes for cost$Condition/Cost/Continuous-like$
31476755$Dust Barrier$Unlimited$SPELL$$$$$$$$$Continuous$$$Face-up Normal Monsters on the field are unaffected by your opponent's Spell Cards. This card is destroyed during your second Standby Phase after activation.$Normal Monster$$$Continuous-like/Condition$
78864369$Soul Reversal$Unlimited$SPELL$$$$$$$$$Quick-Play$$$Return 1 Flip Effect Monster from your Graveyard to the top of your Deck.$Flip monster$$Returns from your Graveyard to your Deck$Effect$
04259068$Spell Economics$Unlimited$SPELL$$$$$$$$$Continuous$$$You do not pay Life Points to activate Spell Cards.$$$Reduces costs$Continuous-like$
30653113$Blessings of the Nile$Unlimited$SPELL$$$$$$$$$Continuous$$$Each time card(s) are discarded from your hand to the Graveyard by the effect of a card controlled by your opponent, increase your Life Points by 1000 points.$$$$Trigger-like$
67048711$7$Unlimited$SPELL$$$$$$$$$Continuous$$$When there are 3 face-up "7" cards on your side of the field, draw 3 cards from your Deck. Then destroy all "7" cards. When this card is sent directly from the field to your Graveyard, increase your Life Points by 700 points.$$$You draw cards$Effect/Trigger-like$
03136426$Level Limit - Area B$Unlimited$SPELL$$$$$$$$$Continuous$$$Change all face-up Level 4 or higher monsters to Defense Position.$$$Changes battle positions$Continuous-like$
30531525$Enchanting Fitting Room$Unlimited$SPELL$$$$$$$$$$$$Pay 800 LP; excavate the top 4 cards of your Deck and Special Summon all excavated Level 3 or lower Normal Monsters, also, after that, shuffle the rest back into your Deck.$Normal Monster$$Excavates from the player's Deck/Shuffles excavated cards into the Deck$Cost/Effect$
66926224$The Law of the Normal$Unlimited$SPELL$$$$$$$$$$$$You can only activate this card while there are 5 face-up Level 2 or lower Normal Monsters on your side of the field. Both players discard all cards in their hands, and destroy all cards on the field except Level 2 or lower Normal Monsters.$Normal Monster$$Discards for effect/You discard/Your opponent discards$Activation requirement/Effect$
02314238$Dark Magic Attack$Unlimited$SPELL$$$$$$$$$$$$If you control "Dark Magician": Destroy all Spells and Traps your opponent controls.$Dark Magician$$$Activation requirement/Effect$
39719977$Delta Attacker$Unlimited$SPELL$$$$$$$$$$$$You can only activate this card while there are 3 Normal Monsters of the same name (except Tokens) on your side of the field. The 3 Normal Monsters of the same name can attack your opponent's Life Points directly during the turn this card is activated.$Normal Monster$$$Activation requirement/Effect$
05703682$Thousand Energy$Unlimited$SPELL$$$$$$$$$$$$Increase the original ATK and DEF of all face-up Level 2 Normal Monsters (except Tokens) on your side of the field by 1000 points until the End Phase. Destroy all Level 2 Normal Monsters on your side of the field during the End Phase.$Normal Monster$$$Effect$
32298781$Triangle Power$Unlimited$SPELL$$$$$$$$$$$$Increase the original ATK and DEF of all face-up Level 1 Normal Monsters (except Tokens) on your side of the field by 2000 points until the End Phase. Destroy all Level 1 Normal Monsters on your side of the field during the End Phase.$Level 1 Monster Cards/Normal Monster$$$Effect$
78697395$The Third Sarcophagus$Unlimited$SPELL$$$$$$$$$Continuous$$$This card can only be placed on the field by the effect of "The First Sarcophagus".$The First Sarcophagus$$$Condition$
04081094$The Second Sarcophagus$Unlimited$SPELL$$$$$$$$$Continuous$$$This card can only be placed on the field by the effect of "The First Sarcophagus".$The First Sarcophagus$$$Condition$
31076103$The First Sarcophagus$Unlimited$TRAP$$$$$$$$$Continuous$$$During each of your opponent's End Phases, place 1 card face-up on your side of the field from your hand or Deck in this order: "The Second Sarcophagus", "The Third Sarcophagus". If 1 Sarcophagus card is removed from your side of the field, all of them on your side of the field are sent to the Graveyard. When you have all 3 Sarcophagus cards on your side of the field, send all Sarcophagus cards on your side of the field to the Graveyard to Special Summon 1 "Spirit of the Pharaoh" from your hand or Deck.$The Second Sarcophagus/The Third Sarcophagus/Spirit of the Pharaoh$$Sends from your field to your Graveyard/Sends from field to Graveyard for cost/Sends itself from field to Graveyard for cost/Places cards from hand in Spell & Trap Zone/Places cards from Deck in Spell & Trap Zone$Trigger-like/Continuous-like$
67464807$Dora of Fate$Unlimited$TRAP$$$$$$$$$$$$You can only activate this card during your opponent's turn. Select 1 face-up monster on your opponent's side of the field. When you Normal Summon a monster that is 1 Level lower than the selected monster during your next turn, inflict damage to your opponent's Life Points equal to the Level of the selected monster x 500 points.$$$$Activation requirement/Effect/Lingering$
04869446$Judgment of the Desert$Unlimited$TRAP$$$$$$$$$Continuous$$$The Battle Positions of face-up monsters that are flipped face-up after activation of this card cannot be changed, except with a card effect.$$$Prevents Battle Position changes$Continuous-like$
30353551$Human-Wave Tactics$Unlimited$TRAP$$$$$$$$$Continuous$$$During the End Phase of each turn, select a number of Level 2 or lower Normal Monsters from your Deck equal to the number of your Level 2 or lower Normal Monsters destroyed as a result of battle during that turn, and Special Summon them to your side of the field. The Deck is then shuffled.$Normal Monster$$$Trigger-like$
66742250$Curse of Anubis$Unlimited$TRAP$$$$$$$$$$$$Change all Effect Monsters on the field to Defense Position. Until the end of this turn, the original DEF of those monsters becomes 0, also their battle positions cannot be changed.$$Effect Monster$Changes battle positions/Prevents battle position changes$Effect/Condition$
93747864$Desert Sunlight$Unlimited$TRAP$$$$$$$$$$$$All monsters on your side of the field are changed to face-up Defense Position.$$$Changes battle positions/Flips monsters face-up$Effect$
39131963$Des Counterblow$Unlimited$TRAP$$$$$$$$$Continuous$$$Destroy any monster that inflicts Battle Damage to a player's Life Points by attacking directly.$$$$Trigger-like$
$Labyrinth of Nightmare$$TRAP$$$$$$$$$Continuous$$$Once per turn, during each player's End Phase: Change the battle positions of all face-up monsters the turn player controls.$$$$$
92924317$Soul Resurrection$Unlimited$TRAP$$$$$$$$$Continuous$$$Activate this card by targeting 1 Normal Monster in your Graveyard; Special Summon it in Defense Position. When this card leaves the field, destroy that monster. When that monster is destroyed, destroy this card.$Normal Monster$$$Effect/Continuous-like$
39019325$Order to Smash$Unlimited$TRAP$$$$$$$$$$$$Target 1 Level 2 or lower non-Token Normal Monster you control; Tribute that Normal Monster, and if you do, destroy up to 2 Spells/Traps your opponent controls.$Normal Monster$$Tributes for cost$Effect$
06133894$Mazera DeVille$Unlimited$DARK$[Fiend/Effect]$$$$$8$2800$2300$$$$This card cannot be Normal Summoned or Set. This card cannot be Special Summoned except by Tributing 1 face-up "Warrior of Zera" on your side of the field while "Pandemonium" is on the field. If "Pandemonium" is on your side of the field when you Special Summon this card, your opponent discards 3 random cards from their hand. If "Pandemonium" is not on your side of the field, this effect is not applied.$Warrior of Zera/Pandemonium$$Tributes for cost$Summon/Trigger$
