Passcode$Name$Status$Attribute$type$link$link_arrows$rank$pendulum_scale$level$attack$defense$spell_attribute$summoning_condition$pendulum_condition$card_text$card_supports$card_anti_supports$card_actions$effect_types$
36010310$Nunu, the Ogdoadic Remnant$Unlimited$LIGHT$[Reptile/Effect]$$$$$4$0$0$$$$You can send this card from your hand to the GY; send 1 DARK Reptile monster from your Deck to the GY. If you control no monsters, or you control an "Ogdoadic" monster: You can Special Summon this card from your GY, but banish it when it leaves the field, also you cannot Special Summon monsters, except Reptile monsters, while this card is face-up in the Monster Zone. You can only use each effect of "Nunu, the Ogdoadic Remnant" once per turn.$Supports archetypes /Ogdoadic$$Activates from your hand/Activates from your Graveyard/Sends from your Deck to your Graveyard/Sends itself from hand to Graveyard for cost$Ignition/Condition$
62405028$Nauya, the Ogdoadic Remnant$Unlimited$DARK$[Reptile/Effect]$$$$$4$0$2000$$$$You can send this card from your hand to the GY; send 1 LIGHT Reptile monster from your Deck to the GY. If this card is Normal or Special Summoned: You can add 1 "Ogdoadic" Spell/Trap from your Deck to your hand. You can only use each effect of "Nauya, the Ogdoadic Remnant" once per turn.$Supports archetypes /Ogdoadic$$Activates from your hand/Activates upon Normal Summon/Activates upon Special Summon/Adds from Deck to hand/Sends from your Deck to your Graveyard/Sends itself from hand to Graveyard for cost$Ignition/Trigger/Condition$
09400127$Flogos, the Ogdoadic Boundless$Unlimited$LIGHT$[Reptile/Effect]$$$$$4$1800$1400$$$$If this card is sent from the field to the GY, or Special Summoned from the GY: You can target 1 face-up monster your opponent controls, and 1 monster in their GY with an equal or higher ATK than that target; Special Summon that monster from the GY to their field, and if you do, send that other monster they control to the GY. If this card is in your GY: You can send 1 card from your hand to the GY; add this card to your hand. You can only use each effect of "Flogos, the Ogdoadic Boundless" once per turn.$$$Activates from your Graveyard/Activates upon Special Summon/Adds from Deck to hand/Returns itself from Graveyard to hand/Sends from hand to your Graveyard for cost/Sends from your opponent's field to your opponent's Graveyard$Trigger/Ignition/Condition$
35998832$Zohah, the Ogdoadic Boundless$Unlimited$DARK$[Reptile/Effect]$$$$$4$1500$1700$$$$If this card is sent from the field to the GY, or Special Summoned from the GY: You can activate this effect; your opponent draws 1 card, and if they do, you add 1 "Ogdoadic" monster from your Deck to your hand, except "Zohah, the Ogdoadic Boundless", then, each player sends 1 card from their hand to the GY. If this card is in your GY: You can send 1 card from your hand to the GY; add this card to your hand. You can only use each effect of "Zohah, the Ogdoadic Boundless" once per turn.$Supports archetypes /Ogdoadic$$Activates from your Graveyard/Activates upon Special Summon/Adds from Deck to hand/Returns itself from Graveyard to hand/Sends from your hand to your Graveyard/Sends from your opponent's hand to your opponent's Graveyard/Your opponent draws cards$Trigger/Ignition/Condition$
62383431$Keurse, the Ogdoadic Light$Unlimited$LIGHT$[Reptile/Effect]$$$$$8$400$2400$$$$If this card is in your GY: You can Tribute 1 monster; Special Summon this card, then your opponent can Special Summon 1 monster from their GY, but negate its effects. If this card is Special Summoned: You can target 1 Level 4 or lower "Ogdoadic" monster in your GY; Special Summon it, but banish it when it leaves the field. You can only use each effect of "Keurse, the Ogdoadic Light" once per turn.$Supports archetypes /Ogdoadic$$Activates from your Graveyard/Activates upon Special Summon/Tributes for cost$Ignition/Trigger/Condition$
98787535$Aleirtt, the Ogdoadic Dark$Unlimited$DARK$[Reptile/Effect]$$$$$8$2000$800$$$$If this card is in your GY: You can Tribute 1 monster; Special Summon this card, then your opponent can add 1 monster from their GY to their hand. If this card is Special Summoned: You can target 2 of your banished monsters, including a Reptile monster; return them to the GY. You can only use each effect of "Aleirtt, the Ogdoadic Dark" once per turn.$Reptile$$Activates from your Graveyard/Activates upon Special Summon/Returns from your opponent's Graveyard to your opponent's hand/Returns the player's banished cards to the Graveyard/Tributes for cost$Ignition/Trigger/Condition$
34172284$Aron, the Ogdoadic King$Unlimited$LIGHT$[Reptile/Effect]$$$$$8$2500$2800$$$$If this card is in your GY: You can Tribute 2 monsters; Special Summon this card. If your opponent adds a card(s) to their hand (except during the Draw Phase or Damage Step): You can send 1 random card from their hand to the GY. If a monster(s) your opponent controls is sent to the GY (except during the Damage Step): You can add 1 LIGHT or DARK Reptile monster from your Deck or GY to your hand, except "Aron, the Ogdoadic King". You can only use each effect of "Aron, the Ogdoadic King" once per turn.$LIGHT/DARK/Reptile$$Activates from your Graveyard/Activates if your opponent draws a card/Adds from Deck to hand/Adds from Graveyard to hand/Sends from your opponent's hand to your opponent's Graveyard/Tributes for cost$Ignition/Trigger/Condition$
61160289$Amunessia, the Ogdoadic Queen$Unlimited$DARK$[Reptile/Effect]$$$$$8$2700$2100$$$$If this card is in your GY: You can Tribute 2 monsters; Special Summon this card. If a monster(s) is Special Summoned from your opponent's GY (except during the Damage Step): You can send 1 card they control to the GY. If a monster(s) is sent from your opponent's hand or Deck to the GY (except during the Damage Step): You can Special Summon 1 LIGHT or DARK Reptile monster from your GY, except "Amunessia, the Ogdoadic Queen". You can only use each effect of "Amunessia, the Ogdoadic Queen" once per turn.$LIGHT/DARK/Reptile$$Activates from your Graveyard/Activates upon Special Summon/Sends from your opponent's field to your opponent's Graveyard/Tributes for cost$Ignition/Trigger/Condition$
97565997$Ogdoabyss, the Ogdoadic Overlord$Unlimited$LIGHT$[Reptile/Effect]$$$$$10$3100$2200$$$$If this card is in your GY: You can Tribute 3 monsters; Special Summon this card. Once, while this card is face-up on the field (Quick Effect): You can send all monsters from the field to the GY, except face-up monsters Special Summoned from the GY. You can only use each effect of "Ogdoabyss, the Ogdoadic Overlord" once per turn.$$$Activates from your Graveyard/Sends from field to Graveyard/Tributes for cost$Ignition/Quick/Condition$
24050692$Ogdoadic Water Lily$Unlimited$SPELL$$$$$$$$$$$$Send 1 Reptile monster from your Deck to the GY, then if you have 5 or more Reptile monsters with different names in your GY, you can Special Summon 1 Reptile monster from your GY. You can only activate 1 "Ogdoadic Water Lily" per turn.$Reptile$$Sends from Deck to Graveyard$Effect/Condition$
60448701$Ogdoadic Origin$Unlimited$SPELL$$$$$$$$$Field$$$If a face-up Reptile monster(s) you control is destroyed by battle or an opponent's card effect: You can target 1 card your opponent controls; send it to the GY. If this card in the Field Zone is destroyed by your opponent's card effect: You can send cards from the top of your opponent's Deck to the GY, equal to the number of Reptile monsters with different names in your GY. You can only use each effect of "Ogdoadic Origin" once per turn.$Reptile$$Activates if destroyed by battle/Activates if destroyed by card effect/Sends from your opponent's field to your opponent's Graveyard/Sends from the top of your opponent's Deck to your opponent's Graveyard$Trigger-like/Condition$
96433300$Ogdoadic Hollow$Unlimited$TRAP$$$$$$$$$Continuous$$$During the Main Phase: You can Tribute 1 Reptile Effect Monster, then target 1 monster in your opponent's GY; Special Summon it to your field, but send it to the GY during the End Phase. You can only use this effect of "Ogdoadic Hollow" once per turn. If this face-up card is sent from the Spell & Trap Zone to the GY: Send all face-up non-Reptile monsters you control to the GY.$Reptile$$Activates from your Graveyard/Sends from your field to your Graveyard/Tributes for cost$Quick-like/Condition/Trigger-like$
23837054$Ogdoadic Calling$Unlimited$TRAP$$$$$$$$$$$$Special Summon 2 "Ogdoadic Tokens" (Reptile/DARK/Level 2/ATK 0/DEF 0), OR if you have 8 or more "Ogdoadic" monsters with different names in your GY, you can apply this effect instead.●Special Summon 2 Reptile monsters with different names from your GY.You can only activate 1 "Ogdoadic Calling" per turn.$Supports archetypes /Ogdoadic$$$Effect/Condition$
55226153$DoSolfachord Cutia$Unlimited$EARTH$[Fairy/Pendulum/Effect]$$$$8$1$100$400$$$Pendulum Summons of your "Solfachord" Pendulum Monsters cannot be negated.$While you have an even Pendulum Scale in your Pendulum Zone, "Solfachord" Pendulum Monsters you control gain ATK equal to 100 x their own Pendulum Scale. If this card is Normal or Special Summoned: You can add 1 "Solfachord" Pendulum Monster from your Deck to your hand, except "DoSolfachord Cutia". You can only use this effect of "DoSolfachord Cutia" once per turn.$Supports archetypes /Solfachord$$Activates upon Normal Summon/Activates upon Special Summon/Adds from Deck to hand$Pendulum Effect /Continuous-like/Monster Effect/Trigger/Condition/Continuous$
92610868$ReSolfachord Dreamia$Unlimited$WIND$[Fairy/Pendulum/Effect]$$$$7$2$600$400$$$Pendulum Summons of your "Solfachord" Pendulum Monsters cannot be negated.$While you have an odd Pendulum Scale in your Pendulum Zone, if a "Solfachord" Pendulum Monster Card(s) you control would be destroyed by your opponent's card effect, you can destroy this card instead of 1 of those cards. If you control a "Solfachord" card in your Pendulum Zone: You can Special Summon this card from your hand. You can only use this effect of "ReSolfachord Dreamia" once per turn.$Pendulum Monster$$Activates from your hand$Pendulum Effect /Continuous-like/Monster Effect/Ignition/Condition/Continuous$
28115467$MiSolfachord Eliteia$Unlimited$WATER$[Fairy/Pendulum/Effect]$$$$6$3$1100$400$$$Pendulum Summons of your "Solfachord" Pendulum Monsters cannot be negated.$While you have an even Pendulum Scale in your Pendulum Zone, you take no damage from battles involving your "Solfachord" Pendulum Monsters. If this card is Normal or Special Summoned: You can target 1 Spell/Trap your opponent controls; return it to the hand. You can only use this effect of "MiSolfachord Eliteia" once per turn.$Pendulum Monster$$Activates upon Normal Summon/Activates upon Special Summon/Returns from your opponent's field to your opponent's hand$Pendulum Effect /Continuous-like/Monster Effect/Trigger/Condition/Continuous$
54100561$FaSolfachord Fancia$Unlimited$FIRE$[Fairy/Pendulum/Effect]$$$$5$4$1600$400$$$Pendulum Summons of your "Solfachord" Pendulum Monsters cannot be negated.$While you have an odd Pendulum Scale in your Pendulum Zone, if your "Solfachord" Pendulum Monster would be destroyed by battle, you can destroy this card instead. During your Main Phase: You can add 1 "Solfachord" Pendulum Monster from your Deck to your Extra Deck face-up, except "FaSolfachord Fancia". You can only use this effect of "FaSolfachord Fancia" once per turn.$Supports archetypes /Solfachord$$Adds from Deck to Extra Deck$Pendulum Effect /Continuous-like/Monster Effect/Ignition/Condition/Continuous$
91598720$SolSolfachord Gracia$Unlimited$WATER$[Fairy/Pendulum/Effect]$$$$4$5$2100$1400$$$Your opponent cannot activate a Spell/Trap Card, or monster effect, when your "Solfachord" Pendulum Monster(s) is Pendulum Summoned.$While you have an even Pendulum Scale in your Pendulum Zone, if your "Solfachord" Pendulum Monster attacks, your opponent cannot activate monster effects until the end of the Damage Step. If this card is Normal or Special Summoned: You can add 1 "Solfachord" Spell/Trap from your Deck to your hand. You can only use this effect of "SolSolfachord Gracia" once per turn.$Pendulum Monster$$Activates upon Normal Summon/Activates upon Special Summon/Adds from Deck to hand$Pendulum Effect /Continuous-like/Monster Effect/Trigger/Condition/Continuous$
27993919$LaSolfachord Angelia$Unlimited$FIRE$[Fairy/Pendulum/Effect]$$$$3$6$2300$1400$$$Your opponent cannot activate a Spell/Trap Card, or monster effect, when your "Solfachord" Pendulum Monster(s) is Pendulum Summoned.$While you have an odd Pendulum Scale in your Pendulum Zone, if your "Solfachord" Pendulum Monster attacks, your opponent cannot activate Spell/Trap Cards or effects until the end of the Damage Step. During your Main Phase: You can Tribute 1 "Solfachord" Pendulum Monster (even if face-down), and if you do, Special Summon 1 "Solfachord" Pendulum Monster from your Deck whose Pendulum Scale is 2 higher or 2 lower than that monster, except "LaSolfachord Angelia". You can only use this effect of "LaSolfachord Angelia" once per turn.$Pendulum Monster$$Tributes for cost$Pendulum Effect /Continuous-like/Monster Effect/Ignition/Condition$
54387923$TiSolfachord Beautia$Unlimited$EARTH$[Fairy/Pendulum/Effect]$$$$2$7$2500$2400$$$Your opponent cannot activate a Spell/Trap Card, or monster effect, when your "Solfachord" Pendulum Monster(s) is Pendulum Summoned.$(Quick Effect): You can target 1 Effect Monster your opponent controls, or, if you have an even Pendulum Scale in your Pendulum Zone, you can target 1 face-up Spell/Trap your opponent controls; this turn, banish it when it leaves the field. You can only use this effect of "TiSolfachord Beautia" once per turn. Once per turn, at the start of the Damage Step, if this card battles a monster with an equal or higher ATK than the lowest Pendulum Scale in your Pendulum Zone x 300: Destroy that monster.$Pendulum Monster$$$Pendulum Effect /Continuous-like/Monster Effect/Quick/Condition/Trigger$
80776622$DoSolfachord Coolia$Unlimited$WIND$[Fairy/Pendulum/Effect]$$$$1$8$2700$2500$$$Your opponent cannot activate a Spell/Trap Card, or monster effect, when your "Solfachord" Pendulum Monster(s) is Pendulum Summoned.$You can Special Summon this card (from your hand) by Tributing 2 Pendulum Monsters. You can only use each of the following effects of "DoSolfachord Coolia" once per turn. You can target 1 face-up card your opponent controls, or up to 2 cards if you have an odd Pendulum Scale in your Pendulum Zone; negate its effects until the end of your opponent's turn. When an effect of a monster on the field is activated, with an equal or lower ATK than the highest Pendulum Scale in your Pendulum Zone x 300: You can destroy that monster.$Pendulum Monster$$$Pendulum Effect /Continuous-like/Monster Effect/Unclassified/Condition/Ignition/Quick$
27870337$Solfachord Elegance$Unlimited$SPELL$$$$$$$$$$$$Activate 1 of these effects;●Place 1 "Solfachord" Pendulum Monster from your Deck in your Pendulum Zone.●Add 1 "Solfachord" Pendulum Monster from your hand to your Extra Deck face-up, then, place 2 "Solfachord" Pendulum Monsters, 1 odd and 1 even Pendulum Scale, from your Deck in your Pendulum Zones.●Add 2 cards, 1 odd and 1 even Pendulum Scale, from your Pendulum Zones to the Extra Deck face-up, and if you do, draw 2 cards.You can only activate 1 "Solfachord Elegance" per turn.$Supports archetypes /Solfachord$$Adds from hand to Extra Deck/Places from Deck to Pendulum Zone/Returns from field to Extra Deck/You draw cards$Effect/Condition$
53265336$Solfachord Scale$Unlimited$SPELL$$$$$$$$$$$$You can apply any of the following effects, in sequence, based on the number of "Solfachord" Pendulum Monster Cards you control with different names.●3+: Return 1 card from your Pendulum Zone to the hand, and if you do, place 1 face-up "Solfachord" Pendulum Monster from your Extra Deck in your Pendulum Zone.●5+: Special Summon 1 "Solfachord" Pendulum Monster from your hand.●7+: Destroy all face-up cards your opponent controls.You can only activate 1 "Solfachord Scale" per turn.$Supports archetypes /Solfachord$$Places from Extra Deck to Pendulum Zone/Returns from your field to your hand$Effect/Condition$
29650040$Solfachord Harmonia$Unlimited$SPELL$$$$$$$$$Field$$$You can activate 1 of these effects;●Add 1 face-up "Solfachord" Pendulum Monster from your Extra Deck to your hand.●Increase the Pendulum Scale of 1 "Solfachord" card in your Pendulum Zone by its Level this turn.●If you control "Solfachord" Pendulum Monster Cards with at least 3 different even Pendulum Scales or at least 3 different odd Pendulum Scales, destroy 1 card your opponent controls.You can only use each effect of "Solfachord Harmonia" once per turn.$Supports archetypes /Solfachord$$Adds from Extra Deck to hand$Ignition-like$
56058749$Solfachord Musica$Unlimited$TRAP$$$$$$$$$$$$Activate 1 of these effects, based on the Pendulum Scales of "Solfachord" Pendulum Monster Cards you control;●Odd: Special Summon 1 face-up "Solfachord" Pendulum Monster with an odd Pendulum Scale from your Extra Deck.●Even: Special Summon 1 face-up "Solfachord" Pendulum Monster with an even Pendulum Scale from your Extra Deck.●Even and Odd: Target 1 card your opponent controls; destroy it.You can only activate 1 "Solfachord Musica" per turn.$Supports archetypes /Solfachord$$$Effect/Condition$
92043888$Solfachord Formal$Unlimited$TRAP$$$$$$$$$Counter$$$While you have a "Solfachord" card(s) in your Pendulum Zone, when your opponent activates a Spell/Trap Card, or monster effect: Shuffle 1 face-up Pendulum Monster from your Extra Deck into the Deck, then apply these effects.●Pendulum Monsters you control are unaffected by that effect.●Cards in your Pendulum Zone cannot be destroyed by that effect.●Cards in your Pendulum Zone cannot be banished by that effect.You can only activate 1 "Solfachord Formal" per turn.$Supports archetypes /Solfachord$$$Effect/Condition$
29537493$Ursarctic Mikpolar$Unlimited$WATER$[Beast/Effect]$$$$$7$700$2000$$$$During the Main Phase (Quick Effect): You can Tribute 1 other Level 7 or higher monster from your hand; Special Summon this card from your hand, also you cannot Special Summon for the rest of this turn, except monsters with a Level. If this card is Special Summoned: You can add 1 "Ursarctic" monster from your Deck to your hand, except "Ursarctic Mikpolar". You can only use each effect of "Ursarctic Mikpolar" once per turn.$Supports archetypes /Ursarctic$$Activates from your hand/Activates upon Special Summon/Adds from Deck to hand/Tributes for cost$Quick/Trigger/Condition$
55936191$Ursarctic Miktanus$Unlimited$WATER$[Beast/Effect]$$$$$7$700$1700$$$$During the Main Phase (Quick Effect): You can Tribute 1 other Level 7 or higher monster from your hand; Special Summon this card from your hand, also you cannot Special Summon for the rest of this turn, except monsters with a Level. If this card is Special Summoned: You can target 1 "Ursarctic" monster in your GY, except "Ursarctic Miktanus"; add it to your hand. You can only use each effect of "Ursarctic Miktanus" once per turn.$Supports archetypes /Ursarctic$$Activates from your hand/Activates upon Special Summon/Adds from Graveyard to hand/Tributes for cost$Quick/Trigger/Condition$
81321206$Ursarctic Mikbilis$Unlimited$WATER$[Beast/Effect]$$$$$7$700$1400$$$$During the Main Phase (Quick Effect): You can Tribute 1 other Level 7 or higher monster from your hand; Special Summon this card from your hand, also you cannot Special Summon for the rest of this turn, except monsters with a Level. If this card is Special Summoned: You can Special Summon 1 "Ursarctic" monster from your hand, except "Ursarctic Mikbilis". You can only use each effect of "Ursarctic Mikbilis" once per turn.$Supports archetypes /Ursarctic$$Activates from your hand/Activates upon Special Summon/Tributes for cost$Quick/Trigger/Condition$
28715905$Ursarctic Megapolar$Unlimited$WATER$[Beast-Warrior/Tuner/Effect]$$$$$8$2500$700$$$$During the Main Phase (Quick Effect): You can Tribute 1 other Level 7 or higher monster from your hand; Special Summon this card from your hand, also you cannot Special Summon for the rest of this turn, except monsters with a Level. If this card is Special Summoned while you control another "Ursarctic" monster: You can target 1 Spell/Trap your opponent controls; destroy it. You can only use each effect of "Ursarctic Megapolar" once per turn.$Supports archetypes /Ursarctic$$Activates from your hand/Activates upon Special Summon/Tributes for cost$Quick/Trigger/Condition$
54700519$Ursarctic Megatanus$Unlimited$WATER$[Beast-Warrior/Tuner/Effect]$$$$$8$2400$700$$$$During the Main Phase (Quick Effect): You can Tribute 1 other Level 7 or higher monster from your hand; Special Summon this card from your hand, also you cannot Special Summon for the rest of this turn, except monsters with a Level. If this card is Special Summoned while you control another "Ursarctic" monster: You can target 1 face-up monster your opponent controls; change it to face-down Defense Position. You can only use each effect of "Ursarctic Megatanus" once per turn.$Supports archetypes /Ursarctic$$Activates from your hand/Activates upon Special Summon/Tributes for cost/Flips monsters face-down$Quick/Trigger/Condition$
81108658$Ursarctic Megabilis$Unlimited$WATER$[Beast-Warrior/Tuner/Effect]$$$$$8$2800$700$$$$During the Main Phase (Quick Effect): You can Tribute 1 other Level 7 or higher monster from your hand; Special Summon this card from your hand, also you cannot Special Summon for the rest of this turn, except monsters with a Level. If this card is Special Summoned while you control another "Ursarctic" monster: You can target 1 card in your opponent's GY; banish it. You can only use each effect of "Ursarctic Megabilis" once per turn.$Supports archetypes /Ursarctic$$Activates from your hand/Activates upon Special Summon/Tributes for cost$Quick/Trigger/Condition$
27693363$Ursarctic Polari$Unlimited$WATER$[Beast/Synchro/Effect]$$$$$1$700$1000$$$$Cannot be Synchro Summoned. Must be Special Summoned (from your Extra Deck) by sending 2 monsters you control with a Level difference of 1 to the GY (1 Tuner and 1 non-Tuner). If this card is Special Summoned: You can activate 1 "Ursarctic Big Dipper" directly from your Deck. You can Tribute 1 Level 7 or higher monster; add to your hand, or Special Summon, 1 "Ursarctic" monster from your GY. You can only use each effect of "Ursarctic Polari" once per turn.$Supports archetypes /Ursarctic$$Activates upon Special Summon/Activates cards from your Deck/Adds from Graveyard to hand/Sends from field to Graveyard for cost/Tributes for cost$Summon/Trigger/Ignition/Condition$
53087962$Ursarctic Septentrion$Unlimited$WATER$[Beast-Warrior/Synchro/Effect]$$$$$7$3000$700$$$$Cannot be Synchro Summoned. Must be Special Summoned (from your Extra Deck) by sending 2 monsters you control with a Level difference of 7 to the GY (1 Level 8 or higher Tuner and 1 non-Tuner Synchro Monster). Negate the effects of face-up monsters without a Level that were Special Summoned from the Extra Deck. If your opponent Special Summons a monster(s) (except during the Damage Step): You can add 1 "Ursarctic" card from your Deck to your hand. You can only use this effect of "Ursarctic Septentrion" once per turn.$Supports archetypes /Ursarctic$$Activates upon Special Summon/Adds from Deck to hand/Sends from field to Graveyard for cost$Summon/Continuous/Trigger/Condition$
80086070$Ursarctic Grand Chariot$Unlimited$WATER$[Beast-Warrior/Synchro/Effect]$$$$$7$2700$700$$$$Cannot be Synchro Summoned. Must be Special Summoned (from your Extra Deck) by sending 2 monsters you control with a Level difference of 7 to the GY (1 Level 8 or higher Tuner and 1 non-Tuner Synchro Monster). If this card is Special Summoned: You can target up to 2 other cards on the field; destroy them. Once per turn, when a card or effect is activated that targets an "Ursarctic" card you control (Quick Effect): You can Tribute 1 monster from your hand or field; negate the activation.$Supports archetypes /Ursarctic$$Activates upon Special Summon/Tributes for cost/Sends from field to Graveyard for cost$Summon/Trigger/Quick$
16471775$Ursarctic Departure$Unlimited$SPELL$$$$$$$$$$$$Discard 1 card; add 2 "Ursarctic" monsters from your Deck to your hand. If you would Tribute a monster(s) to activate an "Ursarctic" monster's effect, except the turn this card was sent to the GY, you can banish this card from your GY instead. You can only use each effect of "Ursarctic Departure" once per turn.$Supports archetypes /Ursarctic$$Adds from Deck to hand/Changes cost/Discards for cost$Effect/Unclassified/Condition$
53865474$Ursarctic Slider$Unlimited$SPELL$$$$$$$$$Quick-Play$$$Target 1 of your "Ursarctic" monsters that is banished or in your GY; Special Summon it, but it cannot attack, also destroy it during the End Phase. For the rest of this turn after this card resolves, you cannot Special Summon, except monsters with a Level. You can only activate 1 "Ursarctic Slider" per turn.$Supports archetypes /Ursarctic$$$Effect/Condition$
89264428$Ursarctic Big Dipper$Unlimited$SPELL$$$$$$$$$Field$$$Once per turn, if your "Ursarctic" monster would Tribute a monster(s) to activate its effect, you can banish 1 Level 7 or higher "Ursarctic" monster from your GY instead. Each time a monster(s) is Special Summoned, place 1 counter on this card. Once per turn, if a monster(s) is Special Summoned and an "Ursarctic" Synchro Monster is on the field (except during the Damage Step): You can remove all counters from this card (min. 7), then target 1 monster your opponent controls; take control of it.$Supports archetypes /Ursarctic$$Activates upon Special Summon/Changes control/Changes cost$Continuous-like$
35758127$Ursarctic Quint Charge$Unlimited$TRAP$$$$$$$$$Continuous$$$Once per turn: You can pay 700 LP, then activate 1 of the following effects;●Add 1 "Ursarctic" monster from your GY to your hand.●Tribute 2 "Ursarctic" monsters (even if face-down), and if you do, Special Summon from your Extra Deck, 1 "Ursarctic" monster with a Level equal to the difference in Levels of those monsters, ignoring its Summoning conditions.When your "Ursarctic" Synchro Monster is destroyed by an opponent's attack: You can activate this effect; your opponent must shuffle cards into the Deck so the total number of cards in their field, hand, and GY is 7.$Supports archetypes /Ursarctic$$Activates if destroyed by battle/Adds from Graveyard to hand/Returns from your opponent's hand to your opponent's Deck/Returns from your opponent's field to your opponent's Deck/Returns from your opponent's Graveyard to your opponent's Deck/Tributes as an effect$Trigger-like/Quick-like$
72677437$Vennominon the King of Poisonous Snakes$Unlimited$DARK$[Reptile/Effect]$$$$$8$0$0$$$$Cannot be Special Summoned by another Effect Monster's effect. Unaffected by "Venom Swamp". Gains 500 ATK for each Reptile monster in your GY. When this card is destroyed by battle and sent to the GY: You can banish 1 other Reptile monster from your GY; Special Summon this card.$Reptile/Venom Swamp$$Activates from your Graveyard$Summon/Continuous/Trigger$
08062132$Vennominaga the Deity of Poisonous Snakes$Unlimited$DARK$[Reptile/Effect]$$$$$10$0$0$$$$Cannot be Normal Summoned/Set. Must be Special Summoned with "Rise of the Snake Deity" or by its own effect. Gains 500 ATK for each Reptile monster in your GY. Neither player can target this card with card effects, also it is unaffected by other cards and their effects. When this card is destroyed by battle and sent to the GY: You can banish 1 other Reptile monster from your GY; Special Summon this card. When this card inflicts battle damage to your opponent: Place 1 Hyper-Venom Counter on it. When the 3rd Hyper-Venom Counter is placed on this card, you win the Duel.$Rise of the Snake Deity/Reptile$$Activates if destroyed by battle/Activates from your Graveyard/Activates when it inflicts battle damage$Summon/Continuous/Trigger/Condition$
08400623$Evil Dragon Ananta$Unlimited$DARK$[Reptile/Effect]$$$$$8$?$?$$$$Cannot be Normal Summoned/Set. Must be Special Summoned by banishing all Reptile monsters you control and in your GY. This card's ATK/DEF become the number of monsters banished for its Special Summon x 600. Once per turn, during your End Phase: Target 1 card on the field; destroy that target.$Reptile$$$Summon/Continuous/Trigger$
67750322$Skull Meister$Unlimited$DARK$[Fiend/Effect]$$$$$4$1700$400$$$$When a card effect is activated in your opponent's GY (Quick Effect): You can send this card from your hand to the GY; negate that effect.$$$Sends itself from hand to Graveyard for cost$Quick$
55501446$Lightserpent$Unlimited$LIGHT$[Reptile/Effect]$$$$$3$1200$800$$$$If this card is sent from the hand to the GY: You can Special Summon this card from your GY. Cannot be used as Synchro Material.$$$Activates from your Graveyard$Trigger/Condition$
92746535$Luster Pendulum, the Dracoslayer$Limited(OCG)$LIGHT$[Dragon/Pendulum/Tuner/Effect]$$$$5$4$1850$0$$$Once per turn, if you have a card in your other Pendulum Zone: You can destroy that card, and if you do, add 1 card from your Deck to your hand, with the same name as that card.$Cannot Special Summon Fusion, Synchro, or Xyz Monsters using this card as material, except "Dracoslayer" monsters.$Supports archetypes /Dracoslayer$$Activates if other Pendulum Zone is occupied/Adds from Deck to hand$Pendulum Effect /Ignition-like/Monster Effect/Condition$
82385847$Dinowrestler Pankratops$Limited$EARTH$[Dinosaur/Effect]$$$$$7$2600$0$$$$If your opponent controls more monsters than you do, you can Special Summon this card (from your hand). You can only Special Summon "Dinowrestler Pankratops" once per turn this way. (Quick Effect): You can Tribute 1 "Dinowrestler" monster, then target 1 card your opponent controls; destroy it. You can only use this effect of "Dinowrestler Pankratops" once per turn.$Supports archetypes /Dinowrestler$$$Unclassified/Condition/Quick$
22638495$Dinoster Power, the Mighty Dracoslayer$Unlimited$WATER$[Dragon/Fusion/Effect]$$$$$8$2000$2950$$1 "Dracoslayer" Pendulum Monster + 1 Pendulum Monster$$Must first be Special Summoned (from your Extra Deck) by Tributing the above cards you control. Pendulum Monster Cards in your Monster Zones and Pendulum Zones cannot be destroyed by battle or your opponent's card effects. Once per turn: You can Special Summon 1 "Dracoslayer" Pendulum Monster from your hand or GY, but it cannot be used as a Fusion Material.$Supports archetypes /Dracoslayer$$Tributes Fusion Materials for Contact Fusion$Summon/Continuous/Ignition$
18239909$Ignister Prominence, the Blasting Dracoslayer$Unlimited$FIRE$[Dragon/Synchro/Effect]$$$$$8$2850$0$$1 Tuner + 1+ non-Tuner Pendulum Monsters$$Once per turn: You can target 1 Pendulum Monster on the field or 1 card in the Pendulum Zone; destroy it, and if you do, shuffle 1 card on the field into the Deck. Once per turn: You can Special Summon 1 "Dracoslayer" monster from your Deck in Defense Position, but it cannot be used as material for a Synchro Summon.$Supports archetypes /Dracoslayer$Pendulum Monster$Returns from field to Deck$Ignition$
11398059$King of the Feral Imps$Unlimited$DARK$[Reptile/Xyz/Effect]$$$4$$$2300$2000$$2 Level 4 monsters$$Once per turn: You can detach 1 material from this card; add 1 Reptile monster from your Deck to your hand.$Reptile$$Adds from Deck to hand$Ignition$
88722973$Majester Paladin, the Ascending Dracoslayer$Unlimited$WIND$[Dragon/Xyz/Effect]$$$4$$$1850$2000$$2 Level 4 Pendulum Monsters$$When this card is Xyz Summoned: You can add 1 Pendulum Monster from your Deck to your hand during the End Phase of this turn. Once per turn: You can detach 1 material from this card; Special Summon 1 face-up "Dracoslayer" Pendulum Monster from your Extra Deck, but it cannot be used as material for an Xyz Summon.$Supports archetypes /Dracoslayer$$Activates upon Xyz Summon/Adds from Deck to hand$Trigger/Ignition$
17189677$Snake Rain$Unlimited$SPELL$$$$$$$$$$$$Discard 1 card; send 4 Reptile monsters from your Deck to the GY.$Reptile$$Discards for cost/Sends from your Deck to your Graveyard$Cost/Effect$
38120068$Trade-In$Unlimited$SPELL$$$$$$$$$$$$Discard 1 Level 8 monster; draw 2 cards.$$$Discards for cost/You discard/You draw cards$Cost/Effect$
64973456$Viper's Rebirth$Unlimited$SPELL$$$$$$$$$$$$If all monsters in your GY are Reptile: Target 1 non-Tuner in your GY; Special Summon it, but destroy it during the End Phase of this turn.$Reptile$$$Activation requirement/Effect/Lingering$
42502956$Ayers Rock Sunrise$Unlimited$SPELL$$$$$$$$$$$$Target 1 Beast monster in your GY; Special Summon that target, and if you do, all face-up monsters your opponent currently controls lose 200 ATK for each Beast, Plant, and Winged Beast monster currently in your GY, until the end of this turn. You can only activate 1 "Ayers Rock Sunrise" per turn.$Beast/Plant/Winged Beast$$$Effect/Condition$
96598015$Pot of Riches$Unlimited$SPELL$$$$$$$$$$$$Shuffle 3 Pendulum Monsters into the Deck, from your GY and/or face-up from your Extra Deck, then draw 2 cards. You can only activate 1 "Pot of Riches" per turn. You cannot Special Summon the turn you activate this card, except by Pendulum Summon.$Pendulum Monster$$Returns from your Graveyard to your Deck/Returns from your Extra Deck to your Main Deck/You draw cards$Effect/Condition$
31222701$Wavering Eyes$Unlimited$SPELL$$$$$$$$$Quick-Play$$$Destroy as many cards in each player's Pendulum Zones as possible, then apply these effects, in sequence, depending on the number of cards destroyed by this effect.●1+: Inflict 500 damage to your opponent.●2+: You can add 1 Pendulum Monster from your Main Deck to your hand.●3+: You can banish 1 card on the field.●4: You can add 1 "Wavering Eyes" from your Deck to your hand.$Pendulum Monster$Pendulum Monster$Adds from Deck to hand/Adds copies of itself to hand$Effect$
76751255$Igknight Reload$Unlimited$SPELL$$$$$$$$$Quick-Play$$$Reveal any number of Pendulum Monsters from your hand and shuffle them into the Deck, then draw cards equal to the number of cards you shuffled into the Deck +1. For the rest of this turn after this card resolves, you cannot draw cards by card effects. You can only activate 1 "Igknight Reload" per turn.$Pendulum Monster$$Reveals your hand for effect/Returns from your hand to your Deck/You draw cards$Effect/Condition$
44584775$Damage = Reptile$Unlimited$TRAP$$$$$$$$$Continuous$$$Once per turn, when you take damage from a battle involving a Reptile monster: You can Special Summon 1 Reptile monster from your Deck with ATK less than or equal to the damage you took.$Reptile$$$Trigger-like$
16067089$Rise of the Snake Deity$Unlimited$TRAP$$$$$$$$$$$$When a face-up "Vennominon the King of Poisonous Snakes" you control is destroyed, except by battle: Special Summon 1 "Vennominaga the Deity of Poisonous Snakes" from your hand or Deck.$Vennominon the King of Poisonous Snakes/Vennominaga the Deity of Poisonous Snakes$$Activates if destroyed by card effect$Activation requirement/Effect$
93217231$Offering to the Snake Deity$Unlimited$TRAP$$$$$$$$$$$$Target 1 face-up Reptile monster you control and 2 cards your opponent controls; destroy all three targets.$Reptile$$$Effect$
