Passcode$Name$Status$Attribute$type$link$link_arrows$rank$pendulum_scale$level$attack$defense$spell_attribute$summoning_condition$pendulum_condition$card_text$card_supports$card_anti_supports$card_actions$effect_types$
10802915$Tour Guide From the Underworld$Unlimited$DARK$[Fiend/Effect]$$$$$3$1000$600$$$$When this card is Normal Summoned: You can Special Summon 1 Level 3 Fiend monster from your hand or Deck, but negate its effects, also it cannot be used as Synchro Material.$Fiend$$Activates upon Normal Summon$Trigger$
80117527$Number 11: Big Eye$Unlimited$DARK$[Spellcaster/Xyz/Effect]$$$7$$$2600$2000$$2 Level 7 monsters$$Once per turn: You can detach 1 material from this card, then target 1 monster your opponent controls; take control of that monster. This card cannot attack the turn this effect is activated.$$$Changes control$Ignition/Condition$
29616929$Traptrix Trap Hole Nightmare$Unlimited$TRAP$$$$$$$$$$$$When a monster that was Special Summoned this turn activates its effect on your opponent's field: Negate that effect, and if you do, destroy that card.$$$$Activation requirement/Effect$
91812341$Traptrix Myrmeleo$Unlimited$EARTH$[Insect/Effect]$$$$$4$1600$1200$$$$Unaffected by the effects of "Hole" Normal Traps. When this card is Normal Summoned: You can add 1 "Hole" Normal Trap from your Deck to your hand. If this card is Special Summoned: Target 1 Spell/Trap your opponent controls; destroy that target.$Supports archetypes /Hole/Trap Hole $Anti-supports archetypes /Hole/Trap Hole $Adds from Deck to hand$Continuous/Trigger$
99234526$White Dragon Wyverburster$Unlimited(OCG)$LIGHT$[Dragon/Effect]$$$$$4$1700$1800$$$$Cannot be Normal Summoned/Set. Must be Special Summoned (from your hand) by banishing 1 DARK monster from your GY. You can only Special Summon "White Dragon Wyverburster" once per turn this way. If this card is sent from the field to the GY: You can add 1 "Black Dragon Collapserpent" from your Deck to your hand.$DARK/Black Dragon Collapserpent$$Adds from Deck to hand$Summon/Condition/Trigger$
61901281$Black Dragon Collapserpent$Unlimited(OCG)$DARK$[Dragon/Effect]$$$$$4$1800$1700$$$$Cannot be Normal Summoned/Set. Must be Special Summoned (from your hand) by banishing 1 LIGHT monster from your GY. You can only Special Summon "Black Dragon Collapserpent" once per turn this way. If this card is sent from the field to the GY: You can add 1 "White Dragon Wyverburster" from your Deck to your hand.$LIGHT/White Dragon Wyverburster$$Adds from Deck to hand$Summon/Condition/Trigger$
03117804$Superheavy Samurai Big Benkei$Unlimited$EARTH$[Machine/Effect]$$$$$8$1000$3500$$$$When this card is Normal or Special Summoned: You can change its battle position. "Superheavy Samurai" monsters you control can attack while in face-up Defense Position. If they do, apply their DEF for damage calculation.$Supports archetypes /Superheavy Samurai$$Activates upon Normal Summon/Activates upon Special Summon/Changes battle positions$Trigger/Continuous$
03717252$Shaddoll Beast$Unlimited$DARK$[Spellcaster/Flip/Effect]$$$$$5$2200$1700$$$$FLIP: You can draw 2 cards, then discard 1 card.If this card is sent to the GY by a card effect: You can draw 1 card. You can only use 1 "Shaddoll Beast" effect per turn, and only once that turn.$$$Activates upon being flipped face-up/You draw cards/You discard/Discards for effect/Activates from your Graveyard$Flip/Trigger/Condition$
52639377$Underworld Fighter Balmung$Unlimited$DARK$[Warrior/Synchro/Effect]$$$$$4$2100$800$$1 Tuner + 1 or more non-Tuner monsters$$When this card is destroyed by a card effect and sent to the Graveyard: You can target 1 Level 4 or lower monster in your Graveyard, except this card; Special Summon that target.$$$Activates from your Graveyard$Trigger$
93568288$Number 80: Rhapsody in Berserk$Unlimited$DARK$[Fiend/Xyz/Effect]$$$4$$$0$1200$$2 Level 4 monsters$$You can target 1 face-up Xyz Monster you control; equip this monster you control to that target. It gains 1200 ATK. You can detach 1 Xyz Material from this card, then target 1 card in your opponent's Graveyard; banish that target. You can use this effect of "Number 80: Rhapsody in Berserk" up to twice per turn.$Xyz Monster$$Equips self from field$Ignition/Continuous-like/Condition$
79816536$Summoner's Art$Unlimited$SPELL$$$$$$$$$$$$Add 1 Level 5 or higher Normal Monster from your Deck to your hand.$Normal Monster$$Adds from Deck to hand$Effect$
73906480$Bujincarnation$Unlimited$SPELL$$$$$$$$$$$$If your opponent controls a monster and you control no monsters: Target 1 "Bujin" monster in your Graveyard and 1 of your banished "Bujin" monsters; Special Summon both targets. They cannot be used as Xyz Material for an Xyz Summon, except for the Xyz Summon of a Beast, Beast-Warrior, or Winged Beast-Type monster.$Supports archetypes /Bujin$$$Activation requirement/Effect/Condition$
51717541$Infernity Break$Unlimited$TRAP$$$$$$$$$$$$If you have no cards in your hand: Target 1 "Infernity" card in your Graveyard and 1 card your opponent controls; banish the first target, and if you do, destroy the second target.$Supports archetypes /Infernity$$$Activation requirement/Effect$
71746462$Sea Kamen$Unlimited$WATER$[Aqua/Normal]$$$$$4$1100$1300$$$$A merciless monster that tears opponents to shreds with razor-like claws.$$$$$
65623423$Gruesome Goo$Unlimited$WATER$[Aqua/Normal]$$$$$3$1300$700$$$$A slime boss that is definitely tougher than it looks.$$$$$
17968114$Amazon of the Seas$Unlimited$WATER$[Fish/Normal]$$$$$4$1300$1400$$$$A mermaid who serves as a herald to the Ocean Lord. She protects the sacred domain of Atlantis.$$$$$
36021814$King of the Skull Servants$Unlimited$DARK$[Zombie/Effect]$$$$$1$?$0$$$$The original ATK of this card is the combined number of "King of the Skull Servants" and "Skull Servant" in your GY x 1000. When this card is destroyed by battle and sent to the GY: You can banish 1 other "King of the Skull Servants" or 1 "Skull Servant" from your GY; Special Summon this card.$Skull Servant$$Activates from your Graveyard$Continuous/Trigger$
47084486$Vanity's Fiend$Unlimited$DARK$[Fiend/Effect]$$$$$6$2400$1200$$$$Cannot be Special Summoned. Neither player can Special Summon monsters.$$$$Summon/Continuous$
24857466$Van'Dalgyon the Dark Dragon Lord$Unlimited$DARK$[Dragon/Effect]$$$$$8$2800$2500$$$$If you negate the activation of an opponent's Spell/Trap Card(s), or opponent's monster effect(s), with a Counter Trap Card (except during the Damage Step): You can Special Summon this card from your hand. If Summoned this way, activate these effects and resolve in sequence, depending on the type of card(s) negated by that Counter Trap:●Spell: Inflict 1500 damage to your opponent.●Trap: Target 1 card your opponent controls; destroy that target.●Monster: Target 1 monster in your Graveyard; Special Summon it.$Counter Trap Card$$$Trigger$
05556499$Machina Fortress$Unlimited$EARTH$[Machine/Effect]$$$$$7$2500$1600$$$$You can discard Machine monster(s) whose total Levels equal 8 or more, then Special Summon this card (from your hand or GY). If this card is destroyed by battle and sent to the GY: Target 1 card your opponent controls; destroy that target. Before resolving an opponent's monster effect that targets this face-up card, look at your opponent's hand and discard 1 card from their hand.$Machine$Effect Monster$Activates from your hand/Activates from your Graveyard/Discards for cost/Activates if destroyed by battle/Reveals your opponent's hand/Your opponent discards$Unclassified/Trigger/Continuous$
80727036$Man-eating Black Shark$Unlimited$WATER$[Fish/Fusion]$$$$$5$2100$1300$$$$"Sea Kamen" + "Gruesome Goo" + "Amazon of the Seas"$$$$$
37164373$Madolche Queen Tiaramisu$Unlimited$EARTH$[Fairy/Xyz/Effect]$$$4$$$2200$2100$$2 Level 4 "Madolche" monsters$$Once per turn: You can detach 1 Xyz Material from this card, then target up to 2 "Madolche" cards in your Graveyard; shuffle those cards into the Deck, also, after that, shuffle cards your opponent controls into the Deck, up to the number of "Madolche" cards returned.$Supports archetypes /Madolche$$Returns from your Graveyard to your Deck/Returns from your opponent's field to your opponent's Deck$Ignition$
71044499$Nobleman of Crossout$Unlimited$SPELL$$$$$$$$$$$$Target 1 face-down monster on the field; destroy that target, and if you do, banish it, then, if it was a Flip monster, each player reveals their Main Deck, then banishes all cards from it with that monster's name.$$Flip monster$Reveals your Deck/Reveals your opponent's Deck$Effect$
69196160$Thunder Crash$Unlimited$SPELL$$$$$$$$$$$$Destroy all monsters you control, and if you do, inflict 300 damage to your opponent for each monster destroyed.$$$$Effect$
79844764$The Monarchs Stormforth$Unlimited$SPELL$$$$$$$$$Quick-Play$$$Once during this turn, if you would Tribute a monster for a Tribute Summon, you can Tribute 1 monster your opponent controls even though you do not control it. You can only activate 1 "The Monarchs Stormforth" per turn. During the turn you activate this card, you cannot Special Summon monsters from the Extra Deck.$$$Tributes opponent's monsters$Effect/Condition$
36468556$Ceasefire$Unlimited$TRAP$$$$$$$$$$$$If a face-down Defense Position monster or an Effect Monster is on the field: Change all face-down Defense Position monsters on the field to face-up Defense Position (Flip monsters' effects are not activated at this time), also inflict 500 damage to your opponent for each Effect Monster on the field.$$Flip monster$Flips monsters face-up$Activation requirement/Effect$
33950246$Royal Command$Unlimited$TRAP$$$$$$$$$Continuous$$$Flip monsters' effects cannot be activated, also their effects are negated.$$Flip monster$$Continuous-like$
58851034$Cursed Seal of the Forbidden Spell$Unlimited$TRAP$$$$$$$$$Counter$$$When a Spell Card is activated: Discard 1 Spell; negate the activation, and if you do, destroy it, and if you do that, your opponent cannot activate Spell Cards with that name for the rest of this Duel.$$$Discards for cost$Activation requirement/Cost/Effect$
