Passcode$Name$Status$Attribute$type$link$link_arrows$rank$pendulum_scale$level$attack$defense$spell_attribute$summoning_condition$pendulum_condition$card_text$card_supports$card_anti_supports$card_actions$effect_types$
74311226$Atlantean Dragoons$Unlimited$WATER$[Sea Serpent/Effect]$$$$$4$1800$0$$$$All your Level 3 or lower Sea Serpent monsters can attack directly. If this card is sent to the GY to activate a WATER monster's effect: Add 1 Sea Serpent monster from your Deck to your hand, except "Atlantean Dragoons".$WATER/Sea Serpent$$Activates from your Graveyard/Adds from Deck to hand$Continuous/Trigger$
28150174$Photon Papilloperative$Unlimited$LIGHT$[Warrior/Xyz/Effect]$$$4$$$2100$1800$$2 Level 4 monsters$$Once per turn: You can detach 1 Xyz Material from this card, then target 1 Defense Position monster on the field; change it to face-up Attack Position, and if you do, it loses 600 ATK.$$$Flips monsters face-up/Changes battle positions$Ignition$
25123082$Spellbook of Power$Unlimited$SPELL$$$$$$$$$$$$Target 1 Spellcaster monster you control; this turn, it gains 1000 ATK. And if it does, each time it destroys an opponent's monster by battle this turn: You can add 1 "Spellbook" Spell from your Deck to your hand. You can only activate 1 "Spellbook of Power" per turn.$Supports archetypes /Spellbook$$Activates when it destroys a monster by battle/Adds from Deck to hand$Effect/Trigger-like/Condition$
25206027$Interplanetarypurplythorny Dragon$Unlimited$DARK$[Dragon/Effect]$$$$$5$2200$1100$$$$If a monster you control is destroyed by battle or card effect and sent to the Graveyard: You can Special Summon this card from your hand.$$$Activates from your Graveyard$Trigger$
47030842$Geargiaccelerator$Unlimited$EARTH$[Machine/Effect]$$$$$4$1400$800$$$$If you control a "Geargia" monster, you can Special Summon this card (from your hand) in Defense Position. When this card is sent from the field to the Graveyard: You can target 1 "Geargia" monster in your Graveyard, except "Geargiaccelerator"; add that target to your hand.$Supports archetypes /Geargia$$Activates from your Graveyard/Adds from Graveyard to hand$Summon/Trigger$
37104630$Atlantean Heavy Infantry$Unlimited$WATER$[Sea Serpent/Effect]$$$$$2$0$1600$$$$During your Main Phase, you can Normal Summon 1 Level 4 or lower Sea Serpent-Type monster in addition to your Normal Summon/Set. (You can only gain this effect once per turn.) When this card is sent to the Graveyard to activate a WATER monster's effect: Target 1 face-up card your opponent controls; destroy that target.$WATER/Sea Serpent$$Activates from your Graveyard$Continuous/Trigger$
84650463$Slushy$Unlimited$WATER$[Aqua/Effect]$$$$$2$0$0$$$$When this card is Normal Summoned: You can send 1 "Slushy" from your Deck to the GY. If you have 3 copies of "Slushy" total, either banished and/or in your GY (combined): You can banish this card from your GY, then target 1 Level 5 or higher Sea Serpent monster in your GY; Special Summon that target. You can only use this effect of "Slushy" once per turn.$Sea Serpent$$Activates upon Normal Summon/Sends from Deck to Graveyard$Trigger/Ignition/Condition$
17475251$Brotherhood of the Fire Fist - Hawk$Unlimited$FIRE$[Beast-Warrior/Effect]$$$$$3$200$1500$$$$If this card in its owner's possession is destroyed by an opponent's card (either by battle or by card effect): You can Set 1 "Fire Formation" Spell Card directly from your Deck. While you control a "Fire Formation" Spell/Trap Card, all "Fire Fist" monsters you control gain 500 ATK and DEF.$Supports archetypes /Fire Formation/Fire Fist$$Activates from your Graveyard/Sets from your Deck$Trigger/Continuous$
44860890$Brotherhood of the Fire Fist - Raven$Unlimited$FIRE$[Beast-Warrior/Effect]$$$$$3$200$1800$$$$If this card is sent from the field to the GY: You can Set 1 "Fire Formation" Spell directly from your Deck. "Fire Formation" Spells/Traps you control cannot be destroyed by your opponent's card effects.$Supports archetypes /Fire Formation$$Activates from your Graveyard/Sets from your Deck$Trigger/Continuous$
75782277$Harpies' Hunting Ground$Unlimited$SPELL$$$$$$$$$Field$$$All Winged Beast monsters gain 200 ATK/DEF. If any "Harpie Lady" or "Harpie Lady Sisters" is Normal or Special Summoned: The player who conducted the Summon targets 1 Spell/Trap on the field; that player destroys that target.$Harpie Lady/Harpie Lady Sisters/Winged Beast$$$Continuous-like/Trigger-like$
33846209$Gemini Spark$Unlimited$SPELL$$$$$$$$$Quick-Play$$$Tribute 1 face-up Level 4 Gemini monster, then target 1 card on the field; destroy it, and if you do, draw 1 card.$Gemini monster$$Tributes for cost/You draw cards$Cost/Effect$
06540606$Spiritual Water Art - Aoi$Unlimited$TRAP$$$$$$$$$$$$Tribute 1 WATER monster; look at your opponent's hand, then send 1 card from their hand to the GY.$WATER$$Tributes for cost/Reveals your opponent's hand/Sends from your opponent's hand to your opponent's Graveyard$Cost/Effect$
59616123$Trap Stun$Unlimited$TRAP$$$$$$$$$$$$Negate all other Trap effects on the field this turn.$$$$Effect$
$Sky Scout (Updated from: Harpie's Brother)$$WIND$[Winged Beast/Normal]$$$$$4$1800$600$$$$With eyes like a hawk and a flying speed exceeding Mach 5, this monster is a master of the sky.$$$$$
03370104$Cyber Phoenix$Unlimited$FIRE$[Machine/Effect]$$$$$4$1200$1600$$$$While this card is in Attack Position, negate any Spell/Trap effects that target 1 Machine monster you control (and no other cards). When this card is destroyed by battle and sent to the GY: You can draw 1 card.$Machine$$Activates from your Graveyard/You draw cards$Continuous/Trigger$
47297616$Light and Darkness Dragon$Unlimited$LIGHT$[Dragon/Effect]$$$$$8$2800$2400$$$$Cannot be Special Summoned. While face-up on the field, this card is also DARK-Attribute. Once per Chain, during either player's turn, when a Spell Card, Trap Card, or monster effect is activated: This card loses exactly 500 ATK and DEF and that activation is negated. When this card is destroyed and sent to the Graveyard: Target 1 monster in your Graveyard (if possible); destroy all cards you control, also Special Summon that monster (if any).$$$Activates from your Graveyard$Summon/Continuous/Quick/Trigger$
26732909$Justice of Prophecy$Unlimited$EARTH$[Spellcaster/Effect]$$$$$3$1600$800$$$$During your End Phase, if you have activated a "Spellbook" Spell Card previously this turn: You can banish this card from the field; add both 1 Level 5 or higher LIGHT or DARK Spellcaster-Type monster and 1 "Spellbook" Spell Card from your Deck to your hand. You can only use the effect of "Justice of Prophecy" once per turn.$Supports archetypes /Spellbook$$Adds from Deck to hand$Trigger$
06840573$Barox$Unlimited$DARK$[Fiend/Fusion]$$$$$5$1380$1530$$$$"Frenzied Panda" + "Ryu-Kishin"$$$$$
67169062$Pot of Avarice$Unlimited$SPELL$$$$$$$$$$$$Target 5 monsters in your GY; shuffle all 5 into the Deck, then draw 2 cards.$$$Returns from your Graveyard to your Deck/You draw cards$Effect$
01845204$Instant Fusion$Limited$SPELL$$$$$$$$$$$$Pay 1000 LP; Special Summon 1 Level 5 or lower Fusion Monster from your Extra Deck, but it cannot attack, also it is destroyed during the End Phase. (This is treated as a Fusion Summon.) You can only activate 1 "Instant Fusion" per turn.$Fusion Monster$$$Cost/Effect/Condition$
99995595$Recycling Batteries$Unlimited$SPELL$$$$$$$$$$$$Target 2 Thunder-Type monsters with 1500 or less ATK in your Graveyard; add those targets to your hand.$Thunder$$Adds from Graveyard to hand$Effect$
31828916$Machina Armored Unit$Unlimited$SPELL$$$$$$$$$Continuous$$$Once per turn, when a Machine monster is destroyed by battle and sent to your GY: You can Special Summon 1 Machine monster from your Deck that has the same Attribute and less ATK than that destroyed monster in the GY.$Machine$$Activates if destroyed by battle$Trigger-like$
09354555$Photon Veil$Unlimited$SPELL$$$$$$$$$$$$Shuffle 3 LIGHT monsters from your hand into the Deck, then add 1 to 3 Level 4 or lower LIGHT monsters from your Deck to your hand. If you add 2 or more monsters, they must have the same name.$LIGHT$$Returns from your hand to your Deck/Adds from Deck to hand$Effect/Condition$
77778835$Hysteric Party$Unlimited$TRAP$$$$$$$$$Continuous$$$Activate this card by discarding 1 card; Special Summon as many copies of "Harpie Lady" as possible from your GY. When this face-up card leaves the field, destroy those monsters.$Harpie Lady$$Activates from your Graveyard$Cost/Effect/Continuous-like$
14342283$Token Stampede$Unlimited$TRAP$$$$$$$$$Continuous$$$All Tokens in Attack Position gain 1000 ATK, also they cannot be destroyed by battle.$Monster Token$$$Continuous-like$
