Passcode$Name$Status$Attribute$type$link$link_arrows$rank$pendulum_scale$level$attack$defense$spell_attribute$summoning_condition$pendulum_condition$card_text$card_supports$card_anti_supports$card_actions$effect_types$
32339440$Bujin Yamato$Unlimited$LIGHT$[Beast-Warrior/Effect]$$$$$4$1800$200$$$$Once per turn, during your End Phase: You can add 1 "Bujin" monster from your Deck to your hand, then send 1 card from your hand to the Graveyard. You can only control 1 "Bujin Yamato".$Supports archetypes /Bujin$$Adds from Deck to hand/Sends from your hand to your Graveyard$Trigger/Unclassified$
12014404$Gagaga Cowboy$Unlimited$EARTH$[Warrior/Xyz/Effect]$$$4$$$1500$2400$$2 Level 4 monsters$$Once per turn: You can detach 1 Xyz Material from this card; apply this effect, depending on this card's current battle position.●Attack Position: If this card attacks an opponent's monster this turn, it gains 1000 ATK, also the opponent's monster loses 500 ATK, during the Damage Step only.●Defense Position: Inflict 800 damage to your opponent.$$$$Ignition$
98645731$Pot of Duality$Unlimited$SPELL$$$$$$$$$$$$Excavate the top 3 cards of your Deck, add 1 of them to your hand, also, after that, shuffle the rest back into your Deck. You can only activate 1 "Pot of Duality" per turn. You cannot Special Summon during the turn you activate this card.$$$Excavates from the player's Deck/Adds from Deck to hand/Adds excavated cards to the hand/Shuffles excavated cards into the Deck$Effect/Condition$
85087012$Card Trooper$Unlimited$EARTH$[Machine/Effect]$$$$$3$400$400$$$$Once per turn: You can choose a number from 1 to 3, then send that many cards from the top of your Deck to the GY; this card gains 500 ATK for each card sent to the GY this way, until the end of this turn. If this card you control is destroyed and sent to your GY: Draw 1 card.$$$Sends from the top of your Deck to your Graveyard for cost/Activates if destroyed by battle/Activates if destroyed by card effect/Activates from your Graveyard/You draw cards$Ignition/Trigger$
83725008$Jenis, Lightsworn Mender$Unlimited$LIGHT$[Spellcaster/Effect]$$$$$4$300$2100$$$$During the End Phase, if a card(s) was sent from your Deck to the Graveyard by the effect of a "Lightsworn" card this turn: Inflict 500 damage to your opponent, and if you do, gain 500 LP.$Supports archetypes /Lightsworn$$$Trigger$
73428497$Geargiarsenal$Unlimited$EARTH$[Machine/Effect]$$$$$4$1500$500$$$$This card gains 200 ATK for each "Geargia" monster you control. You can Tribute this card; Special Summon 1 "Geargia" monster from your Deck in Defense Position, except "Geargiarsenal".$Supports archetypes /Geargia$$Tributes itself for cost$Continuous/Ignition$
58471134$Mermail Abysspike$Unlimited$WATER$[Fish/Effect]$$$$$4$1600$800$$$$When this card is Normal or Special Summoned: You can discard 1 WATER monster to the Graveyard; add 1 Level 3 WATER monster from your Deck to your hand. You can only use this effect of "Mermail Abysspike" once per turn.$WATER$$Activates upon Normal Summon/Activates upon Special Summon/Discards for cost/Adds from Deck to hand$Trigger/Condition$
24610207$Star Drawing$Unlimited$EARTH$[Spellcaster/Effect]$$$$$4$1600$1000$$$$If this card is used for an Xyz Summon, you can treat it as a Level 5 monster. An Xyz Monster that was Summoned using this card on the field as material gains this effect.●If it is Xyz Summoned: Draw 1 card.$Xyz Monster$$Grants effect as Xyz Material/Activates upon Xyz Summon/You draw cards$Unclassified/Trigger$
05818294$Bujingi Turtle$Unlimited$LIGHT$[Beast/Effect]$$$$$4$1700$1200$$$$During either player's turn, when a card or effect is activated that targets a "Bujin" monster you control (except during the Damage Step): You can banish this card from your Graveyard; negate that effect.$Supports archetypes /Bujin$$$Quick$
46052429$Advanced Ritual Art$Unlimited$SPELL$$$$$$$$$Ritual$$$This card is used to Ritual Summon any 1 Ritual Monster. You must also send Normal Monsters from your Deck to the GY whose total Levels equal the Level of that Ritual Monster.$Ritual Monster/Normal Monster$$Sends from Deck to Graveyard$Effect$
94886282$Charge of the Light Brigade$Unlimited$SPELL$$$$$$$$$$$$Send the top 3 cards of your Deck to the Graveyard; add 1 Level 4 or lower "Lightsworn" monster from your Deck to your hand.$Supports archetypes /Lightsworn$$Sends from the top of your Deck to your Graveyard for cost/Adds from Deck to hand$Cost/Effect$
71272951$Overworked$Unlimited$TRAP$$$$$$$$$$$$Destroy each monster whose ATK is higher than its original ATK.$$$$Effect$
45178472$Full House$Unlimited$TRAP$$$$$$$$$$$$Target 2 other face-up Spell/Trap Cards and 3 Set Spell/Trap Cards, on the field; destroy them.$$$$Effect$
87564352$Blackland Fire Dragon$Unlimited$DARK$[Dragon/Normal]$$$$$4$1500$800$$$$A dragon that dwells in the depths of darkness, its vulnerability lies in its poor eyesight.$$$$$
66457407$Copy Plant$Unlimited$WIND$[Plant/Tuner/Effect]$$$$$1$0$0$$$$Once per turn: You can target 1 other Plant-Type monster on the field that has a Level; this card's Level becomes that monster's current Level, until the end of this turn.$Plant$$$Ignition$
20450925$Hanewata$Unlimited$LIGHT$[Fairy/Tuner/Effect]$$$$$1$200$300$$$$(Quick Effect): You can discard this card; you take no effect damage this turn.$$$Activates from your hand/Discards itself for cost$Quick$
38815069$Rinyan, Lightsworn Rogue$Unlimited$LIGHT$[Beast/Effect]$$$$$2$100$100$$$$FLIP: Target 1 "Lightsworn" monster in your Graveyard; shuffle that target into your Deck, then draw 1 card.$Supports archetypes /Lightsworn$$Returns from your Graveyard to your Deck/You draw cards$Flip$
32355828$Skelgon$Unlimited$DARK$[Zombie/Fusion]$$$$$6$1700$1900$$$$"The Snake Hair" + "Blackland Fire Dragon"$$$$$
45500495$Queen of Thorns$Unlimited$LIGHT$[Plant/Synchro/Effect]$$$$$6$2200$1800$$1 Tuner + 1 or more non-Tuner Plant-Type monsters$$Each player must pay 1000 LP for each monster Normal or Special Summoned from their hand, except for Plant-Type monsters.$Plant$$Pays Life Points for cost$Continuous$
00770365$Empress of Prophecy$Unlimited$LIGHT$[Spellcaster/Xyz/Effect]$$$5$$$2000$1700$$2 Level 5 Spellcaster-Type monsters$$This card gains 300 ATK for each Xyz Material attached to a monster you control. Once per turn: You can detach 1 Xyz Material from this card; shuffle your Deck, then excavate the top 5 cards of your Deck, destroy monsters on the field up to the number of "Spellbook" cards excavated, also, after that, place the excavated cards on the top of the Deck in any order.$Supports archetypes /Spellbook$$Changes your Deck order/Excavates from the player's Deck/Places excavated cards on the top of the Deck/Places cards from your Deck on the top of the Deck$Continuous/Ignition$
68005187$Soul Exchange$Unlimited$SPELL$$$$$$$$$$$$Target 1 monster your opponent controls; this turn, if you Tribute a monster, you must Tribute that target, as if you controlled it. You cannot conduct your Battle Phase the turn you activate this card.$$$Tributes opponent's monsters/Cannot conduct Battle Phase$Effect/Condition$
14087893$Book of Moon$Unlimited$SPELL$$$$$$$$$Quick-Play$$$Target 1 face-up monster on the field; change that target to face-down Defense Position.$$$Flips monsters face-down/Changes battle positions$Effect$
30502181$Lightsworn Sabre$Unlimited$SPELL$$$$$$$$$Equip$$$Equip only to a "Lightsworn" monster. It gains 700 ATK. When this card is sent from your Deck to the Graveyard: You can target 1 "Lightsworn" monster you control; equip this card to that target.$Supports archetypes /Lightsworn$$Activates from your Graveyard/Equips self from Graveyard$Condition/Continuous-like/Trigger-like$
69112325$Spiritual Forest$Unlimited$SPELL$$$$$$$$$Continuous$$$The first time each Beast, Beast-Warrior, or Plant monster you control would be destroyed by battle each turn, it is not destroyed.$Plant/Beast/Beast-Warrior$$$Continuous-like$
20822520$Spellbook Library of the Heliosphere$Unlimited$SPELL$$$$$$$$$$$$If you have 5 or more "Spellbook" Spell Cards in your Graveyard: Excavate the top 2 cards of your Deck, add any excavated "Spellbook" Spell Cards to your hand, also shuffle the other cards into the Deck. You can only activate 1 "Spellbook Library of the Heliosphere" per turn. You cannot activate any Spell Cards the turn you activate this card, except "Spellbook" Spell Cards.$Supports archetypes /Spellbook$$Excavates from the player's Deck/Adds excavated cards to the hand/Adds from Deck to hand/Shuffles excavated cards into the Deck$Activation requirement/Effect/Condition$
05479217$Jurrac Impact$Unlimited$TRAP$$$$$$$$$$$$If you control a Dinosaur-Type monster with 2500 or more ATK: Destroy all cards on the field.$Dinosaur$$$Activation requirement/Effect$
