Passcode$Name$Status$Attribute$type$link$link_arrows$rank$pendulum_scale$level$attack$defense$spell_attribute$summoning_condition$pendulum_condition$card_text$card_supports$card_anti_supports$card_actions$effect_types$
15341821$Dandylion$Forbidden(OCG)$EARTH$[Plant/Effect]$$$$$3$300$300$$$$If this card is sent to the Graveyard: Special Summon 2 "Fluff Tokens" (Plant-Type/WIND/Level 1/ATK 0/DEF 0) in Defense Position. These Tokens cannot be Tributed for a Tribute Summon during the turn they are Special Summoned.$$$Activates from your Graveyard$Trigger/Condition$
23434538$Maxx "C"$Unlimited(OCG)$EARTH$[Insect/Effect]$$$$$2$500$200$$$$During either player's turn: You can send this card from your hand to the Graveyard; this turn, each time your opponent Special Summons a monster(s), immediately draw 1 card. You can only use 1 "Maxx "C"" per turn.$$$Sends itself from hand to Graveyard for cost/You draw cards$Quick/Condition$
47355498$Necrovalley$Unlimited$SPELL$$$$$$$$$Field$$$All "Gravekeeper's" monsters gain 500 ATK/DEF. Cards in the GY cannot be banished. Negate any card effect that would move a card in the GY to a different place. Negate any card effect that changes Types or Attributes in the GY.$Supports archetypes /Gravekeeper's$$$Continuous-like$
02009101$Blackwing - Gale the Whirlwind$Unlimited$DARK$[Winged Beast/Tuner/Effect]$$$$$3$1300$400$$$$If you control a "Blackwing" monster other than "Blackwing - Gale the Whirlwind", you can Special Summon this card (from your hand). Once per turn: You can target 1 face-up monster your opponent controls; that target's ATK and DEF become half its current ATK and DEF.$Supports archetypes /Blackwing$$$Summon/Ignition$
85215458$Blackwing - Kalut the Moon Shadow$Unlimited$DARK$[Winged Beast/Effect]$$$$$3$1400$1000$$$$During either player's Damage Step, when a "Blackwing" monster you control is attacking or being attacked: You can send this card from your hand to the Graveyard; that monster gains 1400 ATK until the end of this turn.$Supports archetypes /Blackwing$$Sends itself from hand to Graveyard for cost$Quick$
02980764$Consecrated Light$Unlimited$LIGHT$[Fairy/Effect]$$$$$1$0$0$$$$Neither player can Normal or Special Summon DARK monsters or declare an attack with a DARK monster. This card cannot be destroyed by battle with a DARK monster, also you take no battle damage from that battle.$$DARK$$Continuous$
18964575$Swift Scarecrow$Unlimited$EARTH$[Machine/Effect]$$$$$1$0$0$$$$When an opponent's monster declares a direct attack (Quick Effect): You can discard this card; negate the attack, then end the Battle Phase.$$$Activates from your hand/Activates upon attack declaration/Discards itself for cost/Ends the Battle Phase$Quick$
80321197$Crimson Blader$Unlimited$FIRE$[Warrior/Synchro/Effect]$$$$$8$2800$2600$$1 Tuner + 1 or more non-Tuner monsters$$If this card destroys an opponent's monster by battle and sends it to the Graveyard: Your opponent cannot Normal or Special Summon Level 5 or higher monsters during their next turn.$$$$Trigger$
63851864$Break! Draw!$Unlimited$SPELL$$$$$$$$$Equip$$$Equip only to a Machine monster. If the equipped monster destroys an opponent's monster by battle and sends it to the GY: Draw 1 card. Destroy this card during your 3rd End Phase after activation.$Machine$$You draw cards$Condition/Trigger-like$
88616795$Spellbook of Wisdom$Unlimited$SPELL$$$$$$$$$Quick-Play$$$Target 1 Spellcaster monster on the field, then activate 1 of these effects;●That face-up monster is unaffected by other Spell effects this turn.●That face-up monster is unaffected by Trap effects this turn.$Spellcaster$$$Effect$
61592395$Spellbook of Eternity$Unlimited$SPELL$$$$$$$$$$$$Target 1 of your banished "Spellbook" Spell Cards, except "Spellbook of Eternity"; add that target to your hand. You can only activate 1 "Spellbook of Eternity" per turn.$Supports archetypes /Spellbook$$Adds banished cards to the hand$Effect/Condition$
10719350$Fire Formation - Tensu$Unlimited$SPELL$$$$$$$$$Continuous$$$During your Main Phase, you can Normal Summon 1 Beast-Warrior monster in addition to your Normal Summon/Set. (You can only gain this effect once per turn.) All Beast-Warrior monsters you control gain 100 ATK.$Beast-Warrior$$$Continuous-like$
73599290$Soul Drain$Unlimited$TRAP$$$$$$$$$Continuous$$$Activate by paying 1000 LP. Monsters that are banished, as well as monsters in the GY, cannot activate their effects.$$$$Cost/Continuous-like$
92944626$Wings of Wicked Flame$Unlimited$FIRE$[Pyro/Normal]$$$$$2$700$600$$$$Crimson wings of fire make this a very lethal creature.$$$$$
33508719$Morphing Jar #2$Limited$EARTH$[Rock/Effect]$$$$$3$800$700$$$$FLIP: Shuffle all monsters on the field into the Deck. Then, each player excavates cards from the top of their Deck, until they excavate the same number of monsters they shuffled into their Main Deck. Special Summon all excavated Level 4 or lower monsters in face-down Defense Position, also send the remaining cards to the Graveyard.$$$Discards for effect/You draw cards/Your opponent draws cards$Flip$
32362575$Magical Merchant$Unlimited$LIGHT$[Insect/Flip/Effect]$$$$$1$200$700$$$$FLIP: Excavate cards from the top of your Deck until you excavate a Spell/Trap, then add that card to your hand, also send the remaining cards to the GY.$$$Excavates from the player's Deck/Adds excavated cards to the hand/Adds from Deck to hand/Sends excavated cards to the Graveyard/Sends from the top of your Deck to your Graveyard$Flip$
48686504$Lonefire Blossom$Unlimited$FIRE$[Plant/Effect]$$$$$3$500$1400$$$$Once per turn: You can Tribute 1 face-up Plant monster; Special Summon 1 Plant monster from your Deck.$Plant$$Tributes for cost$Ignition$
42009836$Fossil Dyna Pachycephalo$Unlimited$EARTH$[Rock/Effect]$$$$$4$1200$1300$$$$If this card is flipped face-up: Destroy all Special Summoned monsters on the field. Neither player can Special Summon monsters.$$Special Summon$$Trigger/Continuous$
11819616$Tytannial, Princess of Camellias$Unlimited$WIND$[Plant/Effect]$$$$$8$2800$2600$$$$When a card or effect is activated that targets a card(s) on the field (Quick Effect): You can Tribute 1 face-up Plant monster; negate the activation, and if you do, destroy it.$Plant$$Tributes for cost$Quick$
19139516$Scrap Beast$Unlimited$EARTH$[Beast/Tuner/Effect]$$$$$4$1600$1300$$$$If this face-up Defense Position card is targeted for an attack, at the end of the Battle Phase: Destroy this card. If this card is destroyed by the effect of a "Scrap" card and sent to the Graveyard: You can target 1 "Scrap" monster in your Graveyard, except "Scrap Beast"; add that target to your hand.$Supports archetypes /Scrap$Anti-supports archetypes /Scrap$Activates from your Graveyard/Adds from Graveyard to hand$Trigger$
18631392$Ma'at$Unlimited$LIGHT$[Fairy/Effect]$$$$$10$?$?$$$$Cannot be Normal Summoned/Set. Must be Special Summoned (from your hand) by sending 1 LIGHT Dragon-Type monster and 1 LIGHT Fairy-Type monster you control to the Graveyard, and cannot be Special Summoned by other ways. Once per turn: You can declare 3 card names; excavate the top 3 cards of your Deck, add any of them that you named to your hand, also send the remaining cards to the Graveyard. This card's ATK and DEF each become equal to the number of cards added to your hand by this effect x 1000.$LIGHT/Dragon/Fairy$$Sends from field to Graveyard for cost/Declares a card name/Excavates from the player's Deck/Adds excavated cards to the hand/Adds from Deck to hand/Sends excavated cards to the Graveyard/Sends from the top of your Deck to your Graveyard$Summon/Ignition$
59036972$Mavelus$Unlimited$WIND$[Winged Beast/Fusion]$$$$$4$1300$900$$$$"Tyhone" + "Wings of Wicked Flame"$$$$$
58577036$Reasoning$Unlimited(OCG)$SPELL$$$$$$$$$$$$Your opponent declares a monster Level from 1 to 12. Excavate cards from the top of your Deck until you excavate a monster that can be Normal Summoned/Set, then, if that monster is the same Level as the one declared by your opponent, send all excavated cards to the GY. If not, Special Summon the excavated monster, also send the remaining cards to the GY.$$$Declares a Level/Excavates from the player's Deck/Sends excavated cards to the Graveyard/Sends from your Deck to your Graveyard$Effect$
22796548$Archfiend's Oath$Unlimited$SPELL$$$$$$$$$Continuous$$$Once per turn: You can pay 500 LP, then declare 1 card name; excavate the top card of your Deck, and if it is the declared card, add it to your hand. Otherwise, send it to the GY.$$$Declares a card name/Excavates from the player's Deck/Adds excavated cards to the hand/Adds from Deck to hand/Sends excavated cards to the Graveyard/Sends from the top of your Deck to your Graveyard$Ignition-like$
71645242$Black Garden$Unlimited$SPELL$$$$$$$$$Field$$$If a monster(s) is Normal or Special Summoned face-up, except by the effect of "Black Garden": Halve its ATK, then, the controller of that monster Special Summons 1 "Rose Token" (Plant/DARK/Level 2/ATK 800/DEF 800) to their opponent's field in Attack Position. (This ATK loss remains even if this card leaves the field.) You can target 1 monster in your GY with ATK equal to the total ATK of all Plant monsters on the field; destroy this card and as many Plant monsters on the field as possible, then, if you destroyed all of them, Special Summon that targeted monster.$Plant$Plant$Activates upon Normal Summon/Activates upon Special Summon$Trigger-like/Ignition-like$
48445393$Scrapstorm$Unlimited$SPELL$$$$$$$$$Quick-Play$$$Target 1 "Scrap" monster you control; send 1 "Scrap" monster from your Deck to the Graveyard, then draw 1 card, then destroy that monster.$Supports archetypes /Scrap$$Sends from your Deck to your Graveyard/You draw cards$Effect$
