Passcode$Name$Status$Attribute$type$link$link_arrows$rank$pendulum_scale$level$attack$defense$spell_attribute$summoning_condition$pendulum_condition$card_text$card_supports$card_anti_supports$card_actions$effect_types$
00706925$Atlantean Marksman$Unlimited$WATER$[Sea Serpent/Effect]$$$$$3$1400$0$$$$When this card inflicts Battle Damage to your opponent: You can Special Summon 1 Level 4 or lower "Atlantean" Sea Serpent-Type monster from your Deck, except "Atlantean Marksman". When this card is sent to the Graveyard to activate a WATER monster's effect: Target 1 Set card your opponent controls; destroy that target.$Supports archetypes /Atlantean$$Activates when it inflicts battle damage/Activates from your Graveyard$Trigger$
25341652$Maestroke the Symphony Djinn$Unlimited$DARK$[Fiend/Xyz/Effect]$$$4$$$1800$2300$$2 Level 4 monsters$$Once per turn: You can detach 1 Xyz Material from this card, then target 1 face-up Attack Position monster your opponent controls; change it to face-down Defense Position. If a "Djinn" Xyz Monster you control would be destroyed, you can detach 1 Xyz Material from that monster instead.$Supports archetypes /Djinn$$Flips monsters face-down/Detaches Xyz Materials for effect$Ignition/Continuous$
57103969$Fire Formation - Tenki$Semi-Limited$SPELL$$$$$$$$$Continuous$$$When this card is activated: You can add 1 Level 4 or lower Beast-Warrior monster from your Deck to your hand. All Beast-Warrior monsters you control gain 100 ATK. You can only activate 1 "Fire Formation - Tenki" per turn.$Beast-Warrior$$Adds from Deck to hand$Effect/Continuous-like/Condition$
98358303$Serene Psychic Witch$Unlimited$EARTH$[Psychic/Effect]$$$$$3$1400$1200$$$$When this card on the field is destroyed and sent to the Graveyard: You can banish 1 Psychic-Type monster with 2000 or less ATK from your Deck. During the next Standby Phase, if this card stays in the Graveyard: Special Summon the monster banished by this card's effect.$Psychic$$Activates from your Graveyard$Trigger$
69293721$Mermail Abyssgunde$Unlimited$WATER$[Aqua/Effect]$$$$$3$1400$1400$$$$If this card is discarded to the Graveyard: You can target 1 "Mermail" monster in your Graveyard, except "Mermail Abyssgunde"; Special Summon that target. You can only use the effect of "Mermail Abyssgunde" once per turn.$Supports archetypes /Mermail$$Activates from your Graveyard$Trigger/Condition$
32919136$Falling Down$Unlimited$SPELL$$$$$$$$$Equip$$$Activate this card by targeting an opponent's monster; equip this card to it. Take control of it. Destroy this card unless you control an "Archfiend" card. During each of your opponent's Standby Phases: You take 800 damage.$Supports archetypes /Archfiend$$Takes control of equipped$Effect/Continuous-like/Trigger-like$
44887817$Miracle Fertilizer$Unlimited$SPELL$$$$$$$$$Continuous$$$Once per turn: You can target 1 Plant monster in your GY; Special Summon that target. You cannot Normal Summon/Set during the turn you Special Summon with this effect (even if this card leaves the field). If a monster Special Summoned by this effect leaves the field, destroy this card.$Plant$$$Ignition-like/Condition/Continuous-like$
14745409$Noble Arms - Gallatin$Unlimited$SPELL$$$$$$$$$Equip$$$You can only control 1 "Noble Arms - Gallatin". Equip only to a Warrior-Type monster. It gains 1000 ATK. During each of your Standby Phases, it loses 200 ATK. If this face-up card on the field is destroyed and sent to the Graveyard: You can target 1 Warrior-Type "Noble Knight" monster you control; equip this card to that target. You can only use this effect of "Noble Arms - Gallatin" once per turn.$Supports archetypes /Noble Knight$$Activates from your Graveyard/Equips self from Graveyard$Condition/Continuous-like/Trigger-like$
40230018$Spellbook Library of the Crescent$Unlimited$SPELL$$$$$$$$$$$$If you have no "Spellbook" Spell Cards in your Graveyard: Reveal 3 "Spellbook" Spell Cards with different names from your Deck, your opponent randomly adds 1 of them to your hand, and shuffle the rest back into your Deck. You can only activate 1 "Spellbook Library of the Crescent" per turn. You cannot activate any Spell Cards the turn you activate this card, except "Spellbook" Spell Cards.$Supports archetypes /Spellbook$$Reveals cards from your Deck/Adds from Deck to hand$Activation requirement/Effect/Condition$
83438826$Noble Arms - Arfeudutyr$Unlimited$SPELL$$$$$$$$$Equip$$$You can only control 1 "Noble Arms - Arfeudutyr". Equip only to a Warrior-Type monster. Once per turn: You can target 1 Set card your opponent controls; the equipped monster loses exactly 500 ATK, and if it does, destroy that target. (This ATK loss remains even if this card leaves the field or the monster becomes unaffected by card effects.) If this face-up card on the field is destroyed and sent to the Graveyard: You can target 1 Warrior-Type "Noble Knight" monster you control; equip this card to that target. You can only use this effect of "Noble Arms - Arfeudutyr" once per turn.$Supports archetypes /Noble Knight$$Activates from your Graveyard/Equips self from Graveyard$Condition/Ignition-like/Trigger-like$
56321639$Spellbook Star Hall$Unlimited$SPELL$$$$$$$$$Continuous$$$Each time a "Spellbook" Spell Card is activated, place 1 Spell Counter on this card. All Spellcaster-Type monsters you control gain 100 ATK for each Spell Counter on this card. When this card with Spell Counter(s) is destroyed and sent to the Graveyard: You can add 1 Spellcaster-Type monster from your Deck to your hand, whose Level is less than or equal to the number of Spell Counters that were on this card.$Supports archetypes /Spellbook$$Activates if destroyed by card effect/Activates from your Graveyard/Adds from Deck to hand$Continuous-like/Trigger-like$
91078716$Pollinosis$Unlimited$TRAP$$$$$$$$$Counter$$$When a monster(s) would be Normal or Special Summoned, OR a Spell/Trap Card is activated: Tribute 1 Plant monster; negate the Summon or activation, and if you do, destroy that card.$Plant$$Tributes for cost$Activation requirement/Cost/Effect$
02779999$Wall of Thorns$Unlimited$TRAP$$$$$$$$$$$$When a Plant-Type monster you control is targeted for an attack: Destroy all Attack Position monsters your opponent controls.$Plant$$$Activation requirement/Effect$
22026707$Curtain of the Dark Ones$Unlimited$DARK$[Spellcaster/Normal]$$$$$2$600$500$$$$A curtain that a spellcaster made, it is said to raise a dark power.$$$$$
41855169$Jowgen the Spiritualist$Unlimited$LIGHT$[Spellcaster/Effect]$$$$$3$200$1300$$$$You can discard 1 random card from your hand to the GY; destroy all Special Summoned monsters on the field. Neither player can Special Summon monsters.$$Special Summon$Discards for cost$Ignition/Continuous$
15383415$Swarm of Scarabs$Unlimited$DARK$[Insect/Effect]$$$$$3$500$1000$$$$Once per turn: You can change this card to face-down Defense Position. If this card is Flip Summoned: Target 1 monster your opponent controls; destroy that target.$$$Flips itself face-down/Changes battle positions/Activates upon Flip Summon$Ignition/Trigger$
41872150$Swarm of Locusts$Unlimited$DARK$[Insect/Effect]$$$$$3$1000$500$$$$Once per turn: You can change this card to face-down Defense Position. If this card is Flip Summoned: Target 1 Spell/Trap your opponent controls; destroy that target.$$$Flips itself face-down/Changes battle positions/Activates upon Flip Summon$Ignition/Trigger$
02326738$Des Lacooda$Unlimited$EARTH$[Zombie/Effect]$$$$$3$500$600$$$$Once per turn: You can change this card to face-down Defense Position. If this card is Flip Summoned: Draw 1 card.$$$Flips itself face-down/Changes battle positions/Activates upon Flip Summon/You draw cards$Ignition/Trigger$
52248570$Imprisoned Queen Archfiend$Unlimited$DARK$[Fiend/Effect]$$$$$8$2600$1700$$$$During each of your Standby Phases, you must pay 1000 Life Points (this is not optional), or this card is destroyed. During your Standby Phase: Target 1 Level 4 or lower Fiend-Type monster on the field; that target gains 1000 ATK until the End Phase. "Pandemonium" must be on the field and this card must be in your Graveyard to activate and to resolve this effect.$Pandemonium/Fiend$$$Maintenance cost/Trigger/Condition$
36352429$Vampire Dragon$Unlimited$DARK$[Zombie/Effect]$$$$$5$2400$0$$$$When this Tribute Summoned card is sent from the field to the Graveyard: You can add 1 Level 4 or lower monster from your Deck to your hand.$$$Activates from your Graveyard/Adds from Deck to hand$Trigger$
41544074$Kamionwizard$Unlimited$DARK$[Spellcaster/Fusion]$$$$$4$1300$1100$$$$"Mystical Elf" + "Curtain of the Dark Ones"$$$$$
08730435$Gladiator Beast's Battle Archfiend Shield$Unlimited$SPELL$$$$$$$$$Equip$$$Equip only to a "Gladiator Beast" monster. If the equipped monster would be destroyed, destroy this card instead. When this card is sent to your Graveyard because the equipped monster you controlled was shuffled into your Deck: Return this card to your hand.$Supports archetypes /Gladiator Beast$$Returns itself from Graveyard to hand$Condition/Continuous-like/Trigger-like$
01149109$Deck Lockdown$Unlimited$SPELL$$$$$$$$$Continuous$$$Neither player can add cards from the Deck to their hand except by drawing them. Monsters cannot be Special Summoned from the Main Deck. Destroy this card during your 2nd Standby Phase after activation.$$$Prevents adding cards from Deck to hand$Continuous-like/Condition$
28529976$Super Solar Nutrient$Unlimited$SPELL$$$$$$$$$Continuous$$$Activate this card by Tributing 1 Level 2 or lower Plant-Type monster; Special Summon 1 Plant-Type monster from your hand or Deck whose Level is less than or equal to the Level the Tributed monster had on the field +3. When this card leaves the field, destroy that monster. When that monster leaves the field, destroy this card.$Plant$$Tributes for cost$Cost/Effect/Continuous-like$
56246017$Archfiend's Roar$Unlimited$TRAP$$$$$$$$$$$$Pay 500 Life Points, then target 1 "Archfiend" monster in your Graveyard; Special Summon that target. It cannot be Tributed. Destroy it during the End Phase of this turn.$Supports archetypes /Archfiend$$Cannot be Tributed$Cost/Effect/Condition$
52417194$Heavy Slump$Unlimited$TRAP$$$$$$$$$$$$If your opponent has 8 or more cards in their hand: They shuffle their entire hand into the Deck, then draw 2 cards.$$$Returns from your opponent's hand to your opponent's Deck/Your opponent draws cards$Activation requirement/Effect$
