Passcode$Name$Status$Attribute$type$link$link_arrows$rank$pendulum_scale$level$attack$defense$spell_attribute$summoning_condition$pendulum_condition$card_text$card_supports$card_anti_supports$card_actions$effect_types$
83347294$Odd-Eyes Lancer Dragon$Unlimited$LIGHT$[Dragon/Effect]$$$$$8$3000$2000$$$$If a Pendulum Monster you control is destroyed by battle or card effect: You can Tribute 1 monster; Special Summon this card from your hand. If this card attacks, your opponent cannot activate any Spell/Trap Cards until the end of the Damage Step. If an "Odd-Eyes" card(s) you control would be destroyed by battle or card effect, you can destroy 1 "Odd-Eyes" card in your hand, Monster Zone, or Pendulum Zone instead.$Supports archetypes /Odd-Eyes$$Activates from your hand/Activates if destroyed by battle/Activates if destroyed by card effect/Tributes for cost$Trigger/Continuous$
10731333$Performapal Odd-Eyes Minitaurus$Unlimited$DARK$[Beast-Warrior/Pendulum/Effect]$$$$6$4$1200$1600$$$If your "Performapal" or "Odd-Eyes" monster attacks a Defense Position monster, inflict piercing battle damage to your opponent.$During damage calculation, if your Pendulum Monster attacks an opponent's monster: You can make that opponent's monster lose 100 ATK for each "Performapal" and "Odd-Eyes" card you control, during damage calculation only.$Supports archetypes /Odd-Eyes/Performapal$$$Pendulum Effect /Continuous-like/Monster Effect/Trigger$
46136942$Performapal Odd-Eyes Dissolver$Unlimited$DARK$[Spellcaster/Pendulum/Effect]$$$$4$8$2000$2600$$$Once per turn, during your Main Phase: You can Fusion Summon 1 Dragon Fusion Monster from your Extra Deck, using monsters from your hand or field as Fusion Material.$At the start of the Damage Step, if your Pendulum Monster battles an opponent's monster: You can Special Summon this card from your hand, and if you do, your monster cannot be destroyed by that battle. You can only use this effect of "Performapal Odd-Eyes Dissolver" once per turn. During your Main Phase: You can Fusion Summon 1 Fusion Monster from your Extra Deck, using monsters from your hand, field, and/or Pendulum Zones, including this card.$Dragon/Fusion Monster/Pendulum Monster$$Uses cards on the player's field as Fusion Materials/Uses Spell Cards as Fusion Materials/Uses itself as a Fusion Material$Pendulum Effect /Ignition-like/Monster Effect/Trigger/Condition/Ignition$
82224646$Performapal Odd-Eyes Synchron$Unlimited$DARK$[Spellcaster/Pendulum/Tuner/Effect]$$$$6$2$200$600$$$Once per turn: You can target 1 "Performapal" or "Odd-Eyes" monster you control; this turn, that face-up monster is treated as a Tuner, also its Level becomes 1 (even if this card leaves the field).$If this card, Special Summoned from the Extra Deck, is used as Synchro Material, banish it. When this card is Normal Summoned: You can target 1 Level 3 or lower "Performapal" or "Odd-Eyes" monster in your GY; Special Summon it, but it has its effects negated. Once per turn: You can target 1 card in your Pendulum Zone; Special Summon it, but it has its effects negated (if any), and if you do, immediately after this effect resolves, Synchro Summon 1 Synchro Monster using only that monster and this card.$Supports archetypes /Odd-Eyes/Performapal$$Activates upon Normal Summon/Uses itself as a Synchro Material$Pendulum Effect /Ignition-like/Monster Effect/Condition/Trigger/Ignition$
19619755$Performapal Five-Rainbow Magician$Unlimited$LIGHT$[Spellcaster/Pendulum/Effect]$$$$12$1$100$100$$$You cannot Pendulum Summon, except from the Extra Deck. This effect cannot be negated. Each player applies 1 of these effects based on the number of Set cards in their Spell & Trap Zones.●0: All monsters they control cannot attack or activate their effects.●4 or more: The ATK of all monsters they control become double their original ATK.$If either player Sets a Spell/Trap on your field while this card is in your GY (except during the Damage Step): You can place this card in your Pendulum Zone.$$$Effect that cannot be negated/Activates from your Graveyard/Goes to Pendulum Zone$Pendulum Effect /Continuous-like/Condition/Monster Effect/Trigger$
45014450$Odd-Eyes Venom Dragon$Unlimited$DARK$[Dragon/Fusion/Pendulum/Effect]$$$$1$10$3300$2500$$1 "Starving Venom" monster + 1 "Odd-Eyes" monster$Once per turn: You can target 1 Fusion Monster you control; it gains 1000 ATK for each monster your opponent controls, until the end of this turn.$Must be Fusion Summoned, and can then be Pendulum Summoned. Once per turn: You can target 1 face-up monster your opponent controls; until the End Phase, this card gains ATK equal to its ATK, and if it does, this card's name becomes that monster's original name, and replace this effect with that monster's original effects. If this card in the Monster Zone is destroyed: You can Special Summon 1 monster from your Pendulum Zone, and if you do, place this card in your Pendulum Zone.$Supports archetypes /Odd-Eyes/Starving Venom$$Activates if destroyed by battle/Activates if destroyed by card effect/Goes to Pendulum Zone$Pendulum Effect /Ignition-like/Monster Effect/Summon/Ignition/Trigger$
72402069$D/D/D Super Doom King Bright Armageddon$Unlimited$DARK$[Fiend/Synchro/Pendulum/Effect]$$$$1$10$3500$3000$$1 "D/D" Tuner + 1+ non-Tuner "D/D/D" monsters$Once per turn, when an opponent's monster declares an attack: You can target 1 "D/D/D" Synchro Monster you control; destroy as many monsters your opponent controls as possible with DEF less than or equal to the targeted monster's ATK, and if you do, inflict 1000 damage to your opponent for each monster destroyed.$Your opponent cannot target monsters you control with card effects. If another monster is Normal or Special Summoned while this monster is on the field (except during the Damage Step): You can make your opponent choose 1 Pendulum Monster they control, and all other monsters they currently control have their effects negated. If this card in the Monster Zone is destroyed: You can place this card in your Pendulum Zone.$Supports archetypes /D/D/D/D/D$$Activates upon attack declaration/Activates upon Normal Summon/Activates upon Special Summon/Activates from your Extra Deck/Activates if destroyed by battle/Activates if destroyed by card effect/Goes to Pendulum Zone$Pendulum Effect /Trigger-like/Monster Effect/Continuous/Trigger$
18897163$D/D/D Super Doom King Dark Armageddon$Unlimited$DARK$[Fiend/Xyz/Pendulum/Effect]$$$8$1$$3500$3000$$2 Level 8 "D/D/D" monsters$Once per turn, if you have a "D/D" card in your other Pendulum Zone: You can Special Summon 1 "D/D/D" Xyz Monster from your Extra Deck, except "D/D/D Super Doom King Dark Armageddon".$Cannot be Pendulum Summoned. When this card is Xyz Summoned: You can attach 1 face-up "D/D" Pendulum Monster from your Extra Deck to this card as material. Pendulum Monsters you control cannot be destroyed by card effects. Once per turn: You can detach 1 material from this card, then target monsters your opponent controls, equal to the number of Pendulum Monsters you control; destroy them. If this card in the Monster Zone is destroyed: You can place this card in your Pendulum Zone.$Supports archetypes /D/D/D/D/D$$Activates upon Xyz Summon/Attaches from your Extra Deck as Xyz Material/Activates if destroyed by battle/Activates if destroyed by card effect/Goes to Pendulum Zone$Pendulum Effect /Ignition-like/Monster Effect/Summon/Trigger/Continuous/Ignition$
44891812$Superheavy Samurai Helper$Unlimited$EARTH$[Machine/Effect]$$$$$1$0$0$$$$During damage calculation, if your Defense Position monster battles an opponent's monster while you have no Spells/Traps in your GY (Quick Effect): You can discard this card, then target 1 "Superheavy Samurai" monster you control other than the battling monster; your battling monster gains DEF equal to that monster's DEF, during that damage calculation only. When an opponent's monster declares a direct attack: You can banish this card from your GY, then target 1 "Superheavy Samurai" monster in your GY; Special Summon it.$Supports archetypes /Superheavy Samurai$$Discards itself for cost$Quick/Trigger$
71386411$Superheavy Samurai Fist$Unlimited$EARTH$[Machine/Tuner/Effect]$$$$$2$900$900$$$$During your Battle Phase, if your "Superheavy Samurai" monster destroyed an opponent's monster by battle this Battle Phase, you can (Quick Effect): Immediately after this effect resolves, Synchro Summon 1 Synchro Monster, using materials you control, including this card. If you have no Spells/Traps in your GY: You can target 1 "Superheavy Samurai" Synchro Monster you control; reduce its Level by 1, and if you do, Special Summon this card from your GY, also you cannot Special Summon monsters for the rest of this turn, except "Superheavy Samurai" monsters. You can only use each effect of "Superheavy Samurai Fist" once per turn.$Supports archetypes /Superheavy Samurai$$Uses itself as a Synchro Material$Quick/Trigger/Condition$
17775525$Superheavy Samurai Steam Train King$Unlimited$EARTH$[Machine/Synchro/Effect]$$$$$12$2000$4800$$1 "Superheavy Samurai" Tuner + 2+ non-Tuner "Superheavy Samurai" monsters$$This card can attack while in face-up Defense Position. If it does, apply its DEF for damage calculation. Once per turn: You can discard up to 2 cards, then target that many cards your opponent controls; destroy them. Once per turn: You can banish all Spells and Traps from the GYs, and if you do, inflict 200 damage to your opponent for each card banished.$Supports archetypes /Superheavy Samurai$$Discards for cost$Continuous/Ignition$
44179224$Abyss Actor - Curtain Raiser$Unlimited$DARK$[Fiend/Pendulum/Effect]$$$$7$4$1100$1000$$$If you control no monsters: You can Special Summon this card from your Pendulum Zone. You can only use this effect of "Abyss Actor - Curtain Raiser" once per Duel.$Gains 1100 ATK if you control no other monsters. Once per turn: You can send 1 "Abyss Script" Spell from your Deck to the GY; add 1 face-up "Abyss Actor" Pendulum Monster from your Extra Deck to your hand.$Supports archetypes /Abyss Actor/Abyss Script$$Sends from your Deck to your Graveyard/Adds from Extra Deck to hand$Pendulum Effect /Ignition-like/Condition/Monster Effect/Continuous/Ignition$
70564929$Abyss Script - Abysstainment$Unlimited$SPELL$$$$$$$$$Continuous$$$You can Tribute 1 "Abyss Actor" monster, then target 1 "Abyss Script" Spell in your GY; Set it to your field. You can use this effect of "Abyss Script - Abysstainment" up to twice per turn. If this Set card in its owner's control is destroyed by an opponent's card effect, and you have a face-up "Abyss Actor" Pendulum Monster in your Extra Deck: You can Special Summon any number of "Abyss Actor" Pendulum Monsters from your Deck.$Supports archetypes /Abyss Actor/Abyss Script$$Tributes for cost/Sets from your Graveyard/Activates if destroyed while Set/Activates from your Graveyard$Ignition-like/Condition/Trigger-like$
06552938$Raidraptor - Rudder Strix$Unlimited$DARK$[Winged Beast/Effect]$$$$$4$0$1600$$$$If this card is Special Summoned from the hand by the effect of a "Raidraptor" card, or Normal Summoned: You can inflict 600 damage to your opponent. When an opponent's monster declares an attack that targets this card: You can Special Summon up to 2 "Raidraptor" monsters from your hand, and if you do, monsters your opponent controls cannot target those monsters for attacks this turn.$Supports archetypes /Raidraptor$$Activates upon Normal Summon/Activates upon Special Summon$Trigger$
43047672$Raidraptor - Final Fortress Falcon$Unlimited$DARK$[Winged Beast/Xyz/Effect]$$$12$$$3800$2800$$3 Level 12 monsters$$If this card has a "Raidraptor" Xyz Monster as Xyz Material, it is unaffected by other cards' effects. Once per turn: You can detach 1 material from this card; return all your banished "Raidraptor" monsters to your GY. Up to twice per turn, when this attacking card destroys a monster by battle: You can banish 1 "Raidraptor" Xyz Monster from your GY; this card can attack again in a row.$Supports archetypes /Raidraptor$$Applies effects if specific Xyz Material is attached/Returns the player's banished cards to the Graveyard$Continuous/Ignition/Trigger$
79441381$Twilight Ninja Jogen$Unlimited$DARK$[Warrior/Pendulum/Effect]$$$$1$7$2000$1000$$$If your "Ninja" monster attacks a Defense Position monster, inflict piercing battle damage to your opponent.$You can reveal 1 "Ninjitsu Art" card in your hand; Special Summon this card from your hand. If this card attacks a Defense Position monster, inflict piercing battle damage.$Supports archetypes /Ninja/Ninjitsu Art$$Reveals your hand for cost$Pendulum Effect /Continuous-like/Monster Effect/Ignition/Continuous$
06830480$Twilight Ninja Kagen$Unlimited$DARK$[Warrior/Pendulum/Effect]$$$$10$1$0$2000$$$You cannot Pendulum Summon monsters, except "Ninja" monsters. This effect cannot be negated. Once per turn, when your "Ninja" monster declares an attack: You can make that monster gain 1000 ATK until the end of the Damage Step (even if this card leaves the field).$You can Tribute this card, then target 1 "Ninja" monster you control; it gains 800 ATK until the end of this turn.$Supports archetypes /Ninja$$Effect that cannot be negated/Activates upon attack declaration/Tributes itself for cost$Pendulum Effect /Continuous-like/Condition/Trigger-like/Monster Effect/Ignition$
32825095$White Moray$Unlimited$WATER$[Fish/Effect]$$$$$2$600$200$$$$During the turn you Normal Summoned this card, it can attack your opponent directly. If this card is Special Summoned from the GY: You can treat it as a Tuner this turn.$$$Activates upon Special Summon$Unclassified/Trigger$
78229193$White Aura Dolphin$Unlimited$WATER$[Fish/Synchro/Effect]$$$$$6$2400$1000$$1 Tuner + 1+ non-Tuner monsters$$Once per turn: You can target 1 face-up monster your opponent controls; its ATK becomes half its original ATK until the end of this turn. If this card you control is destroyed by an opponent's card (by battle or card effect) and sent to your GY: You can banish 1 other WATER monster from your GY; Special Summon this card, and if you do, it is treated as a Tuner.$WATER$$Activates from your Graveyard$Ignition/Trigger$
05614808$White Aura Whale$Unlimited$WATER$[Fish/Synchro/Effect]$$$$$8$2800$2000$$1 WATER Tuner + 1+ non-Tuner WATER monsters$$When this card is Synchro Summoned: You can destroy all your opponent's Attack Position monsters. This card can make up to 2 attacks on monsters during each Battle Phase. If this card attacks a Defense Position monster, inflict piercing battle damage. If this card you control is destroyed by an opponent's card (by battle or card effect) and sent to your GY: You can banish 1 other WATER monster from your GY; Special Summon this card, and if you do, it is treated as a Tuner.$WATER$$Activates upon Synchro Summon/Activates from your Graveyard$Trigger/Continuous$
67385964$Gladiator Beast Noxious$Unlimited$DARK$[Beast-Warrior/Effect]$$$$$5$0$1000$$$$When an opponent's monster declares a direct attack: You can Special Summon this card from your hand, and if you do, change the attack target to this card, and proceed to damage calculation. This card cannot be destroyed by that battle. If this card is Special Summoned by the effect of a "Gladiator Beast" monster: You can send 1 "Gladiator Beast" monster from your Deck to the GY. At the end of the Battle Phase, if this card battled: You can shuffle it into the Deck; Special Summon 1 "Gladiator Beast" monster from your Deck, except "Gladiator Beast Noxious".$Supports archetypes /Gladiator Beast$$Activates upon Special Summon/Sends from your Deck to your Graveyard/Returns itself from field to Deck for cost$Trigger$
03779662$Gladiator Beast Andabata$Unlimited$DARK$[Beast-Warrior/Fusion/Effect]$$$$$8$1000$2800$$"Gladiator Beast Augustus" + 2 "Gladiator Beast" monsters$$Must first be Special Summoned (from your Extra Deck) by shuffling the above cards you control into the Deck. (You do not use "Polymerization".) If Summoned this way: You can Special Summon 1 Level 7 or lower "Gladiator Beast" Fusion Monster from your Extra Deck, ignoring its Summoning conditions. At the end of the Battle Phase, if this card battled: You can return it to the Extra Deck; Special Summon 2 "Gladiator Beast" monsters from your Deck.$Supports archetypes /Gladiator Beast$$Returns Fusion Materials for Contact Fusion to Deck/Activates upon Special Summon/Returns itself from field to Extra Deck for cost$Summon/Trigger$
30864377$Gladiator Beast Tamer Editor$Unlimited$DARK$[Beast-Warrior/Fusion/Effect]$$$$$8$2400$3000$$2 Level 5 or higher "Gladiator Beast" monsters$$Must first be Special Summoned (from your Extra Deck) by shuffling the above cards you control into the Deck. (You do not use "Polymerization".) Cannot be used as Fusion Material. Once per turn: You can Special Summon 1 "Gladiator Beast" Fusion Monster from your Extra Deck, except "Gladiator Beast Tamer Editor", ignoring its Summoning conditions. At the end of the Battle Phase, if your "Gladiator Beast" monster battled: You can shuffle that monster into the Deck or Extra Deck; Special Summon 1 "Gladiator Beast" monster from your Deck.$Supports archetypes /Gladiator Beast$$Returns Fusion Materials for Contact Fusion to Deck/Returns from field to Deck for cost/Returns from field to Extra Deck for cost$Summon/Condition/Ignition/Trigger$
66262416$Destiny HERO - Dreamer$Unlimited$DARK$[Warrior/Effect]$$$$$1$0$600$$$$During damage calculation, if your "Destiny HERO" monster battles and this card is in your GY: You can Special Summon this card, and if you do, your monster cannot be destroyed by that battle, also you take no battle damage from that battle. If Summoned this way, banish this card when it leaves the field. You can only use this effect of "Destiny HERO - Dreamer" once per turn.$Supports archetypes /Destiny HERO$$Activates from your Graveyard$Trigger/Lingering/Condition$
93657021$Destiny HERO - Dusktopia$Unlimited$DARK$[Warrior/Fusion/Effect]$$$$$10$3000$3000$$1 "Destiny HERO" Fusion Monster + 1 "Destiny HERO" monster$$If this card is Fusion Summoned: You can Fusion Summon 1 Fusion Monster from your Extra Deck, using monsters from your hand or field as Fusion Material. Once per turn (Quick Effect): You can target 1 monster on the field; make it unable to be destroyed by battle or card effects, and if you do, neither player takes any battle damage from attacks involving that monster (these effects last until the end of this turn).$Supports archetypes /Destiny HERO$$Activates upon Fusion Summon/Uses cards in the hand as Fusion Materials/Uses cards on the player's field as Fusion Materials$Trigger/Quick$
82697428$Vision HERO Witch Raider$Unlimited$DARK$[Warrior/Effect]$$$$$8$2700$1900$$$$To Tribute Summon this card face-up, you can Tribute Trap(s) you control, as well as monsters. When this card is Normal Summoned: You can destroy all Spells and Traps your opponent controls. You cannot Special Summon monsters during the turn you activate this effect, except "HERO" monsters.$Supports archetypes /HERO$$Activates upon Normal Summon$Summon/Trigger/Condition$
80280944$Giant Rex$Unlimited$EARTH$[Dinosaur/Effect]$$$$$4$2000$1200$$$$Cannot attack directly. If this card is banished: You can Special Summon this card, and if you do, this card gains 200 ATK for each of your banished Dinosaur monsters. You can only use this effect of "Giant Rex" once per turn.$Dinosaur$$Activates while banished$Continuous/Trigger/Condition$
38179121$Double Evolution Pill$Unlimited$SPELL$$$$$$$$$$$$Banish 1 Dinosaur monster and 1 non-Dinosaur monster from your hand and/or GY; Special Summon 1 Level 7 or higher Dinosaur monster from your hand or Deck, ignoring its Summoning conditions. You can only activate 1 "Double Evolution Pill" per turn.$Dinosaur$$$Cost/Effect/Condition$
39041729$Spacetime Transcendence$Unlimited$SPELL$$$$$$$$$$$$Banish 2 or more Dinosaur monsters from your GY; Special Summon 1 Dinosaur monster from your hand or GY whose Level equals the total Levels of those banished monsters, but it cannot attack this turn.$Dinosaur$$$Cost/Effect$
65430834$Jurassic Impact$Unlimited$TRAP$$$$$$$$$$$$If you control 2 or more Dinosaur monsters and your LP is lower than your opponent's: Destroy as many monsters on the field as possible, and if you do, take 1000 damage for each monster destroyed, then inflict damage to your opponent, equal to the damage you took. Until the end of the next turn after this card is activated, neither player can Normal or Special Summon.$Dinosaur$$$Activation requirement/Effect$
92435533$Lazion, the Timelord$Unlimited$FIRE$[Fairy/Effect]$$$$$10$0$0$$$$Cannot be Special Summoned from the Deck. If you control no monsters, you can Normal Summon this card without Tributing. Cannot be destroyed by battle or card effects. You take no battle damage from attacks involving this card. At the end of the Battle Phase, if this card battled: Shuffle all cards from your opponent's GY into the Deck. Once per turn, if your opponent draws a card: Inflict 1000 damage to your opponent. Once per turn, during your Standby Phase: Shuffle this card into the Deck.$$$Returns from your opponent's Graveyard to your opponent's Deck/Returns itself from field to Deck$Summon/Unclassified/Continuous/Trigger$
28929131$Zaphion, the Timelord$Unlimited$WATER$[Fairy/Effect]$$$$$10$0$0$$$$Cannot be Special Summoned from the Deck. If you control no monsters, you can Normal Summon this card without Tributing. Cannot be destroyed by battle or card effects. You take no battle damage from attacks involving this card. At the end of the Battle Phase, if this card battled: Shuffle all Spells and Traps your opponent controls into the Deck. If this card is sent from the field to the GY: You can draw 1 card. Once per turn, during your Standby Phase: Shuffle this card into the Deck.$$$Returns from field to Deck/Activates from your Graveyard/You draw cards/Returns itself from field to Deck$Summon/Unclassified/Continuous/Trigger$
65314286$Sadion, the Timelord$Unlimited$WIND$[Fairy/Effect]$$$$$10$0$0$$$$Cannot be Special Summoned from the Deck. If you control no monsters, you can Normal Summon this card without Tributing. Cannot be destroyed by battle or card effects. You take no battle damage from attacks involving this card. At the end of the Battle Phase, if this card battled and your LP is less than 4000: Your LP becomes 4000. Once per turn, during your Standby Phase: Shuffle this card into the Deck.$$$Returns itself from field to Deck$Summon/Unclassified/Continuous/Trigger$
91712985$Kamion, the Timelord$Unlimited$EARTH$[Fairy/Effect]$$$$$10$0$0$$$$Cannot be Special Summoned from the Deck. If you control no monsters, you can Normal Summon this card without Tributing. Cannot be destroyed by battle or card effects. You take no battle damage from attacks involving this card. At the end of the Battle Phase, if this card battled: Shuffle 1 card your opponent controls into the Deck, and if you do, inflict 500 damage to your opponent. Neither player can activate cards or effects in response to this effect's activation. Once per turn, during your Standby Phase: Shuffle this card into the Deck.$$$Returns from field to Deck/Returns itself from field to Deck$Summon/Unclassified/Continuous/Trigger/Condition$
27107590$Time Maiden$Unlimited$LIGHT$[Fairy/Effect]$$$$$1$0$0$$$$If you control no monsters, you can Special Summon this card (from your hand). This card can be treated as 2 Tributes for the Tribute Summon of a "Timelord" monster. You can Tribute this card; add 1 "Timelord" monster with 0 ATK from your Deck to your hand. You can banish this card from your GY; Special Summon 1 "Timelord" monster with 0 ATK from your Deck, ignoring its Summoning conditions. You cannot Special Summon other monsters during the turn you activate this effect.$Supports archetypes /Timelord$$Activates from your hand/Tributes itself for cost/Adds from Deck to hand/Activates from your Graveyard$Unclassified/Ignition/Condition$
22624373$Lyla, Lightsworn Sorceress$Unlimited$LIGHT$[Spellcaster/Effect]$$$$$4$1700$200$$$$You can target 1 Spell/Trap your opponent controls; this card's battle position cannot be changed until the end of your next turn, also change this card you control from face-up Attack Position to face-up Defense Position, and if you do, destroy that target. Once per turn, during your End Phase: Send the top 3 cards of your Deck to the GY.$$$Changes battle positions/Prevents Battle Position changes/Sends from the top of your Deck to your Graveyard$Ignition/Trigger$
59019082$Garoth, Lightsworn Warrior$Unlimited$LIGHT$[Warrior/Effect]$$$$$4$1850$1300$$$$Each time a card(s) is sent from your Deck to the GY by the effect of a "Lightsworn" monster you control, except "Garoth, Lightsworn Warrior": Send the top 2 cards of your Deck to the GY, then draw 1 card for each "Lightsworn" monster sent to the GY by this effect.$Supports archetypes /Lightsworn$$Sends from the top of your Deck to your Graveyard/You draw cards$Trigger$
95503687$Lumina, Lightsworn Summoner$Unlimited$LIGHT$[Spellcaster/Effect]$$$$$3$1000$1000$$$$Once per turn: You can discard 1 card, then target 1 Level 4 or lower "Lightsworn" monster in your GY; Special Summon it. Once per turn, during your End Phase: Send the top 3 cards of your Deck to the GY.$Supports archetypes /Lightsworn$$Discards for cost/Sends from the top of your Deck to your Graveyard$Ignition/Trigger$
58996430$Wulf, Lightsworn Beast$Unlimited$LIGHT$[Beast-Warrior/Effect]$$$$$4$2100$300$$$$Cannot be Normal Summoned/Set. Must be Special Summoned by a card effect. If this card is sent from your Deck to the GY: Special Summon it.$$$Activates from your Graveyard$Summon/Trigger$
94381039$Celestia, Lightsworn Angel$Unlimited$LIGHT$[Fairy/Effect]$$$$$5$2300$200$$$$When you Tribute Summon this card by Tributing a "Lightsworn" monster: You can send the top 4 cards of your Deck to the GY, then target up to 2 cards your opponent controls; destroy those targets.$Supports archetypes /Lightsworn$$Activates upon Tribute Summon/Sends from the top of your Deck to your Graveyard for cost$Trigger$
57774843$Judgment Dragon$Unlimited$LIGHT$[Dragon/Effect]$$$$$8$3000$2600$$$$Cannot be Normal Summoned/Set. Must be Special Summoned (from your hand) by having 4 or more "Lightsworn" monsters with different names in your GY. You can pay 1000 LP; destroy all other cards on the field. Once per turn, during your End Phase: Send the top 4 cards of your Deck to the GY.$Supports archetypes /Lightsworn$$Sends from the top of your Deck to your Graveyard$Summon/Ignition/Trigger$
77558536$Raiden, Hand of the Lightsworn$Unlimited$LIGHT$[Warrior/Tuner/Effect]$$$$$4$1700$1000$$$$During your Main Phase: You can send the top 2 cards of your Deck to the GY, then if any "Lightsworn" monsters were sent to the GY by this effect, this card gains 200 ATK until the end of your opponent's turn. You can only use this effect of "Raiden, Hand of the Lightsworn" once per turn. Once per turn, during your End Phase: Send the top 2 cards of your Deck to the GY.$Supports archetypes /Lightsworn$$Sends from the top of your Deck to your Graveyard$Ignition/Condition/Trigger$
73176465$Felis, Lightsworn Archer$Unlimited$LIGHT$[Beast-Warrior/Tuner/Effect]$$$$$4$1100$2000$$$$Cannot be Normal Summoned/Set. Must be Special Summoned by a card effect. If this card is sent from your Deck to the GY by a monster effect: Special Summon it. You can Tribute this card, then target 1 monster your opponent controls; destroy that target, then send the top 3 cards of your Deck to the GY.$$$Activates from your Graveyard/Tributes itself for cost/Sends from the top of your Deck to your Graveyard$Summon/Trigger/Ignition$
30100551$Minerva, the Exalted Lightsworn$Unlimited$LIGHT$[Fairy/Xyz/Effect]$$$4$$$2000$800$$2 Level 4 monsters$$You can detach 1 material from this card; send the top 3 cards of your Deck to the GY, then draw cards equal to the number of "Lightsworn" cards sent to the GY by this effect. If this card is destroyed by battle, or if this card in its owner's possession is destroyed by an opponent's card effect: You can send the top 3 cards of your Deck to the GY, then you can destroy cards on the field up to the number of "Lightsworn" cards sent to the GY by this effect. You can only use each effect of "Minerva, the Exalted Lightsworn" once per turn.$Supports archetypes /Lightsworn$$Sends from the top of your Deck to your Graveyard/You draw cards/Activates if destroyed by battle/Activates if destroyed by card effect$Ignition/Trigger/Condition$
00691925$Solar Recharge$Unlimited$SPELL$$$$$$$$$$$$Discard 1 "Lightsworn" monster; draw 2 cards, then send the top 2 cards of your Deck to the GY.$Supports archetypes /Lightsworn$$Discards for cost/You draw cards/Sends from your Deck to your Graveyard$Cost/Effect$
78010363$Witch of the Black Forest$Unlimited$DARK$[Spellcaster/Effect]$$$$$4$1100$1200$$$$If this card is sent from the field to the GY: Add 1 monster with 1500 or less DEF from your Deck to your hand, but you cannot activate cards, or the effects of cards, with that name for the rest of this turn. You can only use this effect of "Witch of the Black Forest" once per turn.$$$Adds from Deck to hand/Activates from your Graveyard$Trigger/Condition$
47084486$Vanity's Fiend$Unlimited$DARK$[Fiend/Effect]$$$$$6$2400$1200$$$$Cannot be Special Summoned. Neither player can Special Summon monsters.$$$$Summon/Continuous$
73853830$Crusader of Endymion$Unlimited$LIGHT$[Spellcaster/Gemini/Effect]$$$$$4$1900$1200$$$$This card is treated as a Normal Monster while face-up on the field or in the GY. While this card is a Normal Monster on the field, you can Normal Summon it to have it become an Effect Monster with this effect.●Once per turn: You can target 1 face-up card on the field that you can place a Spell Counter on; place 1 Spell Counter on it, and if you do, this card gains 600 ATK until the end of this turn.$$$$Unclassified/Condition/Ignition$
31615285$Cactus Bouncer$Unlimited$EARTH$[Plant/Effect]$$$$$4$1800$300$$$$Cannot be Special Summoned. While another Plant monster is on the field, neither player can Special Summon monsters.$Plant$Plant$$Summon/Continuous$
14824019$Spellbook Magician of Prophecy$Unlimited$WATER$[Spellcaster/Effect]$$$$$2$500$400$$$$If this card is Normal Summoned or flipped face-up: Add 1 "Spellbook" Spell from your Deck to your hand.$Supports archetypes /Spellbook$$Activates upon Normal Summon/Activates upon being flipped face-up/Adds from Deck to hand$Trigger$
22446869$Mermail Abyssteus$Unlimited$WATER$[Aqua/Effect]$$$$$7$1700$2400$$$$You can discard 1 other WATER monster to the GY; Special Summon this card from your hand. When Summoned this way: You can add 1 Level 4 or lower "Mermail" monster from your Deck to your hand. You can only use this effect of "Mermail Abyssteus" once per turn.$Supports archetypes /Mermail$$Discards for cost/Adds from Deck to hand$Ignition/Trigger/Condition$
13974207$Denko Sekka$Unlimited$LIGHT$[Thunder/Effect]$$$$$4$1700$1000$$$$Cannot be Special Summoned. While you control no Set Spells/Traps, neither player can Set Spells/Traps nor activate Spell/Trap Cards that are Set on the field.$$$Prevents your Sets/Prevents your opponent's Sets$Summon/Continuous$
46659709$Galaxy Soldier$Unlimited$LIGHT$[Machine/Effect]$$$$$5$2000$0$$$$You can send 1 other LIGHT monster from your hand to the GY; Special Summon this card from your hand in Defense Position. When this card is Special Summoned: You can add 1 "Galaxy" monster from your Deck to your hand. You can only use this effect of "Galaxy Soldier" once per turn.$Supports archetypes /Galaxy$$Sends from your hand to your Graveyard/Adds from Deck to hand$Ignition/Trigger/Condition$
23440231$Infernoid Devyaty$Unlimited$FIRE$[Fiend/Effect]$$$$$9$2900$2900$$$$Cannot be Normal Summoned/Set. Must be Special Summoned (from your hand or GY) by banishing 3 "Infernoid" monsters from your hand or GY while the total Levels and Ranks of all Effect Monsters you control are 8 or lower. When this card is Special Summoned: You can destroy all Spells and Traps on the field, except "Void" cards. Once per turn, when another monster's effect is activated (Quick Effect): You can Tribute 1 monster; negate the activation, and if you do, banish it.$Supports archetypes /Infernoid/Void$$Activates upon Special Summon/Tributes for cost$Summon/Trigger/Quick$
08240199$Sage with Eyes of Blue$Unlimited$LIGHT$[Spellcaster/Tuner/Effect]$$$$$1$0$1500$$$$When this card is Normal Summoned: You can add 1 Level 1 LIGHT Tuner from your Deck to your hand, except "Sage with Eyes of Blue". You can discard this card, then target 1 Effect Monster you control; send it to the GY, and if you do, Special Summon 1 "Blue-Eyes" monster from your Deck. You can only use this effect of "Sage with Eyes of Blue" once per turn.$Supports archetypes /Blue-Eyes$$Activates upon Normal Summon/Adds from Deck to hand/Discards itself for cost/Sends from your field to your Graveyard$Trigger/Ignition/Condition$
01945387$Elemental HERO Nova Master$Unlimited$FIRE$[Warrior/Fusion/Effect]$$$$$8$2600$2100$$1 "Elemental HERO" monster + 1 FIRE monster$$Must be Fusion Summoned. If this card destroys an opponent's monster by battle: Draw 1 card.$Supports archetypes /Elemental HERO$$You draw cards$Summon/Trigger$
45170821$Vision HERO Adoration$Unlimited$DARK$[Warrior/Fusion/Effect]$$$$$8$2800$2100$$2 "HERO" monsters$$Once per turn: You can target 1 face-up monster your opponent controls and 1 other "HERO" monster you control; the opponent's targeted monster loses ATK and DEF equal to the ATK of your targeted monster, until the end of this turn.$Supports archetypes /HERO$$$Ignition$
59969392$Archfiend Zombie-Skull$Unlimited$DARK$[Zombie/Synchro/Effect]$$$$$6$2500$1200$$"Plaguespreader Zombie" + 2+ non-Tuner Zombie monsters$$Zombie monsters you control cannot be destroyed by card effects.$Zombie$$$Continuous$
34116027$Dragunity Knight - Gae Dearg$Unlimited$WIND$[Dragon/Synchro/Effect]$$$$$6$2400$800$$1 Dragon Tuner + 1+ non-Tuner Winged Beast monsters$$Once per turn: You can add 1 Level 4 or lower Dragon or Winged Beast monster from your Deck to your hand, then discard 1 Dragon or Winged Beast monster.$Dragon/Winged Beast$$Adds from Deck to hand/Discards for effect$Ignition$
52687916$Trishula, Dragon of the Ice Barrier$Unlimited$WATER$[Dragon/Synchro/Effect]$$$$$9$2700$2000$$1 Tuner + 2+ non-Tuner monsters$$When this card is Synchro Summoned: You can banish up to 1 card each from your opponent's hand, field, and GY. (The card in the hand is chosen at random.)$$$Activates upon Synchro Summon$Trigger$
74586817$PSY-Framelord Omega$Limited$LIGHT$[Psychic/Synchro/Effect]$$$$$8$2800$2200$$1 Tuner + 1+ non-Tuner monsters$$Once per turn, during the Main Phase (Quick Effect): You can banish both this face-up card from the field and 1 random card from your opponent's hand, face-up, until your next Standby Phase. Once per turn, during your opponent's Standby Phase: You can target 1 banished card; return it to the GY. If this card is in your GY: You can target 1 other card in the GY; shuffle both that card and this card from the GY into the Deck.$$$Returns itself to the field while banished/Returns the opponent's banished cards to the hand/Returns the player's banished cards to the Graveyard/Returns the opponent's banished cards to the Graveyard/Activates from your Graveyard/Returns from Graveyard to Deck/Returns itself from Graveyard to Extra Deck$Quick/Trigger/Ignition$
50954680$Crystal Wing Synchro Dragon$Unlimited$WIND$[Dragon/Synchro/Effect]$$$$$8$3000$2500$$1 Tuner + 1+ non-Tuner Synchro Monsters$$Once per turn, when another monster's effect is activated (Quick Effect): You can negate the activation, and if you do, destroy that monster, and if you do that, this card gains ATK equal to the destroyed monster's original ATK until the end of this turn. If this card battles an opponent's Level 5 or higher monster, during damage calculation: This card gains ATK equal to the current ATK of the opponent's monster it is battling during that damage calculation only.$Synchro Monster$$$Quick/Trigger$
04423206$M-X-Saber Invoker$Forbidden(OCG)$EARTH$[Warrior/Xyz/Effect]$$$3$$$1600$500$$2 Level 3 monsters$$Once per turn: You can detach 1 material from this card; Special Summon 1 Level 4 EARTH Warrior or Beast-Warrior monster from your Deck, in Defense Position, but destroy it during the End Phase.$EARTH/Warrior/Beast-Warrior$$$Ignition$
39272762$Neo Galaxy-Eyes Photon Dragon$Unlimited$LIGHT$[Dragon/Xyz/Effect]$$$8$$$4500$3000$$3 Level 8 monsters$$If this card is Xyz Summoned using "Galaxy-Eyes Photon Dragon" as any of its materials: All other face-up cards currently on the field have their effects negated. Once per turn: You can detach 1 material from this card; detach all materials from monsters your opponent controls, then this card gains 500 ATK for each, also it can attack up to that many times during each Battle Phase this turn.$Galaxy-Eyes Photon Dragon$Xyz Monster$Activates upon Xyz Summon/Applies effects if Xyz Summoned using specific Xyz Material/Detaches Xyz Materials for effect$Trigger/Ignition$
91949988$Gaia Dragon, the Thunder Charger$Unlimited$WIND$[Dragon/Xyz/Effect]$$$7$$$2600$2100$$2 Level 7 monsters$$You can also Xyz Summon this card by using a Rank 5 or 6 Xyz Monster you control as material. (Transfer its materials to this card.) If this card attacks a Defense Position monster, inflict piercing battle damage.$Xyz Monster$$Transfers$Summon/Continuous$
80117527$Number 11: Big Eye$Unlimited$DARK$[Spellcaster/Xyz/Effect]$$$7$$$2600$2000$$2 Level 7 monsters$$Once per turn: You can detach 1 material from this card, then target 1 monster your opponent controls; take control of that monster. This card cannot attack the turn this effect is activated.$$$Changes control$Ignition/Condition$
88177324$Number 107: Galaxy-Eyes Tachyon Dragon$Unlimited$LIGHT$[Dragon/Xyz/Effect]$$$8$$$3000$2500$$2 Level 8 monsters$$Once per Battle Phase, at the start of your Battle Phase: You can detach 1 material from this card; negate the effects of all other face-up monsters currently on the field, also their ATK/DEF become their original ATK/DEF. During the Battle Phase, if you activated this effect this turn, each time an opponent's card effect resolves, this card gains 1000 ATK until the end of the Battle Phase, also, it can make a second attack during each Battle Phase this turn.$$$$Trigger$
46772449$Evilswarm Exciton Knight$Unlimited$LIGHT$[Fiend/Xyz/Effect]$$$4$$$1900$0$$2 Level 4 monsters$$Once per chain, during your Main Phase or your opponent's Battle Phase, if your opponent has more total cards in their hand and field than you do (Quick Effect): You can detach 1 material from this card; destroy all other cards on the field, also your opponent takes no further damage this turn.$$$$Quick$
73289035$Bujintei Tsukuyomi$Unlimited$LIGHT$[Beast-Warrior/Xyz/Effect]$$$4$$$1800$2300$$2 Level 4 LIGHT monsters$$Once per turn: You can detach 1 material from this card; send your entire hand to the GY (min. 1), and if you do, draw 2 cards. When this card you controlled while face-up leaves the field because of an opponent's card effect: You can target Level 4 Beast-Warrior "Bujin" monsters in your GY, up to the number of Xyz Materials this card had on the field; Special Summon those targets. You can only control 1 "Bujintei Tsukuyomi".$Supports archetypes /Bujin$$Sends from your hand to your Graveyard/You draw cards$Ignition/Trigger/Condition$
31801517$Number 62: Galaxy-Eyes Prime Photon Dragon$Unlimited$LIGHT$[Dragon/Xyz/Effect]$$$8$$$4000$3000$$2 Level 8 monsters$$If this card battles, during damage calculation (Quick Effect): You can detach 1 material from this card once per battle; this card gains ATK equal to the combined Ranks of all Xyz Monsters currently on the field x 200, during that damage calculation only. If this card in its owner's control is destroyed by an opponent's card effect while it has "Galaxy-Eyes Photon Dragon" as material: You can Special Summon this card during your 2nd Standby Phase after activation and double its ATK. Any battle damage this card inflicts to your opponent is halved unless it has "Galaxy-Eyes Photon Dragon" as material.$Galaxy-Eyes Photon Dragon/Xyz Monster$Xyz Monster$Activates from your Graveyard$Quick/Trigger/Continuous$
62709239$The Phantom Knights of Break Sword$Unlimited$DARK$[Warrior/Xyz/Effect]$$$3$$$2000$1000$$2 Level 3 monsters$$Once per turn: You can detach 1 material from this card, then target 1 card you control and 1 card your opponent controls; destroy them. If this Xyz Summoned card is destroyed: You can target 2 "The Phantom Knights" monsters with the same Level in your GY; Special Summon them and increase their Levels by 1, also you cannot Special Summon monsters for the rest of this turn, except DARK monsters.$Supports archetypes /The Phantom Knights$$Activates if destroyed by battle/Activates if destroyed by card effect$Ignition/Trigger$
73347079$Raidraptor - Force Strix$Unlimited$DARK$[Winged Beast/Xyz/Effect]$$$4$$$100$2000$$2 Level 4 monsters$$Gains 500 ATK/DEF for each Winged Beast monster you control, except this card. Once per turn: You can detach 1 material from this card; add 1 Level 4 DARK Winged Beast monster from your Deck to your hand.$Winged Beast/DARK$$Adds from Deck to hand$Continuous/Ignition$
23603403$Raidraptor - Satellite Cannon Falcon$Unlimited$DARK$[Winged Beast/Xyz/Effect]$$$8$$$3000$2000$$2 Level 8 Winged Beast monsters$$If this card is Xyz Summoned by using a "Raidraptor" monster as material: You can destroy all Spells and Traps your opponent controls. Your opponent cannot activate cards or effects in response to this effect's activation. Quick Effect: You can detach 1 material from this card, then target 1 face-up monster your opponent controls; it loses 800 ATK for each "Raidraptor" monster in your GY.$Supports archetypes /Raidraptor$$Applies effects if Xyz Summoned using specific Xyz Material/Activates upon Xyz Summon$Trigger/Condition/Quick$
93946239$Into the Void$Unlimited(OCG)$SPELL$$$$$$$$$$$$If you have 3 or more cards in your hand: Draw 1 card, and if you do, during the End Phase of this turn, discard your entire hand.$$$You draw cards/You discard/Discards for effect$Activation requirement/Effect$
89739383$Spellbook of Secrets$Unlimited$SPELL$$$$$$$$$$$$Add 1 "Spellbook" card from your Deck to your hand, except "Spellbook of Secrets". You can only activate 1 "Spellbook of Secrets" per turn.$Supports archetypes /Spellbook$$Adds from Deck to hand$Effect/Condition$
35255456$Miracle Contact$Unlimited$SPELL$$$$$$$$$$$$Shuffle into the Deck, from your hand, field, or GY, the Fusion Materials that are listed on an "Elemental HERO" Fusion Monster that lists "Elemental HERO Neos" as Fusion Material, then Special Summon that Fusion Monster from your Extra Deck, ignoring its Summoning conditions.$Supports archetypes /Elemental HERO$$Returns from your hand to your Deck/Returns from your field to your Deck/Returns from your Graveyard to your Deck$Effect$
05288597$Transmodify$Unlimited$SPELL$$$$$$$$$$$$Send 1 face-up monster you control to the GY; Special Summon from your Deck, 1 monster with the same Type and Attribute as that monster in the GY, but 1 Level higher. You can only activate 1 "Transmodify" per turn.$$$Sends from field to Graveyard for cost$Cost/Effect/Condition$
58921041$Anti-Spell Fragrance$Unlimited$TRAP$$$$$$$$$Continuous$$$Both players must Set Spell Cards before activating them, and cannot activate them until their next turn after Setting them.$$$$Continuous-like$
31849106$Different Dimension Ground$Unlimited$TRAP$$$$$$$$$$$$This turn, any monster sent to the GY is banished instead.$$$$Effect$
12444060$Artifact Sanctum$Unlimited$TRAP$$$$$$$$$$$$Special Summon 1 "Artifact" monster from your Deck. If this card in its owner's possession is destroyed by an opponent's card: You can target 1 card on the field; destroy that target. You can only activate 1 "Artifact Sanctum" per turn. You cannot conduct your Battle Phase the turn you activate this card.$Supports archetypes /Artifact$$Cannot conduct Battle Phase/Activates if destroyed by battle/Activates if destroyed by card effect$Effect/Condition/Trigger-like$
