Passcode$Name$Status$Attribute$type$link$link_arrows$rank$pendulum_scale$level$attack$defense$spell_attribute$summoning_condition$pendulum_condition$card_text$card_supports$card_anti_supports$card_actions$effect_types$
23635815$Jerry Beans Man$Unlimited$EARTH$[Plant/Normal]$$$$$3$1750$0$$$$Jerry, a bean soldier, believes he is the strongest warrior in the world, but his true abilities are still untested.$$$$$
40133511$Bazoo the Soul-Eater$Unlimited$EARTH$[Beast/Effect]$$$$$4$1600$900$$$$Once per turn: You can banish up to 3 monsters from your GY; this card gains 300 ATK for each, until the end of your opponent's turn.$$$$Ignition$
38742075$Frontier Wiseman$Unlimited$EARTH$[Spellcaster/Effect]$$$$$3$1600$800$$$$Negate any Spell effects that target a Warrior-Type monster you control, and if you do, destroy that card.$Warrior$$$Continuous$
42364374$Arsenal Bug$Unlimited$EARTH$[Insect/Effect]$$$$$3$2000$2000$$$$If you control no other Insect-Type monsters, this card's ATK and DEF become 1000.$Insect$$$Continuous$
71413901$Breaker the Magical Warrior$Unlimited$DARK$[Spellcaster/Effect]$$$$$4$1600$1000$$$$If this card is Normal Summoned: Place 1 Spell Counter on it (max. 1). Gains 300 ATK for each Spell Counter on it. You can remove 1 Spell Counter from this card, then target 1 Spell/Trap on the field; destroy that target.$$$Activates upon Normal Summon$Trigger/Continuous/Ignition$
82108372$Mudora$Unlimited$EARTH$[Fairy/Effect]$$$$$4$1500$1800$$$$Gains 200 ATK for each Fairy monster in your GY.$Fairy$$$Continuous$
77491079$Gale Lizard$Unlimited$WATER$[Reptile/Flip/Effect]$$$$$4$1400$700$$$$FLIP: Target 1 monster your opponent controls; return that target to the hand.$$$Returns from field to hand$Flip$
39168895$Berserk Gorilla$Unlimited$EARTH$[Beast/Effect]$$$$$4$2000$1000$$$$If this card is in face-up Defense Position, destroy this card. This card must attack if able.$$$$Continuous$
40320754$Lord Poison$Unlimited$WATER$[Plant/Effect]$$$$$4$1500$1000$$$$If this card is destroyed by battle and sent to the Graveyard: Target 1 Plant-Type monster in your Graveyard, except "Lord Poison"; Special Summon that target.$Plant$$Activates if destroyed by battle/Activates from your Graveyard$Trigger$
30914564$Sacred Crane$Unlimited$LIGHT$[Winged Beast/Effect]$$$$$4$1600$400$$$$If this card is Special Summoned: Draw 1 card.$$$You draw cards$Trigger$
76909279$Enraged Battle Ox$Unlimited$EARTH$[Beast-Warrior/Effect]$$$$$4$1700$1000$$$$If your Beast, Beast-Warrior, or Winged Beast monster attacks a Defense Position monster, inflict piercing battle damage.$Beast/Beast-Warrior/Winged Beast$$$Continuous$
02671330$Hyper Hammerhead$Unlimited$EARTH$[Dinosaur/Effect]$$$$$4$1500$1200$$$$At the end of the Damage Step, if an opponent's monster that battled this card is not destroyed: Return that opponent's monster to the hand.$$$Returns from your opponent's field to your opponent's hand$Trigger$
78636495$Slate Warrior$Unlimited$WIND$[Fiend/Effect]$$$$$4$1900$400$$$$FLIP: This card gains 500 ATK and DEF.If this card is destroyed by battle: The monster that destroyed it loses 500 ATK and DEF.$$$Activates upon being flipped face-up/Activates if destroyed by battle$Flip/Trigger$
42386471$Toon Gemini Elf$Unlimited$EARTH$[Spellcaster/Toon/Effect]$$$$$4$1900$900$$$$Cannot attack the turn it is Summoned. If "Toon World" on the field is destroyed, destroy this card. While you control "Toon World" and your opponent controls no Toon monsters, this card can attack your opponent directly. If this card inflicts battle damage to your opponent: Discard 1 random card from your opponent's hand.$Toon World/Toon monster$$Activates when it inflicts battle damage/Discards from your opponent's hand to your opponent's Graveyard$Continuous/Trigger$
16956455$Chiron the Mage$Unlimited$EARTH$[Beast-Warrior/Effect]$$$$$4$1800$1000$$$$Once per turn: You can discard 1 Spell, then target 1 Spell/Trap your opponent controls; destroy that target.$$$Discards for cost$Ignition$
18325492$Gyroid$Unlimited$WIND$[Machine/Effect]$$$$$3$1000$1000$$$$The first time this card would be destroyed by battle each turn, it is not destroyed.$$$$Continuous$
85306040$Goblin Elite Attack Force$Unlimited$EARTH$[Fiend/Effect]$$$$$4$2200$1500$$$$If this card attacks, it is changed to Defense Position at the end of the Battle Phase, and its battle position cannot be changed until the end of your next turn.$$$Changes battle positions/Prevents Battle Position changes$Continuous$
55424270$Mythical Beast Cerberus$Unlimited$LIGHT$[Spellcaster/Effect]$$$$$4$1400$1400$$$$Each time a Spell Card is activated, place 1 Spell Counter on this card when that Spell resolves. Gains 500 ATK for each Spell Counter on it. At the end of the Battle Phase, if this card battled, remove all Spell Counters on it.$$$$Continuous$
89222931$Machine King Prototype$Unlimited$EARTH$[Machine/Effect]$$$$$3$1600$1500$$$$This card gains 100 ATK and DEF for each Machine-Type monster on the field, except this card.$Machine$$$Continuous$
03370104$Cyber Phoenix$Unlimited$FIRE$[Machine/Effect]$$$$$4$1200$1600$$$$While this card is in Attack Position, negate any Spell/Trap effects that target 1 Machine monster you control (and no other cards). When this card is destroyed by battle and sent to the GY: You can draw 1 card.$Machine$$Activates from your Graveyard/You draw cards$Continuous/Trigger$
93130021$Victory Viper XX03$Unlimited$LIGHT$[Machine/Effect]$$$$$4$1200$1000$$$$If this card destroys an opponent's monster by battle: Activate 1 of these effects.●This card gains 400 ATK.●Target 1 face-up Spell/Trap on the field; destroy that target.●Special Summon 1 "Option Token". Its Type, Attribute, Level, and ATK/DEF are always the same as this card, but destroy it if this card is no longer face-up on the field.$$$Activates when it destroys a monster by battle$Trigger$
21074344$Herald of Green Light$Unlimited$LIGHT$[Fairy/Effect]$$$$$2$300$500$$$$When your opponent activates a Spell Card (Quick Effect): You can send this card and 1 other Fairy monster from your hand to the GY; negate the activation, and if you do, destroy it.$Fairy$$Activates from your hand/Sends itself from hand to Graveyard for cost/Sends from hand to Graveyard for cost$Quick$
94689635$Herald of Purple Light$Unlimited$LIGHT$[Fairy/Effect]$$$$$2$300$500$$$$When your opponent activates a Trap Card (Quick Effect): You can send this card and 1 other Fairy monster from your hand to the GY; negate the activation, and if you do, destroy it.$Fairy$$Activates from your hand/Sends itself from hand to Graveyard for cost/Sends from hand to Graveyard for cost$Quick$
99861526$Submarineroid$Unlimited$WATER$[Machine/Effect]$$$$$4$800$1800$$$$This card can attack your opponent directly, but when it does so using this effect, the battle damage inflicted to your opponent is the original ATK of this card. At the end of the Damage Step, if this card attacked or was attacked: You can change this card to Defense Position.$$$Changes battle positions$Continuous/Trigger$
79409334$Black Stego$Unlimited$EARTH$[Dinosaur/Effect]$$$$$4$1200$2000$$$$If this Attack Position card is targeted for an attack: Change this card to Defense Position.$$$Changes battle positions$Trigger$
85087012$Card Trooper$Unlimited$EARTH$[Machine/Effect]$$$$$3$400$400$$$$Once per turn: You can choose a number from 1 to 3, then send that many cards from the top of your Deck to the GY; this card gains 500 ATK for each card sent to the GY this way, until the end of this turn. If this card you control is destroyed and sent to your GY: Draw 1 card.$$$Sends from the top of your Deck to your Graveyard for cost/Activates if destroyed by battle/Activates if destroyed by card effect/Activates from your Graveyard/You draw cards$Ignition/Trigger$
12398280$Freya, Spirit of Victory$Unlimited$LIGHT$[Fairy/Effect]$$$$$1$100$100$$$$While you control a Fairy-Type monster other than "Freya, Spirit of Victory", your opponent's monsters cannot target this card for attacks. All Fairy-Type monsters you control gain 400 ATK and DEF.$Fairy$$$Continuous$
20586572$Exploder Dragon$Unlimited$EARTH$[Dragon/Effect]$$$$$3$1000$0$$$$If this card is destroyed by battle and sent to the GY: Destroy the monster that destroyed it. Neither player takes any battle damage from attacks involving this attacking card.$$$Activates if destroyed by battle/Activates from your Graveyard$Trigger/Continuous$
46508640$Dweller in the Depths$Unlimited$EARTH$[Dragon/Effect]$$$$$3$1500$700$$$$Gains 300 ATK for each Continuous Spell in your Spell & Trap Zone.$Continuous Spell Card$$$Continuous$
18430390$Winged Rhynos$Unlimited$WIND$[Beast-Warrior/Effect]$$$$$4$1800$500$$$$During either player's turn, when a Trap Card is activated (except during the Damage Step): You can return this face-up card from the field to the hand.$$$Returns itself from field to hand$Quick$
61802346$Blizzard Dragon$Unlimited$WATER$[Dragon/Effect]$$$$$4$1800$1000$$$$Once per turn: You can target 1 monster your opponent controls; it cannot change its battle position or declare an attack until the end of your opponent's next turn.$$$Prevents Battle Position changes$Ignition$
95943058$Evil HERO Infernal Gainer$Unlimited$EARTH$[Fiend/Effect]$$$$$4$1600$0$$$$During your Main Phase 1: You can banish this card from the field, then target 1 Fiend monster you control; that target can make a second attack during each Battle Phase while you control it face-up. Once per turn, during your second Standby Phase after this card was banished to activate this effect: Special Summon this card in Attack Position.$Fiend$$$Ignition/Trigger$
39303359$Ancient Gear Knight$Unlimited$EARTH$[Machine/Gemini/Effect]$$$$$4$1800$500$$$$This card is treated as a Normal Monster while face-up on the field or in the GY. While this card is a Normal Monster on the field, you can Normal Summon it to have it become an Effect Monster with this effect.●If this card attacks, your opponent cannot activate any Spell/Trap Cards until the end of the Damage Step.$$$$Unclassified/Condition/Continuous$
54040221$Royal Firestorm Guards$Unlimited$FIRE$[Pyro/Effect]$$$$$4$1700$1200$$$$If this card is Normal Summoned: Target 4 Pyro monsters in your GY; shuffle all 4 into the Deck, then draw 2 cards.$Pyro$$Activates upon Normal Summon/Returns from your Graveyard to your Deck/You draw cards$Trigger$
91596726$Dark Crusader$Unlimited$DARK$[Warrior/Effect]$$$$$4$1600$200$$$$You can send 1 DARK monster from your hand to the Graveyard; this card gains 400 ATK.$DARK$$Sends from your hand to your Graveyard/Sends from hand to Graveyard for cost$Ignition$
52035300$The Immortal Bushi$Unlimited$DARK$[Warrior/Effect]$$$$$3$1200$600$$$$While this card is face-up on the field, it cannot be Tributed, except for the Tribute Summon of a Warrior-Type monster. During your Standby Phase, if this card is in your Graveyard and all the monsters in your Graveyard are Warrior-Type: You can Special Summon this card. You must also control no monsters to activate and to resolve this effect.$Warrior$$Cannot be Tributed/Activates from your Graveyard$Continuous/Trigger$
52319752$Black Veloci$Unlimited$EARTH$[Dinosaur/Effect]$$$$$4$1800$300$$$$If this card attacks an opponent's monster, this card gains 400 ATK during the Damage Step only. If this card is attacked by an opponent's monster, this card loses 400 ATK during the Damage Step only.$$$$Continuous$
87685879$Sea Koala$Unlimited$EARTH$[Beast/Effect]$$$$$2$100$1600$$$$Once per turn: You can target 1 monster your opponent controls; change its ATK to 0 until the end of this turn. You must control a Beast-Type monster (other than this card) to activate and to resolve this effect.$Beast$$$Ignition$
14089428$Blue Thunder T-45$Unlimited$LIGHT$[Machine/Effect]$$$$$4$1700$1000$$$$If this card destroys an opponent's monster by battle: Special Summon 1 "Thunder Option Token" (Machine-Type/LIGHT/Level 4/ATK 1500/DEF 1500). This Token cannot be Tributed for a Tribute Summon.$$$Activates when it destroys a monster by battle$Trigger/Condition$
76203291$Golden Flying Fish$Unlimited$LIGHT$[Fish/Effect]$$$$$4$1700$1000$$$$You can Tribute 1 other Fish-Type monster, then target 1 card on the field; destroy that target.$Fish$$Tributes for cost$Ignition$
75081613$Aztekipede, the Worm Warrior$Unlimited$EARTH$[Insect/Effect]$$$$$4$1900$400$$$$Cannot be Normal Summoned/Set. Must be Special Summoned by banishing 1 Insect-Type monster from your Graveyard, and cannot be Special Summoned by other ways. If this card inflicts battle damage to your opponent: Send the top card of their Deck to the Graveyard.$Insect$$Activates when it inflicts battle damage/Sends from the top of your opponent's Deck to your opponent's Graveyard$Summon/Trigger$
96235275$Jain, Lightsworn Paladin$Unlimited$LIGHT$[Warrior/Effect]$$$$$4$1800$1200$$$$If this card attacks an opponent's monster, it gains 300 ATK during the Damage Step only. Once per turn, during your End Phase: Send the top 2 cards of your Deck to the Graveyard.$$$Sends from the top of your Deck to your Graveyard$Continuous/Trigger$
41113025$Diskblade Rider$Unlimited$WIND$[Fiend/Effect]$$$$$4$1700$1500$$$$Once per turn: You can target 1 Normal Trap Card in your Graveyard; banish that target, and if you do, this card gains 500 ATK until the end of your opponent's turn.$Normal Trap Card$$$Ignition$
06061630$Magical Exemplar$Unlimited$EARTH$[Spellcaster/Effect]$$$$$4$1700$1400$$$$Each time a Spell Card is activated, place 2 Spell Counters on this card when that Spell resolves. Once per turn: You can remove any number of Spell Counters from this card; Special Summon 1 Spellcaster monster from your hand or GY whose Level is equal to the number of Spell Counters you removed.$Spellcaster$$$Continuous/Ignition$
39180960$Rigorous Reaver$Unlimited$FIRE$[Plant/Effect]$$$$$3$1600$100$$$$FLIP: Each player discards 1 card.If this card is destroyed by battle: The monster that destroyed it loses 500 ATK and DEF.$$$Activates upon being flipped face-up/You discard/Your opponent discards/Discards for effect/Activates if destroyed by battle$Flip/Trigger$
92826944$Mezuki$Unlimited$EARTH$[Zombie/Effect]$$$$$4$1700$800$$$$You can banish this card from your GY, then target 1 Zombie monster in your GY; Special Summon that target.$Zombie$$Activates from your Graveyard$Ignition$
59797187$Gonogo$Unlimited$EARTH$[Rock/Effect]$$$$$3$1350$1600$$$$At the end of the Damage Step, if this card battled an opponent's monster: Change that monster to face-down Defense Position.$$$Changes battle positions/Flips monsters face-down$Trigger$
84847656$Telekinetic Shocker$Unlimited$EARTH$[Psychic/Effect]$$$$$4$1700$700$$$$If a Psychic-Type monster(s) on the field would be destroyed, you can pay 500 LP and destroy this card instead.$Psychic$$$Continuous$
11232355$Destructotron$Unlimited$EARTH$[Psychic/Effect]$$$$$4$1600$400$$$$During the End Phase, if this card is the only Psychic-Type monster you control: Destroy it. You can pay 1000 LP, then target 1 Set Spell/Trap Card your opponent controls; destroy that target.$Psychic$$$Trigger/Ignition$
17266660$Herald of Orange Light$Limited(OCG)$LIGHT$[Fairy/Tuner/Effect]$$$$$2$300$500$$$$When your opponent activates a monster effect (Quick Effect): You can send this card and 1 other Fairy monster from your hand to the GY; negate the activation, and if you do, destroy it.$Fairy$Effect Monster$Activates from your hand/Sends itself from hand to Graveyard for cost/Sends from hand to Graveyard for cost$Quick$
52430902$Psychic Jumper$Unlimited$EARTH$[Psychic/Tuner/Effect]$$$$$2$100$1500$$$$Once per turn: You can pay 1000 LP, then target 1 face-up monster your opponent controls and 1 Psychic-Type monster you control, except "Psychic Jumper"; switch control of both those targets, and if you do, their battle positions cannot be changed this turn.$Psychic$$Changes control/Prevents Battle Position changes$Ignition$
38041940$Seed of Flame$Unlimited$FIRE$[Plant/Effect]$$$$$3$1600$1200$$$$When this card you control is destroyed by a card effect and sent to your Graveyard: You can target 1 Level 4 or lower Plant-Type monster in your Graveyard, except "Seed of Flame"; Special Summon that target, and if you do, Special Summon 1 "Seed Token" (Plant-Type/EARTH/Level 1/ATK 0/DEF 0) to your opponent's side of the field in Defense Position. This Token cannot be Tributed for a Tribute Summon.$Plant$$Activates if destroyed by card effect/Activates from your Graveyard$Trigger$
74976215$Cross-Sword Beetle$Unlimited$WIND$[Insect/Effect]$$$$$4$1800$1200$$$$While you control an Insect-Type monster (other than this card), if an Insect-Type monster you control attacks a Defense Position monster, inflict piercing battle damage to your opponent.$Insect$$$Continuous$
02525268$Defender, the Magical Knight$Unlimited$LIGHT$[Spellcaster/Effect]$$$$$4$1600$2000$$$$If this card is Normal Summoned: Place 1 Spell Counter on it (max. 1). Once per turn, if a Spellcaster monster(s) on the field would be destroyed, you can remove 1 Spell Counter from your field for each of those monsters instead.$Spellcaster$$Activates upon Normal Summon$Trigger/Continuous$
69695704$Battlestorm$Unlimited$DARK$[Winged Beast/Effect]$$$$$4$1700$1000$$$$This card gains 100 ATK for each Winged Beast-Type monster you control. Once per turn: You can target 1 Spell/Trap Card your opponent controls; destroy that target. You must control 3 or more Winged Beast-Type monsters to activate and to resolve this effect.$Winged Beast$$$Continuous/Ignition/Condition$
45041488$Koa'ki Meiru Guardian$Unlimited$EARTH$[Rock/Effect]$$$$$4$1900$1200$$$$During each of your End Phases, destroy this card unless you send 1 "Iron Core of Koa'ki Meiru" from your hand to the GY or reveal 1 Rock monster in your hand. When a monster effect is activated (Quick Effect): You can Tribute this card; negate the activation, and if you do, destroy that monster.$Rock/Iron Core of Koa'ki Meiru$$Sends from hand to Graveyard for cost/Reveals your hand for cost/Tributes itself for cost$Maintenance cost/Quick$
12435193$Koa'ki Meiru Drago$Unlimited$WIND$[Dragon/Effect]$$$$$4$1900$1600$$$$During each of your End Phases, destroy this card unless you send 1 "Iron Core of Koa'ki Meiru" from your hand to the GY or reveal 1 Dragon monster in your hand. Neither player can Special Summon LIGHT or DARK monsters.$Dragon/Iron Core of Koa'ki Meiru$LIGHT/DARK$Sends from hand to Graveyard for cost/Reveals your hand for cost$Maintenance cost/Continuous$
80925836$Koa'ki Meiru Doom$Unlimited$WIND$[Fiend/Effect]$$$$$3$1700$800$$$$During each of your End Phases, destroy this card unless you send 1 "Iron Core of Koa'ki Meiru" from your hand to the Graveyard or reveal 1 Fiend-Type monster in your hand. Negate the effects of LIGHT and DARK monsters that activate during the Main Phase.$Fiend/Iron Core of Koa'ki Meiru$LIGHT/DARK$Sends from hand to Graveyard for cost/Reveals your hand for cost$Maintenance cost/Continuous$
42463414$Spined Gillman$Unlimited$WATER$[Sea Serpent/Effect]$$$$$3$1300$0$$$$All Fish, Sea Serpent, and Aqua-Type monsters you control gain 400 ATK.$Fish/Sea Serpent/Aqua$$$Continuous$
77135531$Vanguard of the Dragon$Unlimited$EARTH$[Dragon/Effect]$$$$$4$1700$1300$$$$You can send 1 Dragon-Type monster from your hand to the Graveyard; this card gains 300 ATK. When this card you control is sent to your Graveyard by your opponent's card effect: You can target 1 Dragon-Type Normal Monster in either player's Graveyard; Special Summon that target.$Dragon/Normal Monster$Dragon/Normal Monster$Sends from hand to Graveyard for cost/Activates from your Graveyard$Ignition/Trigger$
95090813$Koa'ki Meiru War Arms$Unlimited$EARTH$[Warrior/Effect]$$$$$4$1400$1200$$$$During each of your End Phases, destroy this card unless you send 1 "Iron Core of Koa'ki Meiru" from your hand to the Graveyard or reveal 1 Warrior-Type monster in your hand. Once per turn: You can target 1 Level 3 or lower Warrior-Type monster in your Graveyard; equip that target to this card. This card gains ATK equal to half the combined ATK of the monsters equipped to it by this effect. If this card would be destroyed by battle, destroy all monsters equipped to it by this effect instead.$Warrior/Iron Core of Koa'ki Meiru$$Sends from hand to Graveyard for cost/Reveals your hand for cost/Equips monsters from the player's Graveyard to itself$Maintenance cost/Ignition/Continuous$
71759912$Tree Otter$Unlimited$WATER$[Beast/Effect]$$$$$2$1200$100$$$$Once per turn: You can target 1 face-up monster you control; it gains 1000 ATK until the end of this turn. You must control a Beast-Type monster (other than this card) to activate and to resolve this effect.$Beast$$$Ignition$
90508760$X-Saber Airbellum$Unlimited$EARTH$[Beast/Tuner/Effect]$$$$$3$1600$200$$$$If this card inflicts battle damage to your opponent by a direct attack: Discard 1 random card from your opponent's hand.$$$Activates when it inflicts battle damage/Your opponent discards$Trigger$
10321588$Sunlight Unicorn$Unlimited$LIGHT$[Beast/Effect]$$$$$4$1800$1000$$$$Once per turn: You can excavate the top card of your Deck, and if it is an Equip Spell Card, add it to your hand. Otherwise, place it on the bottom of your Deck.$Equip Spell Card$$Excavates from the player's Deck/Adds excavated cards to the hand/Adds from Deck to hand/Places excavated cards on the bottom of the Deck$Ignition$
04694209$Card Guard$Unlimited$DARK$[Fiend/Effect]$$$$$4$1600$500$$$$If this card is Normal or Special Summoned: Place 1 Guard Counter on it. This card gains 300 ATK for each Guard Counter on it. Once per turn: You can target 1 other face-up card you control; remove 1 Guard Counter from this card, and if you do, place 1 Guard Counter on that target (if that card would ever be destroyed, remove 1 Guard Counter from it instead).$$$Activates upon Normal Summon/Activates upon Special Summon$Trigger/Continuous/Ignition$
39037517$Koa'ki Meiru Beetle$Unlimited$EARTH$[Insect/Effect]$$$$$4$1900$1500$$$$During each of your End Phases, destroy this card unless you send 1 "Iron Core of Koa'ki Meiru" from your hand to the Graveyard or reveal 1 Insect-Type monster in your hand. If a LIGHT or DARK monster is Special Summoned in Attack Position: Change that monster to Defense Position.$Insect/Iron Core of Koa'ki Meiru$DARK/LIGHT$Sends from hand to Graveyard for cost/Reveals your hand for cost/Changes battle positions$Maintenance cost/Trigger$
43426903$Reptilianne Gorgon$Unlimited$DARK$[Reptile/Effect]$$$$$3$1400$1400$$$$If this card attacks a monster, after damage calculation: The ATK of that monster becomes 0, also it cannot change its battle position.$$$Prevents Battle Position changes$Trigger$
37792478$Metabo-Shark$Unlimited$WATER$[Fish/Effect]$$$$$4$1800$500$$$$When this card is Normal Summoned: You can target 2 Fish-Type monsters in your Graveyard; shuffle those targets into your Deck.$Fish$$Returns from your Graveyard to your Deck$Trigger$
65422840$Shutendoji$Unlimited$EARTH$[Zombie/Effect]$$$$$4$1500$800$$$$Once per turn: You can activate 1 of these effects.●Banish 2 Zombie monsters from your GY; draw 1 card.●Target 1 of your banished Zombie monsters; place that target on the top of your Deck.$Zombie$$Returns the player's banished cards to the Deck by effect/Returns the player's banished cards to the Extra Deck/You draw cards$Ignition$
79337169$Gauntlet Warrior$Unlimited$EARTH$[Warrior/Effect]$$$$$3$400$1600$$$$During either player's turn: You can Tribute this card; each Warrior-Type monster you currently control gains 500 ATK and DEF, until the end of the next Damage Step that monster attacks or is attacked.$Warrior$$Tributes itself for cost$Quick$
03603242$Shreddder$Unlimited$EARTH$[Machine/Effect]$$$$$4$1600$1000$$$$Once per turn: You can send 1 Machine-Type monster from your hand to the Graveyard, then target 1 monster your opponent controls with a Level less than or equal to the sent monster's; destroy that target.$Machine$$Sends from hand to Graveyard for cost$Ignition$
49680980$Koa'ki Meiru Sandman$Unlimited$EARTH$[Rock/Effect]$$$$$4$1900$1200$$$$During each of your End Phases, destroy this card unless you send 1 "Iron Core of Koa'ki Meiru" from your hand to the GY or reveal 1 Rock monster in your hand. When your opponent activates a Trap Card (Quick Effect): You can Tribute this card; negate the activation, and if you do, destroy that card.$Rock/Iron Core of Koa'ki Meiru$$Sends from hand to Graveyard for cost/Reveals your hand for cost/Tributes itself for cost$Maintenance cost/Quick$
23927545$Jurrac Protops$Unlimited$FIRE$[Dinosaur/Effect]$$$$$4$1700$1200$$$$This card gains 100 ATK for each monster your opponent controls.$$$$Continuous$
82199284$Mist Valley Falcon$Unlimited$WIND$[Winged Beast/Effect]$$$$$4$2000$1200$$$$Cannot declare an attack unless you return 1 card you control to the hand.$$$Returns from field to hand for cost$Continuous$
20474741$Trident Warrior$Unlimited$LIGHT$[Warrior/Effect]$$$$$4$1800$1200$$$$When this card is Normal Summoned: You can Special Summon 1 Level 3 monster from your hand.$$$Activates upon Normal Summon$Trigger$
83957459$Rhinotaurus$Unlimited$FIRE$[Beast-Warrior/Effect]$$$$$4$1800$600$$$$If 2 or more of your opponent's monsters are destroyed by battle with your monsters during the same Battle Phase, this card can make a second attack during that Battle Phase.$$$$Continuous$
20351153$Hypnocorn$Unlimited$DARK$[Beast/Effect]$$$$$4$1400$600$$$$When this card is Normal Summoned, if your opponent controls a monster and you control no other monsters: You can target 1 Set Spell/Trap Card on the field; destroy that target.$$$Activates upon Normal Summon$Trigger$
13521194$Stygian Street Patrol$Unlimited$DARK$[Fiend/Effect]$$$$$4$1600$1200$$$$If this card destroys a monster by battle and sends it to the GY: Inflict damage to your opponent equal to the original Level of that monster in the GY x 100. You can banish this card from your GY; Special Summon 1 Fiend monster with 2000 or less ATK from your hand.$Fiend$$Activates when it destroys a monster by battle/Activates from your Graveyard$Trigger/Ignition$
12235475$Fabled Ashenveil$Unlimited$LIGHT$[Fiend/Effect]$$$$$4$1600$1200$$$$Once per battle, if this card battles, during damage calculation (Quick Effect): You can send 1 card from your hand to the GY; this card gains 600 ATK during that damage calculation only.$$$Sends from hand to Graveyard for cost$Quick$
96930127$Chain Dog$Unlimited$EARTH$[Beast/Effect]$$$$$4$1600$1100$$$$Cannot be used as a Synchro Material, except for the Synchro Summon of a Beast-Type monster. If this card is in the Graveyard: You can Special Summon this card, and if you do, banish it when it leaves the field. You must control exactly 2 Beast-Type monsters to activate and to resolve this effect.$Beast$$Activates from your Graveyard$Condition/Ignition$
66816282$Koa'ki Meiru Wall$Unlimited$EARTH$[Rock/Effect]$$$$$4$1900$1200$$$$During each of your End Phases, destroy this card unless you send 1 "Iron Core of Koa'ki Meiru" from your hand to the GY or reveal 1 Rock monster in your hand. When your opponent activates a Spell Card (Quick Effect): You can Tribute this card; negate the activation, and if you do, destroy that card.$Iron Core of Koa'ki Meiru/Rock$$Sends from hand to Graveyard for cost/Reveals your hand for cost/Tributes itself for cost$Maintenance cost/Quick$
91438994$Genex Ally Bellflame$Unlimited$DARK$[Machine/Effect]$$$$$4$1700$1000$$$$Each time a monster(s) you control is sent to the Graveyard, place 1 Genex Counter on this card. Each time a card(s) in your opponent's Graveyard is banished, place 2 Genex Counters on this card. This card gains 100 ATK for each Genex Counter on the field. If this card is destroyed by battle and sent to the Graveyard: Inflict 300 damage to your opponent for each Genex Counter that was on this card.$$$Activates if destroyed by battle/Activates from your Graveyard$Continuous/Trigger$
02137678$Meklord Army of Granel$Unlimited$EARTH$[Machine/Effect]$$$$$4$1600$1200$$$$Gains 100 ATK for each "Meklord" monster on the field, except this card. When this card is Normal Summoned: You can target 1 face-up monster your opponent controls; halve that target's ATK, until the end of this turn.$Supports archetypes /Meklord$$$Continuous/Trigger$
62950604$Silent Psychic Wizard$Unlimited$EARTH$[Psychic/Effect]$$$$$4$1900$0$$$$When this card is Normal Summoned: You can target 1 Psychic-Type monster in your Graveyard; banish that target. If this card is sent from the field to the Graveyard: Special Summon that monster banished by this effect.$Psychic$$Activates upon Normal Summon/Activates from your Graveyard$Trigger$
47013502$Dodger Dragon$Unlimited$WIND$[Dragon/Effect]$$$$$4$1900$1200$$$$This card's Normal Summon cannot be negated. After this card was Normal Summoned, your opponent cannot activate Counter Trap Cards for the rest of that turn.$$Counter Trap Card$$Condition/Unclassified$
85682655$Wind-Up Juggler$Unlimited$WIND$[Psychic/Effect]$$$$$4$1700$1000$$$$After damage calculation, if this card battled an opponent's monster: You can destroy that opponent's monster. This effect can be used only once while this card is face-up on the field.$$$$Trigger$
84747429$Airorca$Unlimited$WIND$[Sea Serpent/Effect]$$$$$3$1400$300$$$$Once per turn: You can banish 1 Fish, Sea Serpent, or Aqua-Type monster from your hand, then target 1 face-up card your opponent controls; destroy that target, then banish this card until your next Standby Phase.$Fish/Sea Serpent/Aqua$$Returns itself to the field while banished$Ignition$
73625877$Time Escaper$Unlimited$EARTH$[Psychic/Effect]$$$$$2$500$100$$$$During either player's turn: You can discard this card, then target 1 Psychic-Type monster you control; banish it until your next Standby Phase.$Psychic$$Activates from your hand/Discards itself for cost/Returns banished cards to the field$Quick$
04611269$Lion Alligator$Unlimited$WATER$[Reptile/Effect]$$$$$4$1900$200$$$$While you control another Reptile monster, if a Reptile monster you control attacks a Defense Position monster, inflict piercing battle damage.$Reptile$$$Continuous$
93830681$Friller Rabca$Unlimited$WATER$[Fish/Effect]$$$$$3$700$1500$$$$When a Fish, Sea Serpent, or Aqua-Type monster you control is targeted for an attack: You can banish this card from your Graveyard, then target the attacking monster; negate the attack, and if you do, that target loses 500 ATK until the end of the next turn. You can only use this effect of "Friller Rabca" once per turn.$Fish/Sea Serpent/Aqua$$Activates from your Graveyard$Trigger$
05237827$Vylon Ohm$Unlimited$LIGHT$[Fairy/Effect]$$$$$4$1500$200$$$$If this card is Normal Summoned: Target 1 Equip Spell Card in your Graveyard; banish that target, and if you do, add it to your hand during your next Standby Phase.$Equip Spell Card$$Activates upon Normal Summon/Adds banished cards to the hand$Trigger$
02584136$Shocktopus$Unlimited$WATER$[Fish/Effect]$$$$$4$1600$800$$$$When this card is destroyed by battle with an opponent's monster and sent to the Graveyard: You can equip this card to that opponent's monster. That monster's ATK becomes 0, also it cannot change its battle position.$$$Activates if destroyed by battle/Activates from your Graveyard/Equips self from Graveyard/Prevents Battle Position changes$Trigger/Continuous-like$
95905259$Chow Len the Prophet$Unlimited$FIRE$[Spellcaster/Effect]$$$$$4$1800$200$$$$Once per turn: You can declare either Spell or Trap, then target 1 Set card in your opponent's Spell & Trap Zone; look at that target, and if it is the declared card type, that card cannot be activated this turn.$$$Declares a card type/Reveals face-down cards$Ignition$
$Vampiric Koala (Updated from: Vampire Koala)$$EARTH$[Beast/Effect]$$$$$4$1800$1500$$$$If this card inflicts battle damage to your opponent by battle with a monster: Gain LP equal to the battle damage inflicted.$$$$$
66499018$Flame Tiger$Unlimited$FIRE$[Beast/Effect]$$$$$4$1800$0$$$$During your Draw Phase, if this card is in your Graveyard and you control no monsters, instead of conducting your normal draw: You can Special Summon this card, and if you do, banish it when it leaves the field.$$$Replaces normal draw$Trigger$
64892035$Tardy Orc$Unlimited$DARK$[Fiend/Effect]$$$$$4$2200$0$$$$This card cannot attack the turn it is Normal Summoned.$$$$Continuous$
49374988$Madolche Baaple$Unlimited$EARTH$[Beast/Effect]$$$$$3$0$1800$$$$If this card in your possession is destroyed by your opponent's card (by battle or card effect) and sent to your Graveyard: Shuffle this card into your Deck. Once per turn: You can target 1 Attack Position "Madolche" monster you control and 1 face-up Attack Position monster your opponent controls; if both monsters are still on the field, change them to face-up Defense Position, and if you do, the ones changed by this effect cannot have their battle positions changed until the end of your opponent's next turn.$Supports archetypes /Madolche$$Activates if destroyed by battle/Activates if destroyed by card effect/Activates from your Graveyard/Returns itself from Graveyard to Deck/Changes battle positions/Prevents Battle Position changes$Trigger/Ignition$
40921545$Evilswarm Ketos$Unlimited$DARK$[Aqua/Effect]$$$$$4$1750$1050$$$$You can Tribute this card, then target 1 Spell/Trap Card your opponent controls; destroy that target.$$$Tributes itself for cost$Ignition$
72429240$Evilswarm O'lantern$Unlimited$DARK$[Pyro/Effect]$$$$$4$1650$1250$$$$You can Tribute this card, then target 1 face-up monster your opponent controls; destroy that target.$$$Tributes itself for cost$Ignition$
07914843$Electromagnetic Bagworm$Unlimited$LIGHT$[Insect/Effect]$$$$$3$200$1400$$$$FLIP: Target 1 Machine-Type monster your opponent controls; take control of that target until your next End Phase.If this card is destroyed by battle: The monster that destroyed it loses 500 ATK and DEF.$$Machine$Activates upon being flipped face-up/Changes control/Activates if destroyed by battle$Flip/Trigger$
30464153$Uminotaurus$Unlimited$WATER$[Aqua/Effect]$$$$$4$1700$1700$$$$If a Fish, Sea Serpent, or Aqua-Type monster you control attacks a Defense Position monster, inflict piercing battle damage to your opponent.$Fish/Sea Serpent/Aqua$$$Continuous$
98225108$Leotaur$Unlimited$EARTH$[Beast-Warrior/Effect]$$$$$4$1500$1600$$$$If this card battles a non-Normal Monster, this card gains 500 ATK during the Damage Step only.$Normal Monster$$$Continuous$
42969214$Aye-Iron$Unlimited$EARTH$[Machine/Effect]$$$$$4$1600$1800$$$$Once per turn: You can have this card gain 400 ATK. This card cannot attack the turn you activate this effect.$$$$Ignition/Condition$
78663366$Evilswarm Thunderbird$Unlimited$DARK$[Thunder/Effect]$$$$$4$1650$1050$$$$During either player's turn, when a card or effect is activated (except during the Damage Step): You can banish this card you control. During the next Standby Phase, return this card banished by this effect to the field, and if you do, it gains 300 ATK. You can only use this effect of "Evilswarm Thunderbird" once per turn.$$$Returns itself to the field while banished$Quick/Condition$
30608985$Magical Undertaker$Unlimited$DARK$[Spellcaster/Flip/Effect]$$$$$2$400$400$$$$FLIP: You can target 1 Level 4 or lower Spellcaster monster in your GY; Special Summon that target.$Spellcaster$$Activates upon being flipped face-up$Flip$
54635862$Gentlemander$Unlimited$LIGHT$[Reptile/Effect]$$$$$4$1200$1000$$$$When an opponent's monster declares an attack: You can Special Summon this card from your hand. Your opponent's monsters cannot attack any monsters, except this one.$$$Activates upon attack declaration$Trigger/Continuous$
97396380$Fencing Fire Ferret$Unlimited$FIRE$[Beast/Effect]$$$$$4$1700$600$$$$If this card is destroyed and sent to the GY: Target 1 face-up monster your opponent controls; destroy that target, and if you do, inflict 500 damage to your opponent.$$$$Trigger$
89362180$Skelesaurus$Unlimited$DARK$[Zombie/Gemini/Effect]$$$$$4$1700$1400$$$$This card is treated as a Normal Monster while face-up on the field or in the Graveyard. While this card is a Normal Monster on the field, you can Normal Summon it to have it become an Effect Monster with these effects.●This card becomes EARTH Dinosaur-Type. When this card destroys an opponent's monster by battle and sends it to the Graveyard: You can Special Summon that monster to your field in Defense Position, and if you do, it becomes Zombie-Type.$$$Activates when it destroys a monster by battle$Unclassified/Condition/Continuous/Trigger$
15767889$Knight Day Grepher$Unlimited$LIGHT$[Warrior/Gemini/Effect]$$$$$4$1700$1600$$$$This card is treated as a Normal Monster while face-up on the field or in the Graveyard. While this card is a Normal Monster on the field, you can Normal Summon it to have it become an Effect Monster with this effect.●During your End Phase: You can target 1 Equip Spell Card in your Graveyard; add that target to your hand. You can only use this effect of "Knight Day Grepher" once per turn.$Equip Spell Card$$Adds from Graveyard to hand$Unclassified/Condition/Trigger$
37984162$Gorgonic Golem$Unlimited$DARK$[Rock/Effect]$$$$$3$1200$600$$$$If this card is destroyed by battle and sent to the Graveyard: The ATK of the monster that destroyed it becomes 0. You can banish this card from your Graveyard, then target 1 Set Spell/Trap Card your opponent controls; that target cannot be activated this turn. Your opponent cannot activate the targeted card in response to this effect's activation.$$$Activates from your Graveyard$Trigger/Ignition/Condition$
61318483$Ghostrick Jackfrost$Unlimited$DARK$[Fiend/Effect]$$$$$1$800$100$$$$Cannot be Normal Summoned, unless you control a "Ghostrick" monster. Once per turn: You can change this card to face-down Defense Position. When an opponent's monster declares a direct attack: You can change that opponent's monster to face-down Defense Position, and if you do, Special Summon this card from your hand in face-down Defense Position.$Supports archetypes /Ghostrick$$Changes battle positions/Flips itself face-down/Flips monsters face-down/Activates upon attack declaration$Summon/Ignition/Trigger$
50896944$Black Brachios$Unlimited$EARTH$[Dinosaur/Effect]$$$$$4$1800$1100$$$$When this card is Normal Summoned: You can target 1 monster on the field; change that target to face-up Defense Position.$$$Activates upon Normal Summon/Changes battle positions/Flips monsters face-up$Trigger$
12467005$Tackle Crusader$Unlimited$EARTH$[Rock/Effect]$$$$$4$1500$1800$$$$If this card is sent to the GY: You can activate 1 of these effects.●Target 1 face-up monster your opponent controls; change that target to face-down Defense Position.●Target 1 face-up Spell/Trap your opponent controls; return that target to the hand. This turn, your opponent cannot activate cards with the same name as the card returned to the hand by this effect.$$$Activates from your Graveyard/Changes battle positions/Flips monsters face-down/Returns from field to hand$Trigger/Condition$
99733359$Stegocyber$Unlimited$DARK$[Dinosaur/Effect]$$$$$6$1200$2400$$$$During damage calculation, if your opponent's monster attacks while this card is in your Graveyard: You can pay 1000 LP; Special Summon this card, and if you do, you take no battle damage from that battle, but banish this card when it leaves the field (this is a Quick Effect). You can only use this effect of "Stegocyber" once per turn.$$$$Quick/Condition$
25727454$Master Craftsman Gamil$Unlimited$FIRE$[Pyro/Effect]$$$$$2$200$200$$$$During the Damage Step, when a face-up monster you control battles (Quick Effect): You can send this card from your hand to the GY; that monster gains 300 ATK until the end of this turn.$$$Sends itself from hand to Graveyard for cost$Quick$
47506081$Grenosaurus$Unlimited$FIRE$[Dinosaur/Xyz/Effect]$$$3$$$2000$1900$$2 Level 3 monsters$$When this card destroys an opponent's monster by battle and sends it to the Graveyard: You can detach 1 Xyz Material from this card; inflict 1000 damage to your opponent.$$$Activates when it destroys a monster by battle$Trigger$
95992081$Leviair the Sea Dragon$Unlimited$WIND$[Aqua/Xyz/Effect]$$$3$$$1800$1600$$2 Level 3 monsters$$Once per turn: You can detach 1 material from this card, then target 1 banished Level 4 or lower monster; Special Summon that target to your field.$$$$Ignition$
11411223$Number 10: Illumiknight$Unlimited$LIGHT$[Warrior/Xyz/Effect]$$$4$$$2400$2400$$3 Level 4 monsters$$Once per turn: You can detach 1 Xyz Material from this card; send 1 card from your hand to the Graveyard, and if you do, draw 1 card.$$$Sends from your hand to your Graveyard/You draw cards$Ignition$
47805931$Number 20: Giga-Brilliant$Unlimited$LIGHT$[Insect/Xyz/Effect]$$$3$$$1800$1800$$2 Level 3 monsters$$Once per turn: You can detach 1 Xyz Material from this card; all face-up monsters you currently control gain 300 ATK.$$$$Ignition$
03989465$Lavalval Ignis$Unlimited$FIRE$[Warrior/Xyz/Effect]$$$3$$$1800$1400$$2 Level 3 monsters$$If this card attacks or is attacked, during the Damage Step (in either player's turn): You can detach 1 Xyz Material from this card once per battle; this card gains 500 ATK until the end of this turn.$$$$Quick$
76372778$Evigishki Merrowgeist$Unlimited$WATER$[Aqua/Xyz/Effect]$$$4$$$2100$1600$$2 Level 4 monsters$$After damage calculation, if this card destroys an opponent's monster by battle: You can detach 1 Xyz Material from this card; shuffle the destroyed monster into the Deck instead of sending it to the Graveyard.$$$Returns from your opponent's field to your opponent's Deck$Trigger$
00581014$Daigusto Emeral$Unlimited(OCG)$WIND$[Rock/Xyz/Effect]$$$4$$$1800$800$$2 Level 4 monsters$$Once per turn: You can detach 1 material from this card, then activate 1 of these effects.●Target 3 monsters in your GY; shuffle all 3 into the Deck, then draw 1 card.●Target 1 non-Effect Monster in your GY; Special Summon that target.$Non-Effect Monster$$Returns from your Graveyard to your Deck/You draw cards$Ignition$
12014404$Gagaga Cowboy$Unlimited$EARTH$[Warrior/Xyz/Effect]$$$4$$$1500$2400$$2 Level 4 monsters$$Once per turn: You can detach 1 Xyz Material from this card; apply this effect, depending on this card's current battle position.●Attack Position: If this card attacks an opponent's monster this turn, it gains 1000 ATK, also the opponent's monster loses 500 ATK, during the Damage Step only.●Defense Position: Inflict 800 damage to your opponent.$$$$Ignition$
48009503$Heroic Champion - Gandiva$Unlimited$EARTH$[Warrior/Xyz/Effect]$$$4$$$2100$1800$$2 Level 4 Warrior monsters$$Once per turn, when a Level 4 or lower monster(s) is Special Summoned to your opponent's field (except during the Damage Step): You can detach 1 material from this card; destroy that Special Summoned monster(s).$Warrior$$$Trigger$
74593218$Heroic Champion - Kusanagi$Unlimited$EARTH$[Warrior/Xyz/Effect]$$$4$$$2500$2500$$3 Level 4 Warrior-Type monsters$$Once per turn, during either player's turn, when a Trap Card is activated: You can detach 1 Xyz Material from this card; negate the activation, and if you do, destroy it, then this card gains 500 ATK.$Warrior$$$Quick$
57043117$Giant Soldier of Steel$Unlimited$EARTH$[Rock/Xyz/Effect]$$$3$$$1300$2000$$2 Level 3 Rock-Type monsters$$This card is unaffected by other monsters' effects. Once per turn, during either player's turn: You can detach 1 Xyz Material from this card; it gains 1000 DEF until the end of this turn, and if it does, you take no effect damage from your opponent's card effects this turn.$Rock$$$Continuous/Quick$
95169481$Diamond Dire Wolf$Unlimited$EARTH$[Beast/Xyz/Effect]$$$4$$$2000$1200$$2 Level 4 monsters$$Once per turn: You can detach 1 Xyz Material from this card, then target 1 Beast, Beast-Warrior, or Winged Beast-Type monster you control and 1 other card on the field; destroy them.$Beast/Beast-Warrior/Winged Beast$$$Ignition$
66506689$Tin Archduke$Unlimited$EARTH$[Machine/Xyz/Effect]$$$4$$$2200$1200$$3 Level 4 monsters$$Once per turn, during either player's turn: You can detach 1 Xyz Material from this card, then target 1 monster your opponent controls; change its battle position. (Flip monsters' effects are not activated.)$$Flip monster$Changes battle positions$Quick$
51960178$Fairy Cheer Girl$Unlimited$LIGHT$[Fairy/Xyz/Effect]$$$4$$$1900$1500$$2 Level 4 Fairy-Type monsters$$You can detach 1 Xyz Material from this card; draw 1 card. You can only use this effect of "Fairy Cheer Girl" once per turn.$Fairy$$You draw cards$Ignition/Condition$
80764541$Number 44: Sky Pegasus$Unlimited$LIGHT$[Beast/Xyz/Effect]$$$4$$$1800$1600$$2 Level 4 monsters$$Once per turn: You can detach 1 Xyz Material from this card, then target 1 face-up monster your opponent controls; destroy it, unless your opponent pays 1000 LP to negate this effect.$$$$Ignition$
75367227$Ghostrick Alucard$Unlimited$DARK$[Zombie/Xyz/Effect]$$$3$$$1800$1600$$2 Level 3 monsters$$Monsters your opponent controls cannot target face-up "Ghostrick" monsters, or any face-down Defense Position monsters, for attacks, except this one. You can detach 1 Xyz Material from this card, then target 1 Set card your opponent controls; destroy that target. You can only use this effect of "Ghostrick Alucard" once per turn. If this card is sent to the Graveyard: You can target 1 other "Ghostrick" card in your Graveyard; add that target to your hand.$Supports archetypes /Ghostrick$$Activates from your Graveyard/Adds from Graveyard to hand$Continuous/Ignition/Condition/Trigger$
68836428$Tri-Edge Levia$Unlimited$WATER$[Sea Serpent/Xyz/Effect]$$$3$$$1800$1500$$3 Level 3 monsters$$Banish any monster destroyed by battle with this card. Once per turn, during either player's turn: You can detach 1 Xyz Material from this card, then target 1 face-up monster on the field; it loses 800 ATK, also its effects are negated. These changes last until the end of this turn.$$$$Continuous/Quick$
72302403$Swords of Revealing Light$Unlimited$SPELL$$$$$$$$$$$$After this card's activation, it remains on the field, but you must destroy it during the End Phase of your opponent's 3rd turn. When this card is activated: If your opponent controls a face-down monster, flip all monsters they control face-up. While this card is face-up on the field, your opponent's monsters cannot declare an attack.$$$Flips monsters face-up$Condition/Effect/Continuous-like$
70046172$Rush Recklessly$Unlimited$SPELL$$$$$$$$$Quick-Play$$$Target 1 face-up monster on the field; it gains 700 ATK until the end of this turn.$$$$Effect$
86198326$7 Completed$Unlimited$SPELL$$$$$$$$$Equip$$$Activate this card by choosing ATK or DEF; equip only to a Machine monster. It gains 700 ATK or DEF, depending on the choice.$Machine$$$Condition/Continuous-like$
70828912$Premature Burial$Forbidden(OCG)$SPELL$$$$$$$$$Equip$$$Activate this card by paying 800 LP, then target 1 monster in your Graveyard; Special Summon that target in Attack Position and equip it with this card. When this card is destroyed, destroy the equipped monster.$$$Equips self from field$Cost/Effect/Continuous-like$
82432018$Mask of Brutality$Unlimited$SPELL$$$$$$$$$Equip$$$The equipped monster gains 1000 ATK and loses 1000 DEF. Once per turn, during your Standby Phase, pay 1000 LP or destroy this card.$$$$Continuous-like/Maintenance cost$
19230407$Offerings to the Doomed$Unlimited$SPELL$$$$$$$$$Quick-Play$$$Target 1 face-up monster on the field; destroy that target, also skip your next Draw Phase.$$$Skips Draw Phase$Effect$
73915051$Scapegoat$Unlimited$SPELL$$$$$$$$$Quick-Play$$$Special Summon 4 "Sheep Tokens" (Beast/EARTH/Level 1/ATK 0/DEF 0) in Defense Position. They cannot be Tributed for a Tribute Summon. You cannot Summon other monsters the turn you activate this card (but you can Normal Set).$$$$Effect/Lingering/Condition$
95281259$The Warrior Returning Alive$Unlimited$SPELL$$$$$$$$$$$$Target 1 Warrior monster in your GY; add that target to your hand.$Warrior$$Adds from Graveyard to hand$Effect$
55991637$Dragon's Gunfire$Unlimited$SPELL$$$$$$$$$$$$If you control a Dragon monster: Activate 1 of these effects;●Inflict 800 damage to your opponent.●Target 1 monster with 800 or less DEF; destroy that target.$Dragon$$$Activation requirement/Effect$
81385346$Stamping Destruction$Unlimited$SPELL$$$$$$$$$$$$If you control a Dragon monster: Target 1 Spell/Trap on the field; destroy that target, and if you do, inflict 500 damage to its controller.$Dragon$$$Activation requirement/Effect$
37684215$Fusion Sword Murasame Blade$Unlimited$SPELL$$$$$$$$$Equip$$$Equip only to a Warrior monster. It gains 800 ATK. While equipped to a monster, this card cannot be destroyed by card effects.$Warrior$$$Condition/Continuous-like$
31036355$Creature Swap$Unlimited$SPELL$$$$$$$$$$$$Each player chooses 1 monster they control and switches control of those monsters with each other. Those monsters cannot change their battle positions for the rest of this turn.$$$Changes control/Prevents Battle Position changes$Effect/Condition$
02204140$Book of Life$Unlimited$SPELL$$$$$$$$$$$$Target 1 Zombie monster in your GY and 1 monster in your opponent's GY; Special Summon the first target, also banish the second target.$Zombie$$$Effect$
04861205$Call of the Mummy$Unlimited$SPELL$$$$$$$$$Continuous$$$Once per turn: You can Special Summon 1 Zombie monster from your hand. You must control no monsters to activate and to resolve this effect.$Zombie$$$Ignition-like/Condition$
10012614$Banner of Courage$Unlimited$SPELL$$$$$$$$$Continuous$$$All monsters you control gain 200 ATK during your Battle Phase only.$$$$Continuous-like$
28106077$Cestus of Dagla$Unlimited$SPELL$$$$$$$$$Equip$$$Equip only to a Fairy monster. It gains 500 ATK. If it inflicts battle damage to your opponent: Gain LP equal to the damage inflicted.$Fairy$$Activates when it inflicts battle damage$Condition/Continuous-like/Trigger-like$
98045062$Enemy Controller$Unlimited$SPELL$$$$$$$$$Quick-Play$$$Activate 1 of these effects.●Target 1 face-up monster your opponent controls; change that target's battle position.●Tribute 1 monster, then target 1 face-up monster your opponent controls; take control of that target until the End Phase.$$$Tributes for cost/Changes control/Changes battle positions$Condition/Effect/Cost$
82828051$Earthquake$Unlimited$SPELL$$$$$$$$$$$$Change all face-up monsters on the field to Defense Position.$$$Changes battle positions$Effect$
12923641$Swords of Concealing Light$Unlimited$SPELL$$$$$$$$$Continuous$$$Destroy this card during your 2nd Standby Phase after activation. When this card resolves, change all monsters your opponent controls to face-down Defense Position. Monsters your opponent controls cannot change their battle positions.$$$Flips monsters face-down/Changes battle positions/Prevents battle position changes$Condition/Effect/Continuous-like$
36045450$Magicians Unite$Unlimited$SPELL$$$$$$$$$$$$If you control 2 or more Attack Position Spellcaster monsters: Target 1 of them; its ATK becomes 3000 until the end of this turn, also for the rest of this turn after this card resolves, other Spellcaster monsters you control cannot attack.$Spellcaster$$$Activation requirement/Effect$
37534148$Ribbon of Rebirth$Unlimited$SPELL$$$$$$$$$Equip$$$During the End Phase, if the equipped monster was destroyed by battle and sent to the Graveyard this turn: Special Summon it from the Graveyard to your side of the field.$$$Activates if destroyed by battle/Activates from your Graveyard$Trigger-like$
01353770$Valhalla, Hall of the Fallen$Unlimited$SPELL$$$$$$$$$Continuous$$$Once per turn: You can Special Summon 1 Fairy monster from your hand. You must control no monsters to activate and to resolve this effect.$Fairy$$$Ignition-like/Condition$
06178850$Fighting Spirit$Unlimited$SPELL$$$$$$$$$Equip$$$The equipped monster gains 300 ATK for each monster your opponent controls. If it would be destroyed by battle, you can destroy this card instead.$$$$Continuous-like$
04230620$Psi-Station$Unlimited$SPELL$$$$$$$$$Continuous$$$When a Psychic-Type monster is Normal Summoned: You can pay 500 LP; increase its Level by 1 and ATK by 300. (This remains even if this card leaves the field.)$Psychic$$Activates upon Normal Summon$Trigger-like$
62991886$Unstable Evolution$Unlimited$SPELL$$$$$$$$$Equip$$$While your LP is lower than your opponent's, the equipped monster's original ATK becomes 2400. While your LP is higher, the equipped monster's original ATK becomes 1000.$$$$Continuous-like$
99995595$Recycling Batteries$Unlimited$SPELL$$$$$$$$$$$$Target 2 Thunder-Type monsters with 1500 or less ATK in your Graveyard; add those targets to your hand.$Thunder$$Adds from Graveyard to hand$Effect$
35480699$Book of Eclipse$Unlimited$SPELL$$$$$$$$$Quick-Play$$$Change all face-up monsters on the field to face-down Defense Position. During the End Phase of this turn, change as many face-down Defense Position monsters your opponent controls as possible to face-up Defense Position, then your opponent draws cards equal to the number of monsters changed face-up by this effect.$$$Changes battle positions/Flips monsters face-down/Flips monsters face-up/Your opponent draws cards$Effect/Lingering$
45247637$Mark of the Rose$Unlimited$SPELL$$$$$$$$$Equip$$$Activate this card by banishing 1 Plant monster from your GY, then target 1 face-up monster your opponent controls; equip this card to it. Take control of the equipped monster. Once per turn, during your End Phase: Negate this card's effect until your next Standby Phase.$Plant$$Takes control of equipped$Cost/Continuous-like/Trigger-like$
32180819$Psychokinesis$Unlimited$SPELL$$$$$$$$$$$$If you control a Psychic-Type monster: Target 1 card on the field; destroy it, and if you do, take 1000 damage.$Psychic$$$Activation requirement/Effect$
44887817$Miracle Fertilizer$Unlimited$SPELL$$$$$$$$$Continuous$$$Once per turn: You can target 1 Plant monster in your GY; Special Summon that target. You cannot Normal Summon/Set during the turn you Special Summon with this effect (even if this card leaves the field). If a monster Special Summoned by this effect leaves the field, destroy this card.$Plant$$$Ignition-like/Condition/Continuous-like$
92346415$Psychic Sword$Unlimited$SPELL$$$$$$$$$Equip$$$Equip only to a Psychic-Type monster. While your LP is lower than your opponent's, the equipped monster gains ATK equal to the difference (max. 2000).$Psychic$$$Condition/Continuous-like$
25789292$Forbidden Chalice$Unlimited$SPELL$$$$$$$$$Quick-Play$$$Target 1 face-up monster on the field; until the end of this turn, that target gains 400 ATK, but its effects are negated.$$$$Effect$
95507060$Raging Mad Plants$Unlimited$SPELL$$$$$$$$$Quick-Play$$$All Plant-Type monsters you currently control gain 300 ATK for each Plant-Type monster currently in your Graveyard, until the end of this turn. During the End Phase, destroy all Plant-Type monsters you control.$Plant$$$Effect$
91580102$Reptilianne Rage$Unlimited$SPELL$$$$$$$$$Equip$$$The equipped monster becomes Reptile-Type. It gains 800 ATK. If this card is destroyed and sent to the Graveyard: Target 1 face-up monster your opponent controls; it loses 800 ATK.$$$Activates from your Graveyard$Continuous-like/Trigger-like$
25518020$Machine Assembly Line$Unlimited$SPELL$$$$$$$$$Continuous$$$All Machine monsters on the field gain 200 ATK. Each time a face-up Machine monster(s) on the field is destroyed by battle or card effect, place 2 Junk Counters on this card. You can send this card to the GY, then target 1 Machine monster in your GY whose Level is less than or equal to the number of Junk Counters that were on this card; Special Summon that target.$Machine$$Activates if destroyed by battle/Activates if destroyed by card effect/Sends itself from field to Graveyard for cost$Continuous-like/Ignition-like$
66835946$Pyramid of Wonders$Unlimited$SPELL$$$$$$$$$Continuous$$$All Zombie monsters you control gain 200 ATK for each monster your opponent controls. If exactly 1 Zombie monster you control (and no other cards) would be destroyed, you can send this card to the GY instead.$Zombie$$Sends itself from field to Graveyard$Continuous-like$
98867329$Cursed Armaments$Unlimited$SPELL$$$$$$$$$Equip$$$The equipped monster loses 600 ATK for each monster you control. When this card is sent from the field to the Graveyard: You can target 1 face-up monster your opponent controls; equip it with this card.$$$Activates from your Graveyard/Equips self from Graveyard$Continuous-like/Trigger-like$
84428023$Wattjustment$Unlimited$SPELL$$$$$$$$$Equip$$$Equip only to a Level 3 or lower Thunder-Type monster. It gains 800 ATK, also its effects are negated. Each time it inflicts battle damage to your opponent: Draw 1 card.$Thunder$$You draw cards$Condition/Continuous-like/Trigger-like$
78082039$Closed Forest$Unlimited$SPELL$$$$$$$$$Field$$$All Beast-Type monsters you control gain 100 ATK for each monster in your Graveyard. Field Spell Cards cannot be activated. Field Spell Cards cannot be activated during the turn this card is destroyed.$Beast$Field Spell Card$$Continuous-like/Unclassified$
27243130$Forbidden Lance$Unlimited$SPELL$$$$$$$$$Quick-Play$$$Target 1 face-up monster on the field; until the end of this turn, that target loses 800 ATK, but is unaffected by the effects of other Spells/Traps.$$$$Effect$
67775894$Wonder Wand$Unlimited$SPELL$$$$$$$$$Equip$$$Equip only to a Spellcaster monster. It gains 500 ATK. If you control the equipped monster and this card: You can send both to the GY; draw 2 cards.$Spellcaster$$Sends from field to Graveyard for cost/Sends itself from field to Graveyard for cost/You draw cards$Condition/Continuous-like/Ignition-like$
60398723$Murmur of the Forest$Unlimited$SPELL$$$$$$$$$$$$Target 1 face-up monster your opponent controls; change that target to face-down Defense Position, then you can return all Field Spell Cards on the field to the hand.$Field Spell Card$Field Spell Card$Flips monsters face-down/Returns from field to hand$Effect$
53610653$Bound Wand$Unlimited$SPELL$$$$$$$$$Equip$$$Equip only to a Spellcaster monster that has a Level. It gains ATK equal to its Level x 100. If the equipped monster is destroyed by your opponent's card and sent to the GY, and this card is sent to your GY as a result: You can Special Summon that monster.$Spellcaster$$Activates from your Graveyard$Condition/Continuous-like/Trigger-like$
89882100$Night Beam$Unlimited$SPELL$$$$$$$$$$$$Target 1 Set Spell/Trap your opponent controls; destroy that target. Your opponent cannot activate the targeted card in response to this card's activation.$$$$Effect/Condition$
88616795$Spellbook of Wisdom$Unlimited$SPELL$$$$$$$$$Quick-Play$$$Target 1 Spellcaster monster on the field, then activate 1 of these effects;●That face-up monster is unaffected by other Spell effects this turn.●That face-up monster is unaffected by Trap effects this turn.$Spellcaster$$$Effect$
73199638$Call of the Atlanteans$Unlimited$SPELL$$$$$$$$$Quick-Play$$$Target 3 Level 3 or lower Sea Serpent-Type monsters in your Graveyard; Special Summon all 3 of them. You cannot Special Summon any other monsters during the turn you activate this card.$Sea Serpent$$$Effect/Condition$
36042825$One-Shot Wand$Unlimited$SPELL$$$$$$$$$Equip$$$Equip only to a Spellcaster-Type monster. It gains 800 ATK. If the equipped monster attacks or is attacked, after damage calculation: You can destroy this card, and if you do, draw 1 card.$Spellcaster$$You draw cards$Condition/Continuous-like/Trigger-like$
96864811$Forbidden Dress$Unlimited$SPELL$$$$$$$$$Quick-Play$$$Target 1 face-up monster on the field; until the end of this turn, that target loses 600 ATK, but cannot be targeted or destroyed by other card effects.$$$$Effect$
83438826$Noble Arms - Arfeudutyr$Unlimited$SPELL$$$$$$$$$Equip$$$You can only control 1 "Noble Arms - Arfeudutyr". Equip only to a Warrior-Type monster. Once per turn: You can target 1 Set card your opponent controls; the equipped monster loses exactly 500 ATK, and if it does, destroy that target. (This ATK loss remains even if this card leaves the field or the monster becomes unaffected by card effects.) If this face-up card on the field is destroyed and sent to the Graveyard: You can target 1 Warrior-Type "Noble Knight" monster you control; equip this card to that target. You can only use this effect of "Noble Arms - Arfeudutyr" once per turn.$Supports archetypes /Noble Knight$$Activates from your Graveyard/Equips self from Graveyard$Condition/Ignition-like/Trigger-like$
23562407$Noble Arms - Caliburn$Unlimited$SPELL$$$$$$$$$Equip$$$You can only control 1 "Noble Arms - Caliburn". Equip only to a Warrior-Type monster. It gains 500 ATK. Once per turn: You can gain 500 LP. If this face-up card on the field is destroyed and sent to the Graveyard: You can target 1 Warrior-Type "Noble Knight" monster you control; equip this card to that target. You can only use this effect of "Noble Arms - Caliburn" once per turn.$Supports archetypes /Noble Knight$$Activates from your Graveyard/Equips self from Graveyard$Condition/Continuous-like/Ignition-like/Trigger-like$
42502956$Ayers Rock Sunrise$Unlimited$SPELL$$$$$$$$$$$$Target 1 Beast monster in your GY; Special Summon that target, and if you do, all face-up monsters your opponent currently controls lose 200 ATK for each Beast, Plant, and Winged Beast monster currently in your GY, until the end of this turn. You can only activate 1 "Ayers Rock Sunrise" per turn.$Beast/Plant/Winged Beast$$$Effect/Condition$
54773234$Forbidden Scripture$Unlimited$SPELL$$$$$$$$$Quick-Play$$$If a monster battles an opponent's monster, during damage calculation: Negate all other card effects on the field until the end of the Damage Step, also damage calculation for this battle uses each monster's original ATK and DEF.$$$$Activation requirement/Effect$
52112003$Card Advance$Unlimited$SPELL$$$$$$$$$$$$Look at up to 5 cards from the top of your Deck, then place them on the top of the Deck in any order. You can Tribute Summon 1 monster in addition to your Normal Summon/Set this turn. (You can only gain this effect once per turn.)$$$Looks at cards from the top of your Deck/Changes your Deck order/Places cards from your Deck on the top of the Deck$Effect$
88610708$Bashing Shield$Unlimited$SPELL$$$$$$$$$Equip$$$Equip only to a Normal Summoned/Set monster. It gains 1000 ATK. You take no battle damage from attacks involving it.$$$$Condition/Continuous-like$
97077563$Call of the Haunted$Unlimited$TRAP$$$$$$$$$Continuous$$$Activate this card by targeting 1 monster in your GY; Special Summon that target in Attack Position. When this card leaves the field, destroy that monster. When that monster is destroyed, destroy this card.$$$$Effect/Continuous-like$
22359980$Mirror Wall$Unlimited$TRAP$$$$$$$$$Continuous$$$Halve the ATK of your opponent's attacking monsters. Once per turn, during your Standby Phase, pay 2000 LP or destroy this card.$$$$Continuous-like/Maintenance cost$
68540058$Metalmorph$Unlimited$TRAP$$$$$$$$$$$$Target 1 face-up monster on the field; equip this card to that target. It gains 300 ATK/DEF. If it attacks, it gains ATK equal to half the ATK of the attack target, during damage calculation only.$$$Equips self from field$Effect/Continuous-like$
57882509$Mask of Weakness$Unlimited$TRAP$$$$$$$$$$$$Target 1 attacking monster; that target loses 700 ATK until the end of this turn.$$$Activates upon attack declaration$Effect$
41925941$Bark of Dark Ruler$Unlimited$TRAP$$$$$$$$$$$$If a Fiend monster you control battles, during the Damage Step: Pay LP (in multiples of 100), then target the opponent's battling monster; that opponent's monster loses that much ATK and DEF, until the end of this turn.$Fiend$$$Activation requirement/Cost/Effect$
31785398$Ready for Intercepting$Unlimited$TRAP$$$$$$$$$$$$Target 1 Warrior or Spellcaster monster on the field; change that target to face-down Defense Position.$Spellcaster/Warrior$Spellcaster/Warrior$Flips monsters face-down/Changes battle positions$Effect$
80163754$Burst Breath$Unlimited$TRAP$$$$$$$$$$$$Tribute 1 Dragon-Type monster; destroy all face-up monsters on the field whose DEF is less than or equal to the ATK the Tributed monster had on the field.$Dragon$$Tributes for cost$Cost/Effect$
98239899$Blast with Chain$Unlimited$TRAP$$$$$$$$$$$$Target 1 face-up monster you control; equip this card to that target. It gains 500 ATK. If this card is destroyed by a card effect while equipped: Target 1 card on the field; destroy that target.$$$Equips self from field$Effect/Continuous-like/Trigger-like$
03149764$Tutan Mask$Unlimited$TRAP$$$$$$$$$Counter$$$When a Spell/Trap Card is activated that targets exactly 1 Zombie monster on the field (and no other cards): Negate the activation, and if you do, destroy it.$Zombie$$$Activation requirement/Effect$
59744639$Windstorm of Etaqua$Unlimited$TRAP$$$$$$$$$$$$Change the battle positions of all face-up monsters your opponent controls.$$$Changes battle positions$Effect$
83133491$Zero Gravity$Unlimited$TRAP$$$$$$$$$$$$Change the battle positions of all face-up monsters on the field.$$$Changes battle positions$Effect$
29267084$Shadow Spell$Unlimited$TRAP$$$$$$$$$Continuous$$$Activate this card by targeting 1 face-up monster your opponent controls; it loses 700 ATK, also it cannot attack or change its battle position. When it leaves the field, destroy this card.$$$Prevents Battle Position changes$Continuous-like$
66742250$Curse of Anubis$Unlimited$TRAP$$$$$$$$$$$$Change all Effect Monsters on the field to Defense Position. Until the end of this turn, the original DEF of those monsters becomes 0, also their battle positions cannot be changed.$$Effect Monster$Changes battle positions/Prevents battle position changes$Effect/Condition$
12503902$Rare Metalmorph$Unlimited$TRAP$$$$$$$$$Continuous$$$Activate this card by targeting 1 Machine monster on the field; while this card is face-up on the field, that Machine monster gains 500 ATK, also negate the first Spell effect that targets that monster. When that monster leaves the field, destroy this card.$Machine$$$Continuous-like$
96008713$Magical Arm Shield$Unlimited$TRAP$$$$$$$$$$$$When your opponent declares an attack while you control a monster: Target 1 face-up monster your opponent controls, except the attacking monster; take control of that target until the end of the Battle Phase, and if you do, it is attacked instead, and you proceed to damage calculation.$$$Activates upon attack declaration/Changes control$Activation requirement/Effect$
77538567$Dark Bribe$Unlimited$TRAP$$$$$$$$$Counter$$$When your opponent activates a Spell/Trap Card: Your opponent draws 1 card, also negate the Spell/Trap activation, and if you do, destroy it.$$$Your opponent draws cards$Activation requirement/Effect$
04923662$Chaos Burst$Unlimited$TRAP$$$$$$$$$$$$When your opponent's monster declares an attack: Tribute 1 monster, then target the attacking monster; destroy that target, then inflict 1000 damage to your opponent.$$$Activates upon attack declaration/Tributes for cost$Activation requirement/Cost/Effect$
60306104$No Entry!!$Unlimited$TRAP$$$$$$$$$$$$Change all Attack Position monsters to Defense Position.$$$Changes battle positions$Effect$
93895605$Hate Buster$Unlimited$TRAP$$$$$$$$$$$$When a Fiend-Type monster you control is targeted for an attack: Target the opponent's attacking monster and that monster you control; destroy both targets, and if you do, inflict damage to your opponent equal to the original ATK of the opponent's destroyed monster.$Fiend$$$Activation requirement/Effect$
34815282$Miniaturize$Unlimited$TRAP$$$$$$$$$Continuous$$$Activate this card by targeting 1 monster on the field with more than 1000 original ATK that has a Level; its Level is reduced by 1, also it loses 1000 ATK. When that monster leaves the field, destroy this card.$$$$Continuous-like$
82633308$Psychic Overload$Unlimited$TRAP$$$$$$$$$$$$Target 3 Psychic-Type monsters in your Graveyard; shuffle all 3 into the Deck, then draw 2 cards.$Psychic$$Returns from your Graveyard to your Deck/You draw cards$Effect$
23323812$Telepathic Power$Unlimited$TRAP$$$$$$$$$$$$When a Psychic-Type monster you control is destroyed by battle with an opponent's attacking monster: Target the opponent's monster; destroy that target, and if you do, gain LP equal to the destroyed monster's ATK on the field.$Psychic$$Activates if destroyed by battle$Activation requirement/Effect$
59718521$Mind Over Matter$Unlimited$TRAP$$$$$$$$$Counter$$$When a monster would be Normal or Special Summoned, OR a Spell/Trap Card is activated: Tribute 1 Psychic-Type monster; negate the Summon or activation, and if you do, destroy that card.$Psychic$$Tributes for cost$Cost/Effect$
37390589$Kunai with Chain$Unlimited$TRAP$$$$$$$$$$$$Activate 1 or both of these effects (simultaneously).●When an opponent's monster declares an attack: Target the attacking monster; change that target to Defense Position.●Target 1 face-up monster you control; equip this card to that target. It gains 500 ATK.$$$Activates upon attack declaration/Equips self from field/Changes battle positions$Condition/Activation requirement/Effect/Continuous-like$
91078716$Pollinosis$Unlimited$TRAP$$$$$$$$$Counter$$$When a monster(s) would be Normal or Special Summoned, OR a Spell/Trap Card is activated: Tribute 1 Plant monster; negate the Summon or activation, and if you do, destroy that card.$Plant$$Tributes for cost$Activation requirement/Cost/Effect$
54451023$Plant Food Chain$Unlimited$TRAP$$$$$$$$$$$$Target 1 Plant-Type monster you control; equip this card to that target. It gains 500 ATK. If this card is destroyed by a card effect while equipped: You can target 1 Plant-Type monster in your Graveyard; Special Summon that target.$Plant$$Equips self from field/Activates if destroyed by card effect$Effect/Continuous-like/Trigger-like$
97168905$Miracle Locus$Unlimited$TRAP$$$$$$$$$$$$Target 1 face-up Attack Position monster you control; your opponent draws 1 card, also that monster gains 1000 ATK until the end of this turn, and if it does, it can make up to 2 attacks on monsters during each Battle Phase this turn. If it attacks or is attacked this turn, your opponent takes no battle damage from that attack.$$$Your opponent draws cards$Effect$
73729209$Skill Successor$Unlimited$TRAP$$$$$$$$$$$$Target 1 face-up monster you control; it gains 400 ATK until the end of this turn. During your turn, except the turn this card was sent to the GY: You can banish this card from your GY, then target 1 face-up monster you control; that target gains 800 ATK until the end of this turn.$$$Activates from your Graveyard$Effect/Quick-like$
17490535$Alien Brain$Unlimited$TRAP$$$$$$$$$$$$If a Reptile monster you control is destroyed by battle with an opponent's attacking monster and sent to the GY: Take control of the opponent's monster, and if you do, it becomes a Reptile.$Reptile$$Changes control$Activation requirement/Effect$
43889633$Forgotten Temple of the Deep$Unlimited$TRAP$$$$$$$$$Continuous$$$While this card is on the field, this card's name becomes "Umi". Once per turn: You can target 1 Level 4 or lower Fish, Sea Serpent or Aqua-Type monster you control; banish that target. During your End Phase: Special Summon the monster(s) banished by this effect.$Umi/Fish/Sea Serpent/Aqua$$$Continuous-like/Quick-like/Trigger-like$
16678947$Psi-Curse$Unlimited$TRAP$$$$$$$$$$$$When a Psychic-Type monster you control is destroyed by battle with an opponent's attacking monster and sent to the Graveyard: Target the opponent's monster; destroy that target, and if you do, inflict damage to your opponent equal to the Level of your destroyed Psychic-Type monster x 300.$Psychic$$$Activation requirement/Effect$
87106146$Damage Gate$Unlimited$TRAP$$$$$$$$$$$$When you take Battle Damage: Target 1 monster in your Graveyard with ATK less than or equal to the amount of damage you took; Special Summon that target.$$$$Activation requirement/Effect$
32854013$Super Rush Recklessly$Unlimited$TRAP$$$$$$$$$$$$Target 1 Beast monster you control and 1 monster your opponent controls; destroy the first target, and if you do, shuffle the second target into the Deck.$Beast$$Returns from your opponent's field to your opponent's Deck$Effect$
21636650$Miracle's Wake$Unlimited$TRAP$$$$$$$$$$$$Target 1 monster that was destroyed by battle and sent to your GY this turn; Special Summon it.$$$$Effect$
89792713$Nordic Relic Laevateinn$Unlimited$TRAP$$$$$$$$$$$$Target 1 face-up monster on the field that destroyed a monster by battle this turn; destroy it. Cards and effects cannot be activated in response to this card's activation.$$$$Effect/Condition$
03146695$Psychic Reactor$Unlimited$TRAP$$$$$$$$$$$$If you control a Psychic-Type monster: Apply this effect to all Psychic-Type monsters you currently control, for the rest of this turn. When a Psychic-Type monster you control battles an opponent's monster, after damage calculation: Banish that Psychic-Type monster, also banish that opponent's monster.$Psychic$$$Activation requirement/Effect/Trigger-like$
25642998$Poseidon Wave$Unlimited$TRAP$$$$$$$$$$$$When an opponent's monster declares an attack: Target the attacking monster; negate the attack, and if you do, inflict 800 damage to your opponent for each Fish, Sea Serpent, or Aqua-Type monster you control.$Fish/Sea Serpent/Aqua$$Activates upon attack declaration$Activation requirement/Effect$
11741041$Raigeki Bottle$Unlimited$TRAP$$$$$$$$$Continuous$$$Each time a monster you control declares an attack, place 1 Thunder Counter on this card. You can send this card with 4 or more Thunder Counters to the Graveyard; destroy all monsters your opponent controls.$$$Sends itself from field to Graveyard for cost$Continuous-like/Quick-like$
75987257$Butterflyoke$Unlimited$TRAP$$$$$$$$$$$$When an opponent's monster declares an attack: Target the attacking monster; change that target to Defense Position, and if you do, equip this card to that monster. Once per turn, during either player's Main Phase or Battle Phase: You can change the equipped monster's Battle Position.$$$Activates upon attack declaration/Equips self from field/Changes battle positions$Activation requirement/Effect/Quick-like$
44046281$Dimension Gate$Unlimited$TRAP$$$$$$$$$Continuous$$$Activate this card by targeting 1 monster you control; banish that target face-up. When an opponent's monster declares a direct attack: You can send this face-up card on the field to the Graveyard. If this card is sent to the Graveyard: You can Special Summon the monster banished by this card's effect.$$$Activates upon attack declaration/Sends itself from field to Graveyard/Activates from your Graveyard$Effect/Trigger-like$
78474168$Breakthrough Skill$Unlimited$TRAP$$$$$$$$$$$$Target 1 face-up Effect Monster your opponent controls; that face-up monster your opponent controls has its effects negated until the end of this turn. During your turn, except the turn this card was sent to the Graveyard: You can banish this card from your Graveyard, then target 1 face-up Effect Monster your opponent controls; that target has its effects negated until the end of this turn.$$Effect Monster$Activates from your Graveyard$Effect/Quick-like$
44509898$Pinpoint Guard$Unlimited$TRAP$$$$$$$$$$$$When an opponent's monster declares an attack: Target 1 Level 4 or lower monster in your Graveyard; Special Summon it in Defense Position. It cannot be destroyed by battle or card effects this turn.$$$Activates upon attack declaration$Activation requirement/Effect$
71098407$Memory Loss$Unlimited$TRAP$$$$$$$$$$$$When an effect of an Attack Position monster your opponent controls is activated: Negate that effect, and if you do, change that monster to face-up Defense Position.$$$Changes battle positions$Activation requirement/Effect$
63630268$Butterspy Protection$Unlimited$TRAP$$$$$$$$$$$$Target 1 face-up Attack Position monster on the field; change it to face-up Defense Position, also any damage you take for the rest of this turn is halved.$$$Changes battle positions$Effect$
23122036$Intrigue Shield$Unlimited$TRAP$$$$$$$$$$$$Target 1 face-up monster you control; equip this card to that target. Once per turn, while the equipped monster is in Attack Position, it cannot be destroyed by battle. You take no battle damage from attacks involving it.$$$Equips self from field$Effect/Continuous-like$
25005816$Inspiration$Unlimited$TRAP$$$$$$$$$$$$Target 1 face-up monster you control; it gains 700 ATK until the end of this turn.$$$$Effect$
51099515$Ghosts From the Past$Unlimited$TRAP$$$$$$$$$$$$Banish 2 monsters from your GY, then target 1 Attack Position monster on the field; change its ATK to 0 until the end of this turn.$$$$Cost/Effect$
88494120$Unbreakable Spirit$Unlimited$TRAP$$$$$$$$$$$$If you control only 1 face-up monster: Target that monster; until the end of this turn, it gains ATK equal to the ATK of the monster your opponent currently controls with the lowest ATK (your choice, if tied).$$$$Activation requirement/Effect$
14883228$Typhoon$Unlimited$TRAP$$$$$$$$$$$$Target 1 face-up Spell/Trap on the field; destroy it. If your opponent controls 2 or more Spells/Traps and you control no Spells/Traps, you can activate this card from your hand.$$$$Effect/Condition$
50277973$Swamp Mirrorer$Unlimited$TRAP$$$$$$$$$Continuous$$$Activate this card by declaring 1 Monster Type and 1 Attribute; Special Summon this card as a Normal Monster (Level 4/ATK 1800/DEF 1000) with that Type and Attribute. (This card is also still a Trap.)$$$Declares a Type/Declares an Attribute$Effect/Condition$
87772572$Quantum Cat$Unlimited$TRAP$$$$$$$$$Continuous$$$Activate this card by declaring 1 Monster Type and 1 Attribute; Special Summon this card as a Normal Monster (Level 4/ATK 0/DEF 2200) with that Type and Attribute. (This card is also still a Trap.)$$$Declares a Type/Declares an Attribute$Effect/Condition$
