Passcode$Name$Status$Attribute$type$link$link_arrows$rank$pendulum_scale$level$attack$defense$spell_attribute$summoning_condition$pendulum_condition$card_text$card_supports$card_anti_supports$card_actions$effect_types$
77542832$Evilswarm Heliotrope$Unlimited$DARK$[Rock/Normal]$$$$$4$1950$650$$$$.ytilaer a maerd rieht ekam thgim yeht taht os ydob a rof gninraey ,sluos mrawsleetS gniregnil fo sthguoht eht era esehT "!etanimretxE !etacidarE !etanimilE"$$$$$
13945283$Wall of Illusion$Unlimited$DARK$[Fiend/Effect]$$$$$4$1000$1850$$$$If this card is attacked by a monster, after damage calculation: Return that monster to the hand.$$$Returns from field to hand/Returns from your opponent's field to your opponent's hand/Returns battling monster to hand after damage calculation$Trigger$
16768387$Big Eye$Unlimited$DARK$[Fiend/Effect]$$$$$4$1200$1000$$$$FLIP: Look at up to 5 cards from the top of your Deck, then place them on the top of the Deck in any order.$$$Activates upon being flipped face-up/Looks at cards from the top of your Deck/Changes your Deck order/Places cards from your Deck on the top of the Deck$Flip$
62340868$Kazejin$Unlimited$WIND$[Spellcaster/Effect]$$$$$7$2400$2200$$$$During damage calculation in your opponent's turn, if this card is being attacked: You can target the attacking monster; make that target's ATK 0 during damage calculation only (this is a Quick Effect). This effect can only be used once while this card is face-up on the field.$$$$Quick/Condition$
39751093$Otohime$Unlimited$LIGHT$[Spellcaster/Spirit/Effect]$$$$$3$0$100$$$$Cannot be Special Summoned. During the End Phase of the turn this card is Normal Summoned or flipped face-up: Return it to the hand. When this card is Normal Summoned or flipped face-up: You can target 1 face-up monster your opponent controls; change that target's battle position.$$$Returns itself from field to hand/Activates upon Normal Summon/Changes battle positions$Summon/Trigger$
51534754$Yomi Ship$Unlimited$WATER$[Aqua/Effect]$$$$$3$800$1400$$$$If this card is destroyed by battle and sent to the GY: Destroy the monster that destroyed this card.$$$Activates if destroyed by battle/Activates from your Graveyard$Trigger$
87523462$Winged Sage Falcos$Unlimited$WIND$[Winged Beast/Effect]$$$$$4$1700$1200$$$$When this card destroys an opponent's face-up Attack Position monster by battle and sends it to their Graveyard: You can place that monster on top of their Deck.$$$Returns from your opponent's Graveyard to your opponent's Deck$Trigger$
39978267$Cyber Raider$Unlimited$DARK$[Machine/Effect]$$$$$4$1400$1000$$$$If this card is Summoned: Activate 1 of these effects.●Target 1 Equip Card on the field; destroy that target.●Target 1 Equip Card on the field; equip that target to this card.$Equip Card$Equip Card$Moves Equip Cards$Trigger$
39168895$Berserk Gorilla$Unlimited$EARTH$[Beast/Effect]$$$$$4$2000$1000$$$$If this card is in face-up Defense Position, destroy this card. This card must attack if able.$$$$Continuous$
56647086$Invader of Darkness$Unlimited$DARK$[Fiend/Effect]$$$$$8$2900$2500$$$$Your opponent cannot activate Quick-Play Spell Cards.$$Quick-Play Spell Card$$Continuous$
25773409$Legendary Jujitsu Master$Unlimited$EARTH$[Rock/Effect]$$$$$3$1300$1800$$$$If this Defense Position card battled a monster, at the end of the Damage Step: Place that monster on the top of the Deck.$$$Returns from field to Deck/Returns from your opponent's field to your opponent's Deck$Trigger$
39507162$Blade Knight$Unlimited$LIGHT$[Warrior/Effect]$$$$$4$1600$1000$$$$Gains 400 ATK while you have 1 or less cards in your hand. If you control no other monsters, the effects of Flip monsters destroyed by battle with this card are negated.$$Flip monster$$Continuous$
59380081$Big-Tusked Mammoth$Unlimited$EARTH$[Beast/Effect]$$$$$5$2000$1000$$$$Monsters your opponent controls cannot attack the turn they are Summoned.$$$$Continuous$
52323207$Golem Sentry$Unlimited$EARTH$[Rock/Effect]$$$$$4$800$1800$$$$Once per turn: You can change this card to face-down Defense Position. When this card is Flip Summoned: Target 1 monster your opponent controls; return that target to the hand.$$$Changes battle positions/Flips itself face-down/Activates upon Flip Summon/Returns from your opponent's field to your opponent's hand$Ignition/Trigger$
53828396$Adhesive Explosive$Unlimited$WIND$[Machine/Effect]$$$$$3$1000$1000$$$$Before damage calculation, if this card was attacked by an opponent's monster and was in face-down Defense Position at the start of the Damage Step: Equip this card to the attacking monster. Then, during your opponent's next Standby Phase, destroy the monster this card is equipped to.$$$Equips self from field$Trigger/Continuous-like$
76763417$Cyber Gymnast$Unlimited$EARTH$[Warrior/Effect]$$$$$4$800$1800$$$$Once per turn: You can discard 1 card, then target 1 Attack Position monster your opponent controls; destroy that target.$$$Discards for cost$Ignition$
02158562$Cyber Prima$Unlimited$LIGHT$[Warrior/Effect]$$$$$6$2300$1600$$$$If this card is Tribute Summoned: Destroy all face-up Spells on the field.$$$Activates upon Tribute Summon$Trigger$
95701283$Majestic Mech - Goryu$Unlimited$LIGHT$[Fairy/Effect]$$$$$8$2900$1800$$$$You can Tribute Summon (but not Set) this card with 1 Tribute. If Summoned this way, during the End Phase: Send it to the Graveyard. If this card attacks a Defense Position monster, inflict piercing battle damage to your opponent.$$$Sends itself from field to Graveyard$Summon/Trigger/Continuous$
54749427$Destiny HERO - Defender$Unlimited$DARK$[Warrior/Effect]$$$$$4$100$2700$$$$During each of your opponent's Standby Phases: Your opponent draws 1 card. This card must be in face-up Defense Position to activate and to resolve this effect.$$$Your opponent draws cards$Trigger/Condition$
50287060$Archfiend of Gilfer$Unlimited$DARK$[Fiend/Effect]$$$$$6$2200$2500$$$$When this card is sent to the GY: You can target 1 face-up monster on the field; equip this card to that target. That monster loses 500 ATK while equipped with this card.$$$Activates from your Graveyard/Equips self from Graveyard$Trigger/Continuous-like$
99747800$Legendary Fiend$Unlimited$DARK$[Fiend/Effect]$$$$$6$1500$1800$$$$Once per turn, during your Standby Phase: This card gains 700 ATK.$$$$Trigger$
22624373$Lyla, Lightsworn Sorceress$Unlimited$LIGHT$[Spellcaster/Effect]$$$$$4$1700$200$$$$You can target 1 Spell/Trap your opponent controls; this card's battle position cannot be changed until the end of your next turn, also change this card you control from face-up Attack Position to face-up Defense Position, and if you do, destroy that target. Once per turn, during your End Phase: Send the top 3 cards of your Deck to the GY.$$$Changes battle positions/Prevents Battle Position changes/Sends from the top of your Deck to your Graveyard$Ignition/Trigger$
23303072$Montage Dragon$Unlimited$EARTH$[Dragon/Effect]$$$$$8$?$0$$$$Cannot be Normal Summoned/Set. Must be Special Summoned (from your hand) by sending 3 other monsters from your hand to the Graveyard, and cannot be Special Summoned by other ways. This card's ATK becomes the combined original Levels of the sent monsters x 300.$$$Sends from your hand to your Graveyard for cost$Summon/Continuous$
18489208$Cursed Fig$Unlimited$WATER$[Plant/Effect]$$$$$1$200$200$$$$When this card is destroyed by battle and sent to the Graveyard: Target 2 Set Spell/Trap Cards on the field; while this card is in the Graveyard, those Set cards cannot be activated.$$$Activates from your Graveyard$Trigger$
68722455$Red Ogre$Unlimited$EARTH$[Zombie/Effect]$$$$$7$2800$2100$$$$When this card is Normal Summoned: You can send any number of cards from your hand to the Graveyard, then target the same number of cards on the field; return those targets to the hand.$$$Activates upon Normal Summon/Sends from hand to Graveyard for cost/Returns from field to hand$Trigger$
11613567$Blackwing - Elphin the Raven$Unlimited$DARK$[Winged Beast/Effect]$$$$$6$2200$1200$$$$If you control a "Blackwing" monster, you can Normal Summon this card without Tributing. When this card is Normal Summoned: You can target 1 monster your opponent controls; change that target's battle position.$Supports archetypes /Blackwing$$Changes battle positions$Summon/Trigger$
41753322$Sauropod Brachion$Unlimited$EARTH$[Dinosaur/Effect]$$$$$8$1500$3000$$$$Cannot be Special Summoned from the Deck. You can Tribute Summon this card face-up by Tributing 1 Dinosaur-Type monster. Once per turn: You can change this card to face-down Defense Position. If this card is Flip Summoned: Change all other monsters on the field to face-down Defense Position. If this card is attacked, any battle damage your opponent takes from that battle is doubled.$Dinosaur$$Flips itself face-down/Changes battle positions/Activates upon Flip Summon$Summon/Ignition/Trigger/Continuous$
88650530$Worm Apocalypse$Unlimited$LIGHT$[Reptile/Effect]$$$$$1$300$200$$$$FLIP: Target 1 Spell/Trap Card on the field; destroy that target.$$$Activates upon being flipped face-up$Flip$
84932271$Worm Jetelikpse$Unlimited$LIGHT$[Reptile/Effect]$$$$$3$1200$0$$$$FLIP: When this card is destroyed and sent to the Graveyard this turn: Special Summon it from the Graveyard in face-up Defense Position.$$$Activates if destroyed by battle/Activates if destroyed by card effect/Activates from your Graveyard$Flip$
98954375$Infernity Destroyer$Unlimited$DARK$[Fiend/Effect]$$$$$6$2300$1000$$$$When this card destroys an opponent's monster by battle and sends it to the Graveyard: Inflict 1600 damage to your opponent. You must have no cards in your hand to activate and to resolve this effect.$$$Activates when it destroys a monster by battle$Trigger/Condition$
88494899$Medium of the Ice Barrier$Unlimited$WATER$[Spellcaster/Effect]$$$$$7$2200$1600$$$$If your opponent controls 4 or more cards than you do, you can Special Summon this card (from your hand). Your opponent can only activate 1 Spell/Trap Card each turn.$$$$Summon/Continuous$
96146814$A/D Changer$Unlimited$LIGHT$[Warrior/Effect]$$$$$1$100$100$$$$You can banish this card from your Graveyard, then target 1 monster on the field; change its battle position.$$$Activates from your Graveyard/Changes battle positions$Ignition$
69529567$Playful Possum$Unlimited$EARTH$[Beast/Effect]$$$$$2$800$600$$$$During your Main Phase: You can destroy this face-up card on the field. Your opponent must control a monster with a higher ATK than this card for you to activate and to resolve this effect. During your Standby Phase, if this card was destroyed by this effect: You can Special Summon this card from the Graveyard.$$$Activates from your Graveyard$Ignition/Condition/Trigger$
20351153$Hypnocorn$Unlimited$DARK$[Beast/Effect]$$$$$4$1400$600$$$$When this card is Normal Summoned, if your opponent controls a monster and you control no other monsters: You can target 1 Set Spell/Trap Card on the field; destroy that target.$$$Activates upon Normal Summon$Trigger$
45801022$Wattlemur$Unlimited$LIGHT$[Thunder/Effect]$$$$$2$800$100$$$$If this card in its owner's possession is destroyed by your opponent's card (either by battle or by card effect): Your opponent cannot conduct their Battle Phase during their next turn.$$$Cannot conduct Battle Phase$Trigger$
72328962$Fabled Soulkius$Unlimited$LIGHT$[Fiend/Effect]$$$$$6$2200$2100$$$$If this card is in your GY: You can send 2 cards from your hand to the GY, except "Fabled Soulkius"; Special Summon this card.$$$Sends from hand to Graveyard for cost/Sends from your hand to your Graveyard/Activates from your Graveyard$Ignition$
06903857$Power Breaker$Unlimited$EARTH$[Warrior/Effect]$$$$$4$1900$0$$$$If this card in your possession is destroyed by your opponent's attack or card effect and sent to your Graveyard: Target 1 face-up Spell/Trap Card your opponent controls; destroy that target. If this card attacks, it is changed to Defense Position at the end of the Damage Step.$$$Activates if destroyed by battle/Activates if destroyed by card effect/Activates from your Graveyard/Changes battle positions$Trigger/Continuous$
43332022$Jurrac Gallim$Unlimited$FIRE$[Dinosaur/Tuner/Effect]$$$$$2$1200$0$$$$When this card is destroyed by battle and sent to the Graveyard: Your opponent can discard 1 card to negate this card's effect, otherwise destroy the monster that destroyed this card.$$$Activates if destroyed by battle/Activates from your Graveyard/Discards for effect/Your opponent discards$Trigger$
81275309$General Raiho of the Ice Barrier$Unlimited$WATER$[Warrior/Effect]$$$$$6$2100$2300$$$$When your opponent's monster effect activated on the field resolves, they must discard 1 card or the effect is negated (their choice).$$$Discards for effect/Your opponent discards$Continuous$
02137678$Meklord Army of Granel$Unlimited$EARTH$[Machine/Effect]$$$$$4$1600$1200$$$$Gains 100 ATK for each "Meklord" monster on the field, except this card. When this card is Normal Summoned: You can target 1 face-up monster your opponent controls; halve that target's ATK, until the end of this turn.$Supports archetypes /Meklord$$$Continuous/Trigger$
98649372$Skull Kraken$Unlimited$DARK$[Aqua/Effect]$$$$$3$600$1600$$$$When this card is Normal Summoned: You can target 1 face-up Spell Card your opponent controls; destroy that target. Once per turn: You can change the Battle Position of this card.$$$Changes battle positions$Trigger/Ignition$
47349310$Skystarray$Unlimited$WIND$[Sea Serpent/Effect]$$$$$3$600$300$$$$This card can attack your opponent directly. At the end of the Battle Phase, if this card attacked directly: Banish this card until your next Standby Phase.$$$Returns itself to the field while banished$Continuous/Trigger$
43359262$Sergeant Electro$Unlimited$FIRE$[Machine/Effect]$$$$$4$1600$1300$$$$Once per turn: You can target 1 Set card in your opponent's Spell & Trap Zone; while this card is face-up on the field, its target(s) cannot be activated.$$$$Ignition$
95905259$Chow Len the Prophet$Unlimited$FIRE$[Spellcaster/Effect]$$$$$4$1800$200$$$$Once per turn: You can declare either Spell or Trap, then target 1 Set card in your opponent's Spell & Trap Zone; look at that target, and if it is the declared card type, that card cannot be activated this turn.$$$Declares a card type/Reveals face-down cards$Ignition$
20193924$White Night Queen$Unlimited$LIGHT$[Fairy/Effect]$$$$$7$2100$800$$$$Cannot be Special Summoned. Once per turn: You can target 1 Set card; destroy that target.$$$$Summon/Ignition$
56410040$Junk Forward$Unlimited$EARTH$[Warrior/Effect]$$$$$3$900$1500$$$$If you control no monsters, you can Special Summon this card (from your hand).$$$$Summon$
79972330$Swallowtail Butterspy$Unlimited$DARK$[Warrior/Effect]$$$$$4$1800$1200$$$$When another monster you control inflicts Battle Damage to your opponent: Target 1 face-up monster your opponent controls; it loses ATK equal to the Battle Damage inflicted.$$$Activates when it inflicts battle damage$Trigger$
05244497$Cameraclops$Unlimited$LIGHT$[Warrior/Effect]$$$$$4$1400$1600$$$$If this card attacks a face-up monster on the field, at the start of the Damage Step: Destroy that monster. Its DEF must be higher than this card's ATK to activate and to resolve this effect.$$$$Trigger$
49374988$Madolche Baaple$Unlimited$EARTH$[Beast/Effect]$$$$$3$0$1800$$$$If this card in your possession is destroyed by your opponent's card (by battle or card effect) and sent to your Graveyard: Shuffle this card into your Deck. Once per turn: You can target 1 Attack Position "Madolche" monster you control and 1 face-up Attack Position monster your opponent controls; if both monsters are still on the field, change them to face-up Defense Position, and if you do, the ones changed by this effect cannot have their battle positions changed until the end of your opponent's next turn.$Supports archetypes /Madolche$$Activates if destroyed by battle/Activates if destroyed by card effect/Activates from your Graveyard/Returns itself from Graveyard to Deck/Changes battle positions/Prevents Battle Position changes$Trigger/Ignition$
40921545$Evilswarm Ketos$Unlimited$DARK$[Aqua/Effect]$$$$$4$1750$1050$$$$You can Tribute this card, then target 1 Spell/Trap Card your opponent controls; destroy that target.$$$Tributes itself for cost$Ignition$
08814959$Evilswarm Mandragora$Unlimited$DARK$[Plant/Effect]$$$$$4$1550$1450$$$$If your opponent controls more monsters than you do, you can Special Summon this card (from your hand).$$$$Unclassified$
09861795$Mogmole$Unlimited$EARTH$[Beast/Effect]$$$$$2$800$800$$$$When this card on the field is destroyed and sent to the Graveyard: You can Special Summon it from your Graveyard in face-up Defense Position. You can only use the effect of "Mogmole" once per Duel.$$$Activates if destroyed by battle/Activates if destroyed by card effect/Activates from your Graveyard$Trigger/Condition$
08649148$Deep Sweeper$Unlimited$WATER$[Fish/Effect]$$$$$4$1600$1300$$$$You can Tribute this card, then target 1 Spell/Trap Card on the field; destroy that target.$$$Tributes itself for cost$Ignition$
61132951$Heroic Challenger - Night Watchman$Unlimited$EARTH$[Warrior/Effect]$$$$$4$1200$300$$$$If this card attacks a Defense Position monster your opponent controls, before damage calculation: You can destroy that monster.$$$$Trigger$
44682448$Garbage Lord$Unlimited$DARK$[Fiend/Effect]$$$$$5$0$2400$$$$You can Special Summon this card (from your hand) by paying 2000 Life Points. This card cannot be used as an Xyz Material for an Xyz Summon, except for the Xyz Summon of a DARK monster.$DARK/Xyz Monster$$$Summon/Condition$
80208158$D.D. Esper Star Sparrow$Unlimited$LIGHT$[Warrior/Effect]$$$$$10$3000$1500$$$$There can only be 1 "D.D. Esper Star Sparrow" on the field. Your opponent cannot target other monsters you control with effects or for attacks. When an opponent's monster declares a direct attack while this card is in your Graveyard: You can Special Summon this card from your Graveyard in face-up Defense Position. If Summoned this way, banish it when it leaves the field.$$$Activates upon attack declaration/Activates from your Graveyard$Unclassified/Continuous/Trigger$
05284653$Evilswarm Obliviwisp$Unlimited$DARK$[Pyro/Effect]$$$$$4$450$2050$$$$If this card battles a monster, after damage calculation: Negate the effects of that monster (including in the Graveyard).$$$$Trigger$
04058065$Evilswarm Salamandra$Unlimited$DARK$[Dinosaur/Effect]$$$$$4$1850$950$$$$Up to twice per turn: You can banish 1 monster from your GY; this card gains 300 ATK until the end of your opponent's turn.$$$$Ignition$
83274244$Dododo Warrior$Unlimited$EARTH$[Warrior/Effect]$$$$$6$2300$900$$$$You can Normal Summon this card without Tributing, but its original ATK becomes 1800. If this card attacks, negate all card effects that activate in the opponent's Graveyard, until the end of the Damage Step.$$$$Summon/Continuous$
67922702$Mecha Phantom Beast Tetherwolf$Unlimited$WIND$[Machine/Effect]$$$$$4$1700$1200$$$$If this card is Normal Summoned: Special Summon 1 "Mecha Phantom Beast Token" (Machine/WIND/Level 3/ATK 0/DEF 0). This card's Level is increased by the total Levels of all "Mecha Phantom Beast Tokens" you control. While you control a Token, this card cannot be destroyed by battle or card effects. Once per battle, during the Damage Step, when this card battles an opponent's monster (Quick Effect): You can Tribute 1 Token; this card gains 800 ATK, until the end of this turn.$Token Monster$$Activates upon Normal Summon/Tributes for cost$Trigger/Continuous$
04417407$Mecha Phantom Beast Blackfalcon$Unlimited$WIND$[Machine/Effect]$$$$$4$1200$1700$$$$When this card declares an attack: Special Summon 1 "Mecha Phantom Beast Token" (Machine-Type/WIND/Level 3/ATK 0/DEF 0). This card's Level is increased by the total Levels of all "Mecha Phantom Beast Tokens" you control. While you control a Token, this card cannot be destroyed by battle or card effects. Once per turn, during either player's turn: You can Tribute 1 Token, then target 1 monster your opponent controls; change that target to face-up Defense Position.$$$Activates upon attack declaration/Tributes for cost/Changes battle positions$Trigger/Continuous/Quick$
30811116$Mecha Phantom Beast Stealthray$Unlimited$WIND$[Machine/Effect]$$$$$3$100$2100$$$$When this card inflicts battle damage to your opponent: Special Summon 1 "Mecha Phantom Beast Token" (Machine-Type/WIND/Level 3/ATK 0/DEF 0). This card's Level is increased by the total Levels of all "Mecha Phantom Beast Tokens" you control. While you control a Token, this card cannot be destroyed by battle or card effects. Once per turn: You can Tribute 1 Token, then target 1 Spell/Trap Card on the field; destroy that target.$$$Tributes for cost$Trigger/Continuous/Ignition$
54635862$Gentlemander$Unlimited$LIGHT$[Reptile/Effect]$$$$$4$1200$1000$$$$When an opponent's monster declares an attack: You can Special Summon this card from your hand. Your opponent's monsters cannot attack any monsters, except this one.$$$Activates upon attack declaration$Trigger/Continuous$
06930746$Schwarzschild Limit Dragon$Unlimited$DARK$[Dragon/Effect]$$$$$8$2000$0$$$$If your opponent controls a monster with 2000 or more ATK, you can Special Summon this card (from your hand).$$$$Summon$
79759861$Tribute to The Doomed$Unlimited$SPELL$$$$$$$$$$$$Discard 1 card, then target 1 monster on the field; destroy it.$$$Discards for cost$Cost/Effect$
56830749$Share the Pain$Unlimited$SPELL$$$$$$$$$$$$Tribute 1 monster; make your opponent Tribute 1 monster (for no effect).$$$Tributes opponent's monsters/Tributes as an effect/Tributes for cost$Cost/Effect$
83225447$Stim-Pack$Unlimited$SPELL$$$$$$$$$Equip$$$The equipped monster gains 700 ATK. During each of your Standby Phases, the equipped monster loses 200 ATK.$$$$Continuous-like$
65169794$Black Pendant$Unlimited$SPELL$$$$$$$$$Equip$$$The equipped monster gains 500 ATK. When this card is sent from the field to the Graveyard: Inflict 500 damage to your opponent.$$$Activates from your Graveyard$Continuous-like/Trigger-like$
22046459$Megamorph$Unlimited$SPELL$$$$$$$$$Equip$$$While your LP is lower than your opponent's, the equipped monster's ATK becomes double its original ATK. While your LP is higher, the equipped monster's ATK becomes half its original ATK.$$$$Continuous-like$
70231910$Dark Core$Unlimited$SPELL$$$$$$$$$$$$Discard 1 card, then target 1 face-up monster on the field; banish that target.$$$Discards for cost$Cost/Effect$
56460688$Different Dimension Gate$Unlimited$SPELL$$$$$$$$$Continuous$$$Activate this card by targeting 1 monster on each side of the field; banish those targets. When this card is destroyed and sent to the Graveyard: Return those banished monsters to the field in the same battle positions they were in.$$$Returns banished cards to the field$Activation requirement/Effect/Trigger-like$
47453433$Back to Square One$Unlimited$SPELL$$$$$$$$$$$$Discard 1 card, then target 1 monster on the field; place that target on the top of the Deck.$$$Discards for cost/Returns from field to Deck$Effect$
25774450$Mystic Box$Unlimited$SPELL$$$$$$$$$$$$Target 1 monster your opponent controls and 1 monster you control; destroy the first target, then give control of the second target to your opponent.$$$Changes control$Effect$
34664411$Lucky Iron Axe$Unlimited$SPELL$$$$$$$$$Equip$$$The equipped monster gains 500 ATK. If this face-up card you control is destroyed by your opponent's card effect and sent to your Graveyard: Draw 1 card.$$$You draw cards/Activates from your Graveyard$Continuous-like/Trigger-like$
43422537$Double Summon$Unlimited$SPELL$$$$$$$$$$$$You can conduct 2 Normal Summons/Sets this turn, not just 1.$$$$Effect$
37534148$Ribbon of Rebirth$Unlimited$SPELL$$$$$$$$$Equip$$$During the End Phase, if the equipped monster was destroyed by battle and sent to the Graveyard this turn: Special Summon it from the Graveyard to your side of the field.$$$Activates if destroyed by battle/Activates from your Graveyard$Trigger-like$
98847704$Release Restraint Wave$Unlimited$SPELL$$$$$$$$$$$$Target 1 face-up Equip Spell Card you control; destroy the Equip Spell Card and all face-down Spell and Trap Cards your opponent controls.$Equip Spell Card$$$Effect$
52497105$Berserk Scales$Unlimited$SPELL$$$$$$$$$Quick-Play$$$Target 1 face-up monster you control (except a monster that is attacking directly); it gains 1000 ATK, also it cannot attack directly for the rest of this turn. During the End Phase of this turn, it loses 2000 ATK.$$$$Effect/Condition$
59560625$Shift$Unlimited$TRAP$$$$$$$$$$$$When your opponent targets exactly 1 monster you control (and no other cards) for an attack, or with a Spell/Trap effect: Target another monster you control that would be an appropriate target; that attack/Spell/Trap now targets the new target.$$$$Activation requirement/Effect$
70344351$Riryoku Field$Unlimited$TRAP$$$$$$$$$Counter$$$When a Spell Card that targets exactly 1 monster on the field (and no other cards) is activated: Negate the activation, and if you do, destroy it.$$$$Activation requirement/Effect$
38411870$Needle Ceiling$Unlimited$TRAP$$$$$$$$$$$$When there are 4 or more monsters on the field: Destroy all face-up monsters.$$$$Activation requirement/Effect$
90669991$Pineapple Blast$Unlimited$TRAP$$$$$$$$$$$$When you Normal Summon a monster, if your opponent controls more monsters than you do: Destroy your opponent's monsters so that your opponent controls the same number of monsters as you (your opponent chooses which of their monsters are destroyed).$$$Activates upon Normal Summon$Activation requirement/Effect$
62325062$Adhesion Trap Hole$Unlimited$TRAP$$$$$$$$$$$$When your opponent Summons a monster(s): Halve that monster(s)'s original ATK.$$$$Activation requirement/Effect$
74458486$Covering Fire$Unlimited$TRAP$$$$$$$$$$$$During the Damage Step, if an opponent's monster attacks your monster: Target 1 other face-up monster you control; your attacked monster gains ATK equal to that target's ATK, during the Damage Step only.$$$$Activation requirement/Effect$
31000575$Conscription$Unlimited$TRAP$$$$$$$$$$$$Excavate the top card of your opponent's Deck, and if it is a monster that can be Normal Summoned/Set, Special Summon it to your field. Otherwise, add that card to your opponent's hand.$$$Excavates from the opponent's Deck/Adds excavated cards to the hand/Exchanges cards/Adds from your opponent's Deck to your opponent's hand$Effect$
18271561$Chthonian Blast$Unlimited$TRAP$$$$$$$$$$$$When a face-up monster you control is destroyed and sent to the Graveyard: Destroy the 1 face-up monster on the field that has the lowest ATK (your choice, if tied), and if you do, inflict damage to both players equal to half of that monster's ATK.$$$$Activation requirement/Effect$
77538567$Dark Bribe$Unlimited$TRAP$$$$$$$$$Counter$$$When your opponent activates a Spell/Trap Card: Your opponent draws 1 card, also negate the Spell/Trap activation, and if you do, destroy it.$$$Your opponent draws cards$Activation requirement/Effect$
42793609$Nordic Relic Brisingamen$Unlimited$TRAP$$$$$$$$$$$$Target 1 face-up monster you control and 1 face-up monster your opponent controls; the ATK of the first target becomes equal to the original ATK of the second target, until the end of this turn.$$$$Effect$
89792713$Nordic Relic Laevateinn$Unlimited$TRAP$$$$$$$$$$$$Target 1 face-up monster on the field that destroyed a monster by battle this turn; destroy it. Cards and effects cannot be activated in response to this card's activation.$$$$Effect/Condition$
85352446$Attention!$Unlimited$TRAP$$$$$$$$$$$$Target 1 face-up Level 5 or lower monster your opponent controls; destroy all face-up monsters on the field with a different Level than it.$$$$Effect$
11741041$Raigeki Bottle$Unlimited$TRAP$$$$$$$$$Continuous$$$Each time a monster you control declares an attack, place 1 Thunder Counter on this card. You can send this card with 4 or more Thunder Counters to the Graveyard; destroy all monsters your opponent controls.$$$Sends itself from field to Graveyard for cost$Continuous-like/Quick-like$
49204190$Nitwit Outwit$Unlimited$TRAP$$$$$$$$$$$$Discard 1 monster, then target 1 face-up monster on the field; it loses ATK equal to the discarded monster's original ATK.$$$Discards for cost$Cost/Effect$
75987257$Butterflyoke$Unlimited$TRAP$$$$$$$$$$$$When an opponent's monster declares an attack: Target the attacking monster; change that target to Defense Position, and if you do, equip this card to that monster. Once per turn, during either player's Main Phase or Battle Phase: You can change the equipped monster's Battle Position.$$$Activates upon attack declaration/Equips self from field/Changes battle positions$Activation requirement/Effect/Quick-like$
73632127$Dimension Slice$Unlimited$TRAP$$$$$$$$$$$$When a monster(s) is Special Summoned to your side of the field (except during the Damage Step): Target 1 face-up monster your opponent controls; banish that target. If the Summon is an Xyz Summon, you can activate this card the turn it was Set.$Xyz Monster$$Activates upon Special Summon$Trigger-like/Condition$
22869904$That Wacky Alchemy!$Unlimited$TRAP$$$$$$$$$$$$If a face-up Spell Card(s) in your opponent's Spell & Trap Card Zones is sent to the Graveyard: You can target 1 face-up monster on the field; destroy that target.$$$$Activation requirement/Effect$
71098407$Memory Loss$Unlimited$TRAP$$$$$$$$$$$$When an effect of an Attack Position monster your opponent controls is activated: Negate that effect, and if you do, change that monster to face-up Defense Position.$$$Changes battle positions$Activation requirement/Effect$
63630268$Butterspy Protection$Unlimited$TRAP$$$$$$$$$$$$Target 1 face-up Attack Position monster on the field; change it to face-up Defense Position, also any damage you take for the rest of this turn is halved.$$$Changes battle positions$Effect$
94156050$Reverse Glasses$Unlimited$TRAP$$$$$$$$$$$$Halve the ATK of all face-up monsters currently on the field, until the End Phase.$$$$Effect$
06614221$Fog King$Unlimited$WATER$[Spellcaster/Effect]$$$$$7$0$0$$$$You can Tribute 1 monster, or no monsters, to Normal Summon (but not Set) this card. The ATK of this card becomes the combined original ATK of the Tributed monsters. Neither player can Tribute cards.$$$Prevents the player's Tributes/Prevents the opponent's Tributes/Cannot be Tributed$Summon/Continuous$
86585274$High Priestess of Prophecy$Unlimited$LIGHT$[Spellcaster/Effect]$$$$$7$2500$2100$$$$You can reveal 3 "Spellbook" Spells in your hand; Special Summon this card from your hand. Once per turn: You can banish 1 "Spellbook" Spell from your hand or GY, then target 1 card on the field; destroy that target.$Supports archetypes /Spellbook$$Reveals your hand for cost$Ignition$
21249921$Dragunity Knight - Vajrayana$Unlimited$WIND$[Dragon/Synchro/Effect]$$$$$6$1900$1200$$1 Dragon Tuner + 1+ non-Tuner Winged Beast monsters$$When this card is Synchro Summoned: You can target 1 Level 3 or lower Dragon "Dragunity" monster in your GY; equip that target to this card. Once per turn: You can send 1 Equip Card equipped to this card to the GY; double this card's ATK until the end of this turn.$Supports archetypes /Dragunity$$Activates upon Synchro Summon/Equips monsters from the player's Graveyard to itself/Sends from your field to your Graveyard for cost$Trigger/Ignition$
80117527$Number 11: Big Eye$Unlimited$DARK$[Spellcaster/Xyz/Effect]$$$7$$$2600$2000$$2 Level 7 monsters$$Once per turn: You can detach 1 material from this card, then target 1 monster your opponent controls; take control of that monster. This card cannot attack the turn this effect is activated.$$$Changes control$Ignition/Condition$
38296564$Safe Zone$Unlimited$TRAP$$$$$$$$$Continuous$$$Activate this card by targeting 1 face-up Attack Position monster on the field; that face-up monster cannot be destroyed by battle or your opponent's card effects, your opponent cannot target it with card effects, also it cannot attack your opponent directly. When this card leaves the field, destroy that monster. When that monster leaves the field, destroy this card.$$$$Continuous-like$
