Passcode$Name$Status$Attribute$type$link$link_arrows$rank$pendulum_scale$level$attack$defense$spell_attribute$summoning_condition$pendulum_condition$card_text$card_supports$card_anti_supports$card_actions$effect_types$
46986414$Dark Magician$Unlimited$DARK$[Spellcaster/Normal]$$$$$7$2500$2100$$$$The ultimate wizard in terms of attack and defense.$$$$$
$Libromancer Geek Boy$Unlimited$WIND$[Psychic/Effect]$$$$$3$800$800$$$$You can reveal 1 Ritual Monster in your hand: Special Summon this card from your hand. If this card is Special Summoned: You can add 1 "Libromancer" Spell from your Deck to your hand. You can only use each effect of "Libromancer Geek Boy" once per turn.$Supports archetypes /Libromancer$$Reveals cards in your hand/Activates upon Special Summon/Adds from Deck to hand$$
31699677$Magikuriboh$Unlimited$DARK$[Fiend/Effect]$$$$$1$300$200$$$$During the Main or Battle Phase, if you took damage by battle or an opponent's card effect this turn (Quick Effect): You can send this card from your hand to the GY; Special Summon 1 "Dark Magician" or 1 "Dark Magician Girl" from your Deck or GY. If a face-up Spellcaster monster(s) you control is destroyed by battle or an opponent's card effect: You can add this card from the GY to your hand. You can only use each effect of "Magikuriboh" once per turn.$Dark Magician/Dark Magician Girl/Spellcaster$$Activates from your hand/Sends itself from hand to Graveyard for cost/Activates from your Graveyard/Activates if destroyed by battle/Activates if destroyed by card effect/Returns itself from Graveyard to hand$Quick/Trigger/Condition$
77683371$Dimension Conjurer$Unlimited$DARK$[Spellcaster/Effect]$$$$$1$500$500$$$$If this card is Normal or Special Summoned: You can add 1 "Magical Dimension" from your Deck or GY to your hand. If this card is sent from the Monster Zone to the GY: You can draw cards equal to the number of Spellcaster monsters you control, then place cards from your hand on top of your Deck in any order, equal to the number of cards you drew. You can only use each effect of "Dimension Conjurer" once per turn.$Magical Dimension/Spellcaster$$Activates upon Normal Summon/Activates upon Special Summon/Adds from Deck to hand/Adds from Graveyard to hand/Activates from your Graveyard/You draw cards/Returns from hand to Deck$Trigger/Condition$
03078380$Timaeus the United Dragon$Unlimited$LIGHT$[Dragon/Effect]$$$$$8$2800$1800$$$$You can send 1 Spellcaster monster, or 1 Spell/Trap that mentions "Dark Magician", from your hand or face-up field to the GY; Special Summon this card from your hand. During your Main Phase: You can Fusion Summon 1 Fusion Monster from your Extra Deck, using monsters from your hand or field as material, including a Spellcaster monster. You can only use each effect of "Timaeus the United Dragon" once per turn.$Spellcaster/Dark Magician/Fusion Monster$$Activates from your hand/Sends from hand to Graveyard for cost/Sends from field to Graveyard for cost/Sends from your hand to your Graveyard/Sends from your field to your Graveyard/Uses cards in the hand as Fusion Materials/Uses cards on the player's field as Fusion Materials$Ignition/Condition$
30576089$Blue-Eyes Jet Dragon$Unlimited$LIGHT$[Dragon/Effect]$$$$$8$3000$0$$$$Other cards you control cannot be destroyed by your opponent's card effects. You can only use each of the following effects of "Blue-Eyes Jet Dragon" once per turn, and can only activate them while "Blue-Eyes White Dragon" is on your field or in your GY. If a card(s) on the field is destroyed by battle or card effect: You can Special Summon this card from the GY (if it was there when the card was destroyed) or hand (even if not). At the start of the Damage Step, if this card battles: You can target 1 card your opponent controls; return it to the hand.$Blue-Eyes White Dragon$$Activates from your hand/Activates from your Graveyard/Activates if destroyed by battle/Activates if destroyed by card effect/Returns from your opponent's field to your opponent's hand$Continuous/Condition/Trigger$
66961194$Dictator of D.$Unlimited$DARK$[Spellcaster/Effect]$$$$$4$1200$1100$$$$While you control a "Blue-Eyes" monster, you choose the attack targets for your opponent's attacks. You can only use each of the following effects of "Dictator of D." once per turn. You can send 1 "Blue-Eyes White Dragon" from your hand or Deck to the GY; Special Summon this card from your hand. You can discard 1 "Blue-Eyes White Dragon", or 1 card that mentions it, then target 1 "Blue-Eyes" monster in your GY; Special Summon it.$Supports archetypes /Blue-Eyes$$Activates from your hand/Sends from hand to Graveyard for cost/Sends from Deck to Graveyard for cost/Discards for cost$Continuous/Condition/Ignition$
03355732$Icejade Kosmochlor$Unlimited$WATER$[Aqua/Effect]$$$$$10$1500$3000$$$$If a face-up card is in a Field Zone, you can Special Summon this card (from your hand). You can only Special Summon "Icejade Kosmochlor" once per turn this way. While "Icejade Cenote Enion Cradle" is on the field, monsters your opponent controls can only activate their effects the turn they are Summoned. If your "Icejade" monster battles an opponent's monster, that opponent's monster loses 1000 ATK during that damage calculation only.$Supports archetypes /Icejade$$$Summon/Condition/Continuous/Unclassified$
39354437$Icejade Aegirine$Unlimited$WATER$[Aqua/Effect]$$$$$3$1000$2000$$$$If this card is Normal or Special Summoned: You can add 1 "Icejade" Spell/Trap from your Deck to your hand. When your opponent activates a card or effect that targets this card, or targets this card for an attack (Quick Effect): You can activate this effect; the next time this card would be destroyed by battle or card effect this turn, it is not destroyed, also Special Summon 1 WATER monster from your hand or GY, except "Icejade Aegirine", but return it to the hand during the End Phase. You can only use each effect of "Icejade Aegirine" once per turn.$Supports archetypes /Icejade$$$Trigger/Condition$
66749546$Icejade Creation Kingfisher$Unlimited$WATER$[Aqua/Effect]$$$$$9$2500$2500$$$$You can target 1 WATER monster you control; equip this card from your hand or field to it. An "Icejade" monster equipped with this card can attack while in Defense Position. If it does, apply its DEF for damage calculation. While this card is equipped to a monster: You can target 1 monster your opponent controls with ATK less than or equal to the equipped monster's DEF; Special Summon this card, and if you do, return that targeted monster to the hand. You can only use this effect of "Icejade Creation Kingfisher" once per turn.$Supports archetypes /Icejade$$$Ignition/Unclassified/Condition$
92133240$Dinomorphia Therizia$Unlimited$DARK$[Dinosaur/Effect]$$$$$4$1500$0$$$$If this card is Normal or Special Summoned: You can Set 1 "Dinomorphia" Trap directly from your Deck to your Spell & Trap Zone, then if your LP are 2000 or less, this card gains 500 ATK. If this card is destroyed by battle or card effect: You can banish 1 Trap from your GY; Special Summon 1 Level 4 or lower "Dinomorphia" monster from your GY, except "Dinomorphia Therizia". You can only use each effect of "Dinomorphia Therizia" once per turn.$Supports archetypes /Dinomorphia$$$$
38628859$Dinomorphia Diplos$Unlimited$DARK$[Dinosaur/Effect]$$$$$4$1000$0$$$$If this card is Normal or Special Summoned: You can send 1 "Dinomorphia" card from your Deck to the GY, then if your LP are 2000 or less, inflict 500 damage to your opponent. If this card is destroyed by battle or card effect: You can banish 1 Trap from your GY; Special Summon 1 Level 4 or lower "Dinomorphia" monster from your GY, except "Dinomorphia Diplos". You can only use each effect of "Dinomorphia Diplos" once per turn.$Supports archetypes /Dinomorphia$$$$
65626958$Nordic Beast Gullinbursti$Unlimited$LIGHT$[Beast/Tuner/Effect]$$$$$3$300$100$$$$For a Synchro Summon, you can substitute this card for any 1 "Nordic" Tuner. You can only use each of the following effects of "Nordic Beast Gullinbursti" once per turn. If this card is Normal or Special Summoned: You can Special Summon 1 "Nordic" monster from your hand. You can target 1 "Nordic" monster in your GY, except "Nordic Beast Gullinbursti"; add it to your hand.$Supports archetypes /Nordic$$$$
91011603$Nordic Smith Ivaldi$Unlimited$EARTH$[Warrior/Effect]$$$$$4$1500$700$$$$If you control an "Aesir" or "Nordic" monster: You can Special Summon this card from your hand. If this card is Normal or Special Summoned: You can add 1 "Nordic Relic" card from your Deck to your hand. You can only use each effect of "Nordic Smith Ivaldi" once per turn.$Supports archetypes /Nordic/Aesir/Nordic Relic$$$$
28406301$D/D Gryphon$Unlimited$DARK$[Fiend/Pendulum/Effect]$$$$1$4$1200$1200$$$You can target 1 Fiend monster you control; it gains 500 ATK (until the end of this turn) for each "Dark Contract" Spell/Trap with different names currently on your field or in your GY, then destroy this card. You can only use this effect of "D/D Gryphon" once per turn.$If you control a "D/D" monster: You can Special Summon this card from your hand in Defense Position. If this card is Pendulum Summoned: You can discard 1 "D/D" or "Dark Contract" card; draw 1 card. If this card is Special Summoned from the GY: You can add 1 "D/D" card from your Deck to your hand, except "D/D Gryphon". You can only use each effect of "D/D Gryphon" once per turn.$Supports archetypes /D/D/Dark Contract$$Activates from your hand/Activates upon Pendulum Summon/Discards for cost/You draw cards/Activates upon Special Summon/Adds from Deck to hand$Pendulum Effect /Ignition-like/Condition/Monster Effect/Ignition/Trigger$
64804316$Ghostrick Siren$Unlimited$DARK$[Fairy/Effect]$$$$$4$800$1500$$$$Cannot be Normal Summoned, unless you control a "Ghostrick" monster. Once per turn, during your Main Phase: You can change this card to face-down Defense Position. If this card is Normal Summoned or flipped face-up: Send the top 2 cards of your Deck to the GY, then if either card was a "Ghostrick" card, you can apply 1 of these effects.●Add 1 "Ghostrick" Spell/Trap from your Deck to your hand.●Change 1 Effect Monster your opponent controls to face-down Defense Position.$Supports archetypes /Ghostrick$$$$
90299015$Vampire Ghost$Unlimited$DARK$[Zombie/Effect]$$$$$3$1500$0$$$$If this card is Normal Summoned: You can send 1 other "Vampire" card from your hand or face-up field to the GY; add 1 Level 4 or higher "Vampire" monster from your Deck to your hand, and if you do, send 1 Level 2 or lower "Vampire" monster from your Deck to the GY. During the Main Phase (Quick Effect): You can banish this card from your GY and pay 500 LP; immediately after this effect resolves, Normal Summon 1 "Vampire" monster. You can only use each effect of "Vampire Ghost" once per turn.$Supports archetypes /Vampire$$$$
27383719$S-Force Lapcewell$Unlimited$LIGHT$[Fiend/Effect]$$$$$6$2400$2500$$$$If this card is Special Summoned: You can target 1 "S-Force" monster in your GY, except "S-Force Lapcewell"; Special Summon it. You can banish 1 "S-Force" card from your hand; destroy all of your opponent's monsters in the same columns as your "S-Force" monsters. You can only use each effect of "S-Force Lapcewell" once per turn.$Supports archetypes /S-Force$$$$
53782828$S-Force Retroactive$Unlimited$LIGHT$[Warrior/Effect]$$$$$1$0$0$$$$If a monster you control would be used as Link Material for an "S-Force" monster, this card in your hand can also be used as material. During the Main Phase (Quick Effect): You can return this card to the hand, and if you do, Special Summon 1 Level 2 or higher "S-Force" monster from your hand. If an "S-Force" monster you control would banish a card(s) from your hand to activate its effect, you can banish this card from your GY instead. You can only use each effect of "S-Force Retroactive" once per turn.$Supports archetypes /S-Force$$$$
90176467$Neiroy, the Dream Mirror Traitor$Unlimited$DARK$[Fiend/Effect]$$$$$3$1000$1000$$$$If this card is Normal or Special Summoned: You can add 1 "Neiroy, the Dream Mirror Disciple" from your Deck to your hand, then you can make this card become LIGHT. You can Tribute 1 other "Dream Mirror" monster; choose 1 "Dream Mirror" monster from your Deck with a different Level than the Tributed monster, add 1 "Dream Mirror of Joy" or 1 "Dream Mirror of Terror" from your Deck to your hand that is mentioned on that chosen monster, and Special Summon that chosen monster in Defense Position. You can only use each effect of "Neiroy, the Dream Mirror Traitor" once per turn.$Supports archetypes /Dream Mirror$$$$
26561172$Myutant Mutant$Unlimited$WATER$[Psychic/Effect]$$$$$1$0$0$$$$If you control a "Myutant" card: You can Special Summon this card from your hand. You can Tribute this card, then banish 1 "Myutant" card from your hand or Deck; Special Summon 1 monster from your hand or Deck, based on the banished card, but lose LP equal to that Special Summoned monster's original ATK.●Monster: "Myutant Beast"●Spell: "Myutant Mist"●Trap: "Myutant Arsenal"You can only use each effect of "Myutant Mutant" once per turn.$Supports archetypes /Myutant$$$$
52566270$Epsilon The Magnet Warrior$Unlimited$EARTH$[Rock/Effect]$$$$$4$1300$1500$$$$If this card is Normal or Special Summoned: You can send 1 Level 4 or lower "Magnet Warrior" monster from your Deck to the GY, except "Epsilon The Magnet Warrior"; this card's name becomes the sent monster's name (until the End Phase), then you can Special Summon 1 "Magnet Warrior" or "Magna Warrior" monster from your GY with a different name than the cards you control. You can only use this effect of "Epsilon The Magnet Warrior" once per turn.$Supports archetypes /Magnet Warrior/Magna Warrior$$Activates upon Normal Summon/Activates upon Special Summon/Sends from Deck to Graveyard for cost$$
99054885$The Agent of Destruction - Venus$Unlimited$DARK$[Fairy/Tuner/Effect]$$$$$3$0$1600$$$$You can banish 1 "The Agent of Creation - Venus" from your GY; Special Summon this card from your hand. You can pay LP in multiples of 500, then for every 500 LP paid, target 1 of your "Mystical Shine Ball" that is banished or in your GY; Special Summon them, but place them on the bottom of the Deck when they leave the field. You can only use 1 "The Agent of Destruction - Venus" effect per turn, and only once that turn.$The Agent of Creation - Venus/Mystical Shine Ball$$$$
25449584$Kaiza the Hidden Star$Unlimited$EARTH$[Warrior/Effect]$$$$$5$1000$2100$$$$You can Special Summon this card (from your hand) by Tributing 1 LIGHT or EARTH Warrior monster, and if you do, this card gains ATK equal to the Tributed monster's original ATK. You can only Special Summon "Kaiza the Hidden Star" once per turn this way. You can banish 1 Warrior monster from your GY; send 1 LIGHT or EARTH Warrior monster from your Deck to the GY. You can only use this effect of "Kaiza the Hidden Star" once per turn.$LIGHT/EARTH/Warrior$$$$
52843699$Simorgh, Bird of Perfection$Unlimited$DARK$[Winged Beast/Effect]$$$$$4$1800$500$$$$While face-up on the field, this card is also WIND-Attribute. You can only use each of the following effects of "Simorgh, Bird of Perfection" once per turn. During your Main Phase, if you Normal or Special Summon a Winged Beast monster(s): You can reveal this card in your hand; immediately after this effect resolves, Normal Summon 1 "Simorgh" monster. If this card is Normal Summoned: You can send 1 "Simorgh" monster from your Deck to the GY; add 1 "Simorgh" Spell/Trap from your Deck to your hand.$Supports archetypes /Simorgh$$$$
88232397$Skilled Brown Magician$Unlimited$DARK$[Spellcaster/Effect]$$$$$4$300$200$$$$Each time a Spell Card is activated, place 1 Spell Counter on this card when that Spell resolves (max. 3). You can remove 1 Spell Counter from this card, then activate 1 of these effects;●This card gains 1500 ATK, and its Level is increased by 1.●Add 1 "Kuriboh" monster or 1 "Multiply" from your Deck or GY to your hand.You can only use this effect of "Skilled Brown Magician" once per turn.$Supports archetypes /Kuriboh $$Adds from Deck to hand/Adds from Graveyard to hand$Continuous/Ignition/Condition$
24226942$Chaos Nephthys$Unlimited$DARK$[Winged Beast/Effect]$$$$$8$2400$1600$$$$Cannot be Normal Summoned/Set. Must be Special Summoned by its own effect. If a card(s) on the field is destroyed by a card effect: You can banish 1 LIGHT and 1 DARK monster from your GY, except "Chaos Nephthys"; Special Summon this card from the GY (if it was there when the card was destroyed) or hand (even if not). You can only use this effect of "Chaos Nephthys" once per turn. If this card is Special Summoned: You can target 1 card your opponent controls and 2 cards in their GY; banish them.$LIGHT/DARK$$$$
51611041$Epigonen, the Impersonation Invader$Unlimited$LIGHT$[Rock/Effect]$$$$$7$2000$2000$$$$You can Tribute 1 Effect Monster: Special Summon this card from your hand, then Special Summon 1 "Epigonos Token" (Level 1/ATK 0/ DEF 0) with the same Type and Attribute as the Tributed monster's original Type and Attribute. You can only use this effect of "Epigonen, the Impersonation Invader" once per turn.$$$$$
87116749$Submareed Tour Ride$Unlimited$WATER$[Dinosaur/Effect]$$$$$6$2200$0$$$$The first Normal Monster you control that would be destroyed by battle or card effect each turn, is not destroyed. If you control a Normal Monster: You can Special Summon this card from your hand. You can only use this effect of "Submareed Tour Ride" once per turn.$Normal Monster$$$$
14504454$Alice, Lady of Lament$Unlimited$DARK$[Fiend/Effect]$$$$$3$0$2000$$$$When this card is Normal Summoned: You can target 1 "Lady of Lament" monster in your GY; Special Summon it. You can only use each of the following effects of "Alice, Lady of Lament" once per turn. You can banish 1 Trap from your hand or GY; Special Summon this card from your hand. If this card is Tributed, or if this card in its owner's possession is destroyed by an opponent's card: You can add 1 Fiend monster whose combined ATK & DEF equal 2000 from your Deck to your hand, except "Alice, Lady of Lament".$Supports archetypes /Lady of Lament$$Activates upon Normal Summon/Activates if Tributed/Activates if destroyed by battle/Activates if destroyed by card effect/Adds from Deck to hand$$
50599453$Leafplace Plaice$Unlimited$DARK$[Psychic/Effect]$$$$$3$?$?$$$$Gains 200 ATK/DEF for each card in your opponent's GY. During your Standby Phase, if this card is in your hand or GY and your opponent has more cards in their GY than you: You can Special Summon this card. You can only use this effect of "Leafplace Plaice" once per turn.$$$$$
86993168$Mad Hacker$Unlimited$DARK$[Cyberse/Effect]$$$$$2$1000$600$$$$If a monster(s) is Special Summoned to your opponent's field (except during the Damage Step): You can Special Summon this card from your hand. During the End Phase: You can banish this card you control; take control of 1 monster your opponent controls with the lowest ATK (your choice, if tied), but while it is face-up on your field, it cannot activate its effects also you cannot Special Summon monsters from the Extra Deck, except Link Monsters. You can only use each effect of "Mad Hacker" once per turn.$Link Monster$$Activates from your hand/Activates upon Special Summon/Changes control$Trigger/Condition$
13382806$Silvervine Senri$Unlimited$WIND$[Beast/Effect]$$$$$2$0$0$$$$You can Tribute this card, then target 1 Level 2 monster in your GY, except "Silvervine Senri"; Special Summon it, then you can Special Summon 1 Level 2 monster from your hand with a different Attribute than the monster Special Summoned by this effect. You can only use this effect of "Silvervine Senri" once per turn.$$$$$
49776811$Shining Piecephilia$Unlimited$LIGHT$[Rock/Effect]$$$$$4$700$2000$$$$Cannot be destroyed by battle. At the end of the Damage Step, if this card battled an opponent's monster: You can place 1 Piece Counter on this card (max. 4), then you can apply the following effect, based on the number of Piece Counters on it.●1: Place 1 monster from your Deck on top of your Deck.●2: Draw 1 card.●3: Add 1 monster from your Deck to your hand.●4: Add 1 card from your Deck to your hand.$$$$$
86271510$Darton the Mechanical Monstrosity$Unlimited$DARK$[Machine/Effect]$$$$$1$?$0$$$$Once per turn, during your Main Phase: You can check the difference between the current and original ATK of each monster on the field, add up the total of each of those differences, and make this monster's original ATK become that combined amount until the end of your opponent's next turn.$$$$$
12266229$Illusion of Chaos$Unlimited$DARK$[Spellcaster/Ritual/Effect]$$$$$7$2100$2500$$$$You can Ritual Summon this card with "Chaos Form". You can reveal this card in your hand; add 1 "Dark Magician", or 1 non-Ritual monster that mentions it, from your Deck to your hand, then place 1 card from your hand on top of the Deck. When your opponent activates a monster effect (Quick Effect): You can return this card to the hand, and if you do, Special Summon 1 "Dark Magician" from your GY, and if you do that, negate that activated effect. You can only use each effect of "Illusion of Chaos" once per turn.$Dark Magician$$Activates from your hand/Reveals itself in the hand for cost/Adds from Deck to hand/Returns from hand to Deck/Returns itself from field to hand$Summon/Ignition/Quick/Condition$
48654323$White Relic of Dogmatika$Unlimited$LIGHT$[Spellcaster/Ritual/Effect]$$$$$4$500$2500$$$$You can Ritual Summon this card with "Dogmatikamacabre". If this card is Ritual Summoned: You can target 2 face-up monsters on the field; make 1 of those monsters gain ATK equal to the other monster's ATK. Level 8 or higher "Dogmatika" monsters you control cannot be destroyed by battle. If a monster(s) is Special Summoned from your opponent's Extra Deck (except during the Damage Step): You can look at your opponent's Extra Deck and send 1 monster from it to the GY. You can only use this effect of "White Relic of Dogmatika" once per turn.$$$Sends from Extra Deck to Graveyard/Reveals your opponent's Extra Deck$Summon/Trigger/Continuous/Condition$
85059922$Master of Chaos$Unlimited$DARK$[Spellcaster/Fusion/Effect]$$$$$8$3000$2500$$"Dark Magician" + 1 "Chaos" or "Black Luster Soldier" Ritual Monster$$If this card is Fusion Summoned: You can target 1 LIGHT or DARK monster in your GY; Special Summon it. You can Tribute 1 LIGHT and 1 DARK monster; banish all monsters your opponent controls. If this Fusion Summoned card is destroyed by battle or card effect: You can target 1 Spell in your GY; add it to your hand. You can only use each effect of "Master of Chaos" once per turn.$Supports archetypes /Chaos/Black Luster Soldier $$Activates upon Fusion Summon/Tributes for cost/Activates if destroyed by battle/Activates if destroyed by card effect/Adds from Graveyard to hand$Trigger/Ignition/Condition$
11443677$Blue-Eyes Tyrant Dragon$Unlimited$LIGHT$[Dragon/Fusion/Effect]$$$$$8$3400$2900$$"Blue-Eyes White Dragon" + 1 Dragon monster$$Must first be either Fusion Summoned, or Special Summoned from your Extra Deck by Tributing 1 "Blue-Eyes White Dragon" equipped with a Fusion Monster. Unaffected by Trap Cards or effects. This card can attack all monsters your opponent controls, once each. Once per turn, at the end of the Damage Step, if this card battled: You can target 1 Trap in your GY; Set it to your Spell & Trap Zone.$Blue-Eyes White Dragon/Dragon/Fusion Monster$$Tributes for cost/Sets from your Graveyard$Summon/Continuous/Trigger$
48332775$Dinomorphia Kentregina$Unlimited$DARK$[Dinosaur/Fusion/Effect]$$$$$6$4000$0$$2 "Dinomorphia" monsters with different names$$Loses ATK equal to your LP. You can only use each of the following effects of "Dinomorphia Kentregina" once per turn. During the Main Phase (Quick Effect): You can pay half your LP and banish 1 "Dinomorphia" Normal Trap from your GY; this effect becomes that Trap's effect when that card is activated. If this card is destroyed by battle or card effect: You can Special Summon 1 Level 4 or lower "Dinomorphia" monster from your GY.$Supports archetypes /Dinomorphia$$$$
74936480$Dinomorphia Stealthbergia$Unlimited(OCG)$DARK$[Dinosaur/Fusion/Effect]$$$$$6$0$2500$$2 "Dinomorphia" monsters with different names$$While your LP are 2000 or less, you do not pay LP to activate Trap Cards or "Dinomorphia" monster effects. You can only use each of the following effects of "Dinomorphia Stealthbergia" once per turn. When your opponent activates a monster effect (Quick Effect): You can inflict damage to your opponent equal to that monster's original ATK. If this card is destroyed by battle or card effect: You can Special Summon 1 Level 4 or lower "Dinomorphia" monster from your GY.$Supports archetypes /Dinomorphia$$$$
11321089$Guardian Chimera$Unlimited$DARK$[Beast/Fusion/Effect]$$$$$9$3300$3300$$3 monsters with different names$$Must first be Fusion Summoned using only Fusion Materials from your hand and field, with at least 1 monster from each. If this card is Fusion Summoned by a Spell Card or effect: You can draw cards equal to the number of cards used as material from the hand, and if you do, destroy cards your opponent controls equal to the number of cards used as material from the field. You can only use this effect of "Guardian Chimera" once per turn. While "Polymerization" is in your GY, your opponent cannot target this card with card effects.$Polymerization$$Activates upon Fusion Summon/You draw cards$Summon/Trigger/Condition/Continuous$
47710198$Swordsoul Sinister Sovereign - Qixing Longyuan$Unlimited$FIRE$[Wyrm/Synchro/Effect]$$$$$10$2900$2300$$1 Tuner + 1+ non-Tuner Wyrm monsters$$If you Synchro Summon another Wyrm monster, while this monster is on the field: You can draw 1 card. If your opponent Special Summons a monster(s) (except during the Damage Step): You can banish 1 of those monster(s), and if you do, inflict 1200 damage to your opponent. When your opponent activates a Spell/Trap Card or effect (Quick Effect): You can banish that card, and if you do, inflict 1200 damage to your opponent. You can only use each effect of "Swordsoul Sinister Sovereign - Qixing Longyuan" once per turn.$Wyrm/Synchro Monster$$Activates upon Synchro Summon/You draw cards/Activates upon Special  Summon$Trigger/Condition$
$Maple Maiden$Unlimited$WIND$[Fairy/Synchro/Effect]$$$$$7$2100$2600$$1 Tuner + 1+ non-Tuner monsters$$If this card is Special Summoned: You can declare 1 Attribute; this card gains the following effect.●All face-up monsters become that Attribute.You can target 1 monster in your opponent's Main Monster Zone; your opponent must send 1 card from among its adjacent Monster Zones or Spell & Trap Zones to the GY. You can only use each effect of "Maple Maiden" once per turn.$$$Activates upon Special Summon/Declares an Attribute/Sends from your opponent's field to your opponent's Graveyard$Trigger/Continuous/Ignition/Condition$
00109401$Dark Dimension Soldier$Unlimited$DARK$[Warrior/Synchro/Effect]$$$$$5$1200$2400$$1 Tuner + 1+ non-Tuner monsters$$You can banish 1 card from your hand, then target 1 of your banished DARK monsters; Special Summon that monster in face-up or face-down Defense Position. During the End Phase: Inflict 100 damage to your opponent for each Set card on the field. You can only use each effect of "Dark Dimension Soldier" once per turn.$DARK$$$Ignition/Trigger/Condition$
46593546$D/D/D Deviser King Deus Machinex$Unlimited$DARK$[Fiend/Xyz/Pendulum/Effect]$$$10$10$$3000$3000$$2 Level 10 Fiend monsters$While you have a card in your other Pendulum Zone: You can target 1 Pendulum Monster you control or in your GY; Special Summon the card in your other Pendulum Zone, and if you do, place that targeted Pendulum Monster in your Pendulum Zone. You can only use this effect of "D/D/D Deviser King Deus Machinex" once per turn.$You can also Xyz Summon this card by using a "D/D/D" monster you control as material. (Transfer its materials to this card.) You can only control 1 "D/D/D Deviser King Deus Machinex" in your Monster Zone. Once per Chain, when a Monster Card your opponent controls activates its effect (Quick Effect): You can either detach 2 materials from this card, or destroy 1 "Dark Contract" card you control, and if you do, attach that opponent's card to this card as material. Once per turn, during your Standby Phase: You can place this card in your Pendulum Zone.$Supports archetypes /Dark Contract/D/D/D$$Activates if other Pendulum Zone is occupied/Places from field to Pendulum Zone/Places from Graveyard to Pendulum Zone/Transfers/Detaches multiple Xyz Materials for effect/Does not have effects which detach Xyz Materials for cost/Attaches from your opponent's field as Xyz Material/Goes to Pendulum Zone$Pendulum Effect /Ignition-like/Condition/Monster Effect/Summon/Unclassified/Quick/Trigger$
73082255$The Zombie Vampire$Unlimited$DARK$[Zombie/Xyz/Effect]$$$8$$$3000$2800$$2+ Level 8 monsters$$If you use a monster(s) with a Level that is owned by your opponent for the Xyz Summon of this card, treat it as Level 8. Neither player can target this card with effects of Special Summoned monsters, except those Special Summoned from the GY. You can detach 1 material from this card; each player sends the top 4 cards from their Deck to the GY, then if any monsters were sent to either GY by this effect, you can Special Summon 1 of those monsters to your field. You can only use this effect of "The Zombie Vampire" once per turn.$$$Sends from the top of your Deck to your Graveyard/Sends from the top of your opponent's Deck to your opponent's Graveyard$Condition/Continuous/Ignition$
09486959$Onibimaru Soul Sweeper$Unlimited$DARK$[Fiend/Xyz/Effect]$$$2$$$1900$1600$$2+ Level 2 monsters$$You can detach 1 material from this card, then target 1 monster your opponent controls; banish it until your opponent's End Phase. If this card in its owner's control is destroyed by an opponent's card: You can target banished monsters, up to the number of materials this card had; shuffle them into the Deck. You can only use each effect of "Onibimaru Soul Sweeper" once per turn.$$$Returns banished cards to the field/Activates if destroyed by battle/Activates if destroyed by card effect/Returns banished cards to the Deck$Ignition/Trigger/Condition$
35871958$Ghostrick Festival$Unlimited$DARK$[Spellcaster/Link/Effect]$1$Bottom$$$$0$- $$1 non-Link "Ghostrick" monster$$You can also use a face-down "Ghostrick" monster you control as material to Link Summon this card. While a "Ghostrick" card is in a Field Zone, your "Ghostrick" monsters can attack directly. When an opponent's monster declares an attack: You can Tribute this card; Special Summon 1 "Ghostrick" monster from your Deck in face-down Defense Position. You can only use this effect of "Ghostrick Festival" once per turn.$Supports archetypes /Ghostrick$Anti-supports archetypes /Ghostrick$Activates upon attack declaration/Tributes itself for cost$Summon/Continuous/Trigger/Condition$
72860663$Vampire Fascinator$Unlimited$DARK$[Zombie/Link/Effect]$3$Bottom-Left/Top/Bottom-Right$$$$2400$- $$2+ monsters, including a Zombie monster$$If this card is Link Summoned: You can target 1 monster in your opponent's GY; Special Summon it to your field in Defense Position, also you cannot Special Summon monsters for the rest of this turn, except Zombie monsters. You can Tribute 1 "Vampire" monster, then target 1 monster your opponent controls; take control of it until the End Phase. You can only use each effect of "Vampire Fascinator" once per turn.$Supports archetypes /Vampire$$Activates upon Link Summon/Tributes itself for cost/Changes control$$
08264361$Dharc the Dark Charmer, Gloomy$Unlimited$DARK$[Spellcaster/Link/Effect]$2$Bottom-Left/Bottom-Right$$$$1850$- $$2 monsters, including a DARK monster$$(This card is always treated as a "Familiar-Possessed" card.)You can target 1 DARK monster in your opponent's GY; Special Summon it to your zone this card points to. If this Link Summoned card is destroyed by battle, or is destroyed by an opponent's card effect while in its owner's Monster Zone: You can add 1 DARK monster with 1500 or less DEF from your Deck to your hand. You can only use each effect of "Dharc the Dark Charmer, Gloomy" once per turn.$DARK$DARK$Activates if destroyed by battle/Activates if destroyed by card effect/Adds from Deck to hand$Condition/Ignition/Trigger$
35659410$Vision with Eyes of Blue$Unlimited$SPELL$$$$$$$$$Continuous$$$When you activate this card: You can reveal 1 "Blue-Eyes White Dragon" in your hand; Special Summon 1 monster from your hand. Once per turn: You can target 1 face-up monster you control; return that face-up monster to the hand, then you can apply the following effect, based on the original name of the card returned to the hand.●"Blue-Eyes White Dragon": Special Summon 1 monster from your hand.●Other: Special Summon 1 "Blue-Eyes" monster from your hand.You can only activate 1 "Vision with Eyes of Blue" per turn.$Supports archetypes /Blue-Eyes$$Reveals your hand for cost/Returns from your field to your hand$Effect/Ignition-like/Condition$
71143015$Ultimate Fusion$Unlimited$SPELL$$$$$$$$$Quick-Play$$$During the Main Phase: Fusion Summon 1 Fusion Monster from your Extra Deck that mentions "Blue-Eyes White Dragon" or "Blue-Eyes Ultimate Dragon" as material, by shuffling the Fusion Materials listed on it from your hand, field, and/or GY into the Deck, then, you can destroy face-up cards your opponent controls, up to the number of "Blue-Eyes White Dragon" and "Blue-Eyes Ultimate Dragon" used from the field as material. You can only activate 1 "Ultimate Fusion" per turn.$Fusion Monster/Blue-Eyes White Dragon/Blue-Eyes Ultimate Dragon$$Uses cards in the hand as Fusion Materials/Uses cards on the player's field as Fusion Materials/Uses cards in the player's Graveyard as Fusion Materials/Returns Fusion Materials used in a Fusion Summon to Deck/Returns from your hand to your Deck/Returns from your field to your Deck/Returns from your Graveyard to your Deck$Effect/Condition$
07142724$Icejade Cenote Enion Cradle$Unlimited$SPELL$$$$$$$$$Field$$$When this card is activated: You can add 1 of your "Icejade" monsters that is banished or in your GY to your hand. Once per turn, if a monster(s) is Normal or Special Summoned (except during the Damage Step): You can target 1 WATER monster you control; that monster, along with any face-up monsters your opponent currently controls, loses ATK equal to the targeted monster's original ATK, until the end of this turn. You can only activate 1 "Icejade Cenote Enion Cradle" per turn.$Supports archetypes /Icejade$$$$
34536828$Branded Disciple$Unlimited$SPELL$$$$$$$$$Continuous$$$When a monster effect activated by your opponent resolves, if that opponent's monster has 0 ATK or DEF, and you control a Level 8 or higher Fiend Fusion Monster, you can negate that activated effect. At the end of the Damage Step, if monsters with 0 ATK battled each other: You can destroy your opponent's battling monster. You can only use each effect of "Branded Disciple" once per turn.$Fiend/Fusion Monster$$$Trigger-like/Condition$
60921537$Dogmatikamacabre$Unlimited$SPELL$$$$$$$$$Ritual$$$This card can be used to Ritual Summon any "Dogmatika" Ritual Monster from your hand or GY. You must also Tribute monsters from your hand or field, and/or banish Fusion or Synchro Monsters from your GY, whose total Levels equal or exceed the Level of the Ritual Monster you Ritual Summon, then, if both "White Knight of Dogmatika" and "White Relic of Dogmatika" are on the field, you can look at either your Extra Deck or your opponent's, and send 1 monster from it to the GY. You can only activate 1 "Dogmatikamacabre" per turn.$Supports archetypes /Dogmatika$$$Effect$
07320132$Nordic Relic Hlidskjalf$Unlimited$SPELL$$$$$$$$$$$$Special Summon 1 "Nordic" monster from your Deck, but you cannot Special Summon monsters from the Extra Deck, except "Aesir" monsters, while that monster is face-up on the field. You can banish this card from your GY; add 1 "Nordic" monster from your Deck to your hand, then shuffle 1 card from your hand into the Deck. You can only use 1 "Nordic Relic Hlidskjalf" effect per turn, and only once that turn.$Supports archetypes /Nordic/Aesir$$$$
33814281$Dark Contract with Patent License$Unlimited$SPELL$$$$$$$$$Field$$$If your opponent Special Summons a monster(s) with the same card type (Fusion, Synchro, Xyz, or Link) as a "D/D/D" monster you control (except during the Damage Step): You can inflict 1000 damage to your opponent, also, while this card is on the field, your opponent cannot Special Summon monsters with the same card type as that Special Summoned monster for the rest of this turn. If this card is sent to the GY: You can add 1 "D/D" monster from your GY, or 1 face-up "D/D" Pendulum Monster from your Extra Deck, to your hand. You can only use this effect of "Dark Contract with Patent License" once per turn.$Supports archetypes /D/D/D/D/D$$$$
69809989$Ghostrick Shot$Unlimited$SPELL$$$$$$$$$$$$Special Summon 1 "Ghostrick" monster from your hand or GY, then you can change 1 face-down "Ghostrick" monster you control to face-up Attack Position. You can banish this card from your GY, then target 1 "Ghostrick" Xyz Monster you control; attach 1 "Ghostrick" card from your GY to that monster as material. You can only use each effect of "Ghostrick Shot" once per turn.$Supports archetypes /Ghostrick$$$$
96203584$Ogdoadic Serpent Strike$Unlimited$SPELL$$$$$$$$$Continuous$$$You can send 1 monster from your hand or field to the GY, then target 1 Reptile monster in your GY with a different original Attribute than that monster; Special Summon it. During the Main Phase, if a monster is sent to your opponent's GY: You can send 1 Reptile monster from your Deck to the GY. You can only use each effect of "Ogdoadic Serpent Strike" once per turn.$Reptile$$$$
32692693$Ursarctic Radiation$Unlimited$SPELL$$$$$$$$$Continuous$$$Activate this card by placing 7 counters on it. Each time an "Ursarctic" monster(s) is Special Summoned from the hand or Extra Deck: You can remove 1 counter from this card; draw 1 card. Once per turn, during the End Phase: You can target 1 "Ursarctic" card in your GY, except "Ursarctic Radiation"; shuffle it into the Deck. You can only control 1 "Ursarctic Radiation".$Supports archetypes /Ursarctic$$$$
69087397$Floowandereeze and the Advent of Adventure$Unlimited$SPELL$$$$$$$$$Quick-Play$$$Banish 1 Winged Beast monster from your hand or face-up field; add 1 "Floowandereeze" monster or "Floowandereeze" Field Spell from your Deck to your hand, then gain 500 LP. You can only activate 1 "Floowandereeze and the Advent of Adventure" per turn.$Supports archetypes /Floowandereeze$$$$
95471006$XYZ Combine$Unlimited$SPELL$$$$$$$$$Continuous$$$If your LIGHT Machine Union Monster Card is banished (except during the Damage Step): You can Special Summon 1 "X-Head Cannon", "Y-Dragon Head", or "Z-Metal Tank" from your Deck. You can return 1 Fusion Monster you control to the Extra Deck; Special Summon up to 2 of your banished monsters with different names, from among "X-Head Cannon", "Y-Dragon Head", and "Z-Metal Tank". You can only use each effect of "XYZ Combine" once per turn.$LIGHT/Machine/Union monster/X-Head Cannon/Y-Dragon Head/Z-Metal Tank/Fusion Monster$$Returns from field to Extra Deck for cost$Trigger-like/Ignition-like/Condition$
21570001$Clear New World$Unlimited$SPELL$$$$$$$$$$$$Target 1 face-up monster you control; destroy it, and if you do, Special Summon 1 monster from your Deck in Defense Position, with a different original Type and Attribute, whose Level is lower than that monster's original Level, but negate its effects. You can only activate 1 "Clear New World" per turn.$$$$$
64964750$Sales Ban$Unlimited$SPELL$$$$$$$$$$$$Declare 1 card name; for the rest of this turn, your opponent cannot activate cards, or the effects of cards, with the same original name as that declared card. The same restrictions apply to you, but for the rest of this Duel instead of just this turn. You can only activate 1 "Sales Ban" per turn.$$$$$
90359458$Top Share$Unlimited$SPELL$$$$$$$$$$$$Reveal 1 card from your Deck and place it on top of your Deck, then your opponent reveals 1 card from their Deck and places it on top of their Deck. You can only activate 1 "Top Share" per turn.$$$Places cards from the Deck on the top of the Deck$$
27753563$Uradora of Fate$Unlimited$SPELL$$$$$$$$$$$$Pay 1000 LP, then target 1 face-up monster you control; it gains 1000 ATK until the end of your opponent's turn, and if it does, apply this effect until the end of your opponent's turn.●Each time it destroys an opponent's monster by battle: You can reveal the bottom card of your Deck and place it on the top or bottom of the Deck. If the revealed card was a Dragon, Dinosaur, Sea Serpent, or Wyrm monster, draw 1 card for every 1000 ATK of that monster, then gain 1000 LP for each card drawn.$Dragon/Dinosaur/Sea Serpent/Wyrm$$$$
53742162$Icejade Erosion$Unlimited$TRAP$$$$$$$$$Continuous$$$You can target 1 face-up card your opponent controls; destroy 1 "Icejade" monster you control, and if you do, negate the targeted card's effects until the end of this turn. If a face-up WATER monster you control leaves the field by an opponent's card, except by being destroyed (and except during the Damage Step): You can add to your hand or Special Summon, 1 "Icejade" monster from your Deck. You can only use each effect of "Icejade Erosion" once per turn.$Supports archetypes /Icejade$$$$
99137266$Swordsoul Strife$Unlimited$TRAP$$$$$$$$$Continuous$$$If a card(s) is banished (except during the Damage Step): You can banish 1 Wyrm Synchro Monster or 1 "Swordsoul" card from your hand, Deck, GY, or that is face-up on either field. If this card is banished: You can Special Summon 1 "Swordsoul Token" (Wyrm/Tuner/WATER/Level 4/ATK 0/DEF 0). While that Token is in the Monster Zone, the player who Summoned it cannot Special Summon monsters from the Extra Deck, except Synchro Monsters. You can only use each effect of "Swordsoul Strife" once per turn.$Supports archetypes /Swordsoul$$$$
26631975$Dinomorphia Domain$Unlimited$TRAP$$$$$$$$$$$$During the Main Phase: Pay half your LP; Fusion Summon 1 "Dinomorphia" Fusion Monster from your Extra Deck, using monsters from your hand, Deck, or field as material. When your opponent activates a card or effect, while your LP are 2000 or less: You can banish this card from your GY; you take no effect damage from your opponent's card effects this turn. You can only activate 1 "Dinomorphia Domain" per turn.$Supports archetypes /Dinomorphia$$$$
52020510$Dinomorphia Alert$Unlimited$TRAP$$$$$$$$$$$$Pay half your LP; Special Summon up to 2 "Dinomorphia" monsters from your GY whose total Levels equal 8 or less, but you cannot declare an attack with them this turn, also you cannot Special Summon for the rest of this turn, except "Dinomorphia" monsters. When your opponent activates a card or effect, while your LP are 2000 or less: You can banish this card from your GY; you take no effect damage from your opponent's card effects this turn. You can only activate 1 "Dinomorphia Alert" per turn.$Supports archetypes /Dinomorphia$$$$
99414629$Dinomorphia Brute$Unlimited$TRAP$$$$$$$$$$$$Pay half your LP; destroy 1 "Dinomorphia" monster you control and 1 card your opponent controls. When your opponent activates a card or effect, while your LP are 2000 or less: You can banish this card from your GY; you take no effect damage from your opponent's card effects this turn. You can only activate 1 "Dinomorphia Brute" per turn.$Supports archetypes /Dinomorphia$$$$
25419323$Dinomorphia Shell$Unlimited$TRAP$$$$$$$$$Counter$$$At the start of your opponent's Battle Phase: Pay half your LP; Special Summon 1 "Dinomorphia Token" (Dinosaur/DARK/Level 10/ATK 0/DEF 3000), and if you do, for the rest of this turn, while you control that Token in your Monster Zone, your opponent cannot target other monsters for attacks, except that one. During damage calculation, while your LP are 2000 or less, if you would take battle damage: You can banish this card from your GY; you take no battle damage from that battle. You can only activate 1 "Dinomorphia Shell" per turn.$$$$$
52807032$Dinomorphia Sonic$Unlimited$TRAP$$$$$$$$$Counter$$$When your opponent activates a Spell/Trap Card, while you control a "Dinomorphia" monster: Pay half your LP; negate the activation, and if you do, destroy that card, then, destroy 1 "Dinomorphia" monster you control. During damage calculation, while your LP are 2000 or less, if you would take battle damage: You can banish this card from your GY; you take no battle damage from that battle. You can only activate 1 "Dinomorphia Sonic" per turn.$Supports archetypes /Dinomorphia$$$$
28292031$Dinomorphia Reversion$Unlimited$TRAP$$$$$$$$$Counter$$$If you control a "Dinomorphia" Fusion Monster: Pay half your LP and banish 1 Counter Trap from your GY; this effect becomes that Counter Trap's effect when that card is activated. During damage calculation while your LP are 2000 or less, if you would take battle damage: You can banish this card from your GY; you take no battle damage from that battle. You can only activate 1 "Dinomorphia Reversion" per turn.$Supports archetypes /Dinomorphia$$$$
64797746$Nordic Relic Svalinn$Unlimited$TRAP$$$$$$$$$Continuous$$$If you control an "Aesir" monster: You can negate the effects of all face-up cards your opponent currently controls, until the end of this turn. You can Tribute 1 "Nordic" monster, then target 1 "Aesir" monster in your GY; Special Summon it. You can only use 1 "Nordic Relic Svalinn" effect per turn, and only once that turn.$Supports archetypes /Aesir/Nordic$$$$
91781484$D/D/D Headhunt$Unlimited$TRAP$$$$$$$$$$$$If you control a "D/D/D" monster: Target 1 face-up monster your opponent controls; take control of it until the End Phase of the next turn, but its effects are negated, it cannot declare an attack, also if it is a monster Special Summoned from the Extra Deck, it is also treated as a "D/D/D" monster. You can only activate 1 "D/D/D Headhunt" per turn.$Supports archetypes /D/D/D$$Changes control$Effect/Condition$
27170599$Ghostrick or Treat$Unlimited$TRAP$$$$$$$$$$$$If you control a "Ghostrick" Field Spell or a "Ghostrick" Link Monster: You can target 1 face-up monster your opponent controls; your opponent can pay 2000 LP to make this card's effect "Set this card instead of sending it to the GY after activation", otherwise, for the rest of this turn, that face-up monster cannot attack, its effects are negated, also it is changed to face-down Defense Position during the End Phase. You can only activate 1 "Ghostrick or Treat" per turn.$Supports archetypes /Ghostrick$$$$
54564198$Monster Rebirth$Unlimited$TRAP$$$$$$$$$$$$If a monster(s) was destroyed by battle this turn: Send 1 "Monster Reborn" from your hand or Deck to the GY, then target 1 monster in either GY; Special Summon that monster to your field. (This is treated as a Special Summon by the effect of "Monster Reborn".)$Monster Reborn$$Activates if destroyed by battle/Sends from hand to Graveyard for cost/Sends from Deck to Graveyard for cost$Effect$
90969892$Tribe Drive$Unlimited$TRAP$$$$$$$$$$$$If you have 3 or more different Monster Types on your field: You can choose 3 monsters from your Deck with different Types from each other but with the same Types as the monsters you control, then, your opponent randomly chooses 1 for you to either add to your hand or Special Summon, also place the remaining monsters on the bottom of your Deck in any order. You can only activate 1 "Tribe Drive" per turn.$$$$$
26357901$Imprudent Intrusion$Unlimited$TRAP$$$$$$$$$$$$Your LP must be lower than your opponent's to activate and to resolve this effect.Activate 1 of these effects;●Destroy 1 monster your opponent controls with ATK less than or equal to the difference in LP.●Special Summon 1 monster from your GY with ATK less than or equal to the difference in LP.$$$$$
53442500$End of the Line$Unlimited$TRAP$$$$$$$$$$$$If your LP are lower than 100: Draw 2 cards, then, if your LP are lower than 10, draw 2 additional cards.$$$$$
84462118$Dragonbite$Unlimited$DARK$[Insect/Tuner/Effect]$$$$$4$1000$1000$$$$When this card is Normal Summoned: You can Special Summon 1 Level 4 or lower Insect monster from your hand. You can banish 1 Level 4 or lower Insect monster from your hand, GY, or face-up field, then target 1 face-up monster you control; increase its Level by the Level of the banished monster, until the end of this turn. You can only use each effect of "Dragonbite" once per turn.$Insect$$Activates upon Normal Summon$$
10851853$Flowerdino$Unlimited$EARTH$[Dinosaur/Effect]$$$$$4$2000$0$$$$Cannot be Normal Summoned/Set. Must be Special Summoned by its own effect. You can only use each of the following effects of "Flowerdino" once per turn. If you activate a Trap Card or effect, or your opponent activates a Spell Card or effect: You can Special Summon this card from your hand. If this card is sent to the GY: You can target 3 banished Spells/Traps; place them on the bottom of the appropriate Deck(s) in any order, then draw 1 card.$$$Activates from your Graveyard/Places banished cards on the bottom of the Deck/You draw cards$$
57946551$Rock Scales$Unlimited$WATER$[Fish/Effect]$$$$$5$2100$1600$$$$If this card is Special Summoned: You can target 1 other face-up monster on the field; equip that face-up monster to this card. At the start of the Damage Step, if this card battles an opponent's monster with the same Type and Attribute as the Monster Card equipped by this card's effect: You can destroy that opponent's monster. You can only use each effect of "Rock Scales" once per turn.$$$Activates upon Special Summon/Equips self from field$$
83340560$The Great Double Casted Caster$Unlimited$LIGHT$[Spellcaster/Fusion/Effect]$$$$$8$0$2600$$2 non-Effect Monsters$$Gains ATK equal to the combined original ATK of any Ritual, Fusion, Synchro, Xyz, or Link Monsters used as Fusion Material for this card. This card can attack directly. If this card is destroyed by battle or card effect: You can target 1 of your non-Effect Monsters that is banished or in your GY; Special Summon it. You can only use this effect of "The Great Double Casted Caster" once per turn.$Non-Effect Monster/Ritual Monster/Fusion Monster/Synchro Monster/Xyz Monster/Link Monster$$$$
19739265$Sol and Luna$Unlimited$SPELL$$$$$$$$$Quick-Play$$$Target 1 monster you control and 1 monster your opponent controls; apply the following effect on each monster, depending on its battle position.●Face-up: Change it to face-down Defense Position.●Face-down: Change it to face-up Defense Position.You can only activate 1 "Sol and Luna" per turn.$$$Changes battle positions/Flips monsters face-down/Flips monsters face-up$$
82128978$Libromancer Magigirl$Unlimited$WATER$[Spellcaster/Effect]$$$$$4$600$2100$$$$You can reveal 1 Ritual Monster in your hand: Special Summon this card from your hand. During your opponent's turn (Quick Effect): You can Ritual Summon 1 "Libromancer" Ritual Monster from your hand, by Tributing monsters from your hand or field whose total Levels equal or exceed its Level. You can only use each effect of "Libromancer Magigirl" once per turn.$Supports archetypes /Libromancer$$Reveals cards in your hand/Tributes as an effect$$
19516687$Libromancer Agent$Unlimited$EARTH$[Warrior/Effect]$$$$$6$2000$2500$$$$You can reveal 1 Ritual Monster in your hand: Special Summon this card from your hand. You can target 1 "Libromancer" card in your GY, except "Libromancer Agent"; add it to your hand, then if you added a Spell/Trap by this effect, place 1 card from your hand on the bottom of the Deck. You can only use each effect of "Libromancer Agent" once per turn.$Supports archetypes /Libromancer$$Reveals cards in your hand/Adds from Graveyard to hand/Places cards from hand on the bottom of the Deck$$
45001322$Libromancer Firestarter$Unlimited$FIRE$[Cyberse/Ritual/Effect]$$$$$3$1800$1800$$$$You can Ritual Summon this card with a "Libromancer" card. If this card is Ritual Summoned by using a monster(s) on the field, it cannot be destroyed, or banished, by card effects. Gains 200 ATK/DEF each time your opponent activates a card or effect, while you control this card with ATK less than 3000 in the Monster Zone.$Supports archetypes /Libromancer$$Activates upon Ritual Summon$$
71406430$Libromancer Doombroker$Unlimited$DARK$[Fiend/Ritual/Effect]$$$$$6$2500$2000$$$$You can Ritual Summon this card with a "Libromancer" card. If this card is Ritual Summoned by using a monster(s) on the field, it can attack directly. You can only use each of the following effects of "Libromancer Doombroker" once per turn. During your Main Phase: You can Set 1 "Libromancer" Trap directly from your Deck. When this card inflicts battle damage to your opponent: You can target 1 face-up monster your opponent controls; shuffle it into the Deck.$Supports archetypes /Libromancer$$Activates upon Ritual Summon/Sets from your Deck/Activates when it inflicts battle damage$$
18890039$Libromancer First Appearance$Unlimited$SPELL$$$$$$$$$Field$$$When this card is activated: You can add 1 "Libromancer" monster from your Deck to your hand, with a different name than the cards you control. During your Main Phase: You can Ritual Summon 1 "Libromancer" Ritual Monster from your hand, by Tributing monsters from your hand or field whose total Levels equal or exceed its Level. You can only activate 1 "Libromancer First Appearance" per turn.$Supports archetypes /Libromancer$$Adds from Deck to hand/Tributes as an effect$$
44889144$Libromancer Intervention$Unlimited$TRAP$$$$$$$$$$$$When your opponent activates a card or effect: Target 1 "Libromancer" Ritual Monster you control; return it to the hand, and if you do, negate that activated effect, then you can Special Summon 1 "Libromancer" monster from your hand or GY. You can only activate 1 "Libromancer Intervention" per turn.$Supports archetypes /Libromancer$$Returns from field to hand$$
28363749$Fire Opal Head$Unlimited$FIRE$[Dinosaur/Pendulum/Normal]$$$$0$6$2500$1000$$$$This dinosaur pack leader with a burning head of stone is named after his finishing move.$$$$$
72717433$Doll Monster Miss Mädchen$Unlimited$LIGHT$[Fairy/Normal]$$$$$4$0$0$$$$Welcome to our house!Here I live with Cologne, Grandpa Demetto, and all the other dolls!$$$$$
18106132$Doll Monster Bear-Bear$Unlimited$WIND$[Beast/Normal]$$$$$4$0$0$$$$Even if we get damaged, it's okay.Grandpa Demetto can patch us up!$$$$$
28427869$Smoke Mosquito$Unlimited$DARK$[Insect/Effect]$$$$$1$0$0$$$$During damage calculation, if you would take battle damage from an opponent's monster's attack (Quick Effect): You can Special Summon this card from your hand, and if you do, the damage you take from that battle is halved, also end the Battle Phase after the Damage Step. You can target 1 face-up monster you control; this card's Level becomes the same as that monster's, until the end of this turn. You can only use each effect of "Smoke Mosquito" once per turn.$$$Activates from your hand/Ends the Battle Phase$Quick/Ignition/Condition$
25607552$Nowru Aries the Vernal Dragon$Unlimited$WIND$[Dragon/Effect]$$$$$7$2000$2500$$$$If this card is in your GY: You can send 1 Level 5 or higher monster from your hand to the GY; Special Summon this card, but banish it when it leaves the field. If this card is destroyed by battle, or if this card in its owner's possession is destroyed by an opponent's card effect: You can target 1 card your opponent controls; banish it. You can only use each effect of "Nowru Aries the Vernal Dragon" once per turn.$$$Activates from your Graveyard/Activates if destroyed by battle/Activates if destroyed by card effect/Sends from hand to Graveyard for cost$Ignition/Trigger/Condition$
45420955$Groza, Tyrant of Thunder$Unlimited$DARK$[Fiend/Synchro/Effect]$$$$$8$2800$2800$$1 Tuner + 1+ non-Tuner Fiend monsters$$During your opponent's Main Phase (Quick Effect): You can target 1 Effect Monster on the field; discard 1 monster, and if you do, negate that monster's effect until the end of this turn. You can only use this effect of "Groza, Tyrant of Thunder" once per turn. If a Fiend monster(s) is sent from the hand to your GY (except during the Damage Step): You can apply 1 of the following effects to this card, until the end of this turn.●Cannot be destroyed by battle.●Cannot be destroyed by your opponent's card effects.●Your opponent cannot target this card with card effects.$Fiend$Effect Monster$Discards for effect$Quick/Condition/Trigger$
71595845$Doll Happiness$Unlimited$SPELL$$$$$$$$$Continuous$$$When this card is activated: Add 1 "Grandpa Demetto" or "Box of Friends" from your Deck to your hand. While you control "Princess Cologne", your opponent's monsters cannot target monsters with 0 ATK or DEF for attacks. Once per turn: You can destroy 1 monster in your hand or field, and if you do, send 1 "Doll Monster" card from your Deck to the GY, also you cannot Special Summon monsters from the Extra Deck for the rest of this turn, except Xyz Monsters. You can only activate "Doll Happiness" once per turn.$Supports archetypes /Doll Monster$$Adds from Deck to hand/Sends from your Deck to your Graveyard$Effect/Continuous-like/Ignition-like/Condition$
16720314$Smile Potion$Unlimited$TRAP$$$$$$$$$$$$If your opponent controls a monster whose current ATK is higher than its original ATK, while you control no monsters: Draw 2 cards. You can only activate 1 "Smile Potion" per turn.$$$You draw cards$Effect/Condition$
50237654$The Dark Magicians$Unlimited$DARK$[Spellcaster/Fusion/Effect]$$$$$8$2800$2300$$"Dark Magician" or "Dark Magician Girl" + 1 Spellcaster monster$$Once per turn, if a Spell/Trap Card or effect is activated (except during the Damage Step): You can draw 1 card, then if it was a Spell/Trap, you can Set it, and if it was a Trap or Quick-Play Spell, you can activate it this turn. If this card is destroyed: You can Special Summon both 1 "Dark Magician" and 1 "Dark Magician Girl" from your hand, Deck, and/or GY.$Spellcaster/Quick-Play Spell Card/Dark Magician/Dark Magician Girl$$You draw cards/Shows the player's drawn cards/Sets from your hand/Activates if destroyed by battle/Activates if destroyed by card effect$Trigger$
