Passcode$Name$Status$Attribute$type$link$link_arrows$rank$pendulum_scale$level$attack$defense$spell_attribute$summoning_condition$pendulum_condition$card_text$card_supports$card_anti_supports$card_actions$effect_types$
02396042$Steel Cavalry of Dinon$Unlimited$EARTH$[Dinosaur/Pendulum/Effect]$$$$5$4$1600$2600$$$$At the start of the Damage Step, if this card battles a Pendulum Monster: This card's ATK and DEF become half its current ATK and DEF until the end of the Damage Step.$$$$Trigger$
54941203$Tuning Magician$Unlimited$DARK$[Spellcaster/Tuner/Effect]$$$$$1$0$0$$$$If you have 2 "Magician" cards in your Pendulum Zones, while this card is in your hand or Graveyard: You can Special Summon this card, but banish it when it leaves the field. You can only use this effect of "Tuning Magician" once per turn. If this card is Normal or Special Summoned: Your opponent gains 400 LP, then you take 400 damage.$Supports archetypes /Magician $$Activates upon Normal Summon/Activates upon Special Summon$Ignition/Condition/Trigger$
80335817$Timebreaker Magician$Unlimited$DARK$[Spellcaster/Pendulum/Effect]$$$$2$3$1400$0$$$Each turn, the first Pendulum Monster(s) you control that would be destroyed by an opponent's card effect, is not destroyed.$When this card is Pendulum Summoned from the hand (and no other cards are Pendulum Summoned at the same time): You can make this card's ATK become double its original ATK. Once per turn: You can target 1 monster on the field; banish both it and this card from the field until your next Standby Phase.$Pendulum Monster$$Activates upon Pendulum Summon/Returns banished cards to the field/Returns itself to the field while banished$Pendulum Effect /Continuous-like/Monster Effect/Trigger/Ignition$
17330916$Performapal Monkeyboard$Forbidden(OCG)$EARTH$[Beast/Pendulum/Effect]$$$$1$6$1000$2400$$$Unless you have a "Performapal" card in your other Pendulum Zone, this card's Pendulum Scale becomes 4. During your Main Phase, if this card was activated this turn: You can add 1 Level 4 or lower "Performapal" monster from your Deck to your hand. You can only use this effect of "Performapal Monkeyboard" once per turn.$You can discard this card; reveal 1 "Performapal" or "Odd-Eyes" monster in your hand, and if you do, reduce the Levels of monsters in your hand with that name by 1 for the rest of this turn (even after they are Summoned/Set).$Supports archetypes /Performapal/Odd-Eyes$$Applies effect if other Pendulum Zone is not occupied by specific card/Adds from Deck to hand/Discards itself for cost/Reveals your hand for effect$Pendulum Effect /Continuous-like/Ignition-like/Condition/Monster Effect/Ignition$
53724621$Performapal Guitartle$Unlimited$WATER$[Aqua/Pendulum/Effect]$$$$6$1$300$400$$$If a "Performapal" card is activated in your other Pendulum Zone: You can draw 1 card. You can only use this effect of "Performapal Guitartle" once per turn.$Once per turn: You can target 1 card in your Pendulum Zone; increase its Pendulum Scale by 2 until the end of this turn.$Supports archetypes /Performapal$$Activates if other Pendulum Zone is occupied by specific card/You draw cards$Pendulum Effect /Trigger-like/Condition/Monster Effect/Ignition$
89113320$Performapal Bit Bite Turtle$Unlimited$WATER$[Reptile/Pendulum/Effect]$$$$3$3$800$1200$$$Once per turn: You can reveal 1 "Performapal" or "Odd-Eyes" monster in your hand, and if you do, reduce the Levels of monsters in your hand with that name by 1 for the rest of this turn (even after they are Summoned/Set, and even if this card leaves the field).$When this card is destroyed by battle: You can destroy the monster that destroyed it.$Supports archetypes /Performapal/Odd-Eyes$$Reveals your hand for effect/Activates from your Graveyard$Pendulum Effect /Ignition-like/Monster Effect/Trigger$
16617334$Performapal Rain Goat$Unlimited$WATER$[Beast/Effect]$$$$$1$0$0$$$$When a card or effect is activated that would inflict damage to you (Quick Effect): You can discard this card; make that effect damage to you 0. During the Main Phase (Quick Effect): You can discard this card, then target 1 "Performapal" or "Odd-Eyes" card you control; this turn, it cannot be destroyed by battle or card effects.$Supports archetypes /Performapal/Odd-Eyes$$Discards itself for cost$Quick$
42002073$Performapal Trump Girl$Unlimited$DARK$[Spellcaster/Pendulum/Effect]$$$$4$2$200$200$$$$Once per turn: You can Fusion Summon 1 Fusion Monster from your Extra Deck, using monsters you control as Fusion Materials, including this card. If this card in the Pendulum Zone is destroyed: You can target 1 Dragon-Type Fusion Monster in your Graveyard; Special Summon it, but destroy it during the End Phase.$Fusion Monster/Dragon$$Activates from your Extra Deck/Uses cards on the player's field as Fusion Materials/Uses itself as a Fusion Material$Ignition/Trigger$
89091772$Superheavy Samurai Magnet$Unlimited$EARTH$[Machine/Effect]$$$$$4$900$1900$$$$When this card is Normal Summoned: You can Special Summon 1 Level 4 or lower "Superheavy Samurai" monster from your hand, then change this card to Defense Position. Monsters your opponent controls cannot attack any monsters, except this one.$Supports archetypes /Superheavy Samurai$$Activates upon Normal Summon/Changes battle positions$Trigger/Continuous$
15495787$Superheavy Samurai Prepped Defense$Unlimited$EARTH$[Machine/Effect]$$$$$3$100$2100$$$$Cannot be Normal or Flip Summoned, if you have any Spell/Trap Cards in your Graveyard. When you take battle damage, if you have no Spell/Trap Cards in your Graveyard and this card is in your hand: You can Special Summon this card, and if you do, it cannot be destroyed by battle or card effects this turn.$$$Activates upon Special Summon$Summon/Trigger$
42880485$Superheavy Samurai General Jade$Unlimited$EARTH$[Machine/Pendulum/Effect]$$$$1$8$1800$2800$$$You cannot Pendulum Summon monsters, except "Superheavy Samurai" monsters. This effect cannot be negated. Once per turn: You can target 1 "Superheavy Samurai" monster you control; increase its Level by 1 (even if this card leaves the field).$You can Tribute Summon this card by Tributing 1 "Superheavy Samurai" monster. When this card is Normal or Special Summoned: You can change its battle position. This card can attack while in face-up Defense Position. If it does, apply its DEF for damage calculation.$Supports archetypes /Superheavy Samurai$$Effect that cannot be negated/Activates upon Normal Summon/Activates upon Special Summon/Tributes for cost/Changes battle positions$Pendulum Effect /Continuous-like/Condition/Ignition-like/Monster Effect/Summon/Trigger/Continuous$
78274190$Superheavy Samurai General Coral$Unlimited$EARTH$[Machine/Pendulum/Effect]$$$$8$1$300$500$$$While you have a Spell/Trap Card(s) in your Graveyard, this card's Pendulum Scale becomes 4. Once per turn, when a "Superheavy Samurai" monster you control destroys an opponent's monster by battle: You can activate this effect; that monster can make a second attack in a row (even if this card leaves the field).$If you have no Spell/Trap Cards in your Graveyard: You can Tribute up to 2 "Superheavy Samurai" monsters; draw that many cards. You can only use this effect of "Superheavy Samurai General Coral" once per turn.$Supports archetypes /Superheavy Samurai$$Tributes for cost/You draw cards$Pendulum Effect /Continuous-like/Trigger-like/Monster Effect/Ignition/Condition$
14763299$Solo the Melodious Songstress$Unlimited$LIGHT$[Fairy/Effect]$$$$$4$1600$1000$$$$If your opponent controls a monster and you control no monsters, you can Special Summon this card (from your hand). When this card is destroyed by battle and sent to the Graveyard: You can Special Summon 1 "Melodious" monster from your Deck, except "Solo the Melodious Songstress".$Supports archetypes /Melodious$$Activates if destroyed by battle/Activates from your Graveyard$Summon/Trigger$
41767843$Score the Melodious Diva$Unlimited$LIGHT$[Fairy/Effect]$$$$$2$200$200$$$$During damage calculation (in either player's turn), if a "Melodious" monster you control battles an opponent's monster: You can send this card from your hand to the Graveyard; change that opponent's monster's ATK and DEF to 0, until the end of this turn.$Supports archetypes /Melodious$$Activates from your hand/Sends itself from hand to Graveyard for cost$Quick$
77152542$Blackwing - Harmattan the Dust$Unlimited$DARK$[Winged Beast/Effect]$$$$$2$800$800$$$$If you control a "Blackwing" monster other than "Blackwing - Harmattan the Dust", you can Special Summon this card (from your hand). You can only Special Summon "Blackwing - Harmattan the Dust" once per turn this way. When this card is Normal or Special Summoned: You can target 1 other "Blackwing" monster you control; increase this card's Level by that monster's.$Supports archetypes /Blackwing$$Activates upon Normal Summon/Activates upon Special Summon$Summon/Condition/Trigger$
14541657$Twilight Ninja Shingetsu$Unlimited$DARK$[Warrior/Effect]$$$$$4$1500$100$$$$Monsters your opponent controls cannot target face-up "Ninja" monsters for attacks, except this one. Your opponent cannot target face-up "Ninja" monsters with card effects, except this one. If this card is destroyed by battle and sent to the Graveyard, or if this card in your possession is destroyed by an opponent's card effect and sent to your Graveyard: You can add 1 "Ninja" monster from your Deck to your hand, except "Twilight Ninja Shingetsu". You can only use this effect of "Twilight Ninja Shingetsu" once per turn.$Supports archetypes /Ninja$$Activates from your Graveyard/Adds from Deck to hand$Continuous/Trigger/Condition$
40945356$Twilight Ninja Nichirin, the Chunin$Unlimited$DARK$[Warrior/Effect]$$$$$6$2300$1000$$$$Once per turn, during either player's turn: You can discard 1 "Ninja" monster, then activate 1 of these effects;●This turn, "Ninja" monsters and "Ninjitsu Art" cards you control cannot be destroyed by battle or card effects.●1 "Ninja" monster you control gains 1000 ATK until the end of this turn.$Supports archetypes /Ninja/Ninjitsu Art$$Discards for cost$Quick$
76930964$Twilight Ninja Getsuga, the Shogun$Unlimited$DARK$[Warrior/Effect]$$$$$8$2000$3000$$$$You can Tribute Summon this card by Tributing 1 "Ninja" monster. If this card is in Attack Position: You can target 2 "Ninja" monsters in your GY, except "Twilight Ninja Getsuga, the Shogun"; change this card to Defense Position, and if you do, Special Summon those monsters. You can only use this effect of "Twilight Ninja Getsuga, the Shogun" once per turn.$Supports archetypes /Ninja$$Changes battle positions$Summon/Ignition/Condition$
03428069$Buster Blader, the Destruction Swordmaster$Unlimited$EARTH$[Warrior/Effect]$$$$$7$2600$2300$$$$This card's name becomes "Buster Blader" while on the field or in the GY. If a monster(s) your opponent controls is destroyed by battle or card effect and sent to the GY: You can target 1 of those destroyed monsters; equip it to this card. Once per turn: You can send 1 Monster Card you control that is equipped to this card to the GY; destroy all monsters your opponent controls with the same Type as that monster sent to the GY.$Buster Blader$$Activates if destroyed by battle/Activates if destroyed by card effect/Equips monsters from the opponent's Graveyard to itself/Sends from field to Graveyard for cost$Unclassified/Trigger/Ignition$
49823708$Buster Whelp of the Destruction Swordsman$Unlimited$LIGHT$[Dragon/Tuner/Effect]$$$$$1$400$300$$$$When this card is Normal Summoned: You can add 1 "Destruction Sword" card from your Deck to your hand, except "Buster Whelp of the Destruction Swordsman". You can only use 1 of the following effects of "Buster Whelp of the Destruction Swordsman" per turn, and only once that turn.●You can Tribute this card; Special Summon 1 "Buster Blader" from your hand or Graveyard.●If this card is in your Graveyard and you control "Buster Blader": You can discard 1 "Destruction Sword" card; Special Summon this card.$Supports archetypes /Destruction Sword$$Activates upon Normal Summon/Adds from Deck to hand/Tributes itself for cost/Activates from your Graveyard/Discards for cost$Trigger/Condition/Ignition$
76218313$Dragon Buster Destruction Sword$Unlimited$DARK$[Dragon/Tuner/Effect]$$$$$1$400$300$$$$You can target 1 "Buster Blader" you control; equip this monster from your hand or field to that target. While this card is equipped to a monster, your opponent cannot Special Summon monsters from the Extra Deck. While this card is equipped to a monster: You can Special Summon this equipped card. You can only use this effect of "Dragon Buster Destruction Sword" once per turn.$Buster Blader$$Activates from your hand/Equips self from hand/Equips self from field$Ignition/Continuous-like/Ignition-like/Condition$
02602411$Wizard Buster Destruction Sword$Unlimited$DARK$[Spellcaster/Effect]$$$$$3$1200$900$$$$You can target 1 "Buster Blader" you control; equip this monster from your hand or your side of the field to that target. While this card is equipped to a monster, monsters in your opponent's Graveyard cannot activate their effects. You can send this Equip Card to the Graveyard, then target 1 "Destruction Sword" monster in your Graveyard, except "Wizard Buster Destruction Sword"; add it to your hand.$Supports archetypes /Destruction Sword$$Activates from your hand/Equips self from hand/Equips self from field/Sends itself from field to Graveyard for cost/Adds from Graveyard to hand$Ignition/Continuous-like$
38601126$Robot Buster Destruction Sword$Unlimited$DARK$[Machine/Effect]$$$$$4$1600$1200$$$$You can target 1 "Buster Blader" you control; equip this monster from your hand or your side of the field to that target. While this card is equipped to a monster, Spell/Trap Cards that are already face-up on your opponent's side of the field cannot activate their effects. You can send this Equip Card to the Graveyard; the monster that was equipped with this card gains 1000 ATK until the end of this turn.$Buster Blader$$Activates from your hand/Equips self from hand/Equips self from field/Sends itself from field to Graveyard for cost$Ignition/Continuous-like/Ignition-like$
75195825$Master Pendulum, the Dracoslayer$Unlimited$LIGHT$[Dragon/Pendulum/Normal]$$$$3$4$1950$0$$$Once, while this card is in your Pendulum Zone: You can target 1 card in a Pendulum Zone; destroy it.$"Luster Pendulum, the Dracoslayer" continues his journey to uncover the secrets of Dragon Alchemy, believing it is the key to dispelling his curse and restoring his memory. His power continues to grow... perhaps the same power used by the Dracofiends?$$$$Pendulum Effect /Ignition-like$
01580833$Dinomist Stegosaur$Unlimited$WATER$[Machine/Pendulum/Effect]$$$$3$4$1600$1800$$$If another "Dinomist" card(s) you control would be destroyed by battle or an opponent's card effect, you can destroy this card instead.$If another Pendulum Monster you control battles an opponent's monster, after damage calculation: You can destroy those monsters.$Supports archetypes /Dinomist$$$Pendulum Effect /Continuous-like/Monster Effect/Trigger$
38988538$Dinomist Plesios$Unlimited$WATER$[Machine/Pendulum/Effect]$$$$6$4$1700$1400$$$Once, while this card is in your Pendulum Zone, you can negate an activated card effect that targets another "Dinomist" card(s) you control, then destroy this card.$All face-up monsters your opponent controls lose 100 ATK and DEF for each "Dinomist" card you control.$Supports archetypes /Dinomist$$$Pendulum Effect /Continuous-like/Monster Effect/Continuous$
64973287$Dinomist Pteran$Unlimited$WATER$[Machine/Pendulum/Effect]$$$$3$4$1800$1200$$$If another "Dinomist" card(s) you control would be destroyed by battle or an opponent's card effect, you can destroy this card instead.$When this card destroys an opponent's monster by battle: You can add 1 "Dinomist" card from your Deck to your hand.$Supports archetypes /Dinomist$$Activates when it destroys a monster by battle/Adds from Deck to hand$Pendulum Effect /Continuous-like/Monster Effect/Trigger$
00368382$Dinomist Brachion$Unlimited$WATER$[Machine/Pendulum/Effect]$$$$6$5$2000$800$$$Once, while this card is in your Pendulum Zone, you can negate an activated card effect that targets another "Dinomist" card(s) you control, then destroy this card.$If you do not control "Dinomist Brachion" in your Monster Zone and your opponent controls a monster that has the highest ATK on the field (even if it's tied), you can Special Summon this card (from your hand).$Supports archetypes /Dinomist$$$Pendulum Effect /Continuous-like/Monster Effect/Summon$
37752990$Dinomist Ceratops$Unlimited$WATER$[Machine/Pendulum/Effect]$$$$3$5$2100$400$$$If another "Dinomist" card(s) you control would be destroyed by battle or an opponent's card effect, you can destroy this card instead.$If all monsters you control are "Dinomist" monsters (min. 1), and none are "Dinomist Ceratops", you can Special Summon this card (from your hand).$Supports archetypes /Dinomist$$$Pendulum Effect /Continuous-like/Monster Effect/Summon$
63251695$Dinomist Rex$Unlimited$WATER$[Machine/Pendulum/Effect]$$$$6$5$2400$2200$$$Once, while this card is in your Pendulum Zone, you can negate an activated card effect that targets another "Dinomist" card(s) you control, then destroy this card.$If this card attacks, at the end of the Damage Step: You can Tribute 1 other "Dinomist" monster, then activate 1 of these effects;●This card can attack an opponent's monster again in a row, and if it attacks a Defense Position monster, inflict piercing battle damage to your opponent.●Shuffle 1 card from your opponent's hand (at random) or their side of the field into the Deck, then this card gains 100 ATK.$Supports archetypes /Dinomist$$Tributes for cost/Returns from your opponent's hand to your opponent's Deck/Returns from your opponent's field to your opponent's Deck$Pendulum Effect /Continuous-like/Monster Effect/Trigger$
00645794$Majespecter Toad - Ogama$Unlimited$WIND$[Spellcaster/Pendulum/Effect]$$$$5$4$1300$500$$$$When this card is Normal or Special Summoned: You can Set 1 "Majespecter" Spell/Trap Card directly from your Deck, but it cannot activate this turn. You can only use this effect of "Majespecter Toad - Ogama" once per turn. Cannot be targeted or destroyed by your opponent's card effects.$Supports archetypes /Majespecter$$Activates upon Normal Summon/Activates upon Special Summon/Sets from your Deck/Prevents activation of your Spell Cards/Prevents activation of your Trap Cards$Trigger/Condition/Continuous$
36630403$Shiranui Spectralsword$Unlimited$FIRE$[Zombie/Tuner/Effect]$$$$$2$800$0$$$$If this card is in your Graveyard, except the turn this card was sent to the Graveyard: You can target 1 non-Tuner Zombie-Type monster in your Graveyard; banish both it and this card, and if you do, Special Summon 1 Zombie-Type Synchro Monster from your Extra Deck whose Level equals the total Levels those 2 monsters had. You can only use this effect of "Shiranui Spectralsword" once per turn.$Zombie/Synchro Monster$$Activates from your Graveyard$Ignition/Condition$
62038047$Shiranui Smith$Unlimited$FIRE$[Zombie/Effect]$$$$$4$1000$0$$$$If this card is sent from the field to the Graveyard as a Synchro Material: You can add 1 "Shiranui" card from your Deck to your hand, except "Shiranui Smith". You can only use this effect of "Shiranui Smith" once per turn. If this card is banished: You can activate this effect; this turn, Zombie-Type monsters you control cannot be destroyed by battle.$Supports archetypes /Shiranui$$Activates from your Graveyard/Adds from Deck to hand/Activates while banished$Trigger/Condition$
99423156$Shiranui Spiritmaster$Unlimited$FIRE$[Zombie/Effect]$$$$$4$1500$0$$$$When this card is Normal Summoned: You can Special Summon 1 "Shiranui" monster from your hand or GY, except "Shiranui Spiritmaster", but banish it when it leaves the field. If this card is banished: You can target 1 face-up card your opponent controls; destroy it. You can only use this effect of "Shiranui Spiritmaster" once per turn.$Supports archetypes /Shiranui$$Activates upon Normal Summon/Activates while banished$Trigger/Condition$
35818851$Shiranui Samurai$Unlimited$FIRE$[Zombie/Effect]$$$$$4$1800$0$$$$During either player's turn: You can banish 1 Zombie-Type monster from your Graveyard; this card gains 600 ATK, and if it does, banish any monster that battled this card, after damage calculation. These effects last until the end of this turn. If this card is banished: You can target 1 "Shiranui" monster in your Graveyard, except "Shiranui Samurai"; add it to your hand. You can only use each effect of "Shiranui Samurai" once per turn.$Supports archetypes /Shiranui$$Activates while banished/Adds from Graveyard to hand$Quick/Condition/Trigger$
62312469$Dark Doriado$Unlimited$DARK$[Spellcaster/Pendulum/Effect]$$$$5$4$1800$1400$$$All EARTH, WATER, FIRE, and WIND monsters you control gain 200 ATK/DEF for every different Attribute among the monsters you control.$If this card is Normal or Special Summoned: You can choose 4 monsters from your Deck (1 EARTH, 1 WATER, 1 FIRE, and 1 WIND), then place them on top of the Deck in any order.$EARTH/WIND/WATER/FIRE$$Activates upon Normal Summon/Activates upon Special Summon/Changes Deck order/Places cards from the Deck on the top of the Deck$Pendulum Effect /Continuous-like/Monster Effect/Trigger$
98301564$Guiding Ariadne$Unlimited$LIGHT$[Fairy/Pendulum/Effect]$$$$3$4$1700$800$$$Apply these effects.●You do not pay LP to activate Counter Trap Cards.●You do not discard to activate Counter Trap Cards.$If this card is destroyed by battle or card effect: You can reveal 3 Counter Traps from your Deck, your opponent chooses 1 for you to add to your hand, and you shuffle the rest back into your Deck.$Counter Trap Card$$Activates if destroyed by battle/Activates if destroyed by card effect/Reveals cards from your Deck/Adds from Deck to hand/Reduces costs$Pendulum Effect /Continuous-like/Monster Effect/Trigger$
25795273$Al-Lumi'raj$Unlimited$WIND$[Wyrm/Tuner/Effect]$$$$$3$1600$1000$$$$All monsters on the field lose ATK and DEF equal to their own Level/Rank x 300.$$$$Continuous$
61190918$Toon Buster Blader$Unlimited$EARTH$[Warrior/Toon/Effect]$$$$$7$2600$2300$$$$Cannot attack the turn it is Summoned. Gains 500 ATK for each Dragon monster your opponent controls or is in their GY. While you control "Toon World" and your opponent controls no Toon monsters, this card can attack your opponent directly.$Toon World/Toon monster$Dragon$$Continuous$
97588916$Deskbot 007$Unlimited$EARTH$[Machine/Pendulum/Effect]$$$$10$7$500$500$$$You cannot Pendulum Summon monsters, except "Deskbot" monsters. This effect cannot be negated.$This card gains 500 ATK for each "Deskbot" card in your Graveyard. Monsters your opponent controls cannot target face-up "Deskbot" monsters for attacks, except this one. If this card attacks a Defense Position monster, inflict piercing battle damage to your opponent.$Supports archetypes /Deskbot$$Effect that cannot be negated$Pendulum Effect /Continuous-like/Condition/Monster Effect/Continuous$
24573625$Deskbot 008$Unlimited$EARTH$[Machine/Pendulum/Effect]$$$$1$8$500$500$$$You cannot Pendulum Summon monsters, except "Deskbot" monsters. This effect cannot be negated.$This card gains 500 ATK for each "Deskbot" card in your Graveyard. Your opponent cannot target face-up "Deskbot" cards with card effects, except this one. This card can make up to 2 attacks on monsters during each Battle Phase.$Supports archetypes /Deskbot$$Effect that cannot be negated$Pendulum Effect /Continuous-like/Condition/Monster Effect/Continuous$
50078320$Engraver of the Mark$Unlimited$DARK$[Spellcaster/Effect]$$$$$4$1800$1200$$$$When your opponent activates a card or effect by declaring exactly 1 card name (Quick Effect): You can send this card from your hand to the GY; declare 1 other card name. The card name your opponent declared becomes the card name declared by this effect. Once per turn (Quick Effect): You can target 1 face-up card on the field; destroy it during the End Phase of the next turn.$$$Sends itself from hand to Graveyard for cost/Declares a card name$Quick$
97466438$Zany Zebra$Unlimited$DARK$[Beast/Pendulum/Effect]$$$$7$2$0$2000$$$Once per turn, during your Main Phase, if this card was activated this turn: You can choose 1 unused Main Monster Zone or Spell & Trap Zone; while this card is in the Pendulum Zone, that chosen Zone cannot be used.$If this card is Normal or Special Summoned: You can choose 1 unused Main Monster Zone or Spell & Trap Zone; while this card is face-up in the Monster Zone, that Zone cannot be used.$$$Activates upon Normal Summon/Activates upon Special Summon$Pendulum Effect /Ignition-like/Monster Effect/Trigger$
23851033$Odd-Eyes Gravity Dragon$Unlimited$EARTH$[Dragon/Ritual/Effect]$$$$$7$2800$2500$$$$You can Ritual Summon this card with "Odd-Eyes Advent". When this card is Special Summoned: You can return all Spells and Traps your opponent controls to the hand. Your opponent cannot activate cards or effects in response to this effect's activation. You can only use this effect of "Odd-Eyes Gravity Dragon" once per turn. Your opponent must pay 500 LP to activate card effects.$$$Activates upon Special Summon/Returns from your opponent's field to your opponent's hand$Summon/Trigger/Condition/Continuous$
59255742$Goyo Emperor$Unlimited$EARTH$[Warrior/Fusion/Effect]$$$$$10$3300$2500$$2 EARTH Warrior-Type Synchro Monsters$$When this card, or a monster you control that is owned by your opponent, destroys an opponent's monster by battle and sends it to the Graveyard: You can Special Summon that monster to your side of the field. When your opponent Special Summons a monster(s), except during the Damage Step: You can Tribute 1 EARTH Warrior-Type Synchro Monster; take control of that monster(s). If this face-up card leaves the field: Return control of all monsters you control to the owner.$EARTH/Warrior/Synchro Monster$$Activates when it destroys a monster by battle/Activates upon Special Summon/Tributes for cost/Changes control/Activates when it leaves the field$Trigger$
86240887$Buster Blader, the Dragon Destroyer Swordsman$Unlimited$LIGHT$[Warrior/Fusion/Effect]$$$$$8$2800$2500$$1 "Buster Blader" + 1 Dragon monster$$Must be Fusion Summoned. Cannot attack directly. Gains 1000 ATK/DEF for each Dragon monster your opponent controls or is in their GY. Change all Dragon monsters your opponent controls to Defense Position, also Dragon monsters in your opponent's possession cannot activate their effects. If this card attacks a Defense Position monster, inflict piercing battle damage.$Dragon$Dragon$Changes battle positions$Summon/Continuous$
22638495$Dinoster Power, the Mighty Dracoslayer$Unlimited$WATER$[Dragon/Fusion/Effect]$$$$$8$2000$2950$$1 "Dracoslayer" Pendulum Monster + 1 Pendulum Monster$$Must first be Special Summoned (from your Extra Deck) by Tributing the above cards you control. Pendulum Monster Cards in your Monster Zones and Pendulum Zones cannot be destroyed by battle or your opponent's card effects. Once per turn: You can Special Summon 1 "Dracoslayer" Pendulum Monster from your hand or GY, but it cannot be used as a Fusion Material.$Supports archetypes /Dracoslayer$$Tributes Fusion Materials for Contact Fusion$Summon/Continuous/Ignition$
59123194$Enlightenment Paladin$Unlimited$DARK$[Spellcaster/Synchro/Effect]$$$$$8$2500$2000$$1 Tuner + 1 or more non-Tuner monsters$$If this card is Synchro Summoned using a "Magician" Pendulum Monster as Material: You can target 1 Spell Card in your Graveyard; add it to your hand. You can only use this effect of "Enlightenment Paladin" once per turn. When this card destroys an opponent's monster by battle: You can inflict damage to your opponent equal to that monster's original ATK.$Supports archetypes /Magician $$Activates upon Synchro Summon/Adds from Graveyard to hand/Activates when it destroys a monster by battle$Trigger/Condition$
85528209$Superheavy Samurai Beast Kyubi$Unlimited$EARTH$[Machine/Synchro/Effect]$$$$$9$1900$2500$$1 Tuner + 1 or more non-Tuner "Superheavy Samurai" monsters$$This card can attack while in face-up Defense Position. If it does, apply its DEF for damage calculation. If you have no Spell/Trap Cards in your Graveyard, this card gains 900 DEF for each Special Summoned monster your opponent controls.$Supports archetypes /Superheavy Samurai$$$Continuous$
21516908$Hi-Speedroid Hagoita$Unlimited$WIND$[Machine/Synchro/Effect]$$$$$5$2000$1000$$1 Tuner + 1 or more non-Tuner monsters$$During either player's turn: You can Tribute this card; increase the Levels of all monsters currently on the field by 1, until the end of this turn. If this card is in your Graveyard and you control a "Speedroid" Tuner monster: You can Special Summon this card, also you cannot Special Summon monsters for the rest of this turn, except WIND monsters. You can only use this effect of "Hi-Speedroid Hagoita" once per turn.$Supports archetypes /Speedroid$$Tributes itself for cost/Activates from your Graveyard$Quick/Ignition/Condition$
58901502$Goyo Defender$Unlimited$EARTH$[Warrior/Synchro/Effect]$$$$$3$1000$1000$$1 Tuner + 1+ non-Tuner monsters$$Once per turn, if all monsters you control are EARTH Warrior Synchro Monsters (min. 1): You can Special Summon "Goyo Defender" from your Extra Deck. When this card is targeted for an attack: You can make this card gain 1000 ATK for each EARTH Warrior Synchro Monster you control (other than this card), until the end of the Damage Step.$EARTH/Warrior/Synchro Monster$$$Ignition/Trigger$
84305651$Goyo King$Unlimited$EARTH$[Warrior/Synchro/Effect]$$$$$8$2800$2000$$1 Tuner + 1 or more non-Tuner Synchro Monsters$$When this card declares an attack on an opponent's monster: This card gains 400 ATK for each EARTH Warrior-Type Synchro Monster you control, until the end of the Damage Step. When this card destroys an opponent's monster by battle and sends it to the Graveyard: You can activate 1 of these effects;●Special Summon that monster to your side of the field.●Take control of 1 face-up monster your opponent controls.$EARTH/Warrior/Synchro Monster$$Activates upon attack declaration/Activates when it destroys a monster by battle/Changes control$Trigger$
11790356$Buster Dragon$Unlimited$DARK$[Dragon/Synchro/Effect]$$$$$8$1200$2800$$1 Tuner + 1+ non-Tuner monsters$$All monsters your opponent controls become Dragons. Once per turn, if you do not control a "Buster Blader" monster: You can target 1 "Buster Blader" in your GY; Special Summon it. Once per opponent's turn (Quick Effect): You can target 1 "Buster Blader" monster you control; equip it with 1 "Destruction Sword" monster from your GY.$Supports archetypes /Buster Blader /Destruction Sword$$$Continuous/Ignition/Quick$
57288064$Shiranui Samuraisaga$Unlimited$FIRE$[Zombie/Synchro/Effect]$$$$$6$2500$0$$1 Zombie-Type Tuner + 1 or more non-Tuner Zombie-Type monsters$$Once per turn, during either player's turn: You can target 1 of your banished Zombie-Type monsters; shuffle it into the Deck, and if you do, change to Defense Position all monsters your opponent controls with ATK less than or equal to that monster's. If this card is banished: You can target 1 face-up monster your opponent controls; it loses 500 ATK. You can only Special Summon "Shiranui Samuraisaga(s)" once per turn.$Zombie$$Returns from your Banished Zone to your Deck/Changes battle positions/Activates while banished$Quick/Trigger/Condition$
83283063$Shiranui Shogunsaga$Unlimited$FIRE$[Zombie/Synchro/Effect]$$$$$8$3000$0$$1 Zombie-Type Tuner + 1 or more non-Tuner Zombie-Type monsters$$If this card is Special Summoned: You can banish 1 Zombie-Type monster from your Graveyard; this card gains ATK equal to the banished monster's original ATK, until the end of this turn. If this card on the field is destroyed by battle or card effect and sent to the Graveyard: You can target 1 of your banished Zombie-Type monsters with 0 DEF; return it to the Graveyard. You can only Special Summon "Shiranui Shogunsaga(s)" once per turn.$Zombie$$Activates from your Graveyard/Returns the player's banished cards to the Graveyard$Trigger/Condition$
10678778$Aegaion the Sea Castrum$Unlimited$WATER$[Machine/Xyz/Effect]$$$8$$$?$3000$$2 Level 8 monsters$$During either player's turn: You can banish 1 random face-down monster from your opponent's Extra Deck, face-up, and if you do, this card's ATK becomes equal to the banished monster's. During either player's turn: You can detach 1 Xyz Material from this card, then target 1 of your opponent's banished Fusion, Synchro, or Xyz Monsters; return it to the Extra Deck, and if you do, destroy 1 monster your opponent controls with the same monster card type (Fusion, Synchro, or Xyz). You can only use each effect of "Aegaion the Sea Castrum" once per turn.$$Fusion Monster/Synchro Monster/Xyz Monster$Returns the opponent's banished cards to the Extra Deck$Quick/Condition$
46066477$Performance Hurricane$Unlimited$SPELL$$$$$$$$$$$$Target cards your opponent controls, up to the number of "Performapal" monsters you control; return them to the hand. You can only activate 1 "Performance Hurricane" per turn.$Supports archetypes /Performapal$$Returns from your opponent's field to your opponent's hand$Effect/Condition$
83461421$Pendulum Storm$Unlimited$SPELL$$$$$$$$$$$$Destroy as many cards in the Pendulum Zones as possible, then you can destroy 1 Spell/Trap your opponent controls.$$$$Effect$
15555120$Hi-Speed Re-Level$Unlimited$SPELL$$$$$$$$$$$$Banish 1 "Speedroid" monster from your Graveyard, then target 1 Synchro Monster you control; until the end of this turn, change its Level to the banished monster's Level, and it gains ATK equal to that monster's Level x 500.$Supports archetypes /Speedroid$$$Cost/Effect$
41940225$Destruction Swordsman Fusion$Unlimited$SPELL$$$$$$$$$Quick-Play$$$Fusion Summon 1 Fusion Monster that lists "Buster Blader" as material from your Extra Deck, using monsters from your hand or either field as Fusion Material. If this card is in your GY: You can send 1 card from your hand to the GY; add this card to your hand. You can only use each effect of "Destruction Swordsman Fusion" once per turn.$Fusion Monster/Buster Blader$$Sends from your hand to your Graveyard/Sends from your field to your Graveyard/Sends from your opponent's field to your opponent's Graveyard/Uses cards in the hand as Fusion Materials/Uses cards on the player's field as Fusion Materials/Uses cards on the opponent's field as Fusion Materials/Activates from your Graveyard/Sends from your hand to your Graveyard for cost/Returns itself from Graveyard to hand$Effect/Ignition-like/Condition$
78348934$Karma of the Destruction Swordsman$Unlimited$SPELL$$$$$$$$$Quick-Play$$$Target up to 3 monsters of the same Type in your opponent's Graveyard; banish them, and if you do, 1 "Buster Blader" monster or 1 "Destruction Sword" monster you control gains 500 ATK and DEF for each of those banished monsters, until the end of this turn. If this card is in your Graveyard: You can discard 1 "Destruction Sword" card; add this card to your hand. You can only use each effect of "Karma of the Destruction Swordsman" once per turn.$Supports archetypes /Buster Blader /Destruction Sword$$Activates from your Graveyard/Discards for cost/Returns itself from Graveyard to hand$Effect/Ignition-like/Condition$
14733538$Draco Face-Off$Unlimited(OCG)$SPELL$$$$$$$$$Quick-Play$$$Reveal 1 "Dracoslayer" Pendulum Monster and 1 "Dracoverlord" Pendulum Monster from your Deck, your opponent randomly picks 1 of them for you to place in your Pendulum Zone or Special Summon (your choice), and you add the other card to your Extra Deck face-up. You can only activate 1 "Draco Face-Off" per turn.$Supports archetypes /Dracoslayer/Dracoverlord$$Reveals cards from your Deck/Places from Deck to Pendulum Zone/Adds from Deck to Extra Deck$Effect/Condition$
41128647$Dinomic Powerload$Unlimited$SPELL$$$$$$$$$Field$$$All "Dinomist" monsters on the field gain 300 ATK and DEF. If a "Dinomist" monster you control battles, your opponent cannot activate cards or effects until the end of the Damage Step.$Supports archetypes /Dinomist$$$Continuous-like$
77116346$Dinomist Charge$Unlimited$SPELL$$$$$$$$$Continuous$$$When this card is activated: Add 1 "Dinomist" monster from your Deck to your hand. Once per turn, if a "Dinomist" card(s) is added from the field to your Extra Deck face-up: Add 1 of those cards to your hand. You can only activate 1 "Dinomist Charge" per turn.$Supports archetypes /Dinomist$$Adds from Deck to hand/Adds from Extra Deck to hand$Effect/Trigger-like/Condition$
13611090$Majespecter Sonics$Unlimited$SPELL$$$$$$$$$Quick-Play$$$Target 1 "Majespecter" monster you control; until the end of this turn, its ATK and DEF become double its current ATK and DEF, also any battle damage it inflicts to your opponent is halved.$Supports archetypes /Majespecter$$$Effect$
40005099$Shiranui Style Synthesis$Unlimited$SPELL$$$$$$$$$Field$$$Once per turn, if you control no monsters: You can send 1 card from your hand to the Graveyard, then activate 1 of these effects.●Target 1 Zombie-Type monster with 0 DEF in your Graveyard; Special Summon it.●Target 1 of your banished Zombie-Type monsters with 0 DEF; return it to the Graveyard.You can only activate 1 "Shiranui Style Synthesis" per turn.$Zombie$$Sends from your hand to your Graveyard for cost/Returns the player's banished cards to the Graveyard$Ignition-like/Condition$
16494704$Odd-Eyes Advent$Unlimited$SPELL$$$$$$$$$Ritual$$$This card can be used to Ritual Summon any Dragon Ritual Monster from your hand or GY. You must also Tribute Pendulum Monsters from your hand or field whose total Levels equal or exceed the Level of the Ritual Monster you Ritual Summon. If your opponent controls 2 or more monsters and you control no monsters, you can also send "Odd-Eyes" monsters from your Extra Deck to the GY. You can only activate 1 "Odd-Eyes Advent" per turn.$Supports archetypes /Odd-Eyes$$Tributes as an effect/Sends from Extra Deck to Graveyard$Condition/Effect$
43898403$Twin Twisters$Unlimited$SPELL$$$$$$$$$Quick-Play$$$Discard 1 card, then target up to 2 Spells/Traps on the field; destroy them.$$$Discards for cost$Cost/Effect$
89883517$Mistaken Accusation$Unlimited$SPELL$$$$$$$$$Quick-Play$$$If your opponent has more total cards in their hand and field than you do: Target 1 face-up card on the field; neither player can activate cards with that name, or their effects, for the rest of this Duel, except that target. You can only activate 1 "Mistaken Accusation" per turn.$$$$Activation requirement/Effect/Condition$
16278116$Dragon's Bind$Unlimited$TRAP$$$$$$$$$Continuous$$$Activate this card by targeting 1 Dragon-Type monster you control with 2500 or less ATK and DEF; neither player can Special Summon monsters with ATK less than or equal to the original ATK of that monster. When that monster leaves the field, destroy this card.$Dragon$$$Continuous-like$
42776855$Follow Wing$Unlimited$TRAP$$$$$$$$$Continuous$$$Activate this card by targeting 1 Synchro Monster you control; it cannot be destroyed by battle or your opponent's card effects. At the start of the Damage Step, if it battles an opponent's Level 5 or higher monster: You can destroy that opponent's monster, and if you do, the targeted Synchro Monster gains ATK equal to the original ATK of the destroyed monster, until the end of this turn. When that monster leaves the field, destroy this card.$Synchro Monster$$$Continuous-like/Trigger-like$
78161960$Reject Reborn$Unlimited$TRAP$$$$$$$$$$$$When an opponent's monster declares a direct attack: End the Battle Phase, then you can Special Summon 1 Tuner and 1 Synchro Monster from your Graveyard, but they have their effects negated.$Tuner monster/Synchro Monster$$Activates upon attack declaration/Ends the Battle Phase$Activation requirement/Effect$
15155568$Destruction Sword Flash$Unlimited$TRAP$$$$$$$$$$$$If you control a Fusion Monster that lists "Buster Blader" as Material: Banish all monsters your opponent controls. When a card or effect is activated that targets a "Buster Blader" monster(s) you control (except during the Damage Step): You can banish this card from your Graveyard; negate that effect, and if you do, destroy that card.$Supports archetypes /Buster Blader $$$Activation requirement/Effect/Quick-like$
41554273$Dinomist Rush$Unlimited$TRAP$$$$$$$$$$$$Special Summon 1 "Dinomist" monster from your Deck, and if you do, it is unaffected by other cards' effects, also destroy it during the End Phase. You can only activate 1 "Dinomist Rush" per turn.$Supports archetypes /Dinomist$$$Effect/Condition$
78949372$Majespecter Supercell$Unlimited$TRAP$$$$$$$$$Continuous$$$While you have a "Majespecter" card in your Pendulum Zone, the activation and effects of other "Majespecter" cards activated on your side of the field cannot be negated. Once per turn: You can target 5 "Majespecter" cards in your Graveyard; shuffle all 5 into the Deck, then draw 1 card.$Supports archetypes /Majespecter$$Prevents the negation of activations/Prevents the negation of card effects/Returns from Graveyard to Deck/You draw cards$Continuous-like/Quick-like$
04333086$Shiranui Style Swallow's Slash$Unlimited$TRAP$$$$$$$$$$$$Tribute 1 Zombie-Type monster, then target 2 cards on the field; destroy them, then banish 1 "Shiranui" monster from your Deck. You can only activate 1 "Shiranui Style Swallow's Slash" per turn.$Supports archetypes /Shiranui$$Tributes for cost$Cost/Effect/Condition$
40838625$Quaking Mirror Force$Unlimited$TRAP$$$$$$$$$$$$When an opponent's monster declares an attack: Change all your opponent's Attack Position monsters to face-down Defense Position. Monsters changed to face-down Defense Position by this effect cannot change their battle positions.$$$Activates upon attack declaration/Changes battle positions/Flips monsters face-down/Prevents battle position changes$Activation requirement/Effect$
77826734$Pendulum Reborn$Unlimited$TRAP$$$$$$$$$$$$Special Summon 1 face-up Pendulum Monster from your Extra Deck, or 1 Pendulum Monster from your GY.$Pendulum Monster$$$Effect$
03211439$Forbidden Apocrypha$Unlimited$TRAP$$$$$$$$$$$$Declare 1 monster card type (Fusion, Synchro, or Xyz); if 2 or more monsters of the declared type are on the field, make each player send all monsters of that type from their field to the GY.$$Fusion Monster/Synchro Monster/Xyz Monster$Sends from field to Graveyard$Cost/Effect$
40605147$Solemn Strike$Unlimited$TRAP$$$$$$$$$Counter$$$When a monster(s) would be Special Summoned, OR a monster effect is activated: Pay 1500 LP; negate the Summon or activation, and if you do, destroy that card.$$$$Activation requirement/Cost/Effect$
76004142$Bad Luck Blast$Unlimited$TRAP$$$$$$$$$$$$Target 1 face-up monster your opponent controls; take damage equal to half its ATK, then inflict damage to your opponent, equal to the damage you took. If this card you control is destroyed by an opponent's card and sent to your Graveyard: Inflict 1000 damage to your opponent. You can only activate 1 "Bad Luck Blast" per turn.$$$Activates from your Graveyard$Effect/Trigger-like/Condition$
38891741$Ultimate Providence$Unlimited$TRAP$$$$$$$$$Counter$$$When a Spell/Trap Card, or monster effect, is activated: Discard the same type of card (Monster, Spell, or Trap); negate the activation, and if you do, destroy it.$$$Discards for cost$Activation requirement/Effect$
64280356$Kozmo Tincan$Unlimited$LIGHT$[Psychic/Effect]$$$$$1$0$0$$$$(Quick Effect): You can banish this card; Special Summon 1 Level 2 or higher "Kozmo" monster from your hand. You can only use this effect of "Kozmo Tincan" once per turn. Once per turn, during the End Phase: You can pay 500 LP; reveal 3 "Kozmo" cards with different names from your Deck, your opponent randomly picks 1 for you to add to your hand, and you send the rest to the GY.$Supports archetypes /Kozmo$$Reveals cards from your Deck/Adds from Deck to hand/Sends from your Deck to your Graveyard$Quick/Condition/Trigger$
01274455$Kozmo Soartroopers$Unlimited$DARK$[Psychic/Effect]$$$$$3$1000$1000$$$$During either player's turn: You can banish this card; Special Summon 1 Level 4 or higher "Kozmo" monster from your hand. You can only use this effect of "Kozmo Soartroopers" once per turn. Once per turn: You can pay 1000 LP, then target 1 Psychic-Type "Kozmo" monster in your Graveyard; Special Summon it.$Supports archetypes /Kozmo$$$Quick/Condition/Ignition$
37679169$Kozmo Delta Shuttle$Unlimited$DARK$[Machine/Effect]$$$$$5$2000$2000$$$$Once per turn: You can send 1 "Kozmo" monster from your Deck to the Graveyard, then target 1 face-up monster on the field; it loses ATK and DEF equal to the sent monster's Level x 100. If this card is destroyed by battle or card effect and sent to the Graveyard: You can banish this card from your Graveyard; Special Summon 1 Level 4 or lower "Kozmo" monster from your Deck.$Supports archetypes /Kozmo$$Sends from your Deck to your Graveyard/Activates from your Graveyard$Ignition/Trigger$
64063868$Kozmo Dark Eclipser$Unlimited$DARK$[Machine/Effect]$$$$$9$3000$2600$$$$Cannot be targeted by an opponent's card effects. During either player's turn, when a Trap Card is activated: You can banish 1 "Kozmo" monster from your Graveyard; negate the activation, and if you do, destroy that card. If this card is destroyed by battle or card effect and sent to the Graveyard: You can banish this card from your Graveyard; add 1 Level 8 or lower "Kozmo" monster from your Deck to your hand.$Supports archetypes /Kozmo$$Activates from your Graveyard/Adds from Deck to hand$Continuous/Quick/Trigger$
90452877$Kozmojo$Unlimited$TRAP$$$$$$$$$$$$Target 1 "Kozmo" monster you control; destroy it, and if you do, banish 1 card your opponent controls or in their GY. You can only activate 1 "Kozmojo" per turn.$Supports archetypes /Kozmo$$$Effect/Condition$
36956512$Gadarla, the Mystery Dust Kaiju$Unlimited$WIND$[Insect/Effect]$$$$$8$2700$1600$$$$You can Special Summon this card (from your hand) to your opponent's field in Attack Position, by Tributing 1 monster they control. If your opponent controls a "Kaiju" monster, you can Special Summon this card (from your hand) in Attack Position. You can only control 1 "Kaiju" monster. Once per turn (Quick Effect): You can remove 3 Kaiju Counters from anywhere on the field; the ATK/DEF of all other monsters on the field become halved.$$Anti-supports archetypes /Kaiju$Activates from your hand/Tributes opponent's monsters$Unclassified/Quick$
63941210$Jizukiru, the Star Destroying Kaiju$Unlimited$LIGHT$[Machine/Effect]$$$$$10$3300$2600$$$$You can Special Summon this card (from your hand) to your opponent's field in Attack Position, by Tributing 1 monster they control. If your opponent controls a "Kaiju" monster, you can Special Summon this card (from your hand) in Attack Position. You can only control 1 "Kaiju" monster. When a card or effect is activated that targets 1 card (and no other cards) (Quick Effect): You can remove 3 Kaiju Counters from anywhere on the field; negate that effect, and if you do, you can destroy 1 card on the field.$$Anti-supports archetypes /Kaiju$Activates from your hand/Tributes opponent's monsters$Unclassified/Quick$
99330325$Interrupted Kaiju Slumber$Unlimited$SPELL$$$$$$$$$$$$Destroy as many monsters on the field as possible, then Special Summon in Attack Position, 2 "Kaiju" monsters with different names from your Deck (1 on each side), but they cannot change their battle positions, and must attack, if able. During your Main Phase, except the turn this card was sent to the GY: You can banish this card from your GY; add 1 "Kaiju" monster from your Deck to your hand. You can only activate 1 "Interrupted Kaiju Slumber" per turn.$Supports archetypes /Kaiju$$Prevents Battle Position changes/Adds from Deck to hand/Activates from your Graveyard$Effect/Ignition-like/Condition$
47075569$Performapal Pendulum Sorcerer$Unlimited$EARTH$[Spellcaster/Pendulum/Effect]$$$$2$4$1500$800$$$If a "Performapal" monster(s) is Pendulum Summoned to your field: All "Performapal" monsters you currently control gain 1000 ATK until the end of this turn (even if this card leaves the field).$If this card is Special Summoned: You can target up to 2 cards you control; destroy them, and if you do, add "Performapal" monsters with different names from your Deck to your hand, except "Performapal Pendulum Sorcerer", equal to the number of cards destroyed. You can only use this effect of "Performapal Pendulum Sorcerer" once per turn.$Supports archetypes /Performapal$$Activates upon Pendulum Summon/Activates upon Special Summon/Adds from Deck to hand$Pendulum Effect /Trigger-like/Monster Effect/Trigger/Condition$
81035362$Fiendish Rhino Warrior$Unlimited$EARTH$[Fiend/Effect]$$$$$3$1400$900$$$$Fiend monsters you control, except "Fiendish Rhino Warrior", cannot be destroyed by battle or card effects. If this card is sent to the GY: You can send 1 Fiend monster from your Deck to the GY, except "Fiendish Rhino Warrior". You can only use this effect of "Fiendish Rhino Warrior" once per turn.$Fiend$$Activates from your Graveyard/Sends from your Deck to your Graveyard$Continuous/Trigger/Condition$
21565445$Neptabyss, the Atlantean Prince$Unlimited$WATER$[Sea Serpent/Effect]$$$$$1$800$0$$$$You can send 1 "Atlantean" monster from your Deck to the Graveyard, except "Neptabyss, the Atlantean Prince"; add 1 "Atlantean" card from your Deck to your hand, except "Neptabyss, the Atlantean Prince". If this card is sent to the Graveyard to activate a WATER monster's effect: Target 1 "Atlantean" monster in your Graveyard, except "Neptabyss, the Atlantean Prince"; Special Summon it. You can only use each effect of "Neptabyss, the Atlantean Prince" once per turn.$Supports archetypes /Atlantean$$Sends from your Deck to your Graveyard for cost/Adds from Deck to hand/Activates from your Graveyard$Ignition/Trigger/Condition$
84058253$Chimeratech Rampage Dragon$Unlimited$DARK$[Machine/Fusion/Effect]$$$$$5$2100$1600$$2+ "Cyber Dragon" monsters$$A Fusion Summon of this card can only be done with the above Fusion Materials. When this card is Fusion Summoned: You can target Spells/Traps on the field, up to the number of materials used for its Fusion Summon; destroy them. Once per turn: You can send up to 2 LIGHT Machine monsters from your Deck to the GY, and if you do, for each monster sent to the GY, this card gains 1 additional attack during each Battle Phase this turn.$Supports archetypes /Cyber Dragon $$Activates upon Fusion Summon/Sends from your Deck to your Graveyard$Summon/Trigger/Ignition$
10443957$Cyber Dragon Infinity$Unlimited$LIGHT$[Machine/Xyz/Effect]$$$6$$$2100$1600$$3 Level 6 LIGHT Machine monsters$$Once per turn, you can also Xyz Summon "Cyber Dragon Infinity" by using "Cyber Dragon Nova" you control as material. (Transfer its materials to this card.) Gains 200 ATK for each material attached to it. Once per turn: You can target 1 face-up Attack Position monster on the field; attach it to this card as material. Once per turn, when a card or effect is activated (Quick Effect): You can detach 1 material from this card; negate the activation, and if you do, destroy it.$LIGHT/Machine/Cyber Dragon Nova$$Transfers/Attaches from your field as Xyz Material/Attaches from your opponent's field as Xyz Material/Exchanges cards$Summon/Continuous/Ignition/Quick$
53485634$Red-Eyes Retro Dragon$Unlimited$DARK$[Dragon/Effect]$$$$$4$1700$1600$$$$If a Level 7 or lower "Red-Eyes" monster(s) you control is destroyed by your opponent's attack or card effect and sent to your GY, while this card is in your hand: You can Special Summon this card in Defense Position, and if you do, Special Summon as many of those destroyed monsters as possible in the same position they were in when destroyed. You can Tribute this card; you can Normal Summon 1 "Red-Eyes" monster during your Main Phase this turn in addition to your Normal Summon/Set. (You can only gain this effect once per turn.)$Supports archetypes /Red-Eyes$$Activates from your hand/Activates if destroyed by battle/Activates if destroyed by card effect/Tributes itself for cost$Trigger/Ignition$
88757791$Dharma-Eye Magician$Unlimited$LIGHT$[Spellcaster/Pendulum/Effect]$$$$2$7$2000$2500$$$Once per turn: You can reveal 1 Pendulum Monster in your hand, then target 1 "Magician" card in your Pendulum Zone; that target's Pendulum Scale becomes the same as the revealed Pendulum Monster's, until the end of this turn (even if this card leaves the field).$While this Pendulum Summoned card is on the field, "Magician" Pendulum Monsters you control cannot be destroyed by your opponent's card effects during the turn this card was Pendulum Summoned.$Supports archetypes /Magician $$Reveals your hand for cost$Pendulum Effect /Ignition-like/Monster Effect/Continuous$
92510265$Black Luster Soldier - Sacred Soldier$Unlimited$LIGHT$[Warrior/Effect]$$$$$8$3000$2500$$$$When this card is Normal or Special Summoned: You can target 1 of your banished LIGHT or DARK monsters and 1 card your opponent controls; return that banished card to the GY, and if you do, banish that card your opponent controls. You can only use this effect of "Black Luster Soldier - Sacred Soldier" once per turn. When this card destroys an opponent's monster by battle: You can target 1 Level 7 or lower Warrior monster in your GY; add it to your hand.$LIGHT/DARK/Warrior$$Returns the player's banished cards to the Graveyard/Adds from Graveyard to hand$Trigger/Condition$
29904964$Arisen Gaia the Fierce Knight$Unlimited$DARK$[Warrior/Effect]$$$$$7$2300$2100$$$$If your opponent controls more monsters than you do, you can Normal Summon this card without Tributing. If this card is Tributed: You can Special Summon 1 "Black Luster Soldier" monster from your hand or Graveyard. You can only use this effect of "Arisen Gaia the Fierce Knight" once per turn. When you Ritual Summon a "Black Luster Soldier" monster, you can banish this card from your Graveyard as 1 of the monsters required for the Ritual Summon.$Supports archetypes /Black Luster Soldier $$Activates from your Graveyard/Activates if Tributed$Summon/Trigger/Condition/Unclassified$
06511113$Traptrix Rafflesia$Unlimited$EARTH$[Plant/Xyz/Effect]$$$4$$$300$2500$$2 Level 4 monsters$$This card is unaffected by Trap effects while it has Xyz Material. "Traptrix" monsters you control, except "Traptrix Rafflesia", cannot be destroyed by battle or card effects. Your opponent cannot target "Traptrix" monsters you control, except "Traptrix Rafflesia", with card effects. Once per turn (Quick Effect): You can detach 1 material from this card and send 1 "Hole" Normal Trap Card that meets its activation conditions from your Deck to the GY; this effect becomes that Trap Card's effect when that card is activated.$Supports archetypes /Traptrix/Hole/Trap Hole $$Applies effects if Xyz Material is attached/Sends from your Deck to your Graveyard/Resolves as another card's effect$Continuous/Quick$
