Passcode$Name$Status$Attribute$type$link$link_arrows$rank$pendulum_scale$level$attack$defense$spell_attribute$summoning_condition$pendulum_condition$card_text$card_supports$card_anti_supports$card_actions$effect_types$
69610924$Number 17: Leviathan Dragon$Unlimited$WATER$[Dragon/Xyz/Effect]$$$3$$$2000$0$$2 Level 3 monsters$$Cannot attack directly unless it has material. Once per turn: You can detach 1 material from this card; it gains 500 ATK.$$$$Ignition/Continuous$
44632120$Kuribah$Unlimited$DARK$[Fiend/Effect]$$$$$1$300$200$$$$(This card is always treated as a "Kuriboh" card.)When this card, or another "Kuriboh" monster, you control is destroyed by battle: You can Special Summon 1 monster with 300 ATK/200 DEF from your Deck, except "Kuribah". You can only use this effect of "Kuribah" once per turn. You can Tribute this card you control and 1 each of "Kuribee", "Kuriboo", "Kuribeh" and "Kuriboh" from your hand and/or field; Special Summon 1 "Kuribabylon" from your hand, Deck, or GY.$Supports archetypes /Kuriboh $$Activates if destroyed by battle/Tributes itself for cost/Tributes for cost$Condition/Trigger/Ignition$
71036835$Kuribee$Unlimited$DARK$[Fiend/Effect]$$$$$1$300$200$$$$(This card is always treated as a "Kuriboh" card.)When this card, or another "Kuriboh" monster, you control is destroyed by battle: You can add 1 Spell/Trap from your Deck to your hand that lists the card "Kuriboh" in its text. You can only use this effect of "Kuribee" once per turn. Once per turn, when an opponent's monster declares an attack while you control another "Kuriboh" monster: You can change the ATK of all other monsters you control to 0 until the end of this turn, and if you do, negate the attack.$Supports archetypes /Kuriboh $$Activates if destroyed by battle/Adds from Deck to hand/Activates upon attack declaration$Condition/Trigger$
07021574$Kuriboo$Unlimited$DARK$[Fiend/Effect]$$$$$1$300$200$$$$(This card is always treated as a "Kuriboh" card.)When an opponent's monster declares an attack: You can discard this card; add 1 "Kuriboh" monster from your Deck to your hand, except "Kuriboo". Once per turn (Quick Effect): You can discard 1 Trap, then target 1 face-up monster your opponent controls; it loses 1500 ATK until the end of this turn.$Supports archetypes /Kuriboh $$Activates from your hand/Activates upon attack declaration/Discards itself for cost/Adds from Deck to hand/Discards for cost$Condition/Trigger/Quick$
34419588$Kuribeh$Unlimited$DARK$[Fiend/Effect]$$$$$1$300$200$$$$(This card is always treated as a "Kuriboh" card.)(Quick Effect): You can discard this card, then target 1 "Kuriboh" monster you control; it gains 1500 ATK. You can Tribute this card you control and 1 each of "Kuribah", "Kuribee", "Kuriboo" and "Kuriboh" from your hand and/or field; add 1 "Kuribandit" from your Deck or GY to your hand, then, immediately after this effect resolves, you can Normal Summon 1 Fiend monster from your hand.$Supports archetypes /Kuriboh $$Activates from your hand/Discards itself for cost/Tributes itself for cost/Tributes for cost/Adds from Deck to hand/Adds from Graveyard to hand$Condition/Quick/Ignition$
70914287$Kuribabylon$Unlimited$DARK$[Fiend/Effect]$$$$$5$1500$1000$$$$Gains 300 ATK/DEF for each "Kuriboh" monster you control and in your GY. You can only use 1 of the following effects of "Kuribabylon" per turn, and only once that turn.●If you have more monsters in your GY than your opponent: You can Special Summon this card from your hand.●During your Main or Battle Phase: You can return this card to the hand, and if you do, Special Summon 5 monsters (1 "Kuribah", 1 "Kuribee", 1 "Kuriboo", 1 "Kuribeh", and 1 "Kuriboh") from your hand and/or GY in Attack Position.$Supports archetypes /Kuriboh $$Activates from your hand/Returns itself from field to hand$Continuous/Condition/Ignition/Unclassified$
06309986$Five Star Twilight$Unlimited$SPELL$$$$$$$$$$$$If the only monster you control is 1 Level 5 monster: Tribute that monster; Special Summon 5 monsters (1 "Kuribah", 1 "Kuribee", 1 "Kuriboo", 1 "Kuribeh", and 1 "Kuriboh") from your hand, Deck, and/or GY, but they cannot be Tributed for a Tribute Summon. You can only activate 1 "Five Star Twilight" per turn.$Kuribah/Kuribee/Kuriboo/Kuribeh/Kuriboh$$Tributes for cost$Activation requirement/Cost/Effect/Condition$
33393090$Yowie$Unlimited$EARTH$[Reptile/Effect]$$$$$3$500$500$$$$If this card is Summoned (and no other cards): You can activate this effect; your opponent skips their next Draw Phase. You can only Special Summon once, the turn you activate this effect. You can only use this effect of "Yowie" once per Duel.$$$Activates upon Normal Summon/Activates upon Flip Summon/Activates upon Special Summon/Skips Draw Phase$Trigger/Condition$
69792699$Penguin Sword$Unlimited$SPELL$$$$$$$$$Equip$$$Equip only to a "Penguin" monster. It gains 800 ATK. When the equipped monster inflicts battle damage to your opponent: You can return 1 card your opponent controls to the hand. If a face-up card your opponent controls leaves the field by a "Penguin" card's effect and returns to the hand or is banished: Negate the activated effects and effects on the field of cards with that original name, until the end of the next turn. You can only use this effect of "Penguin Sword" once per turn.$Supports archetypes /Penguin$$Activates when it inflicts battle damage/Returns from your opponent's field to your opponent's hand/Activates if returned from the field to the hand/Activates when it leaves the field$Condition/Continuous-like/Trigger-like$
06186304$D - Force$Unlimited$SPELL$$$$$$$$$Continuous$$$When this card is activated: You can add 1 "Destiny HERO - Plasma" from your Deck or GY to your hand. While you control "Destiny HERO - Plasma", apply the following effects.●You cannot draw during the Draw Phase.●Your opponent cannot target cards you control with card effects.●Each "Destiny HERO - Plasma" you control gains 100 ATK for each monster in the GYs, cannot be destroyed by your opponent's card effects, also can make a second attack during each Battle Phase.$Destiny HERO - Plasma$$Adds from Deck to hand/Adds from Graveyard to hand/Prevents adding cards from Deck to hand$Effect/Continuous-like$
32671443$Doctor D$Unlimited$SPELL$$$$$$$$$$$$Banish 1 "Destiny HERO" monster from your GY; add to your hand or Special Summon 1 "Destiny HERO" monster from your GY. You can banish this card from your GY, then target 2 "Destiny HERO" monsters you control; choose 1 of those monsters, its ATK becomes the other monster's ATK, until the end of this turn.$Supports archetypes /Destiny HERO$$Adds from Graveyard to hand/Activates from your Graveyard$Effect/Ignition-like$
09069157$Dragonroid$Unlimited$WIND$[Machine/Effect]$$$$$8$2900$1000$$$$Once per turn, if this card is in your GY: You can make this card become a Dragon monster while in the GY, until the end of this turn. You can discard this card, then activate 1 of these effects;●Add 1 non-WIND "roid" monster from your Deck to your hand.●This turn, the activation of your cards and effects that include an effect that Fusion Summons a Fusion Monster cannot be negated, also your opponent cannot activate cards or effects when a monster is Fusion Summoned this way.You can only use this effect of "Dragonroid" once per turn.$Supports archetypes /roid$$Activates from your hand/Discards itself for cost/Adds from Deck to hand/Prevents the negation of activations/Activates from your Graveyard$Ignition/Condition$
45064756$Rebirth Judgment$Unlimited$TRAP$$$$$$$$$Continuous$$$Once per turn: You can declare 1 Monster Type; monsters in the GYs become that Type for the rest of this turn (even if this card leaves the field).$$$Declares a Type$Quick-like$
$Ice Barrier$$TRAP$$$$$$$$$$$$When an attack is declared involving your opponent's monster: Change that opponent's monster's ATK to 0, negate its effects, also it cannot change its battle position. You can banish this card from your GY; send 1 Level 5 or higher WATER monster from your Deck to the GY, then, you can add 1 WATER monster from your GY to your hand, also, until the end of your next turn after this effect resolves, you cannot Special Summon monsters, except WATER monsters. You can only use this effect of "Ice Barrier" once per turn.$$$$$
99328137$Ice Knight$Unlimited$WATER$[Aqua/Effect]$$$$$4$1300$1200$$$$Gains 400 ATK for each Aqua monster you control. Once per turn: You can activate this effect; you can Normal Summon 1 WATER monster during your Main Phase this turn, in addition to your Normal Summon/Set (you can only gain this effect once per turn), also you cannot Normal or Special Summon monsters for the rest of this turn, except WATER monsters.$Aqua/WATER$$$Continuous/Ignition$
71459861$Summon Storm$Unlimited$SPELL$$$$$$$$$$$$Pay 800 LP; Special Summon 1 Level 6 or lower WIND monster from your hand. During your Main Phase, except the turn this card was sent to the GY: You can banish this card from your GY; Special Summon 1 Level 4 or lower WIND monster from your hand. You can only use this effect of "Summon Storm" once per turn.$WIND$$Activates from your Graveyard$Effect/Ignition-like/Condition$
08843569$Wing Requital$Unlimited$SPELL$$$$$$$$$$$$If all monsters you control are Winged Beast monsters and you control at least 2 monsters with different original names: Pay 600 LP; draw 2 cards. You can only activate 1 "Wing Requital" per turn.$Winged Beast$$You draw cards$Effect/Condition$
34242278$Noble Knight's Shield-Bearer$Unlimited$LIGHT$[Warrior/Effect]$$$$$4$800$1300$$$$If this card is Normal or Special Summoned: You can banish 1 LIGHT monster from your GY; draw 1 card. You can banish this card from your hand or field; add 1 Level 6 or lower WIND Beast monster from your Deck to your hand. You can only use 1 "Noble Knight's Shield-Bearer" effect per turn, and only once that turn.$LIGHT/WIND/Beast$$Activates upon Normal Summon/Activates upon Special Summon/You draw cards/Activates from your hand/Adds from Deck to hand$Trigger/Ignition/Condition$
71736213$Horse of the Floral Knights$Unlimited$WIND$[Beast/Effect]$$$$$3$400$800$$$$If this card is Normal or Special Summoned: You can add 1 LIGHT "Noble Knight" monster from your Deck to your hand. You can only use this effect of "Horse of the Floral Knights" once per turn. Once per turn, during your Main Phase: You can Fusion Summon 1 Fusion Monster from your Extra Deck, using this card you control and other monsters from your hand or field as Fusion Material.$Supports archetypes /Noble Knight$$Activates upon Normal Summon/Activates upon Special Summon/Adds from Deck to hand/Sends from your hand to your Graveyard/Sends from your field to your Graveyard/Uses cards in the hand as Fusion Materials/Uses cards on the player's field as Fusion Materials/Uses itself as a Fusion Material$Trigger/Condition/Ignition$
07721912$Noble Knight's Spearholder$Unlimited$LIGHT$[Warrior/Effect]$$$$$2$800$400$$$$If this card is Normal or Special Summoned: You can target 1 Level 8 or lower monster you control; its name becomes "Fleur Synchron", also it is treated as a Tuner, until the End Phase. You can Tribute this card; add 1 Equip Spell from your Deck to your hand. You can only use each effect of "Noble Knight's Spearholder" once per turn.$Fleur Synchron/Equip Spell Card$$Activates upon Normal Summon/Activates upon Special Summon/Tributes itself for cost/Adds from Deck to hand$Trigger/Ignition/Condition$
33129626$Centaur Mina$Unlimited$LIGHT$[Beast-Warrior/Fusion/Effect]$$$$$6$2200$1600$$1 LIGHT Warrior monster + 1 Beast monster$$Once per turn, during your turn, when your opponent activates a Trap Card (Quick Effect): You can negate the activation, and if you do, Set that card. You can only use each of the following effects of "Centaur Mina" once per turn. During your Main Phase: You can Special Summon 1 Level 2 or lower monster from your hand or GY. If this card is sent to the GY as Synchro Material for a WIND Warrior monster: You can destroy 1 face-up monster on the field.$LIGHT/Warrior/Beast/WIND$$Activates from your Graveyard/Activates if used as Synchro Material$Quick/Condition/Ignition/Trigger$
60514625$Ecole de Zone$Unlimited$SPELL$$$$$$$$$Field$$$If the turn player Summons exactly 1 monster: Destroy it, and if you do, the controller of that monster Special Summons 1 "Mask Token" (Spellcaster/DARK/Level 1/ATK ?/DEF ?) to their field, which cannot attack directly, with ATK/DEF equal to what the destroyed monster had on the field. You can only use this effect of "Ecole de Zone" once per turn. If this face-up card leaves the field, destroy all "Mask Tokens" on the field.$$$Activates upon Normal Summon/Activates upon Flip Summon/Activates upon Special Summon$Trigger-like/Condition/Continuous-like$
06909330$Soul Binding Gate$Unlimited$SPELL$$$$$$$$$Field$$$To activate this card you must control no monsters, and a Set Spell/Trap(s) you control must have been destroyed by card effect this turn. During the Main Phase, if exactly 1 monster with less ATK than your LP is Summoned and you have "Z-ONE" in your GY: Destroy that monster, and if you do, take 800 damage, then inflict 800 damage to your opponent.$Z-ONE$$Activates upon Normal Summon/Activates upon Flip Summon/Activates upon Special Summon$Activation requirement/Trigger-like$
33907039$Piri Reis Map$Unlimited$SPELL$$$$$$$$$$$$At the start of your Main Phase 1: Add 1 monster with 0 ATK from your Deck to your hand, but halve your LP. After adding it to your hand, until the end of the next turn after this card was activated, you cannot activate the added monster's effects, or the effects of cards with its name, until you Normal Summon that monster or a card with its name.$$$Adds from Deck to hand$Effect$
69492187$Ice Mirror$Unlimited$SPELL$$$$$$$$$$$$Target 1 Level 3 or lower WATER monster you control; Special Summon 1 monster with the same name from your Deck, but you cannot Special Summon from the Extra Deck while you control that face-up Special Summoned monster.$WATER$$$Effect$
95886782$ZW - Sylphid Wing$Unlimited$LIGHT$[Beast/Effect]$$$$$4$800$1600$$$$You can only control 1 "ZW - Sylphid Wing". You can target 1 "Utopia" monster you control; equip this card from your hand or field to it. It gains 800 ATK. Once per turn, if a monster(s) is Special Summoned by your opponent's activated effect: You can make the equipped monster gain 1600 ATK. (This ATK gain remains even if this card leaves the field or the monster becomes unaffected by card effects.) If you activate the equipped monster's effect by detaching its material, you can send this card to the GY instead of 1 of those materials.$Supports archetypes /Utopia $$Activates from your hand/Equips self from hand/Equips self from field/Activates upon Special Summon/Replaces detaching own Xyz Materials for cost/Sends itself from field to Graveyard for cost$Unclassified/Ignition/Continuous-like/Trigger-like$
32281491$ZS - Ouroboros Sage$Unlimited$DARK$[Warrior/Effect]$$$$$3$600$0$$$$When this card is Normal Summoned: You can Special Summon 1 non-LIGHT "Number" monster from your GY, but negate its effects, and if you do, equip both this card and 1 "Utopia" monster you control to it, each as an Equip Spell that gives it 1700 ATK, also you can only declare one attack for the rest of this turn. When the monster equipped with this card by this card's effect declares an attack on your opponent's monster: You can double the attacking monster's ATK, but destroy it during the End Phase.$Supports archetypes /Number/Utopia $$Activates upon Normal Summon/Equips self from field/Equips monsters from the player's field/Grants effect to Equip Spell Card/Activates upon attack declaration$Trigger/Trigger-like$
68679595$Ultimate Leo Utopia Ray$Unlimited$LIGHT$[Warrior/Xyz/Effect]$$$5$$$2500$2000$$3 Level 5 monsters$$(This card is always treated as "Number C39: Utopia Ray".)Once per turn: You can detach 1 material from this card; equip 1 "ZW -" monster from your Deck or Extra Deck to this card as if it were equipped by that monster's effect. This effect's activation and effect cannot be negated. Once per turn, while this card is equipped with a "ZW -" Monster Card (Quick Effect): You can target 1 Effect Monster your opponent controls; negate its effects, and if you do, halve its ATK.$Supports archetypes /ZW -$Effect Monster$Equips from the player's Deck to itself/Equips from the player's Extra Deck to itself/Activation cannot be negated/Effect that cannot be negated$Condition/Ignition/Quick$
95664204$Zexal Catapult$Unlimited$SPELL$$$$$$$$$$$$Special Summon 1 "ZW -" or "ZS -" monster from your hand, then, if you control a "Utopia" monster, you can make all monsters you currently control become all Level 4 or all Level 5. During your Main Phase, except the turn this card was sent to the GY: You can banish 1 "ZW -" or "ZS -" monster and this card from your GY, then target 1 card your opponent controls; destroy it. You can only use each effect of "Zexal Catapult" once per turn.$Supports archetypes /Utopia /ZS -/ZW -$$Activates from your Graveyard$Effect/Ignition-like/Condition$
31059809$Silent Sea Nettle$Unlimited$WATER$[Aqua/Effect]$$$$$4$800$1300$$$$If you control a WATER monster: You can Special Summon this card from your hand. You cannot Special Summon monsters, except WATER monsters, the turn you activate this effect. You can banish this card from your GY, then target up to 3 WATER monsters in your GY; shuffle them into the Deck. You can only use each effect of "Silent Sea Nettle" once per turn.$WATER$$Activates from your hand/Activates from your Graveyard/Returns from your Graveyard to your Deck$Ignition/Condition$
67557908$Number 4: Stealth Kragen$Unlimited$WATER$[Aqua/Xyz/Effect]$$$4$$$1900$1500$$2 Level 4 WATER monsters$$All face-up monsters on the field become WATER. Once per turn, during the Main Phase (Quick Effect): You can destroy 1 WATER monster your opponent controls, and if you do, inflict damage to your opponent equal to half the ATK it had on the field. If this Xyz Summoned card is destroyed: You can Special Summon "Stealth Kragen Spawn(s)" from your Extra Deck, up to the number of materials this card had, then you can attach up to 1 WATER monster from your GY to each of those Special Summoned monsters as material.$WATER/Stealth Kragen Spawn$WATER$Activates if destroyed by battle/Activates if destroyed by card effect/Attaches from your Graveyard as Xyz Material$Continuous/Quick/Trigger$
94942656$Stealth Kragen Spawn$Unlimited$WATER$[Aqua/Xyz/Effect]$$$4$$$1900$1500$$2 Level 4 WATER monsters$$Once per turn, during the Main Phase (Quick Effect): You can destroy 1 WATER monster your opponent controls. If this card, Special Summoned by the effect of a "Number" Xyz Monster, is destroyed: You can Special Summon other "Stealth Kragen" monsters from your GY, up to the number of materials this card had, then you can attach up to 1 WATER monster from your GY to each of those Special Summoned monsters as material.$Supports archetypes /Number/Stealth Kragen$WATER$Activates if destroyed by battle/Activates if destroyed by card effect/Attaches from your Graveyard as Xyz Material$Quick/Trigger$
$Grandpa Demetto$$DARK$[Spellcaster/Effect]$$$$$1$0$0$$$$You can detach 1 material from "Princess Cologne" you control; Special Summon up to 2 Normal Monsters with 0 ATK or DEF from your GY, each as a Level 8 DARK monster in Defense Position. If an Xyz Monster you control activates its effect by detaching a Normal Monster: You can target that Xyz Monster and 1 monster your opponent controls; destroy your opponent's monster, and if you do, inflict damage to your opponent equal to that Xyz Monster's Rank x 300. You can only use each effect of "Grandpa Demetto" once per turn.$$$$$
67331360$Doll House$Unlimited$SPELL$$$$$$$$$Field$$$You can target 1 Normal Monster in your GY with 0 ATK or DEF, or, if you control "Princess Cologne", you can target 2 such monsters instead; Special Summon 1 monster from your Deck with the same name as each target, as a Level 6 DARK monster. You can only use this effect of "Doll House" once per turn. When an opponent's monster declares an attack: You can attach 1 "Grandpa Demetto" you control to "Princess Cologne" you control as material, then end the Battle Phase.$Normal Monster/Princess Cologne /Grandpa Demetto $$Activates upon attack declaration/Attaches from your field as Xyz Material/Ends the Battle Phase$Ignition-like/Condition/Trigger-like$
93729065$Starving Venemy Dragon$Unlimited$DARK$[Dragon/Fusion/Pendulum/Effect]$$$$1$7$2500$2000$$1 DARK monster + 1 Pendulum Monster$Each time a card(s) is sent from the field to the GY, place 1 Venemy Counter on this card for each sent card. All monsters on the field, except DARK Dragon monsters, lose 200 ATK for each Venemy Counter on the field. Once per turn, you can reduce the battle damage you take to 0.$You can target 1 face-up monster your opponent controls; until the End Phase, this card's name becomes that monster's original name and replace this effect with that monster's original effects, then, that monster loses 500 ATK/DEF, its effects are negated, also inflict 500 damage to your opponent. You can only use this effect of "Starving Venemy Dragon" once per turn. If this card in the Monster Zone is destroyed: You can place this card in your Pendulum Zone.$DARK/Dragon/Pendulum Monster$$Activates if destroyed by battle/Activates if destroyed by card effect/Goes to Pendulum Zone$Continuous-like$
29114773$Speedroid Scratch$Unlimited$SPELL$$$$$$$$$$$$Send 1 "Speedroid" card from your hand to the GY; add 1 "Speedroid" monster from your Deck to your hand. You can only activate 1 "Speedroid Scratch" per turn.$Supports archetypes /Speedroid$$Sends from hand to Graveyard for cost/Adds from Deck to hand$Effect/Condition$
56619778$Lyrilusc - Bird Strike$Unlimited$SPELL$$$$$$$$$$$$If you control a "Lyrilusc" monster: Negate the effects of all face-up monsters your opponent currently controls, until the end of this turn. You can only activate 1 "Lyrilusc - Bird Strike" per turn.$Supports archetypes /Lyrilusc$$$Effect/Condition$
92607427$Toy Parade$Unlimited$SPELL$$$$$$$$$$$$(This card is always treated as a "Frightfur" card.)Target 1 DARK monster you control Special Summoned from the Extra Deck; for the rest of this turn, you cannot declare attacks except with that monster, also each time that monster destroys a monster by battle and sends it to the GY, it can attack again in a row. If you control a Fairy monster, except the turn this card was sent to the GY: You can banish this card from your GY; add 1 Level 4 or lower DARK monster from your GY to your hand. You can only use 1 "Toy Parade" effect per turn, and only once that turn.$DARK/Fairy$$Activates from your Graveyard/Adds from Graveyard to hand$Condition/Effect/Ignition-like$
29092121$Cipher Biplane$Unlimited$LIGHT$[Machine/Effect]$$$$$6$1000$2000$$$$Once per turn: You can target 2 "Cipher" monsters you control; their Levels become 8 until the end of this turn. You can only use each of the following effects of "Cipher Biplane" once per turn. If a "Cipher" monster(s) is Normal or Special Summoned to your field (except during the Damage Step): You can Special Summon this card from your hand. If this card is destroyed by battle or card effect and sent to the GY: You can banish this card from your GY; add 1 "Cipher" monster from your Deck to your hand.$Supports archetypes /Cipher$$Activates from your hand/Activates upon Normal Summon/Activates upon Special Summon/Activates if destroyed by battle/Activates if destroyed by card effect/Activates from your Graveyard/Adds from Deck to hand$Ignition/Condition/Trigger$
55496220$Cipher Interference$Unlimited$SPELL$$$$$$$$$Continuous$$$During damage calculation, if your "Cipher" monster battles, while another monster with its same name is on the field: You can double the ATK of your battling "Cipher" monster until the end of the Battle Phase. You can only use this effect of "Cipher Interference" once per turn.$Supports archetypes /Cipher$$$Trigger-like/Condition$
81881839$Double Exposure$Unlimited$SPELL$$$$$$$$$Continuous$$$You can target 2 Level 6 or lower monsters with the same name on the field; their Levels are doubled. At the start of the Battle Phase: You can target 1 "Cipher" monster you control; choose 1 other face-up monster on the field, and its name becomes that "Cipher" monster's, until the End Phase. You can only use each effect of "Double Exposure" once per turn.$Supports archetypes /Cipher$$$Ignition-like/Trigger-like/Condition$
28270534$FA.I.ghting Spirit$Unlimited$SPELL$$$$$$$$$$$$Target 1 "@Ignister" monster in your GY; Special Summon it. If an "@Ignister" monster(s) you control with 2300 or more ATK would be destroyed by card effect, you can banish this card from your GY instead. If this card is banished: You can activate this effect; your "@Ignister" monsters with 2300 or more ATK cannot be destroyed by battle this turn. You can only activate "FA.I.ghting Spirit" once per turn.$Supports archetypes /@Ignister$$Activates from your Graveyard/Activates while banished$Effect/Unclassified/Trigger-like/Condition$
54374642$A.I.'s Show$Unlimited$TRAP$$$$$$$$$$$$While you control a Link-3 or higher "@Ignister" monster in the Extra Monster Zone, when an opponent's monster declares an attack: Special Summon from your Extra Deck any number of non-Link Cyberse monster(s) with 2300 ATK, whose combined ATK is less than or equal to the attacking monster's ATK, then end the Battle Phase.$Supports archetypes /@Ignister$$Activates upon attack declaration/Ends the Battle Phase$Effect$
81769387$Appliancer Propelion$Unlimited$WIND$[Machine/Link/Effect]$1$Top$$$$1200$- $$1 "Appliancer" monster$$Cannot be used as Link Material the turn it is Link Summoned. This card can attack directly. Once per turn, during damage calculation, if your monster battles an opponent's monster, while this card is co-linked (Quick Effect): You can make that opponent's monster's ATK 0 during that damage calculation only. Once per turn, during damage calculation, if this monster that is not co-linked battles an opponent's monster (Quick Effect): You can make that opponent's monster's ATK 0 during that damage calculation only.$Supports archetypes /Appliancer$$$Condition/Continuous/Quick$
27157996$Appliancer Conversion$Unlimited$SPELL$$$$$$$$$Quick-Play$$$Banish as many "Appliancer" Link Monsters from your Main Monster Zone as possible, then you can Special Summon your banished "Appliancer" Link Monsters up to the number banished by this effect. During your Main Phase, if this card is in your GY, except the turn it was sent there: You can banish 1 other "Appliancer" Spell/Trap from your GY; add this card to your hand. You can only use each effect of "Appliancer Conversion" once per turn.$Supports archetypes /Appliancer$$Activates from your Graveyard/Returns itself from Graveyard to hand$Effect/Ignition-like/Condition$
23790299$Altergeist Memorygant$Unlimited$DARK$[Spellcaster/Link/Effect]$4$Left/Bottom-Left/Bottom-Right/Right$$$$2800$- $$2+ "Altergeist" monsters$$During the Battle Phase (Quick Effect): You can Tribute 1 other monster; this card gains ATK equal to that Tributed monster's ATK on the field. When this card destroys a monster by battle: You can destroy 1 monster your opponent controls, and if you do, this card can make a second attack in a row. If this card would be destroyed, you can banish 1 monster from your GY instead. You can only use each effect of "Altergeist Memorygant" once per turn.$Supports archetypes /Altergeist$$Tributes for cost$Quick/Trigger/Continuous/Condition$
59185998$Altergeist Pookuery$Unlimited$DARK$[Spellcaster/Effect]$$$$$1$300$100$$$$If an "Altergeist" monster you control would be used as Link Material for an "Altergeist" monster, this card in your hand can also be used as material. You can only use this effect of "Altergeist Pookuery" once per turn. If an "Altergeist" Link Monster is Link Summoned to your field, while this card is in your GY (except during the Damage Step): You can add this card to your hand. You can only use this effect of "Altergeist Pookuery" once per Duel.$Supports archetypes /Altergeist$$Uses cards in the hand as Link Materials/Activates from your Graveyard/Activates upon Link Summon/Returns itself from Graveyard to hand$Unclassified/Condition/Trigger$
85673903$Altergeist Fijialert$Unlimited$WATER$[Spellcaster/Effect]$$$$$4$1400$1200$$$$When an "Altergeist" Link Monster is Link Summoned to your field (except during the Damage Step): You can target 1 other Link Monster on the field; Special Summon this card from your hand to your zone that target points to, also, for the rest of this turn, that monster is also treated as an "Altergeist" monster. You can only use this effect of "Altergeist Fijialert" once per turn.$Supports archetypes /Altergeist$$Activates from your hand/Activates upon Link Summon$Trigger/Condition$
11845050$Right-Hand Shark$Unlimited$WATER$[Fish/Effect]$$$$$4$1500$1300$$$$When this card is Normal Summoned: You can add 1 "Left-Hand Shark" from your Deck to your hand. If this card is in your GY and you control no monsters: You can Special Summon this card, but banish it when it leaves the field. An Xyz Monster that was Summoned using only WATER monsters as material, including this card on the field, gains this effect.●This card cannot be destroyed by battle.You can only use each effect of "Right-Hand Shark" once per turn.$Left-Hand Shark/Xyz Monster/WATER$$Activates upon Normal Summon/Adds from Deck to hand/Activates from your Graveyard/Grants effect as Xyz Material$Trigger/Ignition/Unclassified/Continuous/Condition$
47840168$Left-Hand Shark$Unlimited$WATER$[Fish/Effect]$$$$$3$1300$1500$$$$If this card is Special Summoned from the GY: This card's Level becomes 4. You can only use each of the following effects of "Left-Hand Shark" once per turn. If you control "Right-Hand Shark", and this card is in your hand or GY: You can Special Summon this card, but banish it when it leaves the field. An Xyz Monster that was Summoned using only WATER monsters as material, including this card on the field, gains this effect.●This card cannot be destroyed by card effects.$Right-Hand Shark/Xyz Monster/WATER$$Activates upon Special Summon/Activates from your hand/Activates from your Graveyard/Grants effect as Xyz Material$Trigger/Condition/Ignition/Unclassified/Continuous$
47128571$Hidden Fangs of Revenge$Unlimited$SPELL$$$$$$$$$Quick-Play$$$Neither player can activate cards or effects in response to this card's activation. When a monster declares an attack: Destroy 2 Set cards you control, and if you do, negate that attack, then, if any Monster Cards were destroyed by this effect and sent to the GY, choose 1 and destroy as many monsters your opponent controls as possible with ATK less than or equal to that monster's DEF, then it becomes the End Phase. You can only activate 1 "Hidden Fangs of Revenge" per turn.$$$Activates upon attack declaration/Skips Battle Phase/Skips Main Phase 2/Ends your turn/Ends your opponent's turn$Activation requirement/Effect/Condition$
19885332$White Mirror$Unlimited$SPELL$$$$$$$$$$$$Target 1 Level 4 or lower Fish monster in your GY; Special Summon it, then you can add 1 monster from your Deck to your hand with the same original name as that Special Summoned monster. You can only activate "White Mirror" once per turn.$Fish$$Adds from Deck to hand$Effect/Condition$
22748199$The Ice-Bound God$Unlimited$TRAP$$$$$$$$$$$$If 2 or more WATER monsters are on the field: Target 1 face-up monster your opponent controls; that face-up monster cannot attack, also its effects are negated. If a Level 5 or higher WATER monster(s) is Normal or Special Summoned to your field, while this card is in your GY (except during the Damage Step): You can Set this card, but banish it when it leaves the field. You can only use this effect of "The Ice-Bound God" once per turn.$WATER$WATER$Activates from your Graveyard/Activates upon Normal Summon/Activates upon Special Summon/Sets itself from your Graveyard$$
69852487$Astraltopia$Unlimited$LIGHT$[Warrior/Effect]$$$$$4$0$0$$$$If an Xyz Monster(s) is on the field: You can Special Summon this card from your hand. You can send 1 other card from your hand or field to the GY; add 1 "Xyz", "Onomat", "Zexal", or "Number" Spell/Trap, from your Deck to your hand. You can only use each effect of "Astraltopia" once per turn.$Supports archetypes /Number /Onomat/Xyz/Zexal$Xyz Monster$Activates from your hand/Sends from hand to Graveyard for cost/Sends from field to Graveyard for cost/Adds from Deck to hand$Ignition$
95856586$Zexal Field$Unlimited$SPELL$$$$$$$$$Field$$$Your opponent cannot activate cards or effects in response to the activation of your cards and effects that target an Xyz Monster you control. During your Draw Phase, before you draw: You can place 1 "Shining Draw" from your Deck on top of your Deck. If an Xyz Monster(s) is Special Summoned to your field (except during the Damage Step): You can target 1 of those monsters; attach 1 Xyz Monster from your Extra Deck or GY to that monster as material. You can only use this effect of "Zexal Field" once per turn.$Xyz Monster/Shining Draw$$$$
32245230$The Deal of Destiny$Unlimited$TRAP$$$$$$$$$Continuous$$$Each time a card(s) you control is destroyed by battle or card effect, place 1 Emperor's Key Counter on this card (max. 1). If your opponent Special Summons a monster(s) from the Extra Deck (except during the Damage Step): You can remove 1 Emperor's Key Counter from this card; send 1 "The Door of Destiny" from your hand, Deck, or face-up field to the GY, Special Summon 1 LIGHT "Utopia" or "Utopic" Xyz Monster from your Extra Deck, and if you do, attach this card to it as material. (This is treated as an Xyz Summon.) You can only use this effect of "The Deal of Destiny" once per turn.$Supports archetypes /Utopic/Utopia $$$$
68630939$Numbers Protection$Unlimited$TRAP$$$$$$$$$Counter$$$When a Spell/Trap Card, or monster effect, is activated, while you control a "Number" Xyz Monster: Negate the activation, and if you do, destroy that card. If a "Number" Xyz Monster(s) you control is destroyed by battle or card effect, while this card is in your GY: You can Set this card, but banish it when it leaves the field. You can only use 1 "Numbers Protection" effect per turn, and only once that turn.$Supports archetypes /Number$$$$
95134948$Number 99: Utopia Dragonar$Unlimited$LIGHT$[Warrior/Xyz/Effect]$$$12$$$3000$3000$$3+ Level 12 monsters$$(Quick Effect): You can detach 2 materials from this card; Special Summon from your Extra Deck, 1 "Number" monster that has a number between "1" and "100" in its name. (This is treated as an Xyz Summon.) The turn you activate this effect, other monsters you control cannot attack directly, also you cannot Special Summon from the Extra Deck, except Xyz Monsters. When an opponent's monster declares an attack: You can change the ATK of the opponent's monster to 0. You can only use each effect of "Number 99: Utopia Dragonar" once per turn.$Supports archetypes /Number$$Detaches multiple Xyz Materials as cost/Activates upon attack declaration$Quick/Condition/Trigger$
31123642$ZS - Utopic Sage$Unlimited$LIGHT$[Warrior/Xyz/Effect]$$$4$$$2000$2500$$2 Level 4 monsters$$You can detach 2 materials from this card; Special Summon 1 "ZW -" or "ZS -" monster from your Deck, also for the rest of this turn, you can only attack with "Number" monsters, and you cannot Special Summon from the Extra Deck, except Xyz Monsters. You can only use this effect of "ZS - Utopic Sage" once per turn. If a "Utopia" or "Utopic" Xyz Monster(s) you control whose original Attribute is LIGHT would be destroyed by battle or card effect, except "ZS - Utopic Sage", you can banish this card from your field or GY instead.$Supports archetypes /ZW -/ZS -/Number/Utopic$$Detaches multiple Xyz Materials as cost$Ignition/Condition/Unclassified$
84013237$Number 39: Utopia$Unlimited$LIGHT$[Warrior/Xyz/Effect]$$$4$$$2500$2000$$2 Level 4 monsters$$When a monster declares an attack: You can detach 1 material from this card; negate the attack. If this card is targeted for an attack, while it has no material: Destroy this card.$$$Activates upon attack declaration$Trigger$
67517351$Hyper Rank-Up-Magic Utopiforce$Unlimited$SPELL$$$$$$$$$$$$Target 1 Rank 9 or lower "Utopia" Xyz Monster you control; Special Summon 1 Rank 10 or higher "Utopia" or "Utopic" Xyz Monster from your Extra Deck, by using that Xyz Monster you control as material. (This is treated as an Xyz Summon. Transfer its materials to the Summoned monster.) If an Xyz Monster(s) is Special Summoned by the effect of a Rank 10 or higher "Utopia" or "Utopic" Xyz Monster, while this card is in your GY (except during the Damage Step): You can target 1 of those Special Summoned monsters; attach this card to it as material. You can only use each effect of "Hyper Rank-Up-Magic Utopiforce" once per turn.$Supports archetypes /Utopia /Utopic$$Transfers/Activates from your Graveyard/Activates upon Special Summon/Attaches itself from your Graveyard as Xyz Material$Effect/Trigger-like/Condition$
64591429$Astral Kuriboh$Unlimited$LIGHT$[Fiend/Effect]$$$$$1$100$100$$$$You can reveal 1 "Number" Xyz Monster in your Extra Deck; Special Summon this card from your hand. If you do, this card's Level becomes the revealed monster's Rank, also while it is face-up in the Monster Zone, you cannot Special Summon monsters from the Extra Deck, except "Number" Xyz Monsters. You can only use this effect of "Astral Kuriboh" once per turn. A "Number" Xyz Monster that was Summoned using this card on the field as material gains this effect.●Cannot be destroyed by battle or your opponent's card effects.$Supports archetypes /Number$$Activates from your hand/Reveals your Extra Deck for cost/Grants effect as Xyz Material$Ignition/Condition/Unclassified/Continuous$
40640057$Kuriboh$Unlimited$DARK$[Fiend/Effect]$$$$$1$300$200$$$$During damage calculation, if your opponent's monster attacks (Quick Effect): You can discard this card; you take no battle damage from that battle.$$$Activates from your hand/Discards itself for cost$Quick$
78355370$Kuribohrn$Unlimited$LIGHT$[Fiend/Effect]$$$$$1$300$200$$$$At the end of the Battle Phase: You can discard this card, then target 1 monster in your GY that was destroyed by battle and sent there this turn; Special Summon it. When an opponent's monster declares an attack: You can banish this card from your GY, then target any number of "Kuriboh" monsters in your GY; Special Summon them.$Supports archetypes /Kuriboh $$Discards itself for cost/Activates upon attack declaration/Activates from your Graveyard$Trigger$
69181753$Performapal Kuribohble$Unlimited$DARK$[Fiend/Effect]$$$$$1$300$200$$$$When an opponent's monster declares a direct attack: You can Special Summon this card from your hand, and if you do, change the attack target to this card, and proceed to damage calculation. If you would take battle damage from that battle, you gain that much LP instead.$$$Activates upon attack declaration$Trigger$
89086566$Detonate$Unlimited$SPELL$$$$$$$$$Quick-Play$$$Destroy as many "Kuriboh" and "Kuriboh Tokens" you control as possible, then destroy cards your opponent controls, up to the number of cards destroyed by this effect.$Kuriboh/Kuriboh Token$$$Effect$
97631303$Magicians' Souls$Unlimited$DARK$[Spellcaster/Effect]$$$$$1$0$0$$$$You can send up to 2 Spells/Traps from your hand and/or field to the GY; draw that many cards. If this card is in your hand: You can send 1 Level 6 or higher Spellcaster monster from your Deck to the GY, then activate 1 of these effects;●Special Summon this card.●Send this card to the GY, then, you can Special Summon 1 "Dark Magician" or 1 "Dark Magician Girl" from your GY.You can only use each effect of "Magicians' Souls" once per turn.$Spellcaster/Dark Magician/Dark Magician Girl$$Activates from your hand/Sends from Deck to Graveyard for cost/Sends itself from hand to Graveyard/Sends from hand to Graveyard for cost/Sends from field to Graveyard for cost/You draw cards$Ignition/Condition$
06172122$Red-Eyes Fusion$Unlimited$SPELL$$$$$$$$$$$$Fusion Summon 1 Fusion Monster that lists a "Red-Eyes" monster as material from your Extra Deck, using monsters from your hand, Deck, or field as Fusion Material, and if you do, its name becomes "Red-Eyes Black Dragon". You cannot Normal or Special Summon other monsters the turn you activate this card. You can only activate 1 "Red-Eyes Fusion" per turn.$Supports archetypes /Red-Eyes$$Sends from your hand to your Graveyard/Sends from your Deck to your Graveyard/Sends from your field to your Graveyard/Uses cards in the hand as Fusion Materials/Uses cards in the player's Deck as Fusion Materials/Uses cards on the player's field as Fusion Materials$Effect/Condition$
13650422$Evil HERO Adusted Gold$Unlimited$LIGHT$[Fiend/Effect]$$$$$4$2100$800$$$$You can discard this card; add 1 "Dark Fusion", or 1 card that mentions it, from your Deck to your hand, except "Evil HERO Adusted Gold". You can only use this effect of "Evil HERO Adusted Gold" once per turn. Cannot attack unless you control a Fusion Monster.$Dark Fusion/Fusion Monster$$Activates from your hand/Discards itself for cost/Adds from Deck to hand$Ignition/Condition/Continuous$
86165817$Evil HERO Malicious Bane$Unlimited$DARK$[Fiend/Fusion/Effect]$$$$$8$3000$3000$$1 "Evil HERO" monster + 1 Level 5 or higher monster$$Must be Special Summoned with "Dark Fusion". Cannot be destroyed by battle or card effects. During your Main Phase: You can destroy all monsters your opponent controls with ATK less than or equal to this card's, also this card gains 200 ATK for each monster destroyed this way, also you cannot declare an attack for the rest of this turn, except with "HERO" monsters. You can only use this effect of "Evil HERO Malicious Bane" once per turn.$Supports archetypes /Evil HERO/HERO$$$Summon/Continuous/Ignition/Condition$
70780151$Thought Ruler Archfiend$Unlimited$DARK$[Psychic/Synchro/Effect]$$$$$8$2700$2300$$1 Tuner + 1+ non-Tuner monsters$$If this card destroys a monster by battle and sends it to the GY: Gain LP equal to that monster's original ATK in the GY. When a Spell/Trap Card is activated that targets 1 Psychic monster (and no other cards) (Quick Effect): You can pay 1000 LP; negate the activation, and if you do, destroy it.$Psychic$$$Trigger/Quick$
24696097$Shooting Star Dragon$Unlimited$WIND$[Dragon/Synchro/Effect]$$$$$10$3300$2500$$1 Tuner Synchro Monster + "Stardust Dragon"$$Once per turn: You can excavate the top 5 cards of your Deck, shuffle them back in, also this card's maximum number of attacks per Battle Phase this turn equals the number of Tuner monsters excavated. Once per turn, when a card or effect is activated that would destroy a card(s) on the field (Quick Effect): You can negate the effect, and if you do, destroy it. Once per turn, when an opponent's monster declares an attack: You can target the attacking monster; banish this card, and if you do, negate that attack. During the next End Phase: Special Summon this card banished by this effect.$Tuner monster$$Excavates from the player's Deck/Shuffles excavated cards into the Deck/Activates upon attack declaration$Ignition/Quick/Trigger$
58120309$Starlight Road$Unlimited$TRAP$$$$$$$$$$$$When a card or effect is activated that would destroy 2 or more cards you control: Negate the effect, and if you do, destroy that card, then you can Special Summon 1 "Stardust Dragon" from your Extra Deck.$Stardust Dragon$$$Activation requirement/Effect$
95474755$Number 89: Diablosis the Mind Hacker$Unlimited$DARK$[Psychic/Xyz/Effect]$$$7$$$2800$1200$$2 Level 7 monsters$$Once per turn: You can detach 1 material from this card; look at your opponent's Extra Deck and banish 1 monster from it, face-down. At the end of the Battle Phase, if this card destroyed a monster by battle: You can target 1 card in your opponent's GY; banish it, face-down. If a card your opponent owns and possesses is banished face-down while you control this card (except during the Damage Step): You can banish cards from the top of your opponent's Deck, face-down, equal to their face-down banished cards. You can only use this effect of "Number 89: Diablosis the Mind Hacker" once per turn.$$$Reveals your opponent's Extra Deck$Ignition/Trigger/Condition$
36956512$Gadarla, the Mystery Dust Kaiju$Unlimited$WIND$[Insect/Effect]$$$$$8$2700$1600$$$$You can Special Summon this card (from your hand) to your opponent's field in Attack Position, by Tributing 1 monster they control. If your opponent controls a "Kaiju" monster, you can Special Summon this card (from your hand) in Attack Position. You can only control 1 "Kaiju" monster. Once per turn (Quick Effect): You can remove 3 Kaiju Counters from anywhere on the field; the ATK/DEF of all other monsters on the field become halved.$$Anti-supports archetypes /Kaiju$Activates from your hand/Tributes opponent's monsters$Unclassified/Quick$
99330325$Interrupted Kaiju Slumber$Unlimited$SPELL$$$$$$$$$$$$Destroy as many monsters on the field as possible, then Special Summon in Attack Position, 2 "Kaiju" monsters with different names from your Deck (1 on each side), but they cannot change their battle positions, and must attack, if able. During your Main Phase, except the turn this card was sent to the GY: You can banish this card from your GY; add 1 "Kaiju" monster from your Deck to your hand. You can only activate 1 "Interrupted Kaiju Slumber" per turn.$Supports archetypes /Kaiju$$Prevents Battle Position changes/Adds from Deck to hand/Activates from your Graveyard$Effect/Ignition-like/Condition$
81057455$Kaiju Capture Mission$Unlimited$TRAP$$$$$$$$$Continuous$$$Once per turn, if there are less than 3 Kaiju Counters on this card: You can target 1 "Kaiju" monster on the field; change it to face-down Defense Position, then place 1 Kaiju Counter on this card (max. 3). If this card in your possession is destroyed by an opponent's card and sent to your GY: You can draw 2 cards. You can only use this effect of "Kaiju Capture Mission" once per turn.$Supports archetypes /Kaiju$$Activates if destroyed by card effect/Changes battle positions/Flips monsters face-down/Activates from your Graveyard/You draw cards$Quick-like/Trigger-like/Condition$
59463312$Eidos the Underworld Squire$Unlimited$DARK$[Spellcaster/Effect]$$$$$2$800$1000$$$$If this card is Normal or Special Summoned: During your Main Phase this turn, you can Tribute Summon 1 monster, in addition to your Normal Summon/Set. (You can only gain this effect once per turn.) You can banish this card from your GY, then target 1 monster with 800 ATK/1000 DEF in your GY, except "Eidos the Underworld Squire"; Special Summon it in Defense Position, also you cannot Special Summon monsters from the Extra Deck for the rest of this turn. You can only use this effect of "Eidos the Underworld Squire" once per turn.$$$Activates upon Normal Summon/Activates upon Special Summon/Activates from your Graveyard$Trigger/Ignition/Condition$
95457011$Edea the Heavenly Squire$Unlimited$LIGHT$[Warrior/Effect]$$$$$1$800$1000$$$$If this card is Normal or Special Summoned: You can Special Summon 1 monster with 800 ATK/1000 DEF from your Deck in Defense Position, except "Edea the Heavenly Squire", also you cannot Special Summon monsters from the Extra Deck for the rest of this turn. If this card is sent to the GY: You can target 1 of your banished "Monarch" Spells/Traps; add it to your hand. You can only use each effect of "Edea the Heavenly Squire" once per turn.$Supports archetypes /Monarch $$Activates upon Normal Summon/Activates upon Special Summon/Activates from your Graveyard/Returns the player's banished cards to the hand$Trigger/Condition$
63821877$The Phantom Knights of Ragged Gloves$Unlimited$DARK$[Warrior/Effect]$$$$$3$1000$500$$$$A DARK Xyz Monster that was Summoned using this card on the field as material gains this effect.●If it is Xyz Summoned: It gains 1000 ATK.You can banish this card from your GY; send 1 "Phantom Knights" card from your Deck to the GY. You can only use each effect of "The Phantom Knights of Ragged Gloves" once per turn.$Supports archetypes /Phantom Knights/The Phantom Knights$$Grants effect as Xyz Material/Activates upon Xyz Summon/Activates from your Graveyard/Sends from your Deck to your Graveyard$Unclassified/Trigger/Ignition/Condition$
27204311$Nibiru, the Primal Being$Unlimited$LIGHT$[Rock/Effect]$$$$$11$3000$600$$$$During the Main Phase, if your opponent Normal or Special Summoned 5 or more monsters this turn (Quick Effect): You can Tribute as many face-up monsters on the field as possible, and if you do, Special Summon this card from your hand, then Special Summon 1 "Primal Being Token" (Rock/LIGHT/Level 11/ATK ?/DEF ?) to your opponent's field. (This Token's ATK/DEF become the combined original ATK/DEF of the Tributed monsters.) You can only use this effect of "Nibiru, the Primal Being" once per turn.$$$Activates from your hand/Tributes as an effect/Tributes opponent's monsters$Quick/Condition$
58446973$Infernoid Decatron$Unlimited$FIRE$[Fiend/Tuner/Effect]$$$$$1$500$200$$$$If this card is Normal or Special Summoned: You can send 1 "Infernoid" monster from your Deck to the GY, except "Infernoid Decatron", and if you do, increase this card's Level by the Level of the sent monster, and if you do that, this card's name becomes that monster's original name, and replace this effect with that monster's original effects.$Supports archetypes /Infernoid$$Activates upon Normal Summon/Activates upon Special Summon/Sends from your Deck to your Graveyard$Trigger$
82734805$Infernoid Tierra$Unlimited$FIRE$[Fiend/Fusion/Effect]$$$$$11$3400$3600$$"Infernoid Onuncu" + "Infernoid Devyaty" + 1+ "Infernoid" monsters$$When this card is Fusion Summoned, you can: Apply these effects, in sequence, based on the number of materials with different names used for this card's Summon;●3+: Each player sends 3 cards from their Extra Deck to the GY.●5+: Each player sends the top 3 cards from their Deck to the GY.●8+: Each player returns up to 3 of their banished cards to the GY.●10+: Each player sends their entire hand to the GY.$Supports archetypes /Infernoid$$Activates upon Fusion Summon/Sends from Extra Deck to Graveyard/Sends from the top of your Deck to your Graveyard/Returns the player's banished cards to the Graveyard/Returns the opponent's banished cards to the Graveyard/Sends from hand to Graveyard$Trigger$
77334267$Wind-Up Arsenal Zenmaioh$Unlimited$WIND$[Machine/Xyz/Effect]$$$5$$$2600$1900$$2 Level 5 monsters$$Once per turn: You can detach 1 material from this card, then target 2 Set cards on the field; destroy them.$$$$Ignition$
44505297$Inzektor Exa-Beetle$Unlimited$DARK$[Insect/Xyz/Effect]$$$6$$$1000$1000$$2 Level 6 monsters$$When this card is Xyz Summoned: You can target 1 monster in either GY; equip that target to this card. This card gains ATK/DEF equal to half the original ATK/DEF of the monster equipped by this effect. Once per turn: You can detach 1 material from this card, then target 1 face-up card on each field; send those targets to the GY.$$$Activates upon Xyz Summon/Equips monsters from the player's Graveyard to itself/Equips monsters from the opponent's Graveyard to itself/Sends from your field to your Graveyard/Sends from your opponent's field to your opponent's Graveyard$Trigger/Continuous/Ignition$
72167543$Downerd Magician$Unlimited$DARK$[Spellcaster/Xyz/Effect]$$$4$$$2100$200$$2 Level 4 Spellcaster monsters$$During your Main Phase 2, you can also Xyz Summon this card by using a Rank 3 or lower Xyz Monster you control as material. (Transfer its materials to this card.) This card gains 200 ATK for each material attached to it. If this card attacks a Defense Position monster, inflict piercing battle damage. If this card battles, after damage calculation: Detach 1 material from this card.$Spellcaster/Xyz Monster$$Transfers/Detaches Xyz Materials for effect$Summon/Continuous/Trigger$
27552504$Beatrice, Lady of the Eternal$Unlimited(OCG)$LIGHT$[Fairy/Xyz/Effect]$$$6$$$2500$2800$$2 Level 6 monsters$$You can also Xyz Summon this card by sending 1 "Burning Abyss" monster from your hand to the GY, then using 1 "Dante" monster you control as material. (Transfer its materials to this card.) If Summoned this way, the following effect cannot be activated this turn. Once per turn (Quick Effect): You can detach 1 material from this card; send 1 card from your Deck to the GY. If this card in your possession is destroyed by your opponent's card and sent to your GY: You can Special Summon 1 "Burning Abyss" monster from your Extra Deck, ignoring its Summoning conditions.$Supports archetypes /Burning Abyss/Dante$$Sends from hand to Graveyard for cost/Transfers/Sends from Deck to Graveyard/Activates if destroyed by battle/Activates if destroyed by card effect/Activates from your Graveyard$Summon/Condition/Quick/Trigger$
94259633$Relinquished Anima$Unlimited$DARK$[Spellcaster/Link/Effect]$1$Top$$$$0$- $$1 Level 1 monster, except a Token$$You can target 1 face-up monster this card points to; equip that face-up monster to this card (max. 1). You can only use this effect of "Relinquished Anima" once per turn. This card gains ATK equal to that equipped monster's.$$$Equips monsters from the player's field to itself/Equips monsters from the opponent's field to itself$Ignition/Condition/Continuous$
01475311$Allure of Darkness$Unlimited$SPELL$$$$$$$$$$$$Draw 2 cards, then banish 1 DARK monster from your hand, or, if you do not have any in your hand, send your entire hand to the GY.$DARK$$You draw cards/Sends from hand to Graveyard$Effect$
47325505$Fossil Dig$Unlimited$SPELL$$$$$$$$$$$$Add 1 Level 6 or lower Dinosaur monster from your Deck to your hand.$Dinosaur$$Adds from Deck to hand$Effect$
24299458$Forbidden Droplet$Unlimited$SPELL$$$$$$$$$Quick-Play$$$Send any number of other cards from your hand and/or field to the GY; choose that many Effect Monsters your opponent controls, and until the end of this turn, their ATK is halved, also their effects are negated. In response to this card's activation, your opponent cannot activate cards, or the effects of cards, with the same original type (Monster/Spell/Trap) as the cards sent to the GY to activate this card. You can only activate 1 "Forbidden Droplet" per turn.$$$Sends from hand to Graveyard for cost/Sends from field to Graveyard for cost$Effect/Condition$
94220427$Rank-Up-Magic Argent Chaos Force$Unlimited$SPELL$$$$$$$$$$$$Target 1 Rank 5 or higher Xyz Monster you control; Special Summon from your Extra Deck, 1 "Number C" or "CXyz" monster that is 1 Rank higher than that monster you control, by using that target as material. (This is treated as an Xyz Summon. Transfer its materials to the Summoned monster.) When a Rank 5 or higher Xyz Monster(s) is Special Summoned to your field while this card is in your GY (except during the Damage Step): You can add this card to your hand. You can only use this effect of "Rank-Up-Magic Argent Chaos Force" once per Duel.$Supports archetypes /Number C/CXyz$$Transfers/Activates upon Special Summon/Activates from your Graveyard/Returns itself from Graveyard to hand$Effect/Trigger-like/Condition$
49082032$Resurgam Xyz$Unlimited$TRAP$$$$$$$$$Continuous$$$All Xyz Monsters you control gain 800 ATK. Once per turn: You can discard 1 Spell, then target 1 Xyz Monster you control; Special Summon from your Extra Deck, 1 "Number C" monster or 1 "CXyz" monster, with the same Type as that monster you control but 1 Rank higher, by using it as material. (This is treated as an Xyz Summon. Transfer its materials to the Summoned monster.) If you discarded a card other than a "Rank-Up-Magic" Spell to activate this effect, return that Special Summoned monster to the Extra Deck during the End Phase (even if this card leaves the field).$Supports archetypes /CXyz/Number C/Rank-Up-Magic$$Discards for cost/Transfers/Returns from field to Extra Deck$Continuous-like/Quick-like$
31548814$Void Feast$Unlimited$TRAP$$$$$$$$$$$$Send 1 "Void" Spell/Trap from your hand or face-up field to the GY; Special Summon up to 3 "Infernoid" monsters from your Deck, whose total Levels exactly equal 8, ignoring their Summoning conditions.$Supports archetypes /Infernoid/Void$$Sends from your hand to your Graveyard for cost/Sends from your field to your Graveyard for cost$Cost/Effect$
37818794$Red-Eyes Dark Dragoon$Forbidden(OCG)$DARK$[Spellcaster/Fusion/Effect]$$$$$8$3000$2500$$"Dark Magician" + "Red-Eyes Black Dragon" or 1 Dragon Effect Monster$$Cannot be destroyed by card effects. Neither player can target this card with card effects. During your Main Phase: You can destroy 1 monster your opponent controls, and if you do, inflict damage to your opponent equal to that monster's original ATK. You can use this effect a number of times per turn up to the number of Normal Monsters used as Fusion Material for this card. Once per turn, when a card or effect is activated (Quick Effect): You can discard 1 card; negate the activation, and if you do, destroy that card, and if you do that, this card gains 1000 ATK.$Dragon/Normal Monster$$Discards for cost$Continuous/Ignition/Quick$
