Passcode$Name$Status$Attribute$type$link$link_arrows$rank$pendulum_scale$level$attack$defense$spell_attribute$summoning_condition$pendulum_condition$card_text$card_supports$card_anti_supports$card_actions$effect_types$
98494543$Magical Stone Excavation$Unlimited$SPELL$$$$$$$$$$$$Discard 2 cards, then target 1 Spell in your GY; add it to your hand.$$$Discards for Cost/Adds from Graveyard to hand$Cost/Effect$
22567609$Nimble Momonga$Unlimited$EARTH$[Beast/Effect]$$$$$2$1000$100$$$$If this card is destroyed by battle and sent to the GY: Gain 1000 LP, then you can Special Summon any number of "Nimble Momonga" from your Deck in face-down Defense Position.$$$Activates from your Graveyard$Trigger$
31560081$Magician of Faith$Unlimited$LIGHT$[Spellcaster/Flip/Effect]$$$$$1$300$400$$$$FLIP: Target 1 Spell in your GY; add that target to your hand.$Spell Card$$Returns from Graveyard to hand$Flip$
77044671$Pyramid Turtle$Unlimited$EARTH$[Zombie/Effect]$$$$$4$1200$1400$$$$When this card is destroyed by battle and sent to the GY: You can Special Summon 1 Zombie monster with 2000 or less DEF from your Deck.$Zombie$$Activates if destroyed by battle/Activates from your Graveyard$Trigger$
97169186$Smashing Ground$Unlimited$SPELL$$$$$$$$$$$$Destroy the 1 face-up monster your opponent controls that has the highest DEF (your choice, if tied).$$$$Effect$
40640057$Kuriboh$Unlimited$DARK$[Fiend/Effect]$$$$$1$300$200$$$$During damage calculation, if your opponent's monster attacks (Quick Effect): You can discard this card; you take no battle damage from that battle.$$$Activates from your hand/Discards itself for cost$Quick$
18318842$Abyss Soldier$Unlimited$WATER$[Aqua/Effect]$$$$$4$1800$1300$$$$Once per turn: You can discard 1 WATER monster to the Graveyard to target 1 card on the field; return it to the hand.$WATER$$Discards for cost/Returns from field to hand$Ignition$
83555666$Ring of Destruction$Unlimited$TRAP$$$$$$$$$$$$During your opponent's turn: Target 1 face-up monster your opponent controls whose ATK is less than or equal to their LP; destroy that face-up monster, and if you do, take damage equal to its original ATK, then inflict damage to your opponent, equal to the damage you took. You can only activate 1 "Ring of Destruction" per turn.$$$$Activation requirement/Effect/Condition$
33508719$Morphing Jar$Limited$EARTH$[Rock/Flip/Effect]$$$$$2$700$600$$$$FLIP: Both players discard as many cards as possible from their hands, then each player draws 5 cards.$$$Discards for effect/You draw cards/Your opponent draws cards$Flip$
97642679$Dark Master - Zorc$Unlimited$DARK$[Fiend/Ritual/Effect]$$$$$8$2700$1500$$$$You can Ritual Summon this card with "Contract with the Dark Master". Once per turn: You can roll a six-sided die, then destroy all monsters your opponent controls if you roll 1 or 2, destroy 1 monster your opponent controls if you roll 3, 4 or 5, or destroy all monsters you control if you roll 6.$$$$Summon/Ignition$
28553439$Magical Dimension$Unlimited$SPELL$$$$$$$$$Quick-Play$$$If you control a Spellcaster monster: Target 1 monster you control; Tribute that target, then Special Summon 1 Spellcaster monster from your hand, then you can destroy 1 monster on the field.$Spellcaster$$Tributes as an effect$Activation requirement/Effect$
99030164$Happy Lover$Unlimited$LIGHT$[Fairy/Normal]$$$$$2$800$500$$$$Enemies become overjoyed when struck by the Heart Ray emitted from the forehead of this tiny cherub.$$$$$
70046172$Rush Recklessly$Unlimited$SPELL$$$$$$$$$Quick-Play$$$Target 1 face-up monster on the field; it gains 700 ATK until the end of this turn.$$$$Effect$
36468556$Ceasefire$Unlimited$TRAP$$$$$$$$$$$$If a face-down Defense Position monster or an Effect Monster is on the field: Change all face-down Defense Position monsters on the field to face-up Defense Position (Flip monsters' effects are not activated at this time), also inflict 500 damage to your opponent for each Effect Monster on the field.$$Flip monster$Flips monsters face-up$Activation requirement/Effect$
31786629$Thunder Dragon$Unlimited$LIGHT$[Thunder/Effect]$$$$$5$1600$1500$$$$You can discard this card; add up to 2 "Thunder Dragon" from your Deck to your hand.$$$Activates from your hand/Discards itself for cost/Adds from Deck to hand/Adds copies of itself to hand$Ignition$
43586926$Twin-Headed Behemoth$Unlimited$WIND$[Dragon/Effect]$$$$$3$1500$1200$$$$During the End Phase, if this card is in the GY because it was destroyed on the field and sent there this turn: You can Special Summon this card, but its ATK/DEF become 1000. You can only use this effect of "Twin-Headed Behemoth" once per Duel.$$$Activates from your Graveyard$Trigger/Condition$
38699854$Book of Taiyou$Unlimited$SPELL$$$$$$$$$$$$Flip 1 face-down monster on the field into face-up Attack Position.$$$Flips monsters face-up$Effect$
73628505$Terraforming$Limited$SPELL$$$$$$$$$$$$Add 1 Field Spell from your Deck to your hand.$Field Spell Card$$Adds from Deck to hand$Effect$
61127349$Big Bang Shot$Unlimited$SPELL$$$$$$$$$Equip$$$The equipped monster gains 400 ATK. If the equipped monster attacks a Defense Position monster, inflict piercing Battle Damage to your opponent. When this card leaves the field, banish the equipped monster.$$$$Continuous-like$
60764581$Stray Lambs$Unlimited$SPELL$$$$$$$$$$$$Special Summon 2 "Lamb Tokens" (Beast/EARTH/Level 1/ATK 0/DEF 0) in Defense Position. You cannot Summon other monsters the turn you activate this card (but you can Set).$$$$Effect/Condition$
