Passcode$Name$Status$Attribute$type$link$link_arrows$rank$pendulum_scale$level$attack$defense$spell_attribute$summoning_condition$pendulum_condition$card_text$card_supports$card_anti_supports$card_actions$effect_types$
77936940$Gernia$Unlimited$DARK$[Zombie/Effect]$$$$$4$1300$1200$$$$Once per turn, during your next Standby Phase after this face-up card you control was destroyed by an opponent's card effect and sent to your GY: Special Summon it from your GY.$$$Activates if destroyed by card effect/Activates from your Graveyard$Trigger$
80604091$Ultimate Offering$Forbidden(OCG)$TRAP$$$$$$$$$Continuous$$$During your Main Phase or your opponent's Battle Phase: You can pay 500 Life Points; immediately after this effect resolves, Normal Summon/Set 1 monster.$$$$Quick-like/Lingering$
29401950$Bottomless Trap Hole$Unlimited$TRAP$$$$$$$$$$$$When your opponent Summons a monster(s) with 1500 or more ATK: Destroy that monster(s) with 1500 or more ATK, and if you do, banish it.$$$$Activation requirement/Effect$
09156135$Apprentice Magician$Unlimited$DARK$[Spellcaster/Effect]$$$$$2$400$800$$$$If this card is Summoned: Target 1 face-up card on the field that you can place a Spell Counter on; place 1 Spell Counter on that target. If this card is destroyed by battle: You can Special Summon 1 Level 2 or lower Spellcaster monster from your Deck in face-down Defense Position.$Spellcaster$$Activates upon Normal Summon/Activates upon Flip Summon/Activates upon Special Summon/Activates from your Graveyard$Trigger$
22587018$Hydrogeddon$Unlimited$WATER$[Dinosaur/Effect]$$$$$4$1600$1000$$$$When this card destroys an opponent's monster by battle and sends it to the GY: You can Special Summon 1 "Hydrogeddon" from your Deck.$$$Activates when it destroys a monster by battle$Trigger$
17375316$Confiscation$Forbidden(OCG)$SPELL$$$$$$$$$$$$Pay 1000 Life Points. Look at your opponent's hand, select 1 card in it and discard that card.$$$Reveals your opponent's hand/Your opponent discards$Cost/Effect$
16556849$Freed the Brave Wanderer$Unlimited$LIGHT$[Warrior/Effect]$$$$$4$1700$1200$$$$Once per turn: You can banish 2 LIGHT monsters from your Graveyard to target 1 face-up monster on the field with higher ATK than this face-up card; destroy that target.$LIGHT$$$Ignition$
31423101$Divine Sword - Phoenix Blade$Forbidden(OCG)$SPELL$$$$$$$$$Equip$$$Equip only to a Warrior monster. It gains 300 ATK. During your Main Phase, if this card is in your GY: You can banish 2 Warrior monsters from your GY; add this card to your hand.$Warrior$$Activates from your Graveyard/Returns itself from Graveyard to hand$Condition/Continuous-like/Ignition-like$
27174286$Return from the Different Dimension$Forbidden(OCG)$TRAP$$$$$$$$$$$$Pay half your Life Points. Special Summon as many of your removed from play monsters as possible. During the End Phase, remove from play all monsters that were Special Summoned by this effect.$$$$Activation requirement/Effect/Lingering$
$Cipher Soldier (Updated from: Kinetic Soldier)$$EARTH$[Machine/Effect]$$$$$3$1350$1800$$$$If this card battles a Warrior-Type monster, during damage calculation: This card gains 2000 ATK and DEF during that damage calculation only.$$$$$
00050755$Magician's Circle$Unlimited$TRAP$$$$$$$$$$$$When a Spellcaster monster declares an attack: Each player Special Summons 1 Spellcaster monster with 2000 or less ATK from their Deck in Attack Position.$Spellcaster$Spellcaster$Activates upon attack declaration$Activation requirement/Effect$
68005187$Soul Exchange$Unlimited$SPELL$$$$$$$$$$$$Target 1 monster your opponent controls; this turn, if you Tribute a monster, you must Tribute that target, as if you controlled it. You cannot conduct your Battle Phase the turn you activate this card.$$$Tributes opponent's monsters/Cannot conduct Battle Phase$Effect/Condition$
57839750$Mother Grizzly$Unlimited$WATER$[Beast-Warrior/Effect]$$$$$4$1400$1000$$$$When this card is destroyed by battle and sent to the Graveyard: You can Special Summon 1 WATER monster with 1500 or less ATK from your Deck, in face-up Attack Position.$WATER$$Activates from your Graveyard$Trigger$
13676474$Grand Tiki Elder$Unlimited$DARK$[Fiend/Normal]$$$$$4$1500$800$$$$A masked monster that wields the most deadly of curses.$$$$$
47606319$Gigantes$Unlimited$EARTH$[Rock/Effect]$$$$$4$1900$1300$$$$Cannot be Normal Summoned/Set. Must first be Special Summoned (from your hand) by banishing 1 EARTH monster from your GY. If this card is destroyed by battle and sent to the GY: Destroy all Spells and Traps on the field.$EARTH$$Activates if destroyed by battle/Activates from your Graveyard$Summon/Trigger$
88279736$Robbin' Goblin$Unlimited$TRAP$$$$$$$$$Continuous$$$Each time a monster you control inflicts Battle Damage to your opponent, your opponent discards 1 random card.$$$Activates when it inflicts battle damage/Your opponent discards$Trigger-like$
95492061$Manju of the Ten Thousand Hands$Unlimited$LIGHT$[Fairy/Effect]$$$$$4$1400$1000$$$$When this card is Normal or Flip Summoned: You can add 1 Ritual Monster or 1 Ritual Spell from your Deck to your hand.$Ritual Monster/Ritual Spell Card$$Activates upon Normal Summon/Activates upon Flip Summon/Adds from Deck to hand$Trigger$
98446407$Hand of Nephthys$Unlimited$WIND$[Spellcaster/Effect]$$$$$2$600$600$$$$You can Tribute this card and 1 other monster; Special Summon 1 "Sacred Phoenix of Nephthys" from your hand or Deck.$Sacred Phoenix of Nephthys$$Tributes itself for cost/Tributes for cost$Ignition$
48092532$D.D. Survivor$Unlimited$DARK$[Warrior/Effect]$$$$$4$1800$200$$$$During the End Phase, if this card was banished while face-up, on your side of the field, this turn: Special Summon this banished card. This effect can only activate once per turn.$$$Activates while banished$Trigger/Condition$
12538374$Treeborn Frog$Unlimited$WATER$[Aqua/Effect]$$$$$1$100$100$$$$Once per turn, during your Standby Phase, if this card is in your Graveyard and you do not control "Treeborn Frog": You can Special Summon this card. You must control no Spell/Trap Cards to activate and to resolve this effect.$$$Activates from your Graveyard$Trigger/Condition$
