Passcode$Name$Status$Attribute$type$link$link_arrows$rank$pendulum_scale$level$attack$defense$spell_attribute$summoning_condition$pendulum_condition$card_text$card_supports$card_anti_supports$card_actions$effect_types$
36045450$Magicians Unite$Unlimited$SPELL$$$$$$$$$$$$If you control 2 or more Attack Position Spellcaster monsters: Target 1 of them; its ATK becomes 3000 until the end of this turn, also for the rest of this turn after this card resolves, other Spellcaster monsters you control cannot attack.$Spellcaster$$$Activation requirement/Effect$
23205979$Spirit Reaper$Unlimited$DARK$[Zombie/Effect]$$$$$3$300$200$$$$Cannot be destroyed by battle. After resolving a card effect that targets this face-up card, destroy this card. When this card inflicts Battle Damage to your opponent by a direct attack: Discard 1 random card from their hand.$$$Activates when it inflicts battle damage/Your opponent discards$Continuous/Trigger$
24317029$Gravekeeper's Spy$Unlimited$DARK$[Spellcaster/Flip/Effect]$$$$$4$1200$2000$$$$FLIP: Special Summon 1 "Gravekeeper's" monster with 1500 or less ATK from your Deck.$Supports archetypes /Gravekeeper's$$Activates upon being flipped face-up$Flip$
84290642$Snipe Hunter$Unlimited$DARK$[Fiend/Effect]$$$$$4$1500$600$$$$You can discard 1 card, then target 1 card on the field; roll a six-sided die, and destroy that target unless you roll a 1 or 6.$$$Discards for cost$Ignition$
93554166$Dark World Lightning$Unlimited$SPELL$$$$$$$$$$$$Target 1 Set card on the field; destroy that target, then discard 1 card.$$$You discard/Discards for effect$Effect$
70074904$D.D. Assailant$Unlimited$EARTH$[Warrior/Effect]$$$$$4$1700$1600$$$$After damage calculation, when this card is destroyed by battle with an opponent's monster: Banish that monster, also banish this card.$$$Activates if destroyed by battle$Trigger$
78004197$Goldd, Wu-Lord of Dark World$Unlimited$DARK$[Fiend/Effect]$$$$$5$2300$1400$$$$If this card is discarded to the Graveyard by a card effect: If it was discarded from your hand to your Graveyard by an opponent's card effect, you can target up to 2 cards your opponent controls; Special Summon this card from the Graveyard, then destroy those targets (if any).$$$Activates from your Graveyard$Trigger$
77121851$Manticore of Darkness$Unlimited$FIRE$[Beast-Warrior/Effect]$$$$$6$2300$1000$$$$During the End Phase, if this card is in the GY because it was sent there this turn: You can send 1 Beast, Beast-Warrior, or Winged Beast monster from your hand or face-up field to the GY; Special Summon this card from your GY.$Beast/Beast-Warrior/Winged Beast$$Sends from field to Graveyard for cost/Sends from hand to Graveyard for cost/Activates from your Graveyard$Trigger$
91345518$The Agent of Judgment - Saturn$Unlimited$LIGHT$[Fairy/Effect]$$$$$6$2400$0$$$$While your LP are higher than your opponent's: You can Tribute this card; inflict damage to your opponent equal to the difference. You must control "The Sanctuary in the Sky" to activate and to resolve this effect. You cannot conduct your Battle Phase the turn you activate this effect.$The Sanctuary in the Sky$$Tributes itself for cost/Cannot conduct Battle Phase$Ignition$
74270067$Pikeru's Circle of Enchantment$Unlimited$TRAP$$$$$$$$$$$$Damage to you from card effects becomes 0 until the end of this turn.$$$$Effect$
77754944$Widespread Ruin$Unlimited$TRAP$$$$$$$$$$$$When an opponent's monster declares an attack: Destroy the 1 Attack Position monster your opponent controls with the highest ATK (your choice, if tied).$$$Activates upon attack declaration$Activation requirement/Effect$
20315854$Fairy Dragon$Unlimited$WIND$[Dragon/Normal]$$$$$4$1100$1200$$$$This beautiful Dragon spirit harbors hidden strength.$$$$$
16956455$Chiron the Mage$Unlimited$EARTH$[Beast-Warrior/Effect]$$$$$4$1800$1000$$$$Once per turn: You can discard 1 Spell, then target 1 Spell/Trap your opponent controls; destroy that target.$$$Discards for cost$Ignition$
34627841$Kaibaman$Unlimited$LIGHT$[Warrior/Effect]$$$$$3$200$700$$$$You can Tribute this card; Special Summon 1 "Blue-Eyes White Dragon" from your hand.$Blue-Eyes White Dragon$$Tributes itself for cost$Ignition$
22790789$B.E.S. Crystal Core$Unlimited$WATER$[Machine/Effect]$$$$$5$2100$1000$$$$When this card is Normal Summoned, put 3 counters on it. This card cannot be destroyed by battle. If this card attacks or is attacked, remove 1 counter from this card at the end of the Damage Step. If you cannot, destroy it. Once per turn, during your Main Phase, you can change 1 face-up Attack Position monster your opponent controls to face-up Defense Position.$$$Activates upon Normal Summon/Changes battle positions$Trigger/Continuous/Ignition$
62473983$Gravekeeper's Chief$Unlimited$DARK$[Spellcaster/Effect]$$$$$5$1900$1200$$$$You can only control 1 face-up "Gravekeeper's Chief". Your GY is unaffected by "Necrovalley". When this card is Tribute Summoned: You can target 1 "Gravekeeper's" monster in your GY; Special Summon that target.$Supports archetypes /Gravekeeper's$Necrovalley$Activates upon Tribute Summon$Unclassified/Continuous/Trigger$
61166988$Wild Nature's Release$Unlimited$SPELL$$$$$$$$$$$$Target 1 Beast or Beast-Warrior monster; it gains ATK equal to its current DEF (until the End Phase), and if it does, it is destroyed during the End Phase.$Beast/Beast-Warrior$$$Effect/Condition$
49140998$A Feather of the Phoenix$Unlimited$SPELL$$$$$$$$$$$$Discard 1 card, then target 1 card in your GY; return that target to the top of your Deck.$$$Discards for cost/Returns from your Graveyard to your Deck$Cost/Effect$
69035382$Contract with the Abyss$Unlimited$SPELL$$$$$$$$$Ritual$$$This card can be used to Ritual Summon any DARK Ritual Monster. You must also Tribute monsters from your hand or field whose total Levels exactly equal the Level of the Ritual Monster you Ritual Summon.$DARK/Ritual Monster$$Tributes as an effect$Effect$
47355498$Necrovalley$Unlimited$SPELL$$$$$$$$$Field$$$All "Gravekeeper's" monsters gain 500 ATK/DEF. Cards in the GY cannot be banished. Negate any card effect that would move a card in the GY to a different place. Negate any card effect that changes Types or Attributes in the GY.$Supports archetypes /Gravekeeper's$$$Continuous-like$
