Passcode$Name$Status$Attribute$type$link$link_arrows$rank$pendulum_scale$level$attack$defense$spell_attribute$summoning_condition$pendulum_condition$card_text$card_supports$card_anti_supports$card_actions$effect_types$
24874630$Fiend's Sanctuary$Unlimited$SPELL$$$$$$$$$$$$Special Summon 1 "Metal Fiend Token" (Fiend/DARK/Level 1/ATK 0/DEF 0). It cannot attack. Your opponent takes any battle damage you would have taken from battles involving it. Once per turn, during your Standby Phase, pay 1000 LP or destroy this Token.$$$$Effect/Lingering/Maintenance cost$
95178994$Giant Germ$Unlimited$DARK$[Fiend/Effect]$$$$$2$1000$100$$$$When this card is destroyed by battle and sent to the Graveyard: Inflict 500 damage to your opponent, then you can Special Summon any number of "Giant Germs" from your Deck in face-up Attack Position.$$$Activates if destroyed by battle/Activates from your Graveyard$Trigger$
32362575$Magical Merchant$Unlimited$LIGHT$[Insect/Flip/Effect]$$$$$1$200$700$$$$FLIP: Excavate cards from the top of your Deck until you excavate a Spell/Trap, then add that card to your hand, also send the remaining cards to the GY.$$$Excavates from the player's Deck/Adds excavated cards to the hand/Adds from Deck to hand/Sends excavated cards to the Graveyard/Sends from the top of your Deck to your Graveyard$Flip$
38992735$Wave-Motion Cannon$Unlimited$SPELL$$$$$$$$$Continuous$$$During your Main Phase: You can send this face-up card to the GY; inflict 1000 damage to your opponent for each of your Standby Phases that have passed since this card was activated.$$$Sends itself from field to Graveyard$Ignition-like$
64697231$Trap Dustshoot$Forbidden(OCG)$TRAP$$$$$$$$$$$$Activate only if your opponent has 4 or more cards in their hand. Look at your opponent's hand, select 1 Monster Card in it, and return that card to its owner's Deck.$$$Reveals your opponent's hand/Returns from your opponent's hand to your opponent's Deck$Activation requirement/Effect$
31829185$Dark Necrofear$Unlimited$DARK$[Fiend/Effect]$$$$$8$2200$2800$$$$Cannot be Normal Summoned/Set. Must first be Special Summoned (from your hand) by banishing 3 Fiend monsters from your GY. During the End Phase, if this card is in your GY because it was destroyed in your Monster Zone by an opponent's card and sent there this turn: Target 1 face-up monster your opponent controls; equip this card to that target. While this card is equipped to a monster by this effect, take control of that monster.$Fiend$$Activates from your Graveyard/Equips self from Graveyard/Takes control of equipped$Summon/Trigger/Continuous-like$
25551951$Blowback Dragon$Unlimited$DARK$[Machine/Effect]$$$$$6$2300$1200$$$$Once per turn: You can target 1 card your opponent controls; toss a coin 3 times and destroy that target if at least 2 of the results are heads.$$$$Ignition$
53982768$Dark Ruler Ha Des$Unlimited$DARK$[Fiend/Effect]$$$$$6$2450$1600$$$$Cannot be Special Summoned from the GY. Negate the effects of monsters destroyed by battle with Fiend monsters you control.$Fiend$$$Condition/Continuous$
35027493$Deck Devastation Virus$Unlimited$TRAP$$$$$$$$$$$$Tribute 1 DARK monster with 2000 or more ATK; look at your opponent's hand, all monsters they control, and all cards they draw until the end of their 3rd turn after this card's activation, and destroy all those monsters with 1500 or less ATK.$DARK$$Tributes for cost/Reveals face-down cards/Reveals your opponent's hand/Shows the opponent's drawn cards$Activation requirement/Lingering$
34717238$Pulling the Rug$Unlimited$TRAP$$$$$$$$$Counter$$$Negate the activation and effect of an Effect Monster whose effect activated when a monster was Normal Summoned (even itself), and destroy that Effect Monster.$$Effect Monster$$Activation requirement/Effect$
58921041$Anti-Spell Fragrance$Unlimited$TRAP$$$$$$$$$Continuous$$$Both players must Set Spell Cards before activating them, and cannot activate them until their next turn after Setting them.$$$$Continuous-like$
17968114$Amazon of the Seas$Unlimited$WATER$[Fish/Normal]$$$$$4$1300$1400$$$$A mermaid who serves as a herald to the Ocean Lord. She protects the sacred domain of Atlantis.$$$$$
24221739$Protector of the Sanctuary$Unlimited$EARTH$[Fiend/Effect]$$$$$4$1100$1900$$$$Your opponent cannot draw cards except during Draw Phases.$$$Prevents adding cards from Deck to hand$Continuous$
44436472$Double Coston$Unlimited$DARK$[Zombie/Effect]$$$$$4$1700$1650$$$$This card can be treated as 2 Tributes for the Tribute Summon of a DARK monster.$DARK$$$Unclassified$
14878871$Rescue Cat$Unlimited$EARTH$[Beast/Effect]$$$$$4$300$100$$$$You can send this card to the GY; Special Summon 2 Level 3 or lower Beast monsters from your Deck, but their effects are negated, also they are destroyed during the End Phase. You can only use this effect of "Rescue Cat" once per turn.$Beast$$Sends itself from field to Graveyard for cost$Ignition/Condition$
24508238$D.D. Crow$Unlimited$DARK$[Winged Beast/Effect]$$$$$1$100$100$$$$(Quick Effect): You can discard this card to the GY, then target 1 card in your opponent's GY; banish that target.$$$Discards itself for cost$Quick$
26412047$Hammer Shot$Unlimited$SPELL$$$$$$$$$$$$Destroy the 1 Attack Position monster on the field with the highest ATK (your choice, if tied).$$$$Effect$
63391643$Thousand Knives$Unlimited$SPELL$$$$$$$$$$$$If you control "Dark Magician": Target 1 monster your opponent controls; destroy that target.$Dark Magician$$$Activation requirement/Effect$
58851034$Cursed Seal of the Forbidden Spell$Unlimited$TRAP$$$$$$$$$Counter$$$When a Spell Card is activated: Discard 1 Spell; negate the activation, and if you do, destroy it, and if you do that, your opponent cannot activate Spell Cards with that name for the rest of this Duel.$$$Discards for cost$Activation requirement/Cost/Effect$
53239672$Spirit Barrier$Unlimited$TRAP$$$$$$$$$Continuous$$$While you control a monster, you take no battle damage.$$$$Continuous-like$
