Passcode$Name$Status$Attribute$type$link$link_arrows$rank$pendulum_scale$level$attack$defense$spell_attribute$summoning_condition$pendulum_condition$card_text$card_supports$card_anti_supports$card_actions$effect_types$
56931015$Gravity Behemoth$Unlimited$DARK$[Beast/Effect]$$$$$6$2300$2000$$$$If it is not the first turn of the Duel and there are no cards on the field, you can Normal Summon this card without Tributing. You can destroy all Field Spell Cards on the field. This card cannot attack the turn you activate this effect.$$Field Spell Card$$Summon/Ignition$
43711255$Prohibition$Unlimited$SPELL$$$$$$$$$Continuous$$$Activate by declaring 1 card name. Cards with that name, and their effects, cannot be used. Cards already on the field are not affected (including face-down cards).$$$Declares a card name$Continuous-like/Condition$
15800838$Mind Crush$Unlimited$TRAP$$$$$$$$$$$$Declare 1 card name; if that card is in your opponent's hand, they must discard all copies of it, otherwise you discard 1 random card.$$$Declares a card name/Discards for effect/You discard/Your opponent discards$Effect$
81674782$Dimensional Fissure$Unlimited(OCG)$SPELL$$$$$$$$$Continuous$$$Any monster sent to the Graveyard is banished instead.$$$$Continuous-like$
95503687$Lumina, Lightsworn Summoner$Unlimited$LIGHT$[Spellcaster/Effect]$$$$$3$1000$1000$$$$Once per turn: You can discard 1 card, then target 1 Level 4 or lower "Lightsworn" monster in your GY; Special Summon it. Once per turn, during your End Phase: Send the top 3 cards of your Deck to the GY.$Supports archetypes /Lightsworn$$Discards for cost/Sends from the top of your Deck to your Graveyard$Ignition/Trigger$
80304126$Magician's Valkyria$Unlimited$LIGHT$[Spellcaster/Effect]$$$$$4$1600$1800$$$$Monsters your opponent controls cannot target face-up Spellcaster-Type monsters for attacks, except this one.$Spellcaster$$$Continuous$
73665146$Silent Magician LV4$Unlimited$LIGHT$[Spellcaster/Effect]$$$$$4$1000$1000$$$$Each time your opponent draws a card(s), place 1 Spell Counter on this card (max. 5). This card gains 500 ATK for each Spell Counter on it. During the Standby Phase of your next turn after the 5th Spell Counter is placed on this card: You can send this face-up card with 5 Spell Counters on it to the Graveyard; Special Summon 1 "Silent Magician LV8" from your hand or Deck.$Silent Magician LV8$$Activates if your opponent draws a card/Sends itself from field to Graveyard for cost$Continuous/Trigger$
63176202$Great Shogun Shien$Unlimited$FIRE$[Warrior/Effect]$$$$$7$2500$2400$$$$If you control 2 or more face-up "Six Samurai" monsters, you can Special Summon this card (from your hand). Your opponent can only activate 1 Spell/Trap Card each turn. If this card would be destroyed, you can destroy a face-up "Six Samurai" monster you control instead.$Supports archetypes /Six Samurai$$Activates from your hand$Summon/Continuous$
66337215$Herald of Creation$Unlimited$LIGHT$[Spellcaster/Effect]$$$$$4$1800$600$$$$Once per turn: You can discard 1 card, then target 1 Level 7 or higher monster in your Graveyard; add that target to your hand.$$$Discards for cost/Adds from Graveyard to hand$Ignition$
48976825$Burial from a Different Dimension$Unlimited$SPELL$$$$$$$$$Quick-Play$$$Target up to 3 banished monsters; return them to the GY.$$$Returns the player's banished cards to the Graveyard/Returns the opponent's banished cards to the Graveyard$Effect$
04906301$Necro Gardna$Unlimited$DARK$[Warrior/Effect]$$$$$3$600$1300$$$$During your opponent's turn: You can banish this card from your Graveyard; negate the next attack this turn from a monster your opponent controls (this is a Quick Effect).$$$Activates from your Graveyard$Quick$
14181608$Mushroom Man$Unlimited$EARTH$[Plant/Normal]$$$$$2$800$600$$$$Found in humid regions, this creature attacks enemies with a lethal rain of poison spores.$$$$$
93016201$Royal Oppression$Forbidden(OCG)$TRAP$$$$$$$$$Continuous$$$Either player can pay 800 Life Points to negate the Special Summon of a monster(s), and/or an effect that Special Summons a monster(s), and destroy those cards.$$$$Quick-like$
16255442$Beckoning Light$Unlimited$TRAP$$$$$$$$$$$$Discard your entire hand, then for each card you discarded to the GY by this effect, add 1 LIGHT monster from your GY to your hand.$LIGHT$$Discards for effect/Adds from Graveyard to hand$Effect$
43237273$Neo-Spacian Dark Panther$Unlimited$DARK$[Beast/Effect]$$$$$3$1000$500$$$$Once per turn: You can target 1 face-up monster your opponent controls; until the End Phase, this card's name becomes that monster's original name, also replace this effect with that monster's original effects (if any).$$$$Ignition$
98719226$Alien Warrior$Unlimited$EARTH$[Reptile/Effect]$$$$$4$1800$1000$$$$When this card is destroyed by battle and sent to the Graveyard, place 2 A-Counters on the monster that destroyed it. (If a monster with an A-Counter battles an "Alien" monster, it loses 300 ATK and DEF for each A-Counter during damage calculation only.)$Supports archetypes /Alien$$Activates from your Graveyard$Trigger/Continuous$
24104865$Alien Mother$Unlimited$DARK$[Reptile/Effect]$$$$$6$2300$1500$$$$If this card destroys a monster with an A-Counter by battle and sends it to the Graveyard, Special Summon the destroyed monster to your side of the field at the end of the Battle Phase. When this card is removed from the field, all monsters that were Special Summoned by this card's effect are destroyed.$$$Activates when it destroys a monster by battle/Activates when it leaves the field$Trigger/Continuous$
72634965$Vanity's Ruler$Unlimited$LIGHT$[Fairy/Effect]$$$$$8$2500$1600$$$$Cannot be Special Summoned. Your opponent cannot Special Summon monsters.$$$$Summon/Continuous$
37011715$Miraculous Rebirth$Unlimited$SPELL$$$$$$$$$Quick-Play$$$Activate only as Chain Link 4 or higher. Select 1 monster from either player's Graveyard and Special Summon it. You cannot activate this card if multiple cards/effects with the same name are in that Chain.$$$$Activation requirement/Effect/Condition$
84491298$Cell Explosion Virus$Unlimited$TRAP$$$$$$$$$$$$Activate only when an opponent's monster with an A-Counter(s) declares an attack. Destroy all Attack Position monsters your opponent controls.$$$Activates upon attack declaration$Activation requirement/Effect$
