Passcode$Name$Status$Attribute$type$link$link_arrows$rank$pendulum_scale$level$attack$defense$spell_attribute$summoning_condition$pendulum_condition$card_text$card_supports$card_anti_supports$card_actions$effect_types$
47363932$Scrap Wyvern$Unlimited$EARTH$[Dragon/Link/Effect]$2$Left/Bottom$$$$1700$- $$2 monsters, including a "Scrap" monster$$You can target 1 "Scrap" monster in your GY; Special Summon it, then destroy 1 card you control. If another face-up "Scrap" monster is destroyed by card effect, while you control this monster (except during the Damage Step): You can Special Summon 1 "Scrap" monster from your Deck, then destroy 1 card on the field. You can only use each effect of "Scrap Wyvern" once per turn.$Supports archetypes /Scrap$$Activates if destroyed by card effect$Ignition/Trigger/Condition$
74752631$Battle Shogun of the Six Samurai$Unlimited$EARTH$[Warrior/Link/Effect]$2$Bottom-Left/Bottom-Right$$$$1000$- $$2 Warrior monsters, including a "Six Samurai" monster$$If this card is Link Summoned: You can discard 1 card; add 1 card from your Deck to your hand that has an effect that places a Bushido Counter(s). You can only use this effect of "Battle Shogun of the Six Samurai" once per turn. Each time a "Six Samurai" monster(s) is Normal or Special Summoned to a zone(s) this card points to, place 1 Bushido Counter on this card. Gains 100 ATK for each Bushido Counter on your field.$Supports archetypes /Six Samurai$$Activates upon Link Summon/Activates upon Normal Summon/Activates upon Special Summon/Adds from Deck to hand/Discards for cost$Trigger/Continuous$
15754711$Dragonmaid Send-Off$Unlimited$SPELL$$$$$$$$$Quick-Play$$$Target 1 "Dragonmaid" monster you control; Special Summon 1 "Dragonmaid" monster with a different name from your hand, in Defense Position, and if you do, return that targeted monster to the hand. The Special Summoned monster cannot be destroyed by battle or card effects until the end of the next turn. You can only activate 1 "Dragonmaid Send-Off" per turn.$Supports archetypes /Dragonmaid$$Returns from your field to your hand$Effect/Condition$
38960450$Armory Call$Unlimited$TRAP$$$$$$$$$$$$Add 1 Equip Spell from your Deck to your hand, then you can equip it to 1 appropriate monster you control. You can only activate 1 "Armory Call" per turn.$Equip Spell Card$$Adds from Deck to hand/Equips from player's hand$Effect/Condition$
