Passcode$Name$Status$Attribute$type$link$link_arrows$rank$pendulum_scale$level$attack$defense$spell_attribute$summoning_condition$pendulum_condition$card_text$card_supports$card_anti_supports$card_actions$effect_types$
77994337$Hallohallo$Unlimited$DARK$[Fiend/Pendulum/Tuner/Normal]$$$$2$3$800$600$$$Once per turn: You can target 1 face-up monster on the field; roll a six-sided die and that monster's Level becomes the same as the result until the end of this turn.$Hallo Hallo, brain of tallow,Guts are gone, noggin's hollow.Seeking sweets and marshing mallows,Watch your back, and your candy sack.$$$$Pendulum Effect /Ignition-like$
92327802$Defect Compiler$Unlimited$LIGHT$[Cyberse/Effect]$$$$$3$1000$1000$$$$Once per turn, if you would take damage from an opponent's card effect, place 1 Defect Counter on this card instead (max. 1). Once per turn (Quick Effect): You can remove 1 Defect Counter from this card, then target 1 Cyberse monster you control; it gains 800 ATK until the end of this turn.$Cyberse$$$Continuous/Quick$
29716911$Capacitor Stalker$Unlimited$LIGHT$[Cyberse/Effect]$$$$$5$2000$1000$$$$When this card is Normal Summoned: You can target 1 other Cyberse monster you control; while this face-up monster is on the field, that monster gains 800 ATK. If this card in the Monster Zone is destroyed by a card effect and sent to the GY: Each player takes 800 damage. You can only use this effect of "Capacitor Stalker" once per turn.$Cyberse$$Activates upon Normal Summon/Activates if destroyed by card effect/Activates from your Graveyard$Trigger/Condition$
65100616$Link Infra-Flier$Unlimited$WIND$[Cyberse/Effect]$$$$$2$0$1800$$$$You can Special Summon this card (from your hand) to your zone a Link Monster points to. You can only Special Summon "Link Infra-Flier" once per turn this way.$Link Monster$$Activates from your hand$Unclassified/Condition$
91505214$Trickstar Narkissus$Unlimited$LIGHT$[Fairy/Effect]$$$$$4$1000$1800$$$$If your opponent takes effect damage (except during the Damage Step): You can Special Summon this card from your hand. You can only use this effect of "Trickstar Narkissus" once per turn. Each time your opponent activates a monster effect in their hand or GY, inflict 200 damage to them immediately after it resolves.$$$Activates from your hand/Activates when it inflicts effect damage$Trigger/Condition/Continuous$
28593329$Dark Angel$Unlimited$DARK$[Fairy/Effect]$$$$$5$0$0$$$$When your Fairy monster is targeted for an attack: You can Tribute it and send this card from your hand to the GY, then target 1 face-up monster you control; change the attack target to your targeted monster, and if you do, it gains ATK equal to the original ATK of the Tributed monster, until the end of this turn.$Fairy$$Activates upon attack declaration/Activates from your hand/Tributes for cost/Sends itself from hand to Graveyard for cost$Trigger$
54088068$Gouki Headbatt$Unlimited$EARTH$[Warrior/Effect]$$$$$2$800$0$$$$If this card is in your hand: You can send 1 other "Gouki" monster from your hand to the GY, then target 1 "Gouki" monster you control; Special Summon this card in Defense Position, and if you do, the targeted monster gains 800 ATK until the end of this turn. If this card is sent from the field to the GY: You can add 1 "Gouki" card from your Deck to your hand, except "Gouki Headbatt". You can only use each effect of "Gouki Headbatt" once per turn.$Supports archetypes /Gouki$$Activates from your hand/Sends from hand to Graveyard for cost/Activates from your Graveyard/Adds from Deck to hand$Ignition/Trigger/Condition$
91482773$Gateway Dragon$Unlimited$DARK$[Dragon/Effect]$$$$$4$1600$1400$$$$If your opponent controls a Link Monster, you can Special Summon this card (from your hand). You can only Special Summon "Gateway Dragon" once per turn this way. Once per turn: You can Special Summon 1 Level 4 or lower DARK Dragon monster from your hand.$DARK/Dragon$Link Monster$$Unclassified/Condition/Ignition$
27877771$Sniffer Dragon$Unlimited$DARK$[Dragon/Effect]$$$$$2$800$400$$$$If this card is Normal or Special Summoned: You can add 1 "Sniffer Dragon" from your Deck to your hand. You can only use this effect of "Sniffer Dragon" once per turn.$$$Activates upon Normal Summon/Activates upon Special Summon/Adds from Deck to hand/Adds copies of itself to hand$Trigger/Condition$
53266486$Anesthrokket Dragon$Unlimited$DARK$[Dragon/Effect]$$$$$1$0$2200$$$$When a Link Monster's effect is activated that targets this face-up card on the field (Quick Effect): You can destroy this card, then make 1 face-up monster on the field unable to attack, also it has its effects negated. During the End Phase, if this card is in the GY because it was destroyed on the field by battle or card effect and sent there this turn: You can Special Summon 1 "Rokket" monster from your Deck, except "Anesthrokket Dragon". You can only use each effect of "Anesthrokket Dragon" once per turn.$Supports archetypes /Rokket$Link Monster$Activates from your Graveyard/Activates if destroyed by battle/Activates if destroyed by card effect$Quick/Trigger/Condition$
80250185$Autorokket Dragon$Unlimited$DARK$[Dragon/Effect]$$$$$3$1600$1000$$$$When a Link Monster's effect is activated that targets this face-up card on the field (Quick Effect): You can destroy this card, then send 1 Spell/Trap on the field to the GY. During the End Phase, if this card is in the GY because it was destroyed on the field by battle or card effect and sent there this turn: You can Special Summon 1 "Rokket" monster from your Deck, except "Autorokket Dragon". You can only use each effect of "Autorokket Dragon" once per turn.$Supports archetypes /Rokket$Link Monster$Sends from field to Graveyard/Activates from your Graveyard/Activates if destroyed by battle/Activates if destroyed by card effect$Quick/Trigger/Condition$
26655293$Magnarokket Dragon$Unlimited$DARK$[Dragon/Effect]$$$$$4$1800$1200$$$$When a Link Monster's effect is activated that targets this face-up card on the field (Quick Effect): You can destroy this card, then send 1 monster on the field to the GY. During the End Phase, if this card is in the GY because it was destroyed on the field by battle or card effect and sent there this turn: You can Special Summon 1 "Rokket" monster from your Deck, except "Magnarokket Dragon". You can only use each effect of "Magnarokket Dragon" once per turn.$Supports archetypes /Rokket$Link Monster$Sends from field to Graveyard/Activates from your Graveyard/Activates if destroyed by battle/Activates if destroyed by card effect$Quick/Trigger/Condition$
53143898$Altergeist Marionetter$Unlimited$LIGHT$[Spellcaster/Effect]$$$$$4$1600$1700$$$$When this card is Normal Summoned: You can Set 1 "Altergeist" Trap directly from your Deck to your Spell & Trap Zone. You can target 1 "Altergeist" card you control and 1 "Altergeist" monster in your GY; send that card on the field to the GY, and if you do, Special Summon that other monster from your GY. You can only use this effect of "Altergeist Marionetter" once per turn.$Supports archetypes /Altergeist$$Activates upon Normal Summon/Sets from your Deck/Sends from your field to your Graveyard$Trigger/Ignition/Condition$
89538537$Altergeist Silquitous$Unlimited$WIND$[Spellcaster/Effect]$$$$$2$800$1500$$$$(Quick Effect): You can return 1 other "Altergeist" card you control to the hand, then target 1 card your opponent controls; return it to the hand. If this card is sent from the field to the GY: You can target 1 "Altergeist" Trap in your GY; add that card to your hand. You can only use each effect of "Altergeist Silquitous" once per turn.$Supports archetypes /Altergeist$$Returns from field to hand for cost/Returns from field to hand/Activates from your Graveyard/Adds from Graveyard to hand$Quick/Trigger/Condition$
25533642$Altergeist Meluseek$Semi-Limited(OCG)$WATER$[Spellcaster/Effect]$$$$$1$500$300$$$$This card can attack directly. When this card inflicts battle damage to your opponent: You can target 1 card your opponent controls; send it to the GY. If this card is sent from the field to the GY: You can add 1 "Altergeist" monster from your Deck to your hand, except "Altergeist Meluseek". You can only use this effect of "Altergeist Meluseek" once per turn.$Supports archetypes /Altergeist$$Activates when it inflicts battle damage/Sends from your opponent's field to your opponent's Graveyard/Activates from your Graveyard/Adds from Deck to hand$Continuous/Trigger/Condition$
52927340$Altergeist Kunquery$Unlimited$EARTH$[Spellcaster/Effect]$$$$$5$0$2400$$$$When an opponent's monster declares an attack, if you control an "Altergeist" card: You can Special Summon this card from your hand, and if you do, negate that attack. If this card is Special Summoned: You can target 1 face-up card your opponent controls; negate the effects of that card while it and this monster are face-up on the field.$Supports archetypes /Altergeist$$Activates from your hand/Activates upon attack declaration/Activates upon Special Summon$Trigger$
88316955$Krawler Spine$Unlimited$EARTH$[Insect/Flip/Effect]$$$$$2$300$2100$$$$FLIP: You can target 1 monster on the field; destroy that monster.If this face-up card in its owner's control leaves the field because of an opponent's card effect: You can Special Summon 2 "Krawler" monsters with different names from your Deck in face-down Defense Position, except "Krawler Spine". You can only use each effect of "Krawler Spine" once per turn.$Supports archetypes /Krawler$$Activates upon being flipped face-up/Activates from your Graveyard$Trigger/Condition$
15710054$Krawler Axon$Unlimited$EARTH$[Insect/Flip/Effect]$$$$$2$500$1800$$$$FLIP: You can target 1 Spell/Trap on the field; destroy it.If this face-up card in its owner's control leaves the field because of an opponent's card effect: You can Special Summon 2 "Krawler" monsters with different names from your Deck in face-down Defense Position, except "Krawler Axon". You can only use each effect of "Krawler Axon" once per turn.$Supports archetypes /Krawler$$Activates from your Graveyard/Activates upon being flipped face-up$Trigger/Condition$
51205763$Krawler Glial$Unlimited$EARTH$[Insect/Flip/Effect]$$$$$2$700$1500$$$$FLIP: You can Special Summon 1 "Krawler" monster from your hand or GY, in face-up Attack Position or face-down Defense Position, except "Krawler Glial".If this face-up card in its owner's control leaves the field because of an opponent's card effect: You can Special Summon 2 "Krawler" monsters with different names from your Deck in face-down Defense Position, except "Krawler Glial". You can only use each effect of "Krawler Glial" once per turn.$Supports archetypes /Krawler$$Activates from your Graveyard/Activates upon being flipped face-up$Flip/Trigger/Condition$
83293307$Krawler Receptor$Unlimited$EARTH$[Insect/Flip/Effect]$$$$$2$900$1200$$$$FLIP: You can add 1 "Krawler" monster from your Deck to your hand.If this face-up card in its owner's control leaves the field because of an opponent's card effect: You can Special Summon 2 "Krawler" monsters with different names from your Deck in face-down Defense Position, except "Krawler Receptor". You can only use each effect of "Krawler Receptor" once per turn.$Supports archetypes /Krawler$$Adds from Deck to hand/Activates upon being flipped face-up$Flip/Trigger/Condition$
10698416$Krawler Ranvier$Unlimited$EARTH$[Insect/Flip/Effect]$$$$$2$1100$900$$$$FLIP: You can target up to 2 "Krawler" monsters in your GY; add them to your hand.If this face-up card in its owner's control leaves the field because of an opponent's card effect: You can Special Summon 2 "Krawler" monsters with different names from your Deck in face-down Defense Position, except "Krawler Ranvier". You can only use each effect of "Krawler Ranvier" once per turn.$Supports archetypes /Krawler$$Adds from Graveyard to hand/Activates from your Graveyard/Activates upon being flipped face-up$Flip/Trigger/Condition$
46083111$Krawler Dendrite$Unlimited$EARTH$[Insect/Flip/Effect]$$$$$2$1300$600$$$$FLIP: You can send 1 monster from your Deck to the GY.If this face-up card in its owner's control leaves the field because of an opponent's card effect: You can Special Summon 2 "Krawler" monsters with different names from your Deck in face-down Defense Position, except "Krawler Dendrite". You can only use each effect of "Krawler Dendrite" once per turn.$Supports archetypes /Krawler$$Sends from your Deck to your Graveyard/Activates from your Graveyard/Activates upon being flipped face-up$Flip/Trigger/Condition$
83477829$World Legacy - "World Armor"$Unlimited$DARK$[Machine/Effect]$$$$$7$2500$2500$$$$When a monster is Flip Summoned: You can Special Summon this card from your hand. If this card is Normal or Special Summoned: You can add 1 "World Legacy" card from your Deck to your hand. If this Normal Summoned/Set card is on the field (Quick Effect): You can target 1 face-up opponent's monster that was Special Summoned from the Extra Deck; return both that monster and this card to the hand. You can only use each effect of "World Legacy - "World Armor"" once per turn.$Supports archetypes /World Legacy$$Activates upon Flip Summon/Activates upon Normal Summon/Activates upon Special Summon/Adds from Deck to hand/Returns from your opponent's field to your opponent's hand/Returns itself from field to hand$Trigger/Quick/Condition$
19476824$Metaphys Ragnarok$Unlimited$LIGHT$[Wyrm/Tuner/Effect]$$$$$4$1500$1000$$$$If this card is Normal or Special Summoned: You can banish the top 3 cards of your Deck, and if you do, this card gains 300 ATK for each "Metaphys" card banished by this effect. When this card inflicts battle damage to your opponent: You can Special Summon 1 Level 5 or higher "Metaphys" monster from your Deck, but banish it during the End Phase of the next turn. You can only use each effect of "Metaphys Ragnarok" once per turn.$Supports archetypes /Metaphys$$Activates upon Normal Summon/Activates upon Special Summon/Activates when it inflicts battle damage$Trigger/Condition$
45960523$Metaphys Daedalus$Unlimited$LIGHT$[Wyrm/Effect]$$$$$7$2600$1500$$$$If this card is Special Summoned by the effect of a "Metaphys" monster: You can banish all other face-up Special Summoned monsters on the field. If this card is banished, during the Standby Phase of the next turn: You can shuffle this banished card into the Deck; banish 1 "Metaphys" card from your Deck, except "Metaphys Daedalus".$Supports archetypes /Metaphys$$Activates upon Special Summon/Activates while banished/Returns itself from Banished Zone to Deck$Trigger/Condition$
72355272$Metaphys Nephthys$Unlimited$LIGHT$[Wyrm/Effect]$$$$$8$2400$1600$$$$If this card is Special Summoned by the effect of a "Metaphys" monster: You can banish all Set Spells and Traps on the field. If this card is banished, during the Standby Phase of the next turn: You can shuffle this banished card into the Deck; add 1 "Metaphys" card from your Deck to your hand, except "Metaphys Nephthys".$Supports archetypes /Metaphys$$Activates upon Special Summon/Activates while banished/Returns itself from Banished Zone to Deck/Adds from Deck to hand$Trigger$
18743376$Metaphys Tyrant Dragon$Unlimited$LIGHT$[Wyrm/Effect]$$$$$8$2900$2500$$$$If this card was Special Summoned by the effect of a "Metaphys" monster, it is unaffected by Trap effects, also if it attacks a monster, it can make a second attack in a row. If this card is banished, during the Standby Phase of the next turn: You can shuffle this banished card into the Deck; Special Summon 1 "Metaphys" monster from your hand, but banish it during the End Phase of the next turn.$Supports archetypes /Metaphys$$Activates upon Special Summon/Activates while banished/Returns itself from Banished Zone to Deck$Continuous/Trigger$
45148985$Metaphys Executor$Unlimited$LIGHT$[Wyrm/Effect]$$$$$10$3000$2500$$$$Cannot be Normal Summoned/Set. Must be Special Summoned (from your hand) by banishing 5 "Metaphys" cards with different names from your GY and/or face-up from your field. Cannot be destroyed, or banished, by card effects. Once per turn, if your opponent controls more cards than you do: You can target 1 of your banished "Metaphys" monsters; Special Summon it, but banish it during the End Phase of the next turn.$Metaphys$$$Summon/Continuous/Ignition$
71133680$Mermail Abyssnerei$Unlimited$WATER$[Aqua/Effect]$$$$$3$1200$2000$$$$(Quick Effect): You can discard this card, then target 1 WATER monster you control; destroy 1 other WATER monster in your hand or field, and if you do, the targeted monster gains ATK/DEF equal to the destroyed monster's original ATK/DEF, until the end of this turn. If this card is sent from the field to the GY: You can draw 1 card, then discard 1 card. You can only use each effect of "Mermail Abyssnerei" once per turn.$WATER$$Activates from your hand/Discards itself for cost/Activates from your Graveyard/You draw cards/Discards for effect$Quick/Trigger/Condition$
18621798$Fire King Avatar Arvata$Unlimited$FIRE$[Beast-Warrior/Effect]$$$$$4$1800$200$$$$When a monster effect is activated while this monster is on the field (Quick Effect): You can negate the activation, and if you do, destroy 1 other FIRE monster in your hand or field. If this card is destroyed and sent to the GY: You can target 1 FIRE Beast, Beast-Warrior, or Winged Beast monster in your GY, except "Fire King Avatar Arvata"; Special Summon it, but it has its effects negated, also it is destroyed during the End Phase. You can only use each effect of "Fire King Avatar Arvata" once per turn.$FIRE/Beast/Beast-Warrior/Winged Beast$$Activates from your Graveyard/Activates if destroyed by battle/Activates if destroyed by card effect$Quick/Trigger/Condition$
44026393$Mecha Phantom Beast Raiten$Unlimited$WIND$[Machine/Effect]$$$$$4$1500$1500$$$$You can discard 1 card; Special Summon 1 "Mecha Phantom Beast Token" (Machine/WIND/Level 3/ATK 0/DEF 0), also you can only use "Mecha Phantom Beast" monsters as Fusion, Synchro, Xyz, or Link Material for a Summon, for the rest of this turn. This card's Level is increased by the total Levels of all "Mecha Phantom Beast Tokens" you control. While you control a Token, this card cannot be destroyed by battle or card effects.$Supports archetypes /Mecha Phantom Beast$$Discards for cost$Ignition/Continuous$
70410002$The Accumulator$Unlimited$LIGHT$[Thunder/Effect]$$$$$1$0$0$$$$Gains ATK equal to the combined Link Ratings of all Link Monsters on the field x 300.$Link Monster$Link Monster$$Continuous$
07805147$Soldier Dragons$Unlimited$EARTH$[Dragon/Effect]$$$$$2$700$800$$$$Once per turn, when your opponent activates a card or effect (Quick Effect): You can Special Summon 1 Level 2 or lower Dragon monster from your Deck.$Dragon$$$Quick$
43803845$Duck Dummy$Unlimited$WATER$[Winged Beast/Gemini/Effect]$$$$$1$0$0$$$$This card is treated as a Normal Monster while face-up on the field or in the GY. While this card is a Normal Monster on the field, you can Normal Summon it to have it become an Effect Monster with these effects.●Cannot be destroyed by card effects. Neither player can target this card with card effects.●The attacks from your opponent's monsters become direct attacks.$$$$Unclassified/Condition/Continuous$
70298454$Leng Ling$Unlimited$DARK$[Dragon/Union/Effect]$$$$$3$1500$0$$$$Once per turn, you can either: Target 1 face-up monster you control; equip this card to that target, OR: Unequip this card and Special Summon it. The original ATK of a monster equipped with this card becomes 1000, it can make a second attack during each Battle Phase, also if the equipped monster would be destroyed by battle or card effect, destroy this card instead.$$$Equips self from field$Ignition/Ignition-like/Continuous-like$
06783559$Self-Destruct Ant$Unlimited$EARTH$[Insect/Flip/Effect]$$$$$3$1500$1000$$$$FLIP: Each player takes 1000 damage.If this card is destroyed by battle or card effect and sent to the GY: Inflict 1000 damage to your opponent. You can only use each effect of "Self-Destruct Ant" once per turn.$$$Activates from your Graveyard$Flip/Trigger/Condition$
32181268$Amano-Iwato$Unlimited$EARTH$[Rock/Spirit/Effect]$$$$$4$1900$1200$$$$Cannot be Special Summoned. Monsters cannot activate their effects, except Spirit monsters. Once per turn, during the End Phase, if this card was Normal Summoned or flipped face-up this turn: Return this card to the hand.$Spirit monster$$Returns itself from field to hand$Summon/Continuous/Trigger$
79176962$Fantastic Striborg$Unlimited$WIND$[Machine/Effect]$$$$$5$2200$2200$$$$Monsters Tributed for the face-up Tribute Summon of this card are returned to the hand instead of going to the GY. Once per turn: You can discard 1 card; return all cards your opponent controls in this card's column to the hand.$$$Returns from your field to your hand/Returns to the hand cards that would be sent to the Graveyard/Discards for cost/Returns from your opponent's field to your opponent's hand$Condition/Ignition$
05560911$Destrudo the Lost Dragon's Frisson$Unlimited(OCG)$DARK$[Dragon/Tuner/Effect]$$$$$7$1000$3000$$$$If this card is in your hand or GY: You can pay half your LP, then target 1 Level 6 or lower monster you control; Special Summon this card, and if you do, this card's Level is reduced by the Level of the targeted monster, also place this card on the bottom of the Deck if it leaves the field. You can only use this effect of "Destrudo the Lost Dragon's Frisson" once per turn.$$$Activates from your hand/Activates from your Graveyard/Returns itself to the Deck when it leaves the field$Ignition/Condition$
32965616$Elemental Grace Doriado$Unlimited$LIGHT$[Spellcaster/Effect]$$$$$9$0$0$$$$Cannot be Normal Summoned/Set. Must be Special Summoned (from your hand) by having 6 or more monsters with different Attributes in the GYs. Gains ATK/DEF equal to the number of different Attributes in the GYs x 500. When your opponent would Special Summon a monster(s) (Quick Effect): You can banish 3 monsters from your GY; negate the Summon, and if you do, destroy that monster(s).$$$$Summon/Continuous/Quick$
68353324$Nimble Beaver$Unlimited$WATER$[Beast/Effect]$$$$$2$400$100$$$$When this card is Normal Summoned: You can Special Summon 1 Level 3 or lower "Nimble" monster from your Deck or GY.$Nimble$$Activates upon Normal Summon$Trigger$
04848423$Muscle Medic$Unlimited$WATER$[Warrior/Effect]$$$$$4$2200$100$$$$If a player would take damage from a battle involving this card, they gain that much LP, instead.$$$$Continuous$
31833038$Borreload Dragon$Unlimited$DARK$[Dragon/Link/Effect]$4$Left/Bottom-Left/Bottom-Right/Right$$$$3000$- $$3+ Effect Monsters$$Neither player can target this card with monster effects. Once per turn (Quick Effect): You can target 1 face-up monster on the field; it loses 500 ATK/DEF. Your opponent cannot activate cards or effects in response to this effect's activation. At the start of the Damage Step, if this card attacks an opponent's monster: You can place that opponent's monster in a zone this card points to and take control of it, but send it to the GY during the End Phase of the next turn.$Effect Monster$$Changes control/Sends from your field to your Graveyard$Continuous/Quick/Condition/Trigger$
67231737$Link Bumper$Unlimited$EARTH$[Cyberse/Link/Effect]$2$Left/Top$$$$1400$- $$2 Cyberse monsters$$Once per turn, at the end of the Damage Step, if your monster this card points to attacked an opponent's Link Monster: You can activate this effect; the monster that attacked gains 1 additional attack on an opponent's Link Monster during this Battle Phase for each Link Monster you currently control, except this card. Your monsters (except that monster) cannot attack the turn you activate this effect.$Cyberse/Link Monster$Link Monster$$Trigger/Condition$
94626871$Trickstar Black Catbat$Unlimited$LIGHT$[Fairy/Link/Effect]$2$Left/Right$$$$2000$- $$2 "Trickstar" monsters$$Each time a monster(s) this card points to is destroyed by battle or card effect and sent to the GY, inflict 200 damage to your opponent. Each time your opponent takes damage by a "Trickstar" monster's effect: Face-up monsters they control lose 200 ATK for each monster this card points to, until the end of this turn.$Supports archetypes /Trickstar$$Activates if destroyed by battle/Activates if destroyed by card effect/Activates when it inflicts effect damage$Continuous/Trigger$
30010480$Gouki Thunder Ogre$Unlimited$EARTH$[Warrior/Link/Effect]$3$Bottom-Left/Top/Bottom-Right$$$$2200$- $$2+ "Gouki" monsters$$If a monster(s) this card points to is destroyed by battle or card effect: You can make this card gain 400 ATK. The turn player applies the following effect while this monster is on the field.●During their Main Phase, they can Normal Summon 1 monster from their hand to their zone this card points to, in addition to their Normal Summon/Set. (They can only gain this effect once per turn.)$Supports archetypes /Gouki$$Activates if destroyed by battle/Activates if destroyed by card effect$Trigger/Continuous$
66015185$Twin Triangle Dragon$Unlimited$DARK$[Dragon/Link/Effect]$2$Bottom/Right$$$$1200$- $$2 Level 4 or lower Dragon monsters, except Tokens$$When this card is Link Summoned: You can pay 500 LP, then target 1 Level 5 or higher monster in your GY; Special Summon it to your zone this card points to, but it cannot attack this turn, also it has its effects negated.$Dragon$$Activates upon Link Summon$Trigger$
93503294$Altergeist Primebanshee$Unlimited$DARK$[Spellcaster/Link/Effect]$3$Bottom/Bottom-Right/Right$$$$2100$- $$2+ "Altergeist" monsters$$During the Main Phase (Quick Effect): You can Tribute 1 other "Altergeist" monster; Special Summon 1 "Altergeist" monster from your Deck to your zone this card points to. If this card is sent from the field to the GY: You can target 1 "Altergeist" card in your GY; add it to your hand. You can only use each effect of "Altergeist Primebanshee" once per turn.$Supports archetypes /Altergeist$$Tributes for cost/Activates from your Graveyard/Adds from Graveyard to hand$Quick/Trigger/Condition$
39998992$X-Krawler Synaphysis$Unlimited$EARTH$[Insect/Link/Effect]$2$Left/Right$$$$1800$- $$2 EARTH monsters$$"Krawler" monsters this card points to cannot be destroyed by battle, gain 300 ATK/DEF, and can make up to 2 attacks on monsters during each Battle Phase. If this face-up card is destroyed by battle, or leaves the field because of an opponent's card effect while its owner controls it: You can target 2 "Krawler" monsters with different names in your GY; Special Summon them in face-down Defense Position.$Supports archetypes /Krawler$$Activates if destroyed by battle/Activates when it leaves the field$Continuous/Trigger$
66393507$X-Krawler Neurogos$Unlimited$EARTH$[Insect/Link/Effect]$2$Left/Right$$$$1900$- $$2 Insect monsters$$"Krawler" monsters this card points to cannot be destroyed by battle, gain 300 ATK/DEF, and if they battle your opponent's monster, any battle damage they inflict to your opponent is doubled. If this face-up card is destroyed by battle, or leaves the field because of an opponent's card effect while its owner controls it: You can target 2 "Krawler" monsters with different names in your GY; Special Summon them in face-down Defense Position.$Supports archetypes /Krawler$$Activates if destroyed by battle/Activates when it leaves the field$Continuous/Trigger$
92781606$X-Krawler Qualiark$Unlimited$EARTH$[Insect/Link/Effect]$2$Bottom-Left/Bottom-Right$$$$2000$- $$2 "Krawler" monsters$$If this face-up card is destroyed by battle, or leaves the field because of an opponent's card effect while its owner controls it: You can target 2 "Krawler" monsters with different names in your GY; Special Summon them in face-down Defense Position. Apply these effects based on the number of "Krawler" monsters you control.●2+: All monsters you control gain 300 ATK/DEF.●4+: Your opponent's cards and effects cannot be activated during the Battle Phase.●6+: Your monsters can attack directly.$Supports archetypes /Krawler$$Activates if destroyed by battle/Activates when it leaves the field$Trigger/Condition/Continuous$
28776350$Akashic Magician$Unlimited$DARK$[Spellcaster/Link/Effect]$2$Top/Bottom$$$$1700$- $$2 monsters with the same Type, except Tokens$$You can only Link Summon "Akashic Magician(s)" once per turn. If this card is Link Summoned: Return all monsters this card points to to the hand. Once per turn: You can declare 1 card name; excavate cards from the top of your Deck, equal to the total Link Rating of the Link Monsters co-linked to this card, then if you excavated any copies of the declared card, add them to your hand, also send the remaining cards to the GY.$Link Monster$$Activates upon Link Summon/Returns from field to hand/Declares a card name/Excavates from the player's Deck/Adds excavated cards to the hand/Adds from Deck to hand/Sends excavated cards to the Graveyard/Sends from the top of your Deck to your Graveyard$Condition/Trigger/Ignition$
65170459$Mistar Boy$Unlimited$WATER$[Aqua/Link/Effect]$2$Bottom-Left/Bottom-Right$$$$1400$- $$2 WATER monsters$$All WATER monsters on the field gain 500 ATK and DEF, also all FIRE monsters on the field lose 400 ATK and DEF. If this card is destroyed by battle or card effect: You can target 1 WATER monster in your GY; add it to your hand. You can only use this effect of "Mistar Boy" once per turn.$WATER$FIRE$Activates if destroyed by battle/Activates if destroyed by card effect/Adds from Graveyard to hand$Continuous/Trigger/Condition$
91665064$Security Block$Unlimited$SPELL$$$$$$$$$Quick-Play$$$Target 1 Cyberse monster on the field; this turn, neither player takes battle damage, also that monster cannot be destroyed by battle.$Cyberse$$$Effect$
28053763$Dragonoid Generator$Unlimited$SPELL$$$$$$$$$Continuous$$$Activate this card by paying 1000 LP. During your Main Phase: You can Special Summon 1 "Dragonoid Token" (Machine/EARTH/Level 1/ATK 300/DEF 300) in Attack Position, you cannot Special Summon monsters from the Extra Deck for the rest of this turn, also during the End Phase your opponent Special Summons 1 "Dragonoid Token" to their field in Attack Position (even if this card leaves the field). You can use this effect of "Dragonoid Generator" up to twice per turn.$$$$Cost/Ignition-like/Condition$
54458867$Squib Draw$Unlimited$SPELL$$$$$$$$$Quick-Play$$$Target 1 "Rokket" monster you control; destroy it, and if you do, draw 2 cards. You can only activate 1 "Squib Draw" per turn.$Supports archetypes /Rokket$$You draw cards$Effect/Condition$
31443476$Quick Launch$Unlimited$SPELL$$$$$$$$$Quick-Play$$$Special Summon 1 "Rokket" monster from your Deck, but it cannot attack, also destroy it during the End Phase.$Supports archetypes /Rokket$$$Effect$
67831115$World Legacy in Shadow$Unlimited$SPELL$$$$$$$$$Field$$$All "Krawler" monsters on the field gain 300 ATK/DEF. Once per turn: You can Special Summon 1 Level 2 or lower Insect monster from your hand in face-up or face-down Defense Position. When your Flip monster is destroyed by battle with an opponent's monster: You can send that opponent's monster to the GY.$Supports archetypes /Krawler$$Sends from your opponent's field to your opponent's Graveyard/Activates if destroyed by battle$Continuous-like/Ignition-like/Trigger-like$
93236220$World Legacy Clash$Unlimited$SPELL$$$$$$$$$Quick-Play$$$Banish 1 face-up monster you control (until the End Phase), then target 1 face-up monster your opponent controls; that target loses ATK/DEF equal to the original ATK/DEF of that banished monster.$$$Returns banished cards to the field$Cost/Effect$
20720928$Metaphys Factor$Unlimited$SPELL$$$$$$$$$Field$$$Each turn, 1 Level 5 or higher "Metaphys" monster you Normal Summon can be Summoned without Tributing, but banish it during the End Phase of the next turn. Your opponent cannot activate cards or effects in response to your "Metaphys" monsters' effect activations.$Supports archetypes /Metaphys$$Prevents responding to its activation$Continuous-like$
66719533$Asymmetaphys$Unlimited$SPELL$$$$$$$$$Continuous$$$Once per turn: You can banish 1 "Metaphys" card from your hand, and if you do, draw 1 card. Once per turn, if your "Metaphys" card in its owner's possession is banished: Apply this effect depending on whose turn it is.●Your turn: All monsters on the field lose 500 ATK/DEF, except "Metaphys" monsters.●Opponent's turn: Change the battle positions of all monsters on the field, except "Metaphys" monsters.$Supports archetypes /Metaphys$$You draw cards/Changes battle positions$Ignition-like/Trigger-like$
93104632$One-Time Passcode$Unlimited$SPELL$$$$$$$$$$$$Special Summon 1 "Security Token" (Cyberse/LIGHT/Level 4/ATK 2000/DEF 2000) in Defense Position. You can only activate 1 "One-Time Passcode" per turn.$$$$Effect/Condition$
29508346$Arrivalrivals$Unlimited$SPELL$$$$$$$$$Quick-Play$$$During the Battle Phase: Immediately after this effect resolves, Normal Summon 1 monster. You can only activate 1 "Arrivalrivals" per turn.$$$$Activation requirement/Effect/Condition$
65993085$Overdone Burial$Unlimited$SPELL$$$$$$$$$Equip$$$Activate this card by discarding 1 monster, then target 1 monster in your GY whose Level is lower than the discarded monster's original Level; Special Summon it and equip it with this card. The equipped monster has its effects negated. You can only activate 1 "Overdone Burial" per turn.$$$Discards for cost/Equips self from field/Equips to Summoned monster$Cost/Effect/Continuous-like/Condition$
92481084$Temple of the Mind's Eye$Unlimited$SPELL$$$$$$$$$Field$$$Any battle damage a player takes becomes 1000.$$$$Continuous-like$
28486799$Backup Squad$Unlimited$SPELL$$$$$$$$$Continuous$$$Each time you take 1000 or more damage by your opponent's card effect or their monster's attack: Draw 1 card for every 1000 damage you took.$$$Activates if you take battle damage/Activates if you take effect damage/You draw cards$Trigger-like$
55870497$Burning Bamboo Sword$Unlimited$SPELL$$$$$$$$$Continuous$$$If you activate a "Bamboo Sword" card while this card is already face-up in your Spell & Trap Zone: You can skip your opponent's next Main Phase 1.$Supports archetypes /Bamboo Sword$$Skips Main Phase 1$Trigger-like$
91269402$Cyberse Beacon$Unlimited$TRAP$$$$$$$$$$$$If you took damage by battle or an opponent's card effect this turn: Add 1 Level 4 or lower Cyberse monster from your Deck to your hand. You can only activate 1 "Cyberse Beacon" per turn.$Cyberse$$Adds from Deck to hand$Activation requirement/Effect/Condition$
27664101$Link Restart$Unlimited$TRAP$$$$$$$$$Counter$$$When a Spell/Trap Card, or monster effect, is activated that would inflict damage to you: Negate the activation, and if you do, Special Summon 1 Link Monster from your GY.$Link Monster$$$Activation requirement/Effect$
54658815$Remote Rebirth$Unlimited$TRAP$$$$$$$$$$$$Target 1 monster in your opponent's GY; Special Summon it in an opponent's Main Monster Zone your Link Monster points to.$Link Monster$$$Effect$
80143954$Altergeist Camouflage$Unlimited$TRAP$$$$$$$$$$$$Target 1 "Altergeist" monster you control; equip this card to it. Your opponent cannot target it for attacks, but it does not prevent your opponent from attacking you directly. Negate an opponent's monster effect that activates by targeting the equipped monster. If an "Altergeist" card(s) you control would be destroyed by battle or card effect, you can banish this card from your GY instead.$Supports archetypes /Altergeist$$Equips self from field/Activates from your Graveyard$Effect/Continuous-like/Unclassified$
27541563$Altergeist Protocol$Unlimited$TRAP$$$$$$$$$Continuous$$$The activation and effects of "Altergeist" cards activated on your field cannot be negated. When your opponent activates a monster effect: You can send 1 other face-up "Altergeist" card you control to the GY; negate the activation, and if you do, destroy it. You can only use this effect of "Altergeist Protocol" once per turn.$Supports archetypes /Altergeist$$Prevents the negation of activations/Prevents the negation of card effects/Sends from your field to your Graveyard for cost$Continuous-like/Quick-like/Condition$
53936268$Personal Spoofing$Unlimited$TRAP$$$$$$$$$Continuous$$$Once per turn: You can shuffle 1 "Altergeist" card from your hand or face-up from your field into the Main Deck; add 1 "Altergeist" monster from your Deck to your hand.$Supports archetypes /Altergeist$$Returns from hand to Deck for cost/Returns from field to Deck for cost/Adds from Deck to hand$Quick-like$
89320376$World Legacy Pawns$Unlimited$TRAP$$$$$$$$$Continuous$$$You can target 1 face-down monster you control; change it to face-up Attack or Defense Position. You can shuffle 1 "Krawler" monster from your GY into the Main Deck, then target 1 face-up monster you control; change it to face-down Defense Position. You can only use 1 "World Legacy Pawns" effect per turn, and only once that turn.$Supports archetypes /Krawler$$Changes battle positions/Flips monsters face-up/Returns from your Graveyard to your Deck/Flips monsters face-down$Quick-like/Condition$
16329071$World Legacy Trap Globe$Unlimited$TRAP$$$$$$$$$$$$Shuffle into the Deck, 5 of your "World Legacy" cards with different names that are banished, in your hand or GY, and/or face-up on your field, except "World Legacy Trap Globe", then draw 2 cards. You can only activate 1 "World Legacy Trap Globe" per turn.$Supports archetypes /World Legacy$$Returns the player's banished cards to the Deck by effect/Returns from your hand to your Deck/Returns from your Graveyard to your Deck/Returns from your field to your Deck/You draw cards$Effect/Condition$
52714670$Metaphys Dimension$Unlimited$TRAP$$$$$$$$$Continuous$$$If your opponent Special Summons a monster (except during the Damage Step): You can target 1 of your banished "Metaphys" monsters; Special Summon it, but banish it during the End Phase of the next turn. If your other "Metaphys" card in its owner's possession is banished while this card is already face-up in your Spell & Trap Zone: You can target 1 card your opponent controls; banish it. You can only use each effect of "Metaphys Dimension" once per turn.$Supports archetypes /Metaphys$$Activates upon Special Summon$Trigger-like/Condition$
89208725$Metaverse$Unlimited(OCG)$TRAP$$$$$$$$$$$$Take 1 Field Spell from your Deck, and either activate it or add it to your hand.$Field Spell Card$$Activates cards from your Deck/Adds from Deck to hand$Effect$
15693423$Evenly Matched$Unlimited$TRAP$$$$$$$$$$$$At the end of the Battle Phase, if your opponent controls more cards than you do: You can make your opponent banish cards from their field face-down so they control the same number of cards as you do. If you control no cards, you can activate this card from your hand.$$$$Activation requirement/Effect/Condition$
51091138$Fuse Line$Unlimited$TRAP$$$$$$$$$$$$While this card is Set: Target 1 card on the field in this card's column; destroy it.$$$Must be Set before activation$Activation requirement/Effect$
88086137$Broken Line$Unlimited$TRAP$$$$$$$$$Counter$$$When a Spell/Trap Card, or monster effect, is activated in this card's column, while this card is Set: Negate the activation, and if you do, destroy that card.$$$Must be Set before activation$Activation requirement/Effect$
14470845$Ojama Duo$Unlimited$TRAP$$$$$$$$$$$$Special Summon 2 "Ojama Tokens" (Beast/LIGHT/Level 2/ATK 0/DEF 1000) to your opponent's field in Defense Position. These Tokens cannot be Tributed for a Tribute Summon, and each time 1 is destroyed, its controller takes 300 damage. During either player's turn, except the turn this card was sent to the GY: You can banish this card from your GY; Special Summon 2 "Ojama" monsters with different names from your Deck.$Ojama$$Activates from your Graveyard$Effect/Lingering/Quick-like$
40509732$Samurai Destroyer$Unlimited$EARTH$[Machine/Synchro/Effect]$$$$$7$2600$1400$$1 Tuner + 1+ non-Tuner monsters$$If this card battles an opponent's monster, your opponent cannot activate cards or effects until the end of the Damage Step, also that opponent's monster has its effects negated during the Battle Phase only. If this face-up card in its owner's control leaves the field because of an opponent's card effect: You can target 1 Machine monster in your GY; Special Summon it.$Machine$$Activates from your Graveyard$Continuous/Trigger$
13482075$Vendread Chimera$Unlimited$DARK$[Zombie/Ritual/Effect]$$$$$5$2300$0$$$$You can Ritual Summon this card with any "Vendread" Ritual Spell. When a card or effect is activated that would destroy a card on the field (Quick Effect): You can banish 1 Zombie monster from your GY; negate the activation, and if you do, destroy that card. If this card is Tributed, or banished, for a Ritual Summon: All monsters your opponent controls lose 500 ATK/DEF. You can only use each effect of "Vendread Chimera" once per turn.$Supports archetypes /Vendread$$Activates from your Graveyard/Activates while banished$Summon/Quick/Trigger/Condition$
49477180$Vendread Striges$Unlimited$DARK$[Zombie/Effect]$$$$$2$500$2000$$$$If this card is sent to the GY: You can reveal 1 "Vendread" card in your hand; Special Summon this card, but banish it when it leaves the field. A "Vendread" monster Ritual Summoned using this card on the field gains the following effect. You can only use each of the preceding effects of "Vendread Striges" once per turn.●After damage calculation, if this card battled an opponent's monster: You can draw 1 card, then discard 1 card.$Supports archetypes /Vendread$$Activates from your Graveyard/Reveals your hand for cost/Grants effect when used for a Ritual Summon/You draw cards/Discards for effect$Trigger/Unclassified/Condition$
76871889$Vendread Nights$Unlimited$SPELL$$$$$$$$$Field$$$You can discard 1 card; add 1 "Vendread" monster from your Deck to your hand. You can only use this effect of "Vendread Nights" once per turn. When your "Vendread" monster destroys an opponent's monster by battle: You can banish 1 "Vendread" monster from your GY; it can attack an opponent's monster again in a row.$Supports archetypes /Vendread$$Discards for cost/Adds from Deck to hand/Activates when it destroys a monster by battle$Ignition-like/Condition/Trigger-like$
02266498$Vendread Reunion$Unlimited$TRAP$$$$$$$$$$$$Reveal 1 "Vendread" Ritual Monster in your hand, Special Summon any number of your banished "Vendread" monsters with different names, in face-down Defense Position, whose total Levels exactly equal the Level of the revealed Ritual Monster, Tribute all those face-down Defense Position monsters, then Ritual Summon that Ritual Monster from your hand. You must be able to Ritual Summon to activate and to resolve this effect.$Supports archetypes /Vendread$$Reveals your hand for effect/Tributes as an effect$Effect/Condition$
49655592$F.A. Whip Crosser$Unlimited$WIND$[Machine/Effect]$$$$$4$0$1000$$$$Gains ATK equal to its Level x 300. Your opponent must pay 300 LP to activate the effect of a monster whose original Level/Rank is lower than this card's Level. Each time a "F.A." Spell/Trap Card or effect is activated: You can increase this card's Level by 1. If this card is Level 7 or higher, your opponent cannot discard or send cards from their hand to the GY to activate a card effect.$Supports archetypes /F.A.$$Must pay cost to activate cards or effects/Prevents cards from being discarded$Continuous/Trigger$
75059201$F.A. Turbo Charger$Unlimited$WIND$[Machine/Effect]$$$$$6$0$1500$$$$Gains ATK equal to its Level x 300. Your opponent's monsters whose original Level/Rank is lower than this card's Level cannot target monsters for attacks, except this one. Your opponent cannot target monsters, except this one, with the effects of monsters whose original Level/Rank is lower than this card's Level. Each time a "F.A." Spell/Trap Card or effect is activated: You can increase this card's Level by 1. If your "F.A." monster battles while you control this Level 7 or higher card, your opponent's monsters cannot activate their effects until the end of the Damage Step.$Supports archetypes /F.A.$$$Continuous/Trigger$
02144946$F.A. Off-Road Grand Prix$Unlimited$SPELL$$$$$$$$$Field$$$Increase the Levels of all "F.A." monsters on the field by 2 during the Main Phase only. You can only use each of the following effects of "F.A. Off-Road Grand Prix" once per turn.●When a "F.A." monster you control is destroyed by battle: You can discard 1 random card from your opponent's hand.●If this face-up card on the field is destroyed by a card effect: You can add 1 "F.A." card from your Deck to your hand, except "F.A. Off-Road Grand Prix".$Supports archetypes /F.A.$$Activates if destroyed by battle/Your opponent discards/Activates if destroyed by card effect/Adds from Deck to hand$Continuous-like/Condition/Trigger-like$
38532954$F.A. Pit Stop$Unlimited$SPELL$$$$$$$$$Quick-Play$$$Target 1 "F.A." monster you control; reduce its Level by 2, and if you do, draw cards equal to the number of "F.A. Pit Stop" in your GY +1. During your Main Phase, except the turn this card was sent to the GY: You can banish this card from your GY, then target 1 "F.A." monster in your GY; Special Summon it. You can only use each effect of "F.A. Pit Stop" once per turn.$Supports archetypes /F.A.$$You draw cards/Activates from your Graveyard$Effect/Ignition-like/Condition$
94919024$Lunalight Crimson Fox$Unlimited$DARK$[Beast-Warrior/Effect]$$$$$4$1800$600$$$$If this card is sent to the GY by a card effect: You can target 1 face-up monster your opponent controls; change its ATK to 0 until the end of this turn. When a card or effect is activated that targets a "Lunalight" monster(s) you control (Quick Effect): You can banish this card from your GY; negate the activation, and if you do, each player gains 1000 LP.$Supports archetypes /Lunalight$$Activates from your Graveyard$Trigger/Quick$
35618217$Lunalight Kaleido Chick$Unlimited$DARK$[Beast-Warrior/Effect]$$$$$4$1400$800$$$$Once per turn: You can send 1 "Lunalight" monster from your Deck or Extra Deck to the GY; the name of this face-up card on the field can be treated as the sent monster's, if used as Fusion Material this turn. If this card is sent to the GY by a card effect: You can target 1 "Polymerization" in your GY; add it to your hand. You can only use this effect of "Lunalight Kaleido Chick" once per turn. If this card is banished: You can activate this effect; this turn, your opponent's cards and effects cannot be activated during the Battle Phase.$Supports archetypes /Lunalight$$Sends from Deck to Graveyard for cost/Sends from Extra Deck to Graveyard/Activates from your Graveyard/Adds from Deck to hand/Activates while banished$Ignition/Trigger/Condition$
08491961$Lyrilusc - Recital Starling$Unlimited(OCG)$WIND$[Winged Beast/Xyz/Effect]$$$1$$$0$0$$2+ Level 1 monsters$$If this card is Xyz Summoned: You can target 1 face-up monster on the field; it gains 300 ATK/DEF for each material attached to this card. Once per turn: You can detach 1 material from this card; add 1 Level 1 Winged Beast monster from your Deck to your hand. All battle damage you take from battles involving this Xyz Summoned card is also inflicted to your opponent.$Winged Beast$$Activates upon Xyz Summon/Adds from Deck to hand$Trigger/Ignition/Continuous$
31102447$Amazoness Spy$Unlimited$EARTH$[Warrior/Effect]$$$$$3$800$1200$$$$You can reveal 1 other "Amazoness" monster in your hand; Special Summon this card from your hand. You can only use this effect of "Amazoness Spy" once per turn. When this card is destroyed by battle and sent to the GY: You can target 1 "Amazoness" monster in your GY, except "Amazoness Spy"; return it to the hand, or shuffle it into the Deck.$Supports archetypes /Amazoness$$Activates from your hand/Reveals your hand for cost/Activates if destroyed by battle/Activates from your Graveyard/Adds from Graveyard to hand/Returns from Graveyard to Deck$Ignition/Condition/Trigger$
68507541$Amazoness Pet Liger$Unlimited$EARTH$[Beast/Fusion/Effect]$$$$$7$2500$2400$$"Amazoness Tiger" + 1 "Amazoness" monster$$Once per battle, if this card attacks, during damage calculation: You can make this card gain 500 ATK during that damage calculation only. If your "Amazoness" monster attacked an opponent's monster, after damage calculation: You can target 1 face-up monster your opponent controls; it loses 800 ATK. Monsters your opponent controls cannot attack "Amazoness" monsters you control, except this one.$Supports archetypes /Amazoness$$$Trigger/Continuous$
04591250$Amazoness Empress$Unlimited$EARTH$[Warrior/Fusion/Effect]$$$$$8$2800$2400$$"Amazoness Queen" + 1 "Amazoness" monster$$Other "Amazoness" cards you control cannot be destroyed by battle or card effects. If your "Amazoness" monster attacks a Defense Position monster, inflict piercing battle damage to your opponent. If this face-up Fusion Summoned card is destroyed by battle, or leaves the field because of an opponent's card effect while its owner controls it: You can Special Summon 1 "Amazoness Queen" from your hand, Deck, or GY.$Supports archetypes /Amazoness$$Activates if destroyed by battle/Activates when it leaves the field$Continuous/Trigger$
31980955$Quiet Life$Unlimited$SPELL$$$$$$$$$Continuous$$$Activate this card at the start of your Main Phase 1, if you control no monsters. If any player Normal Summons/Sets a monster, that player cannot Special Summon that turn. If any player Special Summons a monster, that player cannot Normal Summon/Set that turn.$$$$Activation requirement/Continuous-like$
90590303$Number 41: Bagooska the Terribly Tired Tapir$Unlimited$EARTH$[Fiend/Xyz/Effect]$$$4$$$2100$2000$$2 Level 4 monsters$$Once per turn, during your Standby Phase, detach 1 material from this card. If you cannot, destroy it. This Attack Position card cannot be destroyed by your opponent's card effects. Your opponent cannot target this Attack Position card with card effects. While this card is in face-up Defense Position, change all face-up monsters on the field to Defense Position, also negate the activated effects of monsters that were in Defense Position when that effect was activated.$$$Changes battle positions/Detaches Xyz Materials for effect$Maintenance cost/Continuous$
74937659$Subterror Behemoth Fiendess$Unlimited$EARTH$[Wyrm/Link/Effect]$2$Bottom-Left/Bottom-Right$$$$2000$- $$2 Flip monsters$$Gains ATK equal to the combined original Levels of the "Subterror" monsters used for its Link Summon x 100. During your Main Phase: You can send 1 Flip monster from your Deck to the GY, and if you do, Special Summon 1 monster from your hand in face-down Defense Position to your zone this card points to. You can only use this effect of "Subterror Behemoth Fiendess" once per turn. Once per turn, if a monster this card points to is flipped face-up: Add 1 Flip monster from your Deck or GY to your hand.$Supports archetypes /Subterror$$Sends from your Deck to your Graveyard/Adds from Deck to hand/Adds from Graveyard to hand$Continuous/Ignition/Condition/Trigger$
01322368$SPYRAL Double Helix$Unlimited$EARTH$[Warrior/Link/Effect]$2$Left/Bottom$$$$1900$- $$2 "SPYRAL" monsters$$This card's name becomes "SPYRAL Super Agent" while on the field or in the GY. You can declare 1 card type (Monster, Spell, or Trap); reveal the top card of your opponent's Deck, and if you do, and its type matches the declared type, take 1 "SPYRAL" monster from your Deck or GY, and either add it to your hand or Special Summon it to your zone this card points to. You can only use this effect of "SPYRAL Double Helix" once per turn.$Supports archetypes /SPYRAL$$Declares a card type/Reveals from the top of your opponent's Deck/Adds from Deck to hand/Adds from Graveyard to hand$Unclassified/Ignition/Condition$
