Passcode$Name$Status$Attribute$type$link$link_arrows$rank$pendulum_scale$level$attack$defense$spell_attribute$summoning_condition$pendulum_condition$card_text$card_supports$card_anti_supports$card_actions$effect_types$
89474727$Stardust Chronicle Spark Dragon$Unlimited$LIGHT$[Dragon/Synchro/Effect]$$$$$10$3000$2500$$1 Tuner Synchro Monster + 1+ non-Tuner Synchro Monsters$$Must be Synchro Summoned. Once per turn (Quick Effect): You can banish 1 Synchro Monster from your GY; this card is unaffected by other cards' effects for the rest of this turn. If this card in its owner's possession is destroyed by an opponent's card (by battle or card effect): You can target 1 of your banished Dragon Synchro Monsters; Special Summon it.$Synchro Monster/Dragon$$Activates if destroyed by battle/Activates if destroyed by card effect$Summon/Quick/Trigger$
$The Winged Dragon of Ra - Sphere Mode$Unlimited$DIVINE$[Divine-Beast/Effect]$$$$$10$?$?$$$$Cannot be Special Summoned. Requires 3 Tributes from either side of the field to Normal Summon to that side of the field (cannot be Normal Set), then shift control to this card's owner during the End Phase of the next turn. Cannot attack. Your opponent cannot target this card for attacks or by card effects. You can Tribute this card; Special Summon 1 "The Winged Dragon of Ra" from your hand or Deck, ignoring its Summoning conditions, and if you do, its ATK/DEF become 4000.$The Winged Dragon of Ra$$Tributes opponent's monsters/Changes control/Tributes itself for cost$Summon/Continuous/Ignition$
37310367$Lockout Gardna$Unlimited$EARTH$[Cyberse/Effect]$$$$$3$1000$1000$$$$When an opponent's monster declares a direct attack: You can Special Summon this card from your hand in Attack Position, and if you do, it cannot be destroyed by battle this turn. When an effect of a monster your opponent controls is activated that targets 1 Cyberse monster you control (and no other cards) (Quick Effect): You can negate the effects of both that Cyberse monster you control and that opponent's monster until the end of this turn.$Cyberse$$Activates from your hand/Activates upon attack declaration$Trigger/Quick$
00879958$Parallel Port Armor$Unlimited$TRAP$$$$$$$$$$$$Target 1 Link Monster you control; equip it with this card. Your opponent cannot target the equipped monster with card effects, also it cannot be destroyed by battle. You can banish this card and 2 Link Monsters from your GY, then target 1 Link Monster you control; it can make a second attack during each Battle Phase this turn.$Link Monster$$Equips self from field/Activates from your Graveyard$Effect/Continuous-like/Quick-like$
