Passcode$Name$Status$Attribute$type$link$link_arrows$rank$pendulum_scale$level$attack$defense$spell_attribute$summoning_condition$pendulum_condition$card_text$card_supports$card_anti_supports$card_actions$effect_types$
67267333$Vendread Houndhorde$Unlimited$DARK$[Zombie/Effect]$$$$$3$0$2100$$$$If this card is in your GY: You can discard 1 "Vendread" card; Special Summon this card, but banish it when it leaves the field. A "Vendread" monster Ritual Summoned using this card on the field gains the following effect. You can only use each of the preceding effects of "Vendread Houndhorde" once per turn.●Once per turn (Quick Effect): You can target 1 Spell/Trap your opponent controls; banish it.$Supports archetypes /Vendread$$Activates from your Graveyard/Discards for cost/Grants effect when used for a Ritual Summon$Ignition/Unclassified/Condition/Quick$
36033786$Cyberse Wizard$Unlimited$LIGHT$[Cyberse/Effect]$$$$$4$1800$800$$$$Once per turn: You can target 1 Attack Position opponent's monster; change it to Defense Position, and if you do, for the rest of this turn, your monsters cannot attack, except to attack that monster, and if your Cyberse monster attacks a Defense Position monster, inflict piercing battle damage to your opponent.$Cyberse$$Changes battle positions$Ignition$
63528891$Backup Secretary$Unlimited$LIGHT$[Cyberse/Effect]$$$$$3$1200$800$$$$If you control a Cyberse monster, you can Special Summon this card (from your hand). You can only Special Summon "Backup Secretary" once per turn this way.$Cyberse$$Activates from your hand$Unclassified/Condition$
09523599$Stack Reviver$Unlimited$DARK$[Cyberse/Effect]$$$$$2$100$600$$$$If this card is used as material for a Link Summon: You can target 1 other Level 4 or lower Cyberse monster in your GY, that was used as material for that Link Summon; Special Summon it in Defense Position. You can only use this effect of "Stack Reviver" once per Duel.$Cyberse$$Activates if used as Link Material$Trigger/Condition$
35911108$Launcher Commander$Unlimited$EARTH$[Cyberse/Effect]$$$$$4$1700$1200$$$$All other Cyberse monsters you control gain 300 ATK/DEF. Once per turn: You can Tribute 1 Cyberse monster, then target 1 face-up monster your opponent controls; destroy it.$Cyberse$$Tributes for cost$Continuous/Ignition$
62306203$Salvagent Driver$Unlimited$LIGHT$[Cyberse/Effect]$$$$$6$2200$2100$$$$If a Cyberse Link Monster you control is destroyed by an opponent's card effect while this card is in your hand or GY (except during the Damage Step): You can Special Summon this card. You can discard 1 Spell, then target 1 Cyberse monster in your GY; Special Summon it, but it cannot attack directly this turn. You can only use each effect of "Salvagent Driver" once per turn.$Cyberse/Link Monster$$Activates from your hand/Activates from your Graveyard/Activates if destroyed by card effect/Discards for cost$Trigger/Ignition/Condition$
98700941$Trickstar Lilybell$Unlimited$LIGHT$[Fairy/Effect]$$$$$2$800$2000$$$$If this card is added to your hand, except by drawing it: You can Special Summon it from your hand. You can only use this effect of "Trickstar Lilybell" once per turn. This card can attack directly. When this card inflicts battle damage to your opponent: You can target 1 "Trickstar" monster in your GY; add it to your hand.$Supports archetypes /Trickstar$$Activates from your hand/Activates when it inflicts battle damage/Adds from your Graveyard to your hand$Trigger/Condition/Continuous$
35199656$Trickstar Lycoris$Unlimited$LIGHT$[Fairy/Effect]$$$$$3$1600$1200$$$$(Quick Effect): You can reveal this card in your hand, then target 1 "Trickstar" monster you control, except "Trickstar Lycoris"; Special Summon this card, and if you do, return that monster to the hand. Each time a card(s) is added to your opponent's hand, inflict 200 damage to them for each.$Supports archetypes /Trickstar$$Activates if your opponent draws a card/Reveals itself in the hand for cost/Returns from your field to your hand$Quick/Continuous$
61283655$Trickstar Candina$Unlimited$LIGHT$[Fairy/Effect]$$$$$4$1800$400$$$$When this card is Normal Summoned: You can add 1 "Trickstar" card from your Deck to your hand. Each time your opponent activates a Spell/Trap Card, inflict 200 damage to them immediately after it resolves.$Supports archetypes /Trickstar$$Activates upon Normal Summon/Adds from Deck to hand$Trigger/Continuous$
97688360$Gouki Twistcobra$Unlimited$EARTH$[Warrior/Effect]$$$$$3$1600$0$$$$(Quick Effect): You can Tribute 1 "Gouki" monster, then target 1 "Gouki" monster you control; it gains ATK equal to the original ATK of the Tributed monster until the end of this turn. If this card is sent from the field to the GY: You can add 1 "Gouki" card from your Deck to your hand, except "Gouki Twistcobra". You can only use each effect of "Gouki Twistcobra" once per turn.$Supports archetypes /Gouki$$Tributes for cost/Activates from your Graveyard/Adds from Deck to hand$Quick/Trigger/Condition$
24073068$Gouki Suprex$Unlimited$EARTH$[Warrior/Effect]$$$$$4$1800$0$$$$When this card is Normal Summoned: You can Special Summon 1 "Gouki" monster from your hand. If this card is sent from the field to the GY: You can add 1 "Gouki" card from your Deck to your hand, except "Gouki Suprex". You can only use this effect of "Gouki Suprex" once per turn.$Supports archetypes /Gouki$$Activates upon Normal Summon/Activates from your Graveyard/Adds from Deck to hand$Trigger/Condition$
60461077$Gouki Riscorpio$Unlimited$EARTH$[Warrior/Effect]$$$$$5$2300$0$$$$If you control no monsters, or all monsters you control are "Gouki" monsters, you can Normal Summon this card without Tributing. If this card is sent from the field to the GY: You can add 1 "Gouki" card from your Deck to your hand, except "Gouki Riscorpio". You can only use this effect of "Gouki Riscorpio" once per turn.$Supports archetypes /Gouki$$Activates from your Graveyard/Adds from Deck to hand$Unclassified/Trigger/Condition$
97466712$Hack Worm$Unlimited$DARK$[Machine/Effect]$$$$$1$400$0$$$$If your opponent controls no monsters, you can Special Summon this card (from your hand).$$$$Unclassified$
23850421$Jack Wyvern$Unlimited$DARK$[Machine/Effect]$$$$$4$1800$0$$$$You can banish this card and 1 face-up Machine monster you control, then target 1 DARK monster in your GY; Special Summon it. You can only use this effect of "Jack Wyvern" once per turn.$Machine/DARK$$$Ignition/Condition$
60349525$Cracking Dragon$Unlimited$DARK$[Machine/Effect]$$$$$8$3000$0$$$$Cannot be destroyed by battle with a monster with equal or lower Level. When your opponent Normal or Special Summons exactly 1 monster (and no other monsters are Summoned) while this monster is on the field: You can make that monster lose ATK equal to its Level x 200 (until the end of this turn), and if you do, inflict damage to your opponent equal to the ATK lost by this effect.$$$Activates upon Normal Summon/Activates upon Special Summon$Continuous/Trigger$
96733134$Supreme King Dragon Odd-Eyes$Unlimited$DARK$[Dragon/Pendulum/Effect]$$$$4$8$2500$2000$$$You can Tribute 1 "Supreme King Dragon" monster; destroy this card, and if you do, add 1 Pendulum Monster with 1500 or less ATK from your Deck to your hand.$You can Tribute 2 "Supreme King Dragon" monsters; Special Summon this card from your hand. If your Pendulum Monster battles an opponent's monster, any battle damage it inflicts to your opponent is doubled. During the Battle Phase (Quick Effect): You can Tribute this card; Special Summon up to 2 face-up "Supreme King Dragon" and/or "Supreme King Gate" Pendulum Monsters from your Extra Deck in Defense Position, except "Supreme King Dragon Odd-Eyes".$Supports archetypes /Supreme King Dragon/Supreme King Gate$$Tributes for cost/Adds from Deck to hand/Tributes itself for cost$Pendulum Effect /Ignition-like/Monster Effect/Ignition/Continuous/Quick$
22138839$Predaplant Banksiogre$Unlimited$DARK$[Plant/Tuner/Effect]$$$$$6$2000$100$$$$You can Special Summon this card (from your hand) by Tributing 1 opponent's monster with a Predator Counter. If this card is sent from the field to the GY: Place 1 Predator Counter on each face-up monster your opponent controls, and if you do, any of those monsters that are Level 2 or higher become Level 1 as long as they have a Predator Counter.$$$Tributes opponent's monsters/Activates from your Graveyard$Unclassified/Trigger$
59123937$D/D Vice Typhon$Unlimited$DARK$[Fiend/Effect]$$$$$7$2300$2800$$$$When this card is Normal Summoned: You can Tribute 1 "D/D" monster; Special Summon 1 Level 7 "D/D/D" monster from your Deck. During your Main Phase, if this card is in the GY because it was sent there this turn: You can Fusion Summon 1 Level 8 or higher "D/D/D" Fusion Monster from your Extra Deck, by banishing Fusion Materials listed on it from your GY, including this card. You can only use each effect of "D/D Vice Typhon" once per turn.$Supports archetypes /D/D/D/D/D$$Activates upon Normal Summon/Tributes for cost/Activates from your Graveyard/Uses cards in the player's Graveyard as Fusion Materials/Uses itself as a Fusion Material$Trigger/Ignition/Condition$
95511642$Crowned by the World Chalice$Unlimited$WATER$[Spellcaster/Normal]$$$$$2$0$2100$$$$With her magical staff, she can channel the living heart of her world to shield her people from the Mekk-Knights that have overrun it.$$$$$
22916281$Chosen by the World Chalice$Unlimited$FIRE$[Psychic/Normal]$$$$$3$1600$0$$$$Inspired by the World Hero legends he heard as a boy, this crusader adds a piece to his armor from every Mekkstrosity he destroys. He has set out on a quest from Fairy Lee to recover the Seven World Legacies and save their world.$$$$$
58400390$Beckoned by the World Chalice$Unlimited$EARTH$[Warrior/Normal]$$$$$4$1800$0$$$$His battle with the Mekkstrosities never seems to end. Even when their forest was invaded by Mekkstrocious Insects, he stood his ground and inspired the other defenders around him.$$$$$
84899094$World Chalice Guardragon$Unlimited$WIND$[Dragon/Effect]$$$$$1$400$400$$$$When a card or effect is activated that targets your linked monster (Quick Effect): You can send this card from your hand or field to the GY; negate the activation, and if you do, destroy that card. You can banish this card from your GY, then target 1 Normal Monster in your GY; Special Summon it in Defense Position to your zone a Link Monster points to. You can only use this effect of "World Chalice Guardragon" once per turn.$Normal Monster$$Activates from your hand/Sends itself from hand to Graveyard for cost/Sends itself from field to Graveyard for cost$Quick/Ignition/Condition$
21893603$Lee the World Chalice Fairy$Unlimited$LIGHT$[Fairy/Effect]$$$$$2$100$2000$$$$If this card is Normal or Special Summoned: You can add 1 "World Chalice" monster from your Deck to your hand. If this card is in your GY: You can send 1 monster from your hand or field to the GY; add this card to your hand. You can only use each effect of "Lee the World Chalice Fairy" once per turn.$Supports archetypes /World Chalice$$Activates upon Normal Summon/Activates upon Special Summon/Adds from Deck to hand/Activates from your Graveyard/Sends from field to Graveyard for cost/Sends from hand to Graveyard for cost/Returns itself from Graveyard to hand$Trigger/Ignition/Condition$
57288708$World Legacy - "World Chalice"$Unlimited$DARK$[Machine/Effect]$$$$$5$0$0$$$$If a monster(s) is Special Summoned from the Extra Deck (except during the Damage Step): You can Tribute this card; send that monster(s) to the GY. You can only use each of the following effects of "World Legacy - "World Chalice"" once per turn.●If this face-up Normal Summoned/Set card leaves the field: You can Special Summon 2 "World Chalice" monsters from your Deck, except "World Legacy - "World Chalice"".●During your Main Phase, except the turn this card was sent to the GY: You can banish this card from your GY; add 1 "World Legacy" card from your Deck to your hand.$Supports archetypes /World Chalice/World Legacy$$Activates upon Special Summon/Tributes itself for cost/Sends from your field to your Graveyard/Sends from your opponent's field to your opponent's Graveyard/Activates from your Graveyard/Adds from Deck to hand$Trigger/Condition/Ignition$
84673417$Jain, Twilightsworn General$Unlimited$DARK$[Warrior/Effect]$$$$$4$1800$1200$$$$Once per turn: You can banish 1 "Lightsworn" monster from your hand or GY, then target 1 face-up monster on the field; it loses ATK and DEF equal to the banished monster's Level x 300, until the end of this turn. Once per turn, if your other "Lightsworn" monster's effect is activated: Send the top 2 cards of your Deck to the GY.$Supports archetypes /Lightsworn$$Sends from the top of your Deck to your Graveyard$Ignition/Trigger$
10071151$Lyla, Twilightsworn Enchantress$Unlimited$DARK$[Spellcaster/Effect]$$$$$4$1700$200$$$$Once per turn, when a Spell/Trap Card or effect is activated (Quick Effect): You can banish 1 "Lightsworn" monster from your hand or GY, then target 1 face-up Spell/Trap on the field; destroy it. Once per turn, if your other "Lightsworn" monster's effect is activated: Send the top 3 cards of your Deck to the GY.$Supports archetypes /Lightsworn$$Sends from the top of your Deck to your Graveyard$Quick/Trigger$
56166150$Lumina, Twilightsworn Shaman$Unlimited$DARK$[Spellcaster/Effect]$$$$$3$1000$1000$$$$Once per turn: You can banish 1 "Lightsworn" monster from your hand or GY, then target 1 of your banished "Lightsworn" monsters, except "Lumina, Twilightsworn Shaman"; Special Summon it. Once per turn, if your other "Lightsworn" monster's effect is activated: Send the top 3 cards of your Deck to the GY.$Supports archetypes /Lightsworn$$Sends from the top of your Deck to your Graveyard$Ignition/Trigger$
83550869$Ryko, Twilightsworn Fighter$Unlimited$DARK$[Beast/Effect]$$$$$2$200$100$$$$If this card is Normal Summoned or flipped face-up: You can banish 1 "Lightsworn" monster from your hand or GY; banish 1 card on the field. Once per turn, if your other "Lightsworn" monster's effect is activated: Send the top 3 cards of your Deck to the GY.$Supports archetypes /Lightsworn$$Activates upon Normal Summon/Sends from the top of your Deck to your Graveyard/Activates upon being flipped face-up$Trigger$
19959563$Punishment Dragon$Unlimited$DARK$[Dragon/Effect]$$$$$8$3000$2600$$$$Cannot be Normal Summoned/Set. Must be Special Summoned (from your hand) by possessing 4 or more banished "Lightsworn" monsters with different names. Once per turn (Quick Effect): You can pay 1000 LP; shuffle into the Decks, all cards in the GYs and all face-up banished cards, except "Lightsworn" monsters. Once per turn, if your "Lightsworn" monster's effect is activated: Send the top 4 cards of your Deck to the GY.$Supports archetypes /Lightsworn$$Returns from Graveyard to Deck/Returns banished cards to the Deck/Sends from the top of your Deck to your Graveyard$Summon/Quick/Trigger$
56343672$Rescue Ferret$Unlimited$EARTH$[Beast/Effect]$$$$$4$300$100$$$$You can shuffle this card you control into the Deck; Special Summon monster(s) from your Deck, except "Rescue Ferret", whose total Levels equal 6, to your zone(s) a Link Monster(s) points to, but those Summoned monsters have their effects negated, also destroy them during the End Phase. You can only use this effect of "Rescue Ferret" once per turn.$Link Monster$$Returns itself from field to Deck for cost$Ignition/Condition$
82738277$Traptrix Mantis$Unlimited$EARTH$[Insect/Effect]$$$$$4$1500$1300$$$$When this card is Normal Summoned: You can add 1 "Traptrix" monster from your Deck to your hand. Unaffected by the effects of "Hole" Normal Traps. Once per turn (Quick Effect): You can target 1 Set Spell/Trap you control; return that target to the hand, then you can Set 1 Spell/Trap from your hand.$Supports archetypes /Traptrix$Anti-supports archetypes /Hole/Trap Hole $Activates upon Normal Summon/Adds from Deck to hand/Returns from your field to your hand/Sets from your hand$Trigger/Continuous/Quick$
18837926$Motivating Captain$Unlimited$EARTH$[Warrior/Effect]$$$$$1$400$1200$$$$When this card is Normal Summoned: You can target 1 Level 4 or lower monster in your GY; Special Summon it in Defense Position, but it has its effects negated.$$$Activates upon Normal Summon$Trigger$
45221020$Treasure Panda$Unlimited$EARTH$[Beast/Effect]$$$$$4$1100$2000$$$$You can banish up to 3 Spells/Traps from your GY face-down; Special Summon 1 Normal Monster from your Deck, whose Level equals the number of cards banished to activate this effect.$Normal Monster$$$Ignition$
81616639$Zombina$Unlimited$EARTH$[Zombie/Effect]$$$$$4$1400$1500$$$$If this card in its owner's possession is destroyed by an opponent's card: You can target 1 Level 4 or lower monster in your GY, except "Zombina"; Special Summon it.$$$$Trigger$
18000338$Re: EX$Unlimited$LIGHT$[Dinosaur/Effect]$$$$$4$1900$1200$$$$If this card battles a monster in the Extra Monster Zone, it gains 800 ATK and DEF during the Damage Step only.$$$$Continuous$
44009443$Orbital Hydralander$Unlimited$DARK$[Machine/Effect]$$$$$8$3000$1500$$$$Cannot be Normal Summoned/Set. Must be Special Summoned (from your hand) by having 5 or more monsters in your GY, and no monsters in your GY with the same name. Once per turn (Quick Effect): You can send the top 3 cards of your Deck to the GY; destroy 1 card on the field. You must have at least 2 monsters in your GY, and no monsters in your GY with the same name, to activate and to resolve this effect.$$$Sends from the top of your Deck to your Graveyard for cost$Summon/Quick$
70493141$The Ascended of Thunder$Unlimited$LIGHT$[Thunder/Effect]$$$$$7$2700$2400$$$$You can Special Summon this card (from your hand) by paying 3000 LP. If this card Summoned this way in its owner's control is destroyed by an opponent's card (by battle or card effect): Gain 5000 LP.$$$Activates if destroyed by battle/Activates if destroyed by card effect$Unclassified/Trigger$
17988746$Parry Knights$Unlimited$EARTH$[Warrior/Effect]$$$$$6$2300$2100$$$$When you take battle damage from an opponent's attacking monster: You can Special Summon this card from your hand, then you can Special Summon 1 monster from your hand with ATK less than or equal to the damage you took.$$$Activates if you take battle damage/Activates from your hand$Trigger$
43387895$Supreme King Dragon Starving Venom$Unlimited(OCG)$DARK$[Dragon/Fusion/Effect]$$$$$8$2800$2000$$2 DARK Pendulum Monsters$$Must be either Fusion Summoned, or Special Summoned by Tributing the above cards you control (in which case you do not use "Polymerization"). Once per turn: You can target 1 other monster on the field or in the GY; until the End Phase, this card's name becomes that monster's original name, and replace this effect with that monster's original effects, also for the rest of this turn, if your monster attacks a Defense Position monster, inflict piercing battle damage to your opponent.$DARK/Pendulum Monster$$Tributes Fusion Materials for Contact Fusion$Summon/Ignition$
70771599$Supreme King Dragon Clear Wing$Unlimited$DARK$[Dragon/Synchro/Effect]$$$$$8$2500$2000$$1 Tuner + 1+ non-Tuner DARK Pendulum Monsters$$If this card is Synchro Summoned: You can destroy all face-up monsters your opponent controls. Once per turn, before damage calculation, if this card battles an opponent's monster: You can destroy that monster, and if you do, inflict damage to your opponent equal to the destroyed monster's original ATK. If this card is in your GY: You can Tribute 2 "Supreme King Dragon" monsters; Special Summon this card.$Supports archetypes /Supreme King Dragon$$Activates upon Synchro Summon/Activates from your Graveyard/Tributes for cost$Trigger/Ignition$
06766208$D/D/D Gust High King Alexander$Unlimited$WIND$[Fiend/Synchro/Effect]$$$$$10$3000$2500$$1 Tuner + 1+ non-Tuner monsters$$If 3 or more "D/D/D" monsters are on the field, this card gains 3000 ATK. If another "D/D" monster(s) is Normal or Special Summoned to your field while this monster is on the field (except during the Damage Step): You can target 1 "D/D" monster in your GY; Special Summon it. You can only use this effect of "D/D/D Gust High King Alexander" once per turn.$Supports archetypes /D/D/D/D/D$$Activates upon Normal Summon/Activates upon Special Summon$Continuous/Trigger/Condition$
42160203$Supreme King Dragon Dark Rebellion$Unlimited$DARK$[Dragon/Xyz/Effect]$$$4$$$2500$2000$$2 Level 4 DARK Pendulum Monsters$$Once per turn, before damage calculation, if this card battles an opponent's monster: You can detach 1 material from this card; until the end of this turn, change the ATK of that face-up opponent's monster to 0, and if you do, this card gains ATK equal to the original ATK of that opponent's monster. During the Battle Phase (Quick Effect): You can return this card to the Extra Deck; Special Summon up to 2 face-up "Supreme King Dragon" and/or "Supreme King Gate" Pendulum Monsters from your Extra Deck in Defense Position.$Supports archetypes /Supreme King Dragon/Supreme King Gate$$Returns itself from field to Extra Deck for cost$Trigger/Quick$
79559912$D/D/D Wave High King Caesar$Unlimited$WATER$[Fiend/Xyz/Effect]$$$6$$$2800$1800$$2 Level 6 Fiend monsters$$When a Spell/Trap Card, or monster effect, is activated that includes an effect that Special Summons a monster (Quick Effect): You can detach 1 material from this card; negate the activation, and if you do, destroy that card, then you can make 1 other "D/D" monster you control and this card gain 1800 ATK until the end of this turn. If this card is sent from the field to the GY: You can add 1 "Dark Contract" card from your Deck to your hand.$Supports archetypes /D/D/Dark Contract$$Activates from your Graveyard/Adds from Deck to hand$Quick/Trigger$
05043010$Firewall Dragon$Unlimited$LIGHT$[Cyberse/Link/Effect]$4$Left/Top/Right/Bottom$$$$2500$- $$2+ monsters$$Once while face-up on the field (Quick Effect): You can target monsters on the field and/or GY up to the number of monsters co-linked to this card; return them to the hand. If a monster this card points to is destroyed by battle or sent to the GY: You can Special Summon 1 Cyberse monster from your hand. You can only use each effect of "Firewall Dragon" once per turn.$$$Returns from field to hand/Adds from Graveyard to hand/Activates if destroyed by battle$Quick/Trigger$
32448765$Trickstar Holly Angel$Unlimited$LIGHT$[Fairy/Link/Effect]$2$Bottom-Left/Bottom-Right$$$$2000$- $$2 "Trickstar" monsters$$Each time a "Trickstar" monster(s) is Normal or Special Summoned to a zone(s) this card points to, inflict 200 damage to your opponent. "Trickstar" monsters this card points to cannot be destroyed by battle or card effects. If your opponent takes damage by a "Trickstar" monster's effect: This card gains ATK equal to the damage they took, until the end of this turn.$Supports archetypes /Trickstar$$Activates upon Normal Summon/Activates upon Special Summon/Activates when it inflicts effect damage$Continuous/Trigger$
78437364$Gouki The Great Ogre$Unlimited$EARTH$[Warrior/Link/Effect]$3$Bottom-Left/Bottom/Bottom-Right$$$$2600$- $$2+ "Gouki" monsters$$All monsters on the field lose ATK equal to their original DEF. If this card would be destroyed by battle or card effect, you can destroy 1 of your monsters this card points to instead.$Supports archetypes /Gouki$$$Continuous$
05821478$Topologic Bomber Dragon$Unlimited$DARK$[Cyberse/Link/Effect]$4$Top/Bottom-Left/Bottom/Bottom-Right$$$$3000$- $$2+ Effect Monsters$$If another monster is Special Summoned to a zone a Link Monster points to, while this monster is on the field: Destroy all monsters in the Main Monster Zones, also your other monsters cannot attack for the rest of this turn. After damage calculation, if this card attacked an opponent's monster: Inflict damage to your opponent equal to that monster's original ATK.$Effect Monster$$Activates upon Special Summon$Trigger$
31226177$Imduk the World Chalice Dragon$Unlimited$WIND$[Dragon/Link/Effect]$1$Top$$$$800$- $$1 Normal Monster, except a Token$$During your Main Phase, you can Normal Summon 1 "World Chalice" monster in addition to your Normal Summon/Set. (You can only gain this effect once per turn.) At the start of the Damage Step, if this card battles an opponent's monster this card points to: You can destroy that opponent's monster. If this card is sent from the field to the GY: You can Special Summon 1 "World Chalice" monster from your hand.$Supports archetypes /World Chalice$$Activates from your Graveyard$Continuous/Trigger$
77610772$Ib the World Chalice Priestess$Unlimited$WATER$[Spellcaster/Link/Effect]$2$Left/Right$$$$1800$- $$2 monsters with different Types and Attributes$$This linked card cannot be destroyed by battle or card effects. Your opponent cannot target this linked card with card effects. If a monster(s) this card points to would be destroyed by a card effect, you can send this card to the GY instead. If this card is sent from the field to the GY: You can Special Summon 1 "World Chalice" monster from your hand.$Supports archetypes /World Chalice$$Sends itself from field to Graveyard/Activates from your Graveyard$Continuous/Trigger$
04709881$Auram the World Chalice Blademaster$Unlimited$FIRE$[Cyberse/Link/Effect]$2$Bottom-Left/Bottom-Right$$$$2000$- $$2 "World Chalice" monsters$$Gains 300 ATK for each "World Legacy" monster in your GY with a different name. You can Tribute 1 "World Chalice" monster this card points to, then target 1 other monster in your GY; Special Summon it to your zone this card points to. You can only use this effect of "Auram the World Chalice Blademaster" once per turn. If this card is sent from the field to the GY: You can Special Summon 1 "World Chalice" monster from your hand.$Supports archetypes /World Chalice/World Legacy$$Tributes for cost/Activates from your Graveyard$Continuous/Ignition/Condition/Trigger$
30194529$Ningirsu the World Chalice Warrior$Unlimited$EARTH$[Warrior/Link/Effect]$3$Left/Top/Right$$$$2500$- $$2+ Link Monsters$$If this card is Link Summoned: Draw cards equal to the number of "World Chalice" monsters this card points to. You can only use this effect of "Ningirsu the World Chalice Warrior" once per turn. Once per turn: You can send 1 card from each player's field to the GYs. If this card is sent from the field to the GY: You can Special Summon 1 "World Chalice" monster from your hand.$Supports archetypes /World Chalice$$Activates upon Link Summon/You draw cards/Sends from your field to your Graveyard/Sends from your opponent's field to your opponent's Graveyard$Trigger/Condition/Ignition$
67598234$Gaia Saber, the Lightning Shadow$Unlimited$EARTH$[Machine/Link]$3$Left/Bottom/Right$$$$2600$- $$$$2+ monsters$$$$$
03987233$Missus Radiant$Unlimited$EARTH$[Beast/Link/Effect]$2$Bottom-Left/Bottom-Right$$$$1400$- $$2 EARTH monsters$$All EARTH monsters on the field gain 500 ATK and DEF, also all WIND monsters on the field lose 400 ATK and DEF. If this card is destroyed by battle or card effect: You can target 1 EARTH monster in your GY; add it to your hand. You can only use this effect of "Missus Radiant" once per turn.$EARTH$WIND$Activates if destroyed by battle/Activates if destroyed by card effect/Adds from Graveyard to hand$Continuous/Trigger/Condition$
35371948$Trickstar Light Stage$Limited(OCG)$SPELL$$$$$$$$$Field$$$When this card is activated: You can add 1 "Trickstar" monster from your Deck to your hand. Once per turn: You can target 1 Set card in your opponent's Spell & Trap Zone; while this card is in the Field Zone, that Set card cannot be activated until the End Phase, and your opponent must activate it during the End Phase or else send it to the GY. Each time a "Trickstar" monster you control inflicts battle or effect damage to your opponent, inflict 200 damage to them.$Supports archetypes /Trickstar$$Adds from Deck to hand/Forces activation/Sends from your opponent's field to your opponent's Graveyard/Activates when it inflicts battle damage/Activates when it inflicts effect damage$Effect/Ignition-like/Continuous-like$
62376646$Gouki Re-Match$Unlimited$SPELL$$$$$$$$$$$$Target 2 "Gouki" monsters in your GY with different Levels; Special Summon them in Defense Position. You can only activate 1 "Gouki Re-Match" per turn.$Supports archetypes /Gouki$$$Effect/Condition$
98864751$Air Cracking Storm$Unlimited$SPELL$$$$$$$$$Equip$$$Equip only to a Machine monster. When that attacking monster destroys your opponent's monster by battle: You can activate this effect; it can make a second attack during this Battle Phase. Your other monsters cannot attack the turn you activate this effect.$Machine$$Activates when it destroys a monster by battle$Condition/Trigger-like$
35259350$Smile Universe$Unlimited$SPELL$$$$$$$$$Quick-Play$$$Special Summon as many face-up Pendulum Monsters from your Extra Deck as possible, but they have their effects negated (if any), then your opponent gains LP equal to the total original ATK of those Special Summoned monsters. You cannot Normal or Special Summon other monsters, or attack, during the turn you activate this card.$Pendulum Monster$$$Effect/Condition$
61654098$World Legacy Discovery$Unlimited$SPELL$$$$$$$$$Field$$$All "World Chalice" monsters on the field gain 300 ATK/DEF. Once per turn, if a face-up "World Chalice" monster you control is destroyed by battle, or leaves the field because of an opponent's card effect: You can target 1 "World Chalice" monster in your GY; Special Summon it in Defense Position.$Supports archetypes /World Chalice$$Activates if destroyed by battle/Activates if destroyed by card effect$Continuous-like/Trigger-like$
97648103$World Legacy's Heart$Unlimited$SPELL$$$$$$$$$$$$Target 2 "World Chalice" monsters in your GY with different names; add them to your hand. If your linked Link Monster would be destroyed by battle, you can banish this card from your GY instead. You can only activate 1 "World Legacy's Heart" per turn.$Supports archetypes /World Chalice$$Adds from your Graveyard to your hand$Effect/Unclassified/Condition$
24037702$March of the Dark Brigade$Unlimited$SPELL$$$$$$$$$$$$Target 1 "Lightsworn" monster in your GY that has a Level; add it to your hand, then banish a number of cards from the top of your Deck equal to the original Level of that monster in your hand. You can only activate 1 "March of the Dark Brigade" per turn.$Supports archetypes /Lightsworn$$Adds from Graveyard to hand$Effect/Condition$
60431417$Twilight Twin Dragons$Unlimited$SPELL$$$$$$$$$$$$If you control "Punishment Dragon": Target 1 "Judgment Dragon" in your GY; add it to your hand, then send the top 4 cards of your Deck to the GY. If this card is sent from the Deck to the GY by a "Lightsworn" monster's effect: You can target 1 "Punishment Dragon" in your GY; add it to your hand, then banish the top 4 cards of your Deck.$Supports archetypes /Lightsworn$$Adds from Graveyard to hand/Sends from your Deck to your Graveyard/Activates from your Graveyard$Activation requirement/Effect/Trigger-like$
97926515$Emerging Emergency Rescute Rescue$Unlimited$SPELL$$$$$$$$$$$$If your LP is lower than your opponent's: Reveal 3 Beast monsters with 300 ATK and 100 DEF from your Deck, your opponent chooses 1 for you to add to your hand, and you shuffle the rest back into your Deck. You can only activate 1 "Emerging Emergency Rescute Rescue" per turn.$Beast$$Reveals cards from your Deck/Adds from Deck to hand$Activation requirement/Effect/Condition$
23314220$Spellbook of Knowledge$Unlimited$SPELL$$$$$$$$$$$$Send to the GY either 1 Spellcaster monster you control, or 1 other "Spellbook" card from your hand or face-up field, except "Spellbook of Knowledge", and if you do, draw 2 cards. You can only activate 1 "Spellbook of Knowledge" per turn.$Supports archetypes /Spellbook$$Sends from your hand to your Graveyard/Sends from your field to your Graveyard/You draw cards$Effect/Condition$
69319869$Gravity Lash$Unlimited$SPELL$$$$$$$$$Quick-Play$$$Target 1 face-up monster on the field; it loses ATK equal to its DEF until the end of this turn.$$$$Effect$
96704974$Boogie Trap$Unlimited$SPELL$$$$$$$$$$$$Discard 2 cards, then target 1 Trap in your GY; Set that target. It can be activated this turn. You can only activate 1 "Boogie Trap" per turn.$Trap Card$$Discards for cost/Sets from your Graveyard$Cost/Effect/Condition$
22198672$Castle Link$Unlimited$SPELL$$$$$$$$$Field$$$Once per turn: You can target 1 Link Monster on the field; move it to a Main Monster Zone it points to on its controller's field. Once per turn: You can switch the locations of 2 Link Monsters in your Main Monster Zones or 2 Link Monsters in your opponent's Main Monster Zones.$Link Monster$Link Monster$$Ignition-like$
59687381$Defense Zone$Unlimited$SPELL$$$$$$$$$Field$$$For each monster a player controls in their Main Monster Zone, their Spells/Traps in the same column as that monster cannot be destroyed by their opponent's card effects, and their opponent cannot target them with card effects.$$$$Continuous-like$
95081386$Three Strikes Barrier$Unlimited$TRAP$$$$$$$$$$$$If your opponent controls exactly 3 cards: Activate 1 of these effects;●This turn, your monsters cannot be destroyed by battle.●This turn, you take no battle damage.●This turn, each time your monster inflicts battle damage to your opponent, you gain the same amount of LP.$$$Activates when it inflicts battle damage$Activation requirement/Effect$
21076084$Trickstar Reincarnation$Limited(OCG)$TRAP$$$$$$$$$$$$Banish your opponent's entire hand, and if you do, they draw the same number of cards. You can banish this card from your GY, then target 1 "Trickstar" monster in your GY; Special Summon it.$Supports archetypes /Trickstar$$Your opponent draws cards$Effect/Quick-like$
58464739$Pulse Mines$Unlimited$TRAP$$$$$$$$$$$$If you control a Machine monster: Change your opponent's Attack Position monsters (if any) to Defense Position, also, until the end of this turn, if a monster(s) is Normal or Special Summoned to your opponent's field, change them to Defense Position.$Machine$$Changes battle positions$Activation requirement/Effect$
84869738$Supreme Rage$Unlimited$TRAP$$$$$$$$$$$$If you control "Supreme King Z-ARC": Destroy as many monsters you control as possible, except "Supreme King Z-ARC", and if you do, Special Summon up to 4 "Supreme King Dragon" monsters with different names from your hand, Deck, Extra Deck, and/or GY, ignoring their Summoning conditions. You can banish this card from your GY, then target 1 "Supreme King Dragon" Xyz Monster you control; attach 2 "Supreme King Dragon" monsters to it as materials, from your GY and/or face-up from your Extra Deck.$Supports archetypes /Supreme King Dragon$$Activates from your Graveyard/Attaches from your Graveyard as Xyz Material/Attaches from your Extra Deck as Xyz Material$Activation requirement/Effect/Quick-like$
21254443$World Legacy Landmark$Unlimited$TRAP$$$$$$$$$$$$Banish 1 "World Legacy" monster from your hand or face-up from your field, then target 2 monsters in your GY; Special Summon them, but they cannot attack this turn.$Supports archetypes /World Legacy$$$Cost/Effect$
57348141$Twilight Eraser$Unlimited$TRAP$$$$$$$$$$$$If you control 2 or more "Lightsworn" monsters with the same Type but different names: Banish 2 "Lightsworn" monsters from your GY, then target 2 cards on the field; banish them. If this card is sent from the Deck to the GY by a "Lightsworn" monster's effect: You can Special Summon 1 "Lightsworn" monster from your hand.$Supports archetypes /Lightsworn$$Activates from your Graveyard$Activation requirement/Cost/Effect/Trigger-like$
83747250$Twilight Cloth$Unlimited$TRAP$$$$$$$$$$$$Target 1 face-up monster you control; banish any number of "Lightsworn" monsters from your GY, and if you do, that monster gains 200 ATK and DEF for each monster banished by this effect, until the end of this turn. If this card is sent from the Deck to the GY by a "Lightsworn" monster's effect: You can activate this effect; this turn, "Lightsworn" monsters you control cannot be destroyed by battle or card effects.$Supports archetypes /Lightsworn$$Activates from your Graveyard$Effect/Trigger-like$
10131855$Dark World Brainwashing$Unlimited$TRAP$$$$$$$$$Continuous$$$When an opponent's monster activates its effect, if you have 3 or more cards in your hand (except during the Damage Step): You can target 1 "Dark World" monster on the field; return it to the hand, and if you do, the activated effect becomes "Discard 1 random card from your opponent's hand".$Supports archetypes /Dark World$$Returns from field to hand/Overwrites card effects/Discards for effect$Quick-like$
56526564$Break Off Trap Hole$Unlimited$TRAP$$$$$$$$$$$$When a Link Monster is Link Summoned: Destroy all monsters on the field that are not linked.$Link Monster$Link Monster$$Activation requirement/Effect$
23924608$Heavy Storm Duster$Unlimited$TRAP$$$$$$$$$$$$Target up to 2 Spells/Traps on the field; destroy them. You cannot conduct your Battle Phase the turn you activate this card.$$$Cannot conduct Battle Phase$Effect/Condition$
59919307$Back to the Front$Unlimited$TRAP$$$$$$$$$$$$Target 1 monster in your GY; Special Summon it in Defense Position.$$$$Effect$
96404912$Recall$Unlimited$TRAP$$$$$$$$$Counter$$$When your opponent activates a monster effect: Your opponent draws 1 card, also negate the activation, and if you do, destroy it.$$$Your opponent draws cards$Activation requirement/Effect$
22802010$Blind Obliteration$Unlimited$TRAP$$$$$$$$$$$$Roll a six-sided die twice and destroy all face-up monsters with Levels/Ranks lower than the total roll.$$$$Effect$
58297729$Transmission Gear$Unlimited$TRAP$$$$$$$$$$$$During damage calculation, if your monster battles an opponent's monster: Play rock-paper-scissors with your opponent. Make the losing player banish the battling monster they control, face-down.$$$$Activation requirement/Effect$
68989981$Samurai Skull$Unlimited$DARK$[Zombie/Effect]$$$$$4$1700$0$$$$When this card is Normal Summoned: You can send 1 Zombie monster from your Deck to the GY. If this face-up card in its owner's control leaves the field because of an opponent's card effect: You can Special Summon 1 Level 4 or lower Zombie monster from your Deck, except "Samurai Skull".$Zombie$$Activates upon Normal Summon/Sends from your Deck to your Graveyard$Trigger$
04388680$Revendread Slayer$Unlimited$DARK$[Zombie/Ritual/Effect]$$$$$6$2400$0$$$$You can Ritual Summon this card with any "Vendread" Ritual Spell. Once per battle, if this card battles an opponent's monster, during damage calculation (Quick Effect): You can banish 1 Zombie monster from your GY; this card gains 300 ATK. If this Ritual Summoned card is sent to the GY: You can add 1 Ritual Spell from your Deck to your hand, and if you do, send 1 "Vendread" monster from your Deck to the GY. You can only use this effect of "Revendread Slayer" once per turn.$Supports archetypes /Vendread$$Activates from your Graveyard/Adds from Deck to hand/Sends from your Deck to your Graveyard$Summon/Quick/Trigger/Condition$
31772684$Vendread Revenants$Unlimited$DARK$[Zombie/Effect]$$$$$4$1800$200$$$$If this card in your possession is destroyed by an opponent's card (by battle or card effect) and sent to your GY: You can Special Summon this card, but banish it when it leaves the field. A "Vendread" monster Ritual Summoned using this card on the field gains this effect. You can only use the preceding effect of "Vendread Revenants" once per turn.●Once per turn (Quick Effect): You can target 1 Special Summoned monster your opponent controls; banish it.$Supports archetypes /Vendread$$Activates if destroyed by battle/Activates if destroyed by card effect/Activates from your Graveyard/Grants effect when used for a Ritual Summon$Trigger/Unclassified/Condition/Quick$
94666032$Revendread Origin$Unlimited$SPELL$$$$$$$$$Ritual$$$This card can be used to Ritual Summon any "Vendread" Ritual Monster from your hand or GY. You must also Tribute monsters from your hand or field, and/or banish Zombie monsters from your GY, whose total Levels equal or exceed the Level of the Ritual Monster you Ritual Summon. If "Revendread Slayer(s)" you control would be destroyed by battle or card effect, you can banish this card from your GY instead.$Supports archetypes /Vendread$$Tributes as an effect/Activates from your Graveyard$Effect/Unclassified$
30650147$Vendread Reorigin$Unlimited$TRAP$$$$$$$$$$$$Target 1 face-up monster your opponent controls that has a Level; Tribute it, and if you do, Special Summon 1 "Vendread Token" (Zombie/DARK/ATK 0/DEF 0) with a Level equal to the Tributed monster's original Level. While the Token Special Summoned by this effect is on the field, you cannot Normal or Special Summon monsters, except "Vendread" monsters.$Vendread$$Tributes opponent's monsters$Effect/Lingering$
67045745$F.A. Sonic Meister$Unlimited$WIND$[Machine/Effect]$$$$$4$0$1000$$$$Gains ATK equal to its Level x 300. Cannot be destroyed by battle with an opponent's monster whose original Level/Rank is lower than this card's Level. Each time a "F.A." Spell/Trap Card or effect is activated: You can increase this card's Level by 1. If this card is Level 7 or higher, it can make up to 2 attacks on monsters during each Battle Phase.$Supports archetypes /F.A.$$$Continuous/Trigger$
93449450$F.A. Hang On Mach$Unlimited$WIND$[Machine/Effect]$$$$$4$0$1800$$$$Gains ATK equal to its Level x 300. Unaffected by activated effects from an opponent's monster whose original Level/Rank is lower than this card's Level. Each time a "F.A." Spell/Trap Card or effect is activated: You can increase this card's Level by 1. If this card is Level 7 or higher, any card sent to your opponent's GY is banished instead.$Supports archetypes /F.A.$$$Continuous/Trigger$
39838559$F.A. Circuit Grand Prix$Unlimited$SPELL$$$$$$$$$Field$$$Increase the Levels of all "F.A." monsters on the field by 2 during the Battle Phase only. Once per turn, when your "F.A." monster destroys an opponent's monster by battle: You can draw 1 card. If this face-up card on the field is destroyed by a card effect: You can add 1 "F.A." card from your Deck to your hand, except "F.A. Circuit Grand Prix". You can only use this effect of "F.A. Circuit Grand Prix" once per turn.$Supports archetypes /F.A.$$Activates when it destroys a monster by battle/You draw cards/Activates from your Graveyard/Adds from Deck to hand$Continuous-like/Trigger-like/Condition$
66322203$F.A. Downforce$Unlimited$SPELL$$$$$$$$$Quick-Play$$$Target 1 "F.A." monster you control; increase its Level by 2 until the end of this turn. During your Main Phase, except the turn this card was sent to the GY: You can banish this card from your GY, then target 1 "F.A." monster you control; increase its Level by 2 until the end of this turn. You can only use each effect of "F.A. Downforce" once per turn.$Supports archetypes /F.A.$$Activates from your Graveyard$Effect/Ignition-like/Condition$
43436049$Junk Breaker$Unlimited$EARTH$[Warrior/Effect]$$$$$4$1800$1000$$$$During your Main Phase, if this card was Normal Summoned this turn: You can Tribute this card; all face-up monsters on the field have their effects negated until the end of this turn.$$$Tributes itself for cost$Ignition$
54320860$Infernity Patriarch$Unlimited$DARK$[Fiend/Effect]$$$$$4$1000$2000$$$$If this is the only card in your hand, you can Special Summon it (from your hand). You can only Special Summon "Infernity Patriarch" once per turn this way. While you have no cards in your hand, if an "Infernity" monster(s) you control would be destroyed by battle or card effect, you can banish this card from your GY instead.$Supports archetypes /Infernity$$Activates from your hand/Activates from your Graveyard$Unclassified/Condition$
91718579$Gogogo Aristera & Dexia$Unlimited$EARTH$[Rock/Effect]$$$$$4$0$2200$$$$While another "Gogogo" monster is on the field, your opponent's monsters cannot target "Gogogo" monsters for attacks, also your opponent cannot target "Gogogo" monsters on the field with card effects. An Xyz Monster that was Summoned using only this card and other "Gogogo" monsters as material gains this effect.●When it is Xyz Summoned: You can target 1 face-up Attack Position monster your opponent controls; change it to Defense Position, and if you do, change its DEF to 0.$Supports archetypes /Gogogo$$Grants effect as Xyz Material/Changes Battle Position$Continuous/Unclassified/Trigger$
27103517$Wicked Acolyte Chilam Sabak$Unlimited$DARK$[Reptile/Effect]$$$$$8$2500$0$$$$If you have 5 or more cards in your hand, you can Normal Summon this card without Tributing. When this card is destroyed by battle and sent to the GY: You can Special Summon this card in Defense Position, and if you do, it is treated as a Tuner. You can only use this effect of "Wicked Acolyte Chilam Sabak" once per turn.$$$Activates if destroyed by battle/Activates from your Graveyard$Unclassified/Trigger/Condition$
54507222$Galaxy Worm$Unlimited$LIGHT$[Insect/Effect]$$$$$3$1200$1000$$$$When this card is Normal Summoned while you control no other monsters: You can Special Summon 1 Level 3 or lower "Galaxy" Effect Monster from your Deck, but negate its effects.$Supports archetypes /Galaxy$$Activates upon Normal Summon$Trigger$
32787239$Performapal Trumpanda$Unlimited$EARTH$[Beast/Pendulum/Effect]$$$$3$3$800$800$$$Once per turn: You can increase this card's Pendulum Scale by 1 (max. 12).$When your Pendulum Monster is targeted for an attack: You can negate the attack. You can only use this effect of "Performapal Trumpanda" once per turn.$Pendulum Monster$$$Pendulum Effect /Ignition-like/Monster Effect/Trigger/Condition$
30757127$Destiny HERO - Dangerous$Unlimited$DARK$[Warrior/Fusion/Effect]$$$$$6$2000$2600$$1 "Destiny HERO" monster + 1 DARK Effect Monster$$(Quick Effect): You can discard 1 card; send 1 "Destiny HERO" monster from your hand or Deck to the GY, and if you do, "Destiny HERO" monsters you control gain 200 ATK for each "Destiny HERO" monster in your GY until the end of this turn. You can only use this effect of "Destiny HERO - Dangerous" once per turn.$Supports archetypes /Destiny HERO$$Discards for cost/Sends from your hand to your Graveyard/Sends from your Deck to your Graveyard$Quick/Condition$
39024589$Abyss Actor - Trendy Understudy$Unlimited$DARK$[Fiend/Pendulum/Effect]$$$$8$2$700$700$$$When you Pendulum Summon a monster: You can add 1 face-up Level 1 or 8 "Abyss Actor" Pendulum Monster from your Extra Deck to your hand.$If you have 2 "Abyss Actor" cards in your Pendulum Zones: You can Tribute this card; Special Summon 1 Level 1 or 8 "Abyss Actor" Pendulum Monster from your hand or face-up from your Extra Deck. You can only use this effect of "Abyss Actor - Trendy Understudy" once per turn.$Supports archetypes /Abyss Actor$$Adds from Extra Deck to hand/Tributes itself for cost$Pendulum Effect /Trigger-like/Monster Effect/Ignition/Condition$
26420373$Speedroid Passinglider$Unlimited$WIND$[Machine/Pendulum/Effect]$$$$3$5$2200$2000$$$Once per turn: You can send 1 "Speedroid" Tuner from your hand or face-up from your field to the GY; increase or reduce (min. 1) this card's Pendulum Scale by the original Level of the sent monster until the end of this turn.$If there are no monsters on the field, you can Special Summon this card (from your hand). You can only Special Summon "Speedroid Passinglider" once per turn this way. When this card is Tribute Summoned: You can target 1 Level 4 or lower "Speedroid" monster in your GY; Special Summon it. Your opponent's monsters cannot target "Speedroid" monsters for attacks, except this one.$Supports archetypes /Speedroid$$Sends from hand to Graveyard for cost/Sends from field to Graveyard for cost/Activates upon Tribute Summon$Pendulum Effect /Ignition-like/Monster Effect/Unclassified/Condition/Trigger/Continuous$
95735217$Ancient Gear Golem - Ultimate Pound$Unlimited$EARTH$[Machine/Effect]$$$$$8$3000$3000$$$$Cannot be Special Summoned. If this card attacks a Defense Position monster, inflict piercing battle damage. Up to twice per turn, when this attacking card destroys a monster by battle: You can discard 1 Machine monster; this card can attack again in a row. If this card on the field is destroyed by battle or card effect: You can add 1 "Polymerization" from your Deck to your hand, and if you do, add 1 other "Ancient Gear" monster from your GY to your hand.$Supports archetypes /Ancient Gear$$Activates when it destroys a monster by battle/Discards for cost/Activates if destroyed by battle/Activates if destroyed by card effect/Adds from Deck to hand/Adds from Graveyard to hand$Summon/Continuous/Trigger$
