Passcode$Name$Status$Attribute$type$link$link_arrows$rank$pendulum_scale$level$attack$defense$spell_attribute$summoning_condition$pendulum_condition$card_text$card_supports$card_anti_supports$card_actions$effect_types$
67750322$Skull Meister$Unlimited$DARK$[Fiend/Effect]$$$$$4$1700$400$$$$When a card effect is activated in your opponent's GY (Quick Effect): You can send this card from your hand to the GY; negate that effect.$$$Sends itself from hand to Graveyard for cost$Quick$
40605147$Solemn Strike$Unlimited$TRAP$$$$$$$$$Counter$$$When a monster(s) would be Special Summoned, OR a monster effect is activated: Pay 1500 LP; negate the Summon or activation, and if you do, destroy that card.$$$$Activation requirement/Cost/Effect$
65170459$Mistar Boy$Unlimited$WATER$[Aqua/Link/Effect]$2$Bottom-Left/Bottom-Right$$$$1400$- $$2 WATER monsters$$All WATER monsters on the field gain 500 ATK and DEF, also all FIRE monsters on the field lose 400 ATK and DEF. If this card is destroyed by battle or card effect: You can target 1 WATER monster in your GY; add it to your hand. You can only use this effect of "Mistar Boy" once per turn.$WATER$FIRE$Activates if destroyed by battle/Activates if destroyed by card effect/Adds from Graveyard to hand$Continuous/Trigger/Condition$
91269402$Cyberse Beacon$Unlimited$TRAP$$$$$$$$$$$$If you took damage by battle or an opponent's card effect this turn: Add 1 Level 4 or lower Cyberse monster from your Deck to your hand. You can only activate 1 "Cyberse Beacon" per turn.$Cyberse$$Adds from Deck to hand$Activation requirement/Effect/Condition$
