Passcode$Name$Status$Attribute$type$link$link_arrows$rank$pendulum_scale$level$attack$defense$spell_attribute$summoning_condition$pendulum_condition$card_text$card_supports$card_anti_supports$card_actions$effect_types$
67030233$Majestic Red Dragon$Unlimited$DARK$[Dragon/Synchro/Effect]$$$$$10$4000$3000$$"Majestic Dragon" + "Red Dragon Archfiend" + 1 non-Tuner monster$$Cannot be destroyed by card effects. After damage calculation, if this card attacks: Destroy all Defense Position monsters on the field. Once per turn: You can target 1 face-up monster your opponent controls; negate its effects, and if you do, this card gains ATK equal to that monster's ATK. These changes last until the end of this turn. During the End Phase: Target 1 "Red Dragon Archfiend" in your Graveyard; return this card from the field to the Extra Deck, then Special Summon that target.$Red Dragon Archfiend$$Returns itself from field to Extra Deck$Continuous/Trigger/Ignition$
09012916$Black-Winged Dragon$Unlimited$DARK$[Dragon/Synchro/Effect]$$$$$8$2800$1600$$1 Tuner + 1+ non-Tuner monsters$$If you would take damage from a card effect, place 1 Black Feather Counter on this card instead. This card loses 700 ATK for each Black Feather Counter on it. Once per turn: You can remove all Black Feather Counters from this card, then target 1 face-up monster your opponent controls; that target loses 700 ATK for each Black Feather Counter removed, and if it does, inflict damage to your opponent equal to the ATK lost by this effect.$$$$Continuous/Ignition$
14017402$Dragon Knight Draco-Equiste$Unlimited$WIND$[Dragon/Fusion/Effect]$$$$$10$3200$2000$$1 Dragon Synchro Monster + 1 Warrior monster$$Must first be Fusion Summoned. Once per turn: You can target 1 Dragon Synchro Monster in the GY; banish that target, and if you do, until the End Phase, this card's name becomes that monster's, and replace this effect with that monster's original effects. While this card is in Attack Position, your opponent takes any effect damage you would have taken from their card effects, instead.$Dragon/Synchro Monster/Warrior$$$Summon/Ignition/Continuous$
40044918$Elemental HERO Stratos$Unlimited$WIND$[Warrior/Effect]$$$$$4$1800$300$$$$When this card is Normal or Special Summoned: You can activate 1 of these effects.●Destroy Spells/Traps on the field, up to the number of "HERO" monsters you control, except this card.●Add 1 "HERO" monster from your Deck to your hand.$Supports archetypes /HERO$$Activates upon Normal Summon/Activates upon Special Summon/Adds from Deck to hand$Trigger$
24857466$Van'Dalgyon the Dark Dragon Lord$Unlimited$DARK$[Dragon/Effect]$$$$$8$2800$2500$$$$If you negate the activation of an opponent's Spell/Trap Card(s), or opponent's monster effect(s), with a Counter Trap Card (except during the Damage Step): You can Special Summon this card from your hand. If Summoned this way, activate these effects and resolve in sequence, depending on the type of card(s) negated by that Counter Trap:●Spell: Inflict 1500 damage to your opponent.●Trap: Target 1 card your opponent controls; destroy that target.●Monster: Target 1 monster in your Graveyard; Special Summon it.$Counter Trap Card$$$Trigger$
39439590$Cyber Dinosaur$Unlimited$LIGHT$[Machine/Effect]$$$$$7$2500$1900$$$$When your opponent Special Summons a monster from their hand (except during the Damage Step): You can Special Summon this card from your hand.$$$Activates from your hand/Activates upon Special Summon$Trigger$
19665973$Battle Fader$Unlimited$DARK$[Fiend/Effect]$$$$$1$0$0$$$$When an opponent's monster declares a direct attack: You can Special Summon this card from your hand, then end the Battle Phase. If Summoned this way, banish it when it leaves the field.$$$Activates from your hand/Activates upon attack declaration/Ends the Battle Phase$Trigger/Condition$
46668237$Green Baboon, Defender of the Forest$Unlimited$EARTH$[Beast/Effect]$$$$$7$2600$1800$$$$When a face-up Beast monster you control is destroyed and sent to the GY, while this card is in your hand or GY (except during the Damage Step): You can pay 1000 LP; Special Summon this card.$Beast$$Activates from your Graveyard$Trigger$
57793869$The Wicked Eraser$Unlimited$DARK$[Fiend/Effect]$$$$$10$?$?$$$$Cannot be Special Summoned. Must be Normal Summoned/Set by Tributing 3 monsters. This card's ATK/DEF are equal to the number of cards your opponent controls x 1000. During your Main Phase: You can destroy this card. If this card is destroyed and sent to the GY: Destroy all cards on the field.$$$$Summon/Continuous/Trigger/Ignition$
72714392$Blackwing - Vayu the Emblem of Honor$Unlimited$DARK$[Winged Beast/Tuner/Effect]$$$$$1$800$0$$$$This face-up card on the field cannot be used as a Synchro Material. If this card is in the Graveyard: You can target 1 non-Tuner "Blackwing" monster in your Graveyard; banish both this card and that target, and if you do, Special Summon 1 "Blackwing" Synchro Monster from your Extra Deck whose Level equals the total Levels of the banished monsters, but its effects are negated.$Supports archetypes /Blackwing$$Activates from your Graveyard$Continuous/Ignition$
79229522$Chimeratech Fortress Dragon$Unlimited$DARK$[Machine/Fusion/Effect]$$$$$8$0$0$$"Cyber Dragon" + 1+ Machine monsters$$Cannot be used as Fusion Material. Must first be Special Summoned (from your Extra Deck) by sending the above cards from either field to the GY. The original ATK of this card becomes 1000 x the number of materials used for its Special Summon.$Machine$Cyber Dragon/Machine$Sends Fusion Materials for Contact Fusion to Graveyard$Condition/Summon/Continuous$
50287060$Archfiend of Gilfer$Unlimited$DARK$[Fiend/Effect]$$$$$6$2200$2500$$$$When this card is sent to the GY: You can target 1 face-up monster on the field; equip this card to that target. That monster loses 500 ATK while equipped with this card.$$$Activates from your Graveyard/Equips self from Graveyard$Trigger/Continuous-like$
62180201$The Wicked Dreadroot$Unlimited$DARK$[Fiend/Effect]$$$$$10$4000$4000$$$$Cannot be Special Summoned. Must be Normal Summoned/Set by Tributing 3 monsters. The ATK/DEF of all other monsters on the field are halved.$$$$Summon/Continuous$
65192027$Dark Armed Dragon$Unlimited$DARK$[Dragon/Effect]$$$$$7$2800$1000$$$$Cannot be Normal Summoned/Set. Must be Special Summoned (from your hand) by having exactly 3 DARK monsters in your GY. You can banish 1 DARK monster from your GY, then target 1 card on the field; destroy that target.$DARK$$$Summon/Ignition$
38109772$Dragonic Knight$Unlimited$FIRE$[Dragon/Effect]$$$$$7$2800$2300$$$$When the effect of an opponent's monster is activated that targets and destroys a card(s) you control, you can send the targeted card(s) to the Graveyard to Special Summon this card from your hand.$$Effect Monster$Activates from your hand/Sends from field to Graveyard for cost$Quick$
