Passcode$Name$Status$Attribute$type$link$link_arrows$rank$pendulum_scale$level$attack$defense$spell_attribute$summoning_condition$pendulum_condition$card_text$card_supports$card_anti_supports$card_actions$effect_types$
93717133$Galaxy-Eyes Photon Dragon$Unlimited$LIGHT$[Dragon/Effect]$$$$$8$3000$2500$$$$You can Special Summon this card (from your hand) by Tributing 2 monsters with 2000 or more ATK. During the Battle Step, if this card battles an opponent's monster (Quick Effect): You can target that opponent's monster; banish both this card from the field and that target. Return those banished monsters to the field at the end of the Battle Phase, and if you banished an Xyz Monster, this card gains 500 ATK for each material it had when it was banished.$$Xyz Material/Xyz Monster$Tributes for cost/Returns banished cards to the field/Returns itself to the field while banished$Summon/Quick$
11411223$Number 10: Illumiknight$Unlimited$LIGHT$[Warrior/Xyz/Effect]$$$4$$$2400$2400$$3 Level 4 monsters$$Once per turn: You can detach 1 Xyz Material from this card; send 1 card from your hand to the Graveyard, and if you do, draw 1 card.$$$Sends from your hand to your Graveyard/You draw cards$Ignition$
42009836$Fossil Dyna Pachycephalo$Unlimited$EARTH$[Rock/Effect]$$$$$4$1200$1300$$$$If this card is flipped face-up: Destroy all Special Summoned monsters on the field. Neither player can Special Summon monsters.$$Special Summon$$Trigger/Continuous$
34022290$Guardian Eatos$Unlimited$WIND$[Fairy/Effect]$$$$$8$2500$2000$$$$If you have no monsters in your GY, you can Special Summon this card (from your hand). You can send 1 of your Equip Spells equipped to this card to the GY, then target up to 3 monsters in your opponent's GY; banish those targets, and if you do, this card gains 500 ATK for each monster banished by this effect, until the end of this turn.$Equip Spell Card$$Sends from your field to your Graveyard$Summon/Ignition$
36521459$Malefic Stardust Dragon$Unlimited$DARK$[Dragon/Effect]$$$$$8$2500$2000$$$$Cannot be Normal Summoned or Set. Must be Special Summoned (from your hand) by banishing 1 "Stardust Dragon" from your Extra Deck, and cannot be Special Summoned by other ways. There can only be 1 face-up "Malefic" monster on the field. Face-up Field Spell Cards cannot be destroyed by effects. Other monsters you control cannot declare an attack. If there is no face-up Field Spell Card on the field, destroy this card.$Stardust Dragon/Field Spell Card$Anti-supports archetypes /Malefic$$Summon/Unclassified/Continuous$
84749824$Solemn Warning$Unlimited$TRAP$$$$$$$$$Counter$$$When a monster(s) would be Summoned, OR when a Spell/Trap Card, or monster effect, is activated that includes an effect that Special Summons a monster(s): Pay 2000 LP; negate the Summon or activation, and if you do, destroy it.$$$$Activation requirement/Cost/Effect$
44178886$Ehren, Lightsworn Monk$Unlimited$LIGHT$[Warrior/Effect]$$$$$4$1600$1000$$$$If this card attacks a Defense Position monster, before damage calculation: Shuffle that monster into the Deck. Once per turn, during your End Phase: Send the top 3 cards of your Deck to the Graveyard.$$$Returns from your opponent's field to your opponent's Deck/Sends from the top of your Deck to your Graveyard$Trigger$
31383545$XX-Saber Darksoul$Unlimited$EARTH$[Beast/Effect]$$$$$3$100$100$$$$During the End Phase, if this card was sent from your side of the field to your Graveyard this turn: You can add 1 "X-Saber" monster from your Deck to your hand.$Supports archetypes /X-Saber$$Activates from your Graveyard/Adds from Deck to hand$Trigger$
88071625$The Tyrant Neptune$Forbidden(OCG)$WATER$[Reptile/Effect]$$$$$10$0$0$$$$Cannot be Special Summoned. You can Tribute Summon this card by Tributing 1 monster. This card gains the total original ATK and DEF of the monster(s) Tributed for its Tribute Summon. When this card is Tribute Summoned: Target 1 Effect Monster in the Graveyard that was Tributed for the Tribute Summon; this card's name becomes that target's name, and this card gains that target's effects.$$$Activates upon Tribute Summon$Summon/Continuous/Trigger$
