Passcode$Name$Status$Attribute$type$link$link_arrows$rank$pendulum_scale$level$attack$defense$spell_attribute$summoning_condition$pendulum_condition$card_text$card_supports$card_anti_supports$card_actions$effect_types$
90411554$Redox, Dragon Ruler of Boulders$Forbidden(OCG)$EARTH$[Dragon/Effect]$$$$$7$1600$3000$$$$If this card is in your hand or Graveyard: You can banish a total of 2 EARTH and/or Dragon-Type monsters from your hand and/or Graveyard, except this card; Special Summon this card. During your opponent's End Phase, if this card was Special Summoned: Return it to the hand. You can discard this card and 1 EARTH monster to the Graveyard, then target 1 monster in your Graveyard; Special Summon that target. If this card is banished: You can add 1 EARTH Dragon-Type monster from your Deck to your hand. You can only use 1 "Redox, Dragon Ruler of Boulders" effect per turn, and only once that turn.$EARTH/Dragon$$Returns itself from field to hand/Discards itself for cost/Discards for cost/Adds from Deck to hand$Ignition/Trigger/Condition$
89399912$Tempest, Dragon Ruler of Storms$Limited$WIND$[Dragon/Effect]$$$$$7$2400$2200$$$$You can discard this card and 1 WIND monster to the GY; add 1 Dragon monster from your Deck to your hand. You can banish a total of 2 WIND and/or Dragon monsters from your hand and/or GY; Special Summon this card from your hand or GY. During your opponent's End Phase, if you control this Special Summoned card: Return it to the hand. If this card is banished: You can add 1 WIND Dragon monster from your Deck to your hand. You can only use 1 "Tempest, Dragon Ruler of Storms" effect per turn, and only once that turn.$WIND/Dragon$$Returns itself from field to hand/Discards itself for cost/Discards for cost/Adds from Deck to hand/Activates from your hand/Activates from your Graveyard/Activates while banished$Ignition/Trigger/Condition$
95169481$Diamond Dire Wolf$Unlimited$EARTH$[Beast/Xyz/Effect]$$$4$$$2000$1200$$2 Level 4 monsters$$Once per turn: You can detach 1 Xyz Material from this card, then target 1 Beast, Beast-Warrior, or Winged Beast-Type monster you control and 1 other card on the field; destroy them.$Beast/Beast-Warrior/Winged Beast$$$Ignition$
48995978$Number 88: Gimmick Puppet of Leo$Unlimited$DARK$[Machine/Xyz/Effect]$$$8$$$3200$2300$$3 Level 8 monsters$$Once per turn, if you have no cards in your Spell & Trap Card Zone: You can detach 1 Xyz Material from this card, and if you do, place 1 Destiny Counter on this card. You cannot conduct your Battle Phase the turn you activate this effect. When 3 Destiny Counters are on this card, you win the Duel.$$$Detaches Xyz Materials for effect/Cannot conduct Battle Phase$Ignition/Condition$
56981417$Spellbook of the Master$Unlimited$SPELL$$$$$$$$$$$$If you control a Spellcaster-Type monster: You can reveal 1 other "Spellbook" card in your hand, then target 1 "Spellbook" Normal Spell Card in your Graveyard, except "Spellbook of the Master"; this card's effect becomes that target's effect. You can only activate 1 "Spellbook of the Master" per turn.$Supports archetypes /Spellbook$$Reveals your hand for cost/Resolves as another card's effect$Activation requirement/Effect/Condition$
47660516$Rank-Up-Magic Barian's Force$Unlimited$SPELL$$$$$$$$$$$$Target 1 face-up Xyz Monster you control; Special Summon from your Extra Deck, 1 "Number C" or "CXyz" monster with the same Type as that monster you control but 1 Rank higher, by using it as the Xyz Material. (This Special Summon is treated as an Xyz Summon. Xyz Materials attached to it also become Xyz Materials on the Summoned monster.) Then, if possible, detach 1 Xyz Material from a monster your opponent controls and attach it to the Summoned monster as an Xyz Material.$Supports archetypes /CXyz/Number C$Xyz Monster$Transfers/Detaches Xyz Materials for effect/Attaches as Xyz Material$Effect$
48049769$Thunder Sea Horse$Unlimited$LIGHT$[Thunder/Effect]$$$$$4$1600$1600$$$$You can discard this card; add 2 Level 4 LIGHT Thunder-Type monsters of the same name with 1600 or less ATK from your Deck to your hand. You can only use the effect of "Thunder Sea Horse" once per turn. You cannot Special Summon during the turn you activate this effect.$LIGHT/Thunder$$Activates from your hand/Discards itself for cost/Adds from Deck to hand$Ignition/Condition$
28912357$Gear Gigant X$Unlimited$EARTH$[Machine/Xyz/Effect]$$$4$$$2300$1500$$2 Level 4 Machine monsters$$Once per turn: You can detach 1 material from this card; add 1 Level 4 or lower Machine monster from your Deck or GY to your hand. When this face-up card leaves the field: You can target 1 Level 3 or lower "Geargia" monster in your GY; Special Summon that target.$Supports archetypes /Geargia$$Adds from Deck to hand/Adds from Graveyard to hand/Activates when it leaves the field$Ignition/Trigger$
51735257$Number 50: Blackship of Corn$Unlimited$DARK$[Plant/Xyz/Effect]$$$4$$$2100$1500$$2 Level 4 monsters$$Once per turn: You can detach 1 Xyz Material from this card, then target 1 face-up monster your opponent controls with ATK less than or equal to this card's; send it to the Graveyard, and if you do, inflict 1000 damage to your opponent. This card cannot attack the turn you activate this effect.$$$Sends from your opponent's field to your opponent's Graveyard$Ignition$
