Passcode$Name$Status$Attribute$type$link$link_arrows$rank$pendulum_scale$level$attack$defense$spell_attribute$summoning_condition$pendulum_condition$card_text$card_supports$card_anti_supports$card_actions$effect_types$
69610924$Number 17: Leviathan Dragon$Unlimited$WATER$[Dragon/Xyz/Effect]$$$3$$$2000$0$$2 Level 3 monsters$$Cannot attack directly unless it has material. Once per turn: You can detach 1 material from this card; it gains 500 ATK.$$$$Ignition/Continuous$
68597372$Wind-Up Zenmaister$Unlimited$EARTH$[Machine/Xyz/Effect]$$$4$$$1900$1500$$2 Level 4 monsters$$This card gains 300 ATK for each Xyz Material attached to this card. Once per turn: You can detach 1 Xyz Material from this card to target 1 face-up monster you control; change that face-up monster to face-down Defense Position, and if you do, during the End Phase of this turn, change it to face-up Attack Position.$$$Flips monsters face-down/Flips monsters face-up/Changes battle positions$Continuous/Ignition$
78651105$Beast King Barbaros$Unlimited$EARTH$[Beast-Warrior/Effect]$$$$$8$3000$1200$$$$You can Normal Summon/Set this card without Tributing, but its original ATK becomes 1900. You can Tribute 3 monsters to Tribute Summon (but not Set) this card. If Summoned this way: Destroy all cards your opponent controls.$$$$Unclassified/Trigger$
11366199$Dark Simorgh$Unlimited$DARK$[Winged Beast/Effect]$$$$$7$2700$1000$$$$While face-up on the field, this card is also WIND-Attribute. If this card is in your hand: You can banish 1 DARK and 1 WIND monster from your GY; Special Summon this card. If this card is in your GY: You can banish 1 DARK and 1 WIND monster from your hand; Special Summon this card. Your opponent cannot Set cards.$WIND/DARK$$Activates from your Graveyard/Prevents your opponent's Sets$Continuous/Ignition$
13521194$Stygian Street Patrol$Unlimited$DARK$[Fiend/Effect]$$$$$4$1600$1200$$$$If this card destroys a monster by battle and sends it to the GY: Inflict damage to your opponent equal to the original Level of that monster in the GY x 100. You can banish this card from your GY; Special Summon 1 Fiend monster with 2000 or less ATK from your hand.$Fiend$$Activates when it destroys a monster by battle/Activates from your Graveyard$Trigger/Ignition$
98645731$Pot of Duality$Unlimited$SPELL$$$$$$$$$$$$Excavate the top 3 cards of your Deck, add 1 of them to your hand, also, after that, shuffle the rest back into your Deck. You can only activate 1 "Pot of Duality" per turn. You cannot Special Summon during the turn you activate this card.$$$Excavates from the player's Deck/Adds from Deck to hand/Adds excavated cards to the hand/Shuffles excavated cards into the Deck$Effect/Condition$
12510878$Neo-Parshath, the Sky Paladin$Unlimited$LIGHT$[Fairy/Effect]$$$$$7$2300$2000$$$$You can Special Summon this card (from your hand) by Tributing 1 "Airknight Parshath". If this card attacks a Defense Position monster, inflict piercing battle damage. If this card inflicts battle damage to your opponent: Draw 1 card. While "The Sanctuary in the Sky" is on the field and your LP is higher than your opponent's, this card gains ATK/DEF equal to the difference in LP.$Airknight Parshath/The Sanctuary in the Sky$$Activates when it inflicts battle damage/You draw cards$Summon/Continuous/Trigger$
59509952$Archlord Kristya$Unlimited$LIGHT$[Fairy/Effect]$$$$$8$2800$2300$$$$If you have exactly 4 Fairy monsters in your GY, you can Special Summon this card (from your hand). If Summoned this way: Target 1 Fairy monster in your GY; add that target to your hand. Neither player can Special Summon monsters. If this face-up card would be sent from the field to the GY, place it on top of the Deck, instead.$Fairy$$Activates from your hand/Adds from Graveyard to hand/Returns itself from field to Deck/Returns to the Deck cards that would be sent to the Graveyard$Unclassified/Trigger/Continuous$
16304628$Elemental HERO Gaia$Unlimited$EARTH$[Warrior/Fusion/Effect]$$$$$6$2200$2600$$1 "Elemental HERO" monster + 1 EARTH monster$$Must be Fusion Summoned and cannot be Special Summoned by other ways. When this card is Fusion Summoned: Target 1 face-up monster your opponent controls; until the End Phase, its ATK is halved and this card gains the same amount of ATK.$Supports archetypes /Elemental HERO$$Activates upon Fusion Summon$Summon/Trigger$
