Passcode$Name$Status$Attribute$type$link$link_arrows$rank$pendulum_scale$level$attack$defense$spell_attribute$summoning_condition$pendulum_condition$card_text$card_supports$card_anti_supports$card_actions$effect_types$
42752141$Evolzar Dolkka$Unlimited$FIRE$[Dragon/Xyz/Effect]$$$4$$$2300$1700$$2 Level 4 Dinosaur monsters$$When another monster's effect is activated (Quick Effect): You can detach 1 material from this card; negate the activation, and if you do, destroy that monster.$Dinosaur$$$Quick$
60645181$Heroic Champion - Excalibur$Unlimited$LIGHT$[Warrior/Xyz/Effect]$$$4$$$2000$2000$$2 Level 4 Warrior monsters$$Once per turn: You can detach 2 materials from this card; this card's ATK becomes double its original ATK until the end of your opponent's turn.$Warrior$$Detaches multiple Xyz Materials as cost$Ignition$
19182751$Genex Neutron$Unlimited$LIGHT$[Machine/Effect]$$$$$4$1800$1200$$$$Once per turn, during the End Phase, if this card was Normal Summoned this turn: You can add 1 Machine-Type Tuner monster from your Deck to your hand.$Machine/Tuner monster$$Adds from Deck to hand$Trigger$
76774528$Scrap Dragon$Unlimited$EARTH$[Dragon/Synchro/Effect]$$$$$8$2800$2000$$1 Tuner + 1+ non-Tuner monsters$$Once per turn: You can target 1 card you control and 1 card your opponent controls; destroy them. When this card in your possession is destroyed by your opponent's card and sent to your GY: Target 1 non-Synchro "Scrap" monster in your GY; Special Summon that target.$Supports archetypes /Scrap$$Activates from your Graveyard$Ignition/Trigger$
75326861$Dark Highlander$Unlimited$DARK$[Fiend/Synchro/Effect]$$$$$7$2800$2300$$1 Fiend-Type Tuner + 1 or more non-Tuner Fiend-Type monsters$$Neither player can Synchro Summon. Once per turn: You can target 1 monster your opponent controls that is equipped with an Equip Card; destroy all Equip Cards equipped to that monster, and if you do, inflict 400 damage to your opponent for each card destroyed.$Fiend$Synchro Monster/Equip Card$$Continuous/Ignition$
78156759$Wind-Up Zenmaines$Unlimited$FIRE$[Machine/Xyz/Effect]$$$3$$$1500$2100$$2 Level 3 monsters$$If this face-up card on the field would be destroyed, you can detach 1 Xyz Material from this card instead. Once per turn, during the End Phase, if this effect was used this turn: Target 1 card on the field; destroy it.$$$Detaches Xyz Materials for effect$Continuous/Trigger$
28348537$Blizzard Princess$Unlimited$WATER$[Spellcaster/Effect]$$$$$8$2800$2100$$$$You can Tribute Summon this card in face-up Attack Position by Tributing 1 Spellcaster-Type monster. After this card was Normal Summoned, your opponent cannot activate Spell/Trap Cards for the rest of that turn.$Spellcaster$$$Summon/Unclassified$
42874792$Wind-Up Rabbit$Unlimited$EARTH$[Beast-Warrior/Effect]$$$$$3$1400$600$$$$(Quick Effect): You can target 1 "Wind-Up" monster you control; banish it until your next Standby Phase. This effect can be used only once while this card is face-up on the field.$Supports archetypes /Wind-Up$$Returns banished cards to the field$Quick/Condition$
74294676$Evolzar Laggia$Unlimited$FIRE$[Dragon/Xyz/Effect]$$$4$$$2400$2000$$2 Level 4 Dinosaur monsters$$When a monster(s) would be Normal or Special Summoned, OR a Spell/Trap Card is activated (Quick Effect): You can detach 2 materials from this card; negate the Summon or activation, and if you do, destroy it.$Dinosaur$$Detaches multiple Xyz Materials as cost$Quick$
