Passcode$Name$Status$Attribute$type$link$link_arrows$rank$pendulum_scale$level$attack$defense$spell_attribute$summoning_condition$pendulum_condition$card_text$card_supports$card_anti_supports$card_actions$effect_types$
38898779$Colossal Fighter/Assault Mode$Unlimited$DARK$[Warrior/Effect]$$$$$10$3300$1500$$$$This card cannot be Normal Summoned or Set. This card cannot be Special Summoned except with "Assault Mode Activate". When this card is Special Summoned, you can send up to 2 Warrior-Type monsters from your Deck to the Graveyard. All monsters your opponent controls lose 100 ATK for every Warrior-Type monster in your Graveyard. When this card on the field is destroyed, you can Special Summon 1 "Colossal Fighter" from your Graveyard.$Warrior/Colossal Fighter/Assault Mode Activate$$Sends from your Deck to your Graveyard$Summon/Trigger/Continuous$
88559132$Turret Warrior$Unlimited$EARTH$[Warrior/Effect]$$$$$5$1200$2000$$$$You can Special Summon this card (from your hand) by Tributing 1 Warrior-Type monster, and if you do, it gains ATK equal to the Tributed monster's original ATK.$Warrior$$Activates from your hand/Tributes for cost$Summon$
14943837$Debris Dragon$Unlimited$WIND$[Dragon/Tuner/Effect]$$$$$4$1000$2000$$$$When this card is Normal Summoned: You can target 1 monster with 500 or less ATK in your GY; Special Summon that target in Attack Position, but negate its effects. Cannot be used as Synchro Material, except for the Synchro Summon of a Dragon monster. The other Synchro Material(s) cannot be Level 4.$Dragon/Synchro Monster$$Activates upon Normal Summon$Trigger/Condition$
40348946$Hyper Synchron$Unlimited$LIGHT$[Machine/Tuner/Effect]$$$$$4$1600$800$$$$If this card is sent to the Graveyard for the Synchro Summon of a Dragon-Type monster: That monster gains 800 ATK, also banish that face-up monster during the End Phase.$Dragon$$Activates from your Graveyard/Activates if used as Synchro Material$Trigger$
77336644$Red Dragon Archfiend/Assault Mode$Unlimited$DARK$[Dragon/Effect]$$$$$10$3500$2500$$$$This card cannot be Normal Summoned or Set. This card cannot be Special Summoned except with "Assault Mode Activate". If this card attacks, destroy all other monsters after damage calculation. When this card on the field is destroyed, you can Special Summon 1 "Red Dragon Archfiend" from your Graveyard.$Red Dragon Archfiend/Assault Mode Activate$$$Summon/Trigger$
13821299$Trap Eater$Unlimited$DARK$[Fiend/Tuner/Effect]$$$$$4$1900$1600$$$$Cannot be Normal Summoned/Set. Must be Special Summoned (from your hand) by sending 1 face-up Trap your opponent controls to the GY.$$$Sends from field to Graveyard for cost/Sends from your opponent's field to your opponent's Graveyard$Summon$
40225398$Twin-Sword Marauder$Unlimited$DARK$[Warrior/Effect]$$$$$4$1600$1000$$$$Once per Battle Phase, if this card attacks a Defense Position monster, it can make a second attack in a row. If this card attacks a Defense Position monster, inflict piercing Battle Damage to your opponent.$$$$Continuous$
76614003$Dark Tinker$Unlimited$DARK$[Fiend/Tuner/Effect]$$$$$2$1000$1300$$$$When this card you control is sent to the Graveyard, look at the top card of your Deck. Return that card to either the top or the bottom of the Deck.$$$Activates from your Graveyard/Looks at cards from the top of your Deck/Changes your Deck order/Places cards from your Deck on the top of the Deck/Places cards from your Deck on the bottom of the Deck$Trigger$
02009101$Blackwing - Gale the Whirlwind$Unlimited$DARK$[Winged Beast/Tuner/Effect]$$$$$3$1300$400$$$$If you control a "Blackwing" monster other than "Blackwing - Gale the Whirlwind", you can Special Summon this card (from your hand). Once per turn: You can target 1 face-up monster your opponent controls; that target's ATK and DEF become half its current ATK and DEF.$Supports archetypes /Blackwing$$$Summon/Ignition$
49003716$Blackwing - Bora the Spear$Unlimited$DARK$[Winged Beast/Effect]$$$$$4$1700$800$$$$If you control a "Blackwing" monster other than "Blackwing - Bora the Spear", you can Special Summon this card (from your hand). If this card attacks a Defense Position monster, inflict piercing battle damage.$Supports archetypes /Blackwing$$$Summon/Continuous$
75498415$Blackwing - Sirocco the Dawn$Unlimited$DARK$[Winged Beast/Effect]$$$$$5$2000$900$$$$If your opponent controls a monster and you control no monsters, you can Normal Summon/Set this card without Tributing. Once per turn, during your Main Phase 1: You can target 1 "Blackwing" monster you control; until the end of this turn, it gains ATK equal to the total ATK of all "Blackwing" monsters currently on the field, except itself. Monsters other than the targeted monster cannot attack during the turn you activate this effect.$Supports archetypes /Blackwing$Anti-supports archetypes /Blackwing$$Summon/Ignition/Condition$
02986553$Twilight Rose Knight$Unlimited$DARK$[Warrior/Tuner/Effect]$$$$$3$1000$1000$$$$Monsters your opponent controls cannot target Plant monsters for attacks. When this card is Normal Summoned: You can Special Summon 1 Level 4 or lower Plant monster from your hand.$Plant$$$Continuous/Trigger$
89493368$Summon Reactor ・SK$Unlimited$DARK$[Machine/Effect]$$$$$5$2000$1400$$$$The first time a monster(s) is Summoned to your opponent's side of the field each turn, inflict 800 damage to your opponent. During the Battle Phase of the turn this effect is activated, you can negate the attack of 1 monster your opponent controls. You can send 1 face-up "Trap Reactor ・Y FI", 1 face-up "Spell Reactor ・RE", and this face-up card you control to the Graveyard to Special Summon 1 "Flying Fortress SKY FIRE" from your hand, Deck, or Graveyard.$Trap Reactor・Y FI/Spell Reactor・RE/Flying Fortress SKY FIRE$$Activates upon Normal Summon/Activates upon Flip Summon/Activates upon Special Summon/Sends from field to Graveyard for cost/Sends itself from field to Graveyard for cost$Trigger/Ignition$
52286175$Trap Reactor ・Y FI$Unlimited$DARK$[Machine/Effect]$$$$$4$800$1800$$$$Once per turn, when your opponent activates a Trap Card, you can destroy the Trap Card and inflict 800 damage to your opponent.$$$$Trigger$
15175429$Spell Reactor ・RE$Unlimited$DARK$[Machine/Effect]$$$$$3$1200$900$$$$Once per turn, when your opponent activates a Spell Card, you can destroy the Spell Card and inflict 800 damage to your opponent.$$$$Trigger$
88671720$Black Salvo$Unlimited$DARK$[Machine/Tuner/Effect]$$$$$3$100$1100$$$$When this card is Normal Summoned: You can target 1 Level 4 DARK Machine-Type monster in your Graveyard; Special Summon that target in Defense Position, but its effects are negated.$DARK/Machine$$Activates upon Normal Summon$Trigger$
16898077$Flying Fortress SKY FIRE$Unlimited$WIND$[Machine/Effect]$$$$$8$3000$2500$$$$This card cannot be Normal Summoned or Set. This card cannot be Special Summoned except with the effect of "Summon Reactor ・SK". Once per turn, you can send 1 card from your hand to the Graveyard to destroy 1 card your opponent controls. Once during each of your opponent's turns, you can activate 1 of the following effects:●When your opponent Normal Summons or Special Summons a monster, destroy it and inflict 800 damage to your opponent.●When your opponent Sets a card, destroy it and inflict 800 damage to your opponent.$Summon Reactor・SK$$Sends from hand to Graveyard for cost/Activates upon Normal Summon/Activates upon Flip Summon/Activates upon Special Summon$Summon/Ignition/Quick$
48381268$Morphtronic Boarden$Unlimited$EARTH$[Machine/Effect]$$$$$3$500$1800$$$$●While in Attack Position: "Morphtronic" monsters you control can attack your opponent directly.●While in Defense Position: Other "Morphtronic" monsters you control cannot be destroyed by battle.$Supports archetypes /Morphtronic$$$Continuous$
75775867$Morphtronic Slingen$Unlimited$WIND$[Machine/Effect]$$$$$4$1200$800$$$$●While in Attack Position: Once per turn, you can Tribute 1 "Morphtronic" monster, except "Morphtronic Slingen", to destroy 1 card on the field.●While in Defense Position: If this card would be destroyed, you can destroy another "Morphtronic" monster you control instead.$Supports archetypes /Morphtronic$$Tributes for cost$Ignition/Continuous$
01764972$Doomkaiser Dragon/Assault Mode$Unlimited$FIRE$[Zombie/Effect]$$$$$8$2900$2000$$$$This card cannot be Normal Summoned or Set. This card cannot be Special Summoned except with "Assault Mode Activate". When this card is Special Summoned, Special Summon any number of Zombie-Type monsters from either player's Graveyard(s) to your side of the field. Those monsters' effects are negated, and they are destroyed during the End Phase this turn. When this card on the field is destroyed, you can Special Summon 1 "Doomkaiser Dragon" from your Graveyard.$Zombie/Doomkaiser Dragon/Assault Mode Activate$Zombie$$Summon/Trigger$
37169670$Hyper Psychic Blaster/Assault Mode$Unlimited$EARTH$[Psychic/Effect]$$$$$11$3500$3000$$$$This card cannot be Normal Summoned or Set. This card cannot be Special Summoned except with "Assault Mode Activate". If this card battles a monster, at the end of the Damage Step, inflict damage to your opponent equal to that monster's DEF and gain Life Points equal to its ATK. When this card on the field is destroyed, you can Special Summon 1 "Hyper Psychic Blaster" from your Graveyard.$Hyper Psychic Blaster/Assault Mode Activate$$$Summon/Trigger$
14553285$Arcanite Magician/Assault Mode$Unlimited$LIGHT$[Spellcaster/Effect]$$$$$9$900$2300$$$$This card cannot be Normal Summoned or Set. This card cannot be Special Summoned except with "Assault Mode Activate". When this card is Special Summoned, place 2 Spell Counters on it. This card gains 1000 ATK for each Spell Counter on it. You can remove 2 Spell Counters from this card to destroy all cards your opponent controls. When this card on the field is destroyed, you can Special Summon 1 "Arcanite Magician" from your Graveyard.$Assault Mode Activate/Arcanite Magician$$Activates upon Special Summon/Activates if destroyed by battle/Activates if destroyed by card effect$Summon/Trigger/Continuous/Ignition$
40048324$Arcane Apprentice$Unlimited$FIRE$[Spellcaster/Tuner/Effect]$$$$$2$1000$400$$$$If this card is sent to the Graveyard for a Synchro Summon, you can add 1 "Assault Mode Activate" from your Deck to your hand.$Synchro Monster/Assault Mode Activate$$Activates from your Graveyard/Adds from Deck to hand$Trigger$
77036039$Assault Mercenary$Unlimited$EARTH$[Warrior/Effect]$$$$$4$1800$300$$$$Once per turn, you can return 1 "Assault Mode Activate" from your hand or Graveyard to the Deck to destroy 1 Spell or Trap Card your opponent controls.$Assault Mode Activate$$Returns from hand to Deck for cost/Returns from Graveyard to Deck for cost$Ignition$
03431737$Assault Beast$Unlimited$EARTH$[Beast-Warrior/Effect]$$$$$4$1900$1200$$$$You can discard this card to the GY; add 1 "Assault Mode Activate" from your Deck to your hand.$Assault Mode Activate$$Activates from your hand/Discards itself for cost/Adds from Deck to hand$Ignition$
49826746$Night Wing Sorceress$Unlimited$WIND$[Spellcaster/Effect]$$$$$3$1300$1200$$$$You can activate "Assault Mode Activate" the turn it is Set.$Assault Mode Activate$$$Continuous$
76214441$Lifeforce Harmonizer$Unlimited$WIND$[Psychic/Effect]$$$$$2$800$400$$$$When your opponent activates a card's effect that inflicts damage, you can discard this card to negate its activation and destroy it.$$$Discards itself for cost$Quick$
02619149$Gladiator Beast Samnite$Unlimited$EARTH$[Beast/Effect]$$$$$3$1600$1200$$$$If this card was Special Summoned by the effect of a "Gladiator Beast" monster, when this card destroys an opponent's monster by battle and sends it to the Graveyard, you can add 1 "Gladiator Beast" card from your Deck to your hand. At the end of the Battle Phase, if this card attacked or was attacked, you can return it to the Deck to Special Summon 1 "Gladiator Beast" monster from your Deck, except "Gladiator Beast Samnite".$Supports archetypes /Gladiator Beast$$Adds from Deck to hand/Returns itself from field to Deck for cost$Trigger$
46239604$Dupe Frog$Unlimited$WATER$[Aqua/Effect]$$$$$2$100$2000$$$$This card's name becomes "Des Frog" while on the field. Monsters your opponent controls cannot target monsters for attacks, except this one. When this card is sent from the field to the GY: You can add 1 "Frog" monster from your Deck or GY to your hand, except "Dupe Frog".$Supports archetypes /Frog$$Activates from your Graveyard/Adds from Deck to hand/Adds from Graveyard to hand$Continuous/Trigger$
81278754$Flip Flop Frog$Unlimited$WATER$[Aqua/Effect]$$$$$2$500$200$$$$Once per turn, you can flip this card into face-down Defense Position. When this card is flipped face-up, you can return monsters your opponent controls to their owners' hand up to the number of face-up "Frog" monsters you control, except "Frog the Jam".$Supports archetypes /Frog$$Flips itself face-down/Changes battle positions/Returns from field to hand$Ignition/Trigger$
75937826$B.E.S. Big Core MK-2$Unlimited$FIRE$[Machine/Effect]$$$$$6$2400$1100$$$$If you control no monsters, you can Normal Summon this card without Tributing.When this card is Special Summoned, place 3 counters on it. This card cannot be destroyed by battle. If this card attacks or is attacked, remove 1 counter from this card at the end of the Damage Step. If you cannot, destroy it.$$$Activates upon Special Summon$Summon/Trigger/Continuous$
39703254$Inmato$Unlimited$DARK$[Plant/Effect]$$$$$3$1400$800$$$$When 1 other face-up Plant-Type monster is targeted by the effect of a Spell or Trap Card your opponent controls, you can Tribute this card to draw 2 cards.$Plant$$Tributes itself for cost/You draw cards$Quick$
75198893$Scanner$Unlimited$LIGHT$[Machine/Effect]$$$$$1$?$?$$$$Once per turn, you can select 1 of your opponent's monsters that is removed from play. Until the End Phase, this card's name is treated as the selected monster's name, and this card has the same Attribute, Level, ATK, and DEF as the selected monster. If this card is removed from the field while this effect is applied, remove it from play.$$$$Ignition/Condition$
01596508$Dimension Fortress Weapon$Unlimited$DARK$[Machine/Effect]$$$$$4$1700$200$$$$Cards cannot be sent from the Deck to the GY.$$$Prevents sending cards from Deck to Graveyard$Continuous$
38981606$Desert Protector$Unlimited$EARTH$[Insect/Effect]$$$$$4$800$1000$$$$This card gains 300 DEF for each Spell and Trap Card on the field. If an Insect-Type monster you control would be destroyed, you can destroy this card instead.$Insect$$$Continuous$
74976215$Cross-Sword Beetle$Unlimited$WIND$[Insect/Effect]$$$$$4$1800$1200$$$$While you control an Insect-Type monster (other than this card), if an Insect-Type monster you control attacks a Defense Position monster, inflict piercing battle damage to your opponent.$Insect$$$Continuous$
01474910$Bee List Soldier$Unlimited$WIND$[Insect/Effect]$$$$$1$500$400$$$$You can Tribute this card and 1 face-up Insect monster, except "Bee List Soldier"; draw 2 cards.$Insect$$Tributes for cost/Tributes itself for cost/You draw cards$Ignition$
37869028$Hydra Viper$Unlimited$WATER$[Reptile/Effect]$$$$$4$1800$400$$$$Each time this card declares an attack, you must Tribute 1 Aqua-Type monster. This card can attack 3 times during each Battle Phase.$Aqua$$Tributes for cost$Continuous$
63253763$Alien Overlord$Unlimited$DARK$[Reptile/Effect]$$$$$6$2200$1600$$$$You can remove 2 A-Counters from anywhere on the field to Special Summon this card from your hand. Once per turn, you can place 1 A-Counter on each face-up monster your opponent controls. (If a monster with an A-Counter battles an "Alien" monster, it loses 300 ATK and DEF for each A-Counter during damage calculation only.) You can only control 1 "Alien Overlord".$Supports archetypes /Alien$$Activates from your hand/Distributes A-Counter$Summon/Ignition/Continuous/Unclassified$
00652362$Alien Ammonite$Unlimited$LIGHT$[Reptile/Tuner/Effect]$$$$$1$500$200$$$$When this card is Normal Summoned: You can target 1 Level 4 or lower "Alien" monster in your GY; Special Summon it, but destroy it during the End Phase.$Supports archetypes /Alien$$Activates upon Normal Summon$Trigger$
32646477$Dark Strike Fighter$Unlimited$DARK$[Machine/Synchro/Effect]$$$$$7$2600$1800$$1 Tuner + 1 or more non-Tuner monsters$$During your Main Phase 1: You can Tribute 1 monster; inflict damage to your opponent equal to the Tributed monster's Level on the field x 200. You can only use this effect of "Dark Strike Fighter" once per turn.$$$Tributes for cost$Ignition/Condition$
69031175$Blackwing Armor Master$Unlimited$DARK$[Winged Beast/Synchro/Effect]$$$$$7$2500$1500$$1 "Blackwing" Tuner + 1 or more non-Tuner monsters$$Cannot be destroyed by battle, and you take no battle damage from attacks involving this card. At the end of the Damage Step, if this card attacked a monster: You can place 1 Wedge Counter on that monster (max. 1). You can remove all Wedge Counters from your opponent's monsters; the ATK and DEF of those monsters that had Wedge Counters become 0 until the end of this turn.$Supports archetypes /Blackwing$$$Continuous/Trigger/Ignition$
95526884$Hyper Psychic Blaster$Unlimited$EARTH$[Psychic/Synchro/Effect]$$$$$9$3000$2500$$1 Tuner + 1 or more non-Tuner Psychic-Type Monsters$$If this card attacks a Defense Position monster, inflict piercing battle damage to your opponent. At the end of the Damage Step, if this card attacked a Defense Position monster and that monster's DEF is lower than this card's ATK (use its original values if the other monster is no longer on the field): Gain LP equal to the surplus.$Psychic$$$Continuous/Trigger$
31924889$Arcanite Magician$Unlimited$LIGHT$[Spellcaster/Synchro/Effect]$$$$$7$400$1800$$1 Tuner + 1+ non-Tuner Spellcaster monsters$$If this card is Synchro Summoned: Place 2 Spell Counters on it. This card gains 1000 ATK for each Spell Counter on it. You can remove 1 Spell Counter from your field, then target 1 card your opponent controls; destroy that target.$Spellcaster$$Activates upon Synchro Summon$Trigger/Continuous/Ignition$
68319538$Cosmic Fortress Gol'gar$Unlimited$LIGHT$[Reptile/Synchro/Effect]$$$$$5$2600$1800$$"Alien Ammonite" + 1 or more non-Tuner "Alien" monsters$$Once per turn, you can select any number of face-up Spell or Trap Cards. Return those cards to their owners' hands, and distribute new A-Counters among monsters on the field equal to the number of cards returned. Once per turn, you can remove 2 A-Counters from anywhere on the field to destroy 1 card your opponent controls.$Supports archetypes /Alien$$Returns from field to hand/Distributes A-Counter$Ignition$
94303232$Prevention Star$Unlimited$SPELL$$$$$$$$$Equip$$$Equip only to a monster you control, if it was changed from face-up Attack Position to face-up Defense Position this turn. Select 1 monster your opponent controls. That monster cannot attack or change its battle position. When the equipped monster is destroyed and this card is sent to the Graveyard, remove from play the selected monster.$$$Prevents Battle Position changes/Activates from your Graveyard$Condition/Continuous-like/Trigger-like$
21702241$Vengeful Servant$Unlimited$SPELL$$$$$$$$$Equip$$$When control of the equipped monster changes, inflict damage equal to its original ATK to its new controller.$$$$Trigger-like$
67196946$Star Blast$Unlimited$SPELL$$$$$$$$$$$$Pay any number of Life Points in multiples of 500; reduce the Level of 1 monster you control or that is in your hand by 1 for each 500 Life Points you paid, until the End Phase.$$$$Cost/Effect$
94681654$Raptor Wing Strike$Unlimited$SPELL$$$$$$$$$$$$Shuffle 1 "Blackwing" monster you control into the Main Deck; add 1 "Blackwing" monster from your Deck to your hand.$Supports archetypes /Blackwing$$Returns from field to Deck for cost/Adds from Deck to hand$Cost/Effect$
20686759$Morphtronic Rusty Engine$Unlimited$SPELL$$$$$$$$$Equip$$$Equip only to a "Morphtronic" monster. If the equipped monster is destroyed, inflict damage to each player equal to its original ATK.$Supports archetypes /Morphtronic$$$Condition/Trigger-like$
56074358$Morphtronic Map$Unlimited$SPELL$$$$$$$$$Field$$$Each time a monster's battle position is changed, place 1 Morph Counter on this card. All "Morphtronic" monsters gain 300 ATK for each Morph Counter on this card. When this card is destroyed and sent from the field to the Graveyard, you can Special Summon 1 "Morphtronic" monster from your Graveyard.$Supports archetypes /Morphtronic$$Activates if battle positions change/Activates from your Graveyard$Continuous-like/Trigger-like$
93469007$Assault Overload$Unlimited$SPELL$$$$$$$$$Quick-Play$$$Tribute 1 "/Assault Mode" monster. Inflict damage to both players equal to its Level x 200.$Supports archetypes //Assault Mode$$Tributes for cost$Cost/Effect$
29863101$Assault Teleport$Unlimited$SPELL$$$$$$$$$$$$Return 1 "/Assault Mode" monster from your hand to the Deck. Draw 2 cards.$Supports archetypes //Assault Mode$$You draw cards/Returns from hand to Deck for cost$Cost/Effect$
56252810$Assault Revival$Unlimited$SPELL$$$$$$$$$Quick-Play$$$Remove from play 1 "Assault Mode Activate" from your Graveyard. Destroy all monsters you control and Special Summon 1 "/Assault Mode" monster from your Graveyard, ignoring its Summoning conditions. Its effect(s) is negated, and it cannot be Tributed. If it is removed from the field, remove it from play.$Supports archetypes //Assault Mode$$Cannot be Tributed$Cost/Effect$
92346415$Psychic Sword$Unlimited$SPELL$$$$$$$$$Equip$$$Equip only to a Psychic-Type monster. While your LP is lower than your opponent's, the equipped monster gains ATK equal to the difference (max. 2000).$Psychic$$$Condition/Continuous-like$
28741524$Telekinetic Power Well$Unlimited$SPELL$$$$$$$$$Quick-Play$$$Special Summon any number of Level 2 or lower Psychic-Type monsters from your Graveyard. You take damage equal to the total Levels of those monsters x 300.$Psychic$$$Effect$
55136228$Indomitable Gladiator Beast$Unlimited$SPELL$$$$$$$$$Quick-Play$$$Target face-up "Gladiator Beast" monster you control gains 500 ATK until the End Phase. While this card is in your Graveyard, you can return 2 "Gladiator Beast" cards from your Graveyard to the Deck to return this card to your hand.$Supports archetypes /Gladiator Beast$$Returns itself from Graveyard to hand/Returns from Graveyard to Deck for cost/Activates from your Graveyard$Effect/Ignition-like$
81524977$Seed Cannon$Unlimited$SPELL$$$$$$$$$Continuous$$$Each time a Plant-Type monster(s) is Summoned, place 1 Plant Counter on this card (max. 5). You can send this card to the Graveyard to inflict 500 damage to your opponent for each Plant Counter on it.$Plant$Plant$Sends itself from field to Graveyard for cost$Continuous-like/Ignition-like$
28529976$Super Solar Nutrient$Unlimited$SPELL$$$$$$$$$Continuous$$$Activate this card by Tributing 1 Level 2 or lower Plant-Type monster; Special Summon 1 Plant-Type monster from your hand or Deck whose Level is less than or equal to the Level the Tributed monster had on the field +3. When this card leaves the field, destroy that monster. When that monster leaves the field, destroy this card.$Plant$$Tributes for cost$Cost/Effect/Continuous-like$
54913680$Six Scrolls of the Samurai$Unlimited$SPELL$$$$$$$$$Quick-Play$$$Tribute 2 face-up "Six Samurai" monsters. Special Summon 1 "Great Shogun Shien" from your Deck.$Supports archetypes /Six Samurai$$Tributes for cost$Cost/Effect$
80402389$Verdant Sanctuary$Unlimited$SPELL$$$$$$$$$Continuous$$$When a face-up Insect monster is destroyed by battle or card effect and sent to the GY: Its controller can add 1 Insect monster with the same Level as the destroyed monster from their Deck to their hand.$Insect$$Adds from Deck to hand$Trigger-like$
17896384$Arcane Barrier$Unlimited$SPELL$$$$$$$$$Continuous$$$Each time a face-up Spellcaster monster(s) on the field is destroyed, place 1 Spell Counter on this card (max. 4). You can send this card and 1 face-up Spellcaster monster you control to the GY; draw 1 card for each Spell Counter that was on this card.$Spellcaster$$Sends from field to Graveyard for cost/Sends itself from field to Graveyard for cost/You draw cards$Continuous-like/Ignition-like$
53291093$Mysterious Triangle$Unlimited$SPELL$$$$$$$$$Quick-Play$$$Destroy 1 monster on the field with an A-Counter. Then, you can Special Summon 1 Level 4 "Alien" monster from your Deck. Destroy it during the End Phase.$Supports archetypes /Alien$$$Effect/Condition$
80280737$Assault Mode Activate$Unlimited$TRAP$$$$$$$$$$$$Tribute 1 Synchro Monster; Special Summon 1 "/Assault Mode" monster, whose name includes the Tributed monster's name, from your Deck in Attack Position.$Supports archetypes //Assault Mode$$Tributes for cost$Cost/Effect$
16674846$Spirit Force$Unlimited$TRAP$$$$$$$$$$$$During your opponent's turn, at damage calculation: Make the battle damage you take from this battle 0, then you can add 1 Warrior-Type Tuner monster with 1500 or less DEF from your Graveyard to your hand.$Tuner monster/Warrior$$Returns from Graveyard to hand$Activation requirement/Effect$
42079445$Descending Lost Star$Unlimited$TRAP$$$$$$$$$$$$Target 1 Synchro Monster in your Graveyard; Special Summon that target in Defense Position, but its effects are negated, its Level is reduced by 1, its DEF becomes 0, also its battle position cannot be changed.$Synchro Monster$$Prevents Battle Position changes$Effect$
89563150$Shining Silver Force$Unlimited$TRAP$$$$$$$$$Counter$$$Activate only when your opponent activates a Trap Card that inflicts damage. Negate the activation of that card and destroy it and all face-up Spell and Trap Cards your opponent controls.$$$$Activation requirement/Effect$
15552258$Half or Nothing$Unlimited$TRAP$$$$$$$$$$$$During your opponent's Battle Phase (except during the Damage Step): Your opponent chooses 1 of these effects.●Halve the ATK of all monsters they currently control, until the end of the Battle Phase.●End the Battle Phase.$$$Ends the Battle Phase$Activation requirement/Effect$
42956963$Nightmare Archfiends$Unlimited$TRAP$$$$$$$$$$$$Tribute 1 monster; Special Summon 3 "Nightmare Archfiend Tokens" (Fiend-Type/DARK/Level 6/ATK 2000/DEF 2000) to your opponent's field in Attack Position. Each time 1 is destroyed, its controller takes 800 damage.$$$Tributes for cost$Cost/Effect/Lingering$
88341502$Ebon Arrow$Unlimited$TRAP$$$$$$$$$$$$Select 1 face-up monster you control. Until the End Phase, it loses 500 ATK and during battle between that attacking monster and a Defense Position monster whose DEF is lower than the selected monster's ATK, inflict the difference as Battle Damage to your opponent. When the selected monster destroys a monster by battle and sends it to the Graveyard this turn, inflict damage to your opponent equal to the destroyed monster's original DEF.$$$$Effect/Trigger-like$
14730606$Ivy Shackles$Unlimited$TRAP$$$$$$$$$Continuous$$$All face-up monsters your opponent controls become Plant-Type during your turns only. If this face-up card you control is destroyed and sent to your Graveyard by an opponent's card effect: Draw 1 card.$$$You draw cards$Continuous-like/Trigger-like$
41234315$Fake Explosion$Unlimited$TRAP$$$$$$$$$$$$Activate only when an opponent's monster declares an attack. Monsters cannot be destroyed by this battle. After damage calculation, Special Summon 1 "Summon Reactor ・SK" from your hand or Graveyard.$Summon Reactor・SK$$Activates upon attack declaration$Activation requirement/Effect/Trigger-like$
77229910$Morphtronic Forcefield$Unlimited$TRAP$$$$$$$$$Counter$$$Negate the activation of a Spell or Trap Card that would destroy a face-up "Morphtronic" monster you control and destroy it. Add 1 "Morphtronic" card from your Deck to your hand.$Supports archetypes /Morphtronic$$Adds from Deck to hand$Effect$
14613029$Morphtronic Mix-up$Unlimited$TRAP$$$$$$$$$$$$If you control 2 or more face-up "Morphtronic" monsters, select 2 cards your opponent controls. Destroy 1 card of your opponent's choice from those 2.$Supports archetypes /Morphtronic$$$Activation requirement/Effect$
40012727$Assault Slash$Unlimited$TRAP$$$$$$$$$$$$Activate only while you control an "/Assault Mode" monster. Destroy all face-up monsters on the field.$Supports archetypes //Assault Mode$$$Activation requirement/Effect$
76407432$Assault Counter$Unlimited$TRAP$$$$$$$$$Counter$$$Activate only while you control an "/Assault Mode" monster. Negate the activation of a Spell Card, Trap Card, or Effect Monster's effect and destroy it.$Supports archetypes //Assault Mode$$$Activation requirement/Effect$
03891471$Psychic Tuning$Unlimited$TRAP$$$$$$$$$Continuous$$$Select 1 Psychic-Type monster in your Graveyard and Special Summon it in Attack Position. It is treated as a Tuner monster. When this card is removed from the field, destroy that monster. When that monster is removed from the field, destroy this card. When this card is sent to the Graveyard, take damage equal to that monster's Level x 400.$Psychic$$Activates when it leaves the field/Activates from your Graveyard$Effect/Continuous-like/Trigger-like$
$Supernatural Regeneration (Updated from: Metaphysical Regeneration)$$TRAP$$$$$$$$$$$$Activate only during the End Phase. Gain 1000 Life Points for each Psychic-Type monster sent to the Graveyard this turn.$$$$$
76384284$Trojan Gladiator Beast$Unlimited$TRAP$$$$$$$$$$$$Special Summon 1 "Gladiator Beast" monster from your hand to your opponent's side of the field. Then, draw 1 card.$Supports archetypes /Gladiator Beast$$You draw cards$Effect$
02779999$Wall of Thorns$Unlimited$TRAP$$$$$$$$$$$$When a Plant-Type monster you control is targeted for an attack: Destroy all Attack Position monsters your opponent controls.$Plant$$$Activation requirement/Effect$
39163598$Planet Pollutant Virus$Unlimited$TRAP$$$$$$$$$$$$Tribute 1 "Alien" monster. Destroy all face-up monsters without A-Counters your opponent controls. Until the end of your opponent's 3rd turn after this card's activation, place 1 A-Counter on each monster they Summon.$Supports archetypes /Alien$$Tributes for cost/Distributes A-Counter$Cost/Effect/Lingering$
65282484$Dark Voltanis$Unlimited$DARK$[Fairy/Effect]$$$$$8$2800$1400$$$$After 1 Counter Trap Card you control has been activated and has resolved, you can Tribute 1 DARK monster to Special Summon this card from your hand. If this card is Special Summoned in this way, destroy 1 card on the field.$Counter Trap Card/DARK$$Tributes for cost$Trigger$
01287123$Prime Material Falcon$Unlimited$WIND$[Winged Beast/Effect]$$$$$5$2200$800$$$$When an Effect Monster's effect to destroy a Spell or Trap Card(s) on the field is activated, you can send 1 card from your hand to the Graveyard to negate its activation and destroy the card.$$$Sends from hand to Graveyard for cost$Quick$
37675138$Bone Crusher$Unlimited$EARTH$[Zombie/Effect]$$$$$4$1600$200$$$$When this card is Special Summoned from your Graveyard by the effect of a Zombie-Type monster: You can target 1 Spell/Trap Card your opponent controls; destroy that target. During the End Phase of the turn this card was Special Summoned: Destroy it.$Zombie$$$Trigger$
64160836$Alien Kid$Unlimited$LIGHT$[Reptile/Effect]$$$$$4$1600$700$$$$Place 1 A-Counter on all monsters Special Summoned to your opponent's side of the field. (If a monster with an A-Counter battles an "Alien" monster, it loses 300 ATK and DEF for each A-Counter during damage calculation only.)$Supports archetypes /Alien$$$Continuous$
00564541$Totem Dragon$Unlimited$EARTH$[Dragon/Effect]$$$$$2$400$200$$$$This card can be treated as 2 Tributes for the Tribute Summon of a Dragon-Type monster. If this card is in your Graveyard during your Standby Phase and you control no monsters, you can Special Summon this card in Attack Position. You cannot activate this effect if there are any monsters in your Graveyard that are not Dragon-Type. If this card is Special Summoned with this effect, remove it from play when it is removed from the field.$Dragon$$Activates from your Graveyard$Unclassified/Trigger/Condition$
37953640$Royal Swamp Eel$Unlimited$WATER$[Fish/Tuner/Effect]$$$$$4$1700$1200$$$$If this card is used as a Synchro Material Monster, all the other Synchro Material Monsters must be Fish-Type.$Fish$$$Condition$
63948258$Submarine Frog$Unlimited$WATER$[Aqua/Effect]$$$$$2$1200$600$$$$During battle between this attacking card and a Defense Position monster whose DEF is lower than the ATK of this card, inflict the difference as Battle Damage to your opponent.$$$$Continuous$
99342953$Code A Ancient Ruins$Unlimited$SPELL$$$$$$$$$Continuous$$$Each time a face-up "Alien" monster(s) is destroyed, place 1 A-Counter on this card. Once per turn, you can remove 2 A-Counters from anywhere on the field to Special Summon 1 "Alien" monster from your Graveyard.$Supports archetypes /Alien$$Distributes A-Counter$Continuous-like/Ignition-like$
36737092$Synchro Change$Unlimited$SPELL$$$$$$$$$$$$Remove from play 1 face-up Synchro Monster you control. Special Summon 1 Synchro Monster from your Extra Deck whose Level is the same as the removed monster's. Its effect(s) is negated.$Synchro Monster$$$Cost/Effect$
40703222$Multiply$Unlimited$SPELL$$$$$$$$$Quick-Play$$$Tribute 1 face-up "Kuriboh"; Special Summon as many "Kuriboh Tokens" (Fiend/DARK/Level 1/ATK 300/DEF 200) as possible, in Defense Position. They cannot be Tributed for a Tribute Summon.$Kuriboh$$Tributes for cost$Cost/Effect/Lingering$
27827272$Makiu, the Magical Mist$Unlimited$SPELL$$$$$$$$$$$$Target 1 "Summoned Skull", or 1 Thunder monster, in your Monster Zone; destroy all monsters your opponent controls with DEF less than or equal to the ATK of that monster. You cannot conduct your Battle Phase the turn you activate this card.$Summoned Skull/Thunder$$Cannot conduct Battle Phase$Effect/Condition$
88190790$Assault Armor$Unlimited$SPELL$$$$$$$$$Equip$$$Equip only to a Warrior-Type monster that is the only monster you control. It gains 300 ATK. During your Main Phase 1, you can send this equipped card to the Graveyard to allow the equipped monster to attack twice during each Battle Phase this turn.$Warrior$$Sends itself from field to Graveyard for cost$Condition/Continuous-like/Ignition-like$
03167573$Puppet King$Unlimited$EARTH$[Warrior/Effect]$$$$$7$2800$2600$$$$When your opponent adds a Monster Card(s) to their hand, except by drawing, you can Special Summon this card from your hand. If you do, destroy it during your next turn's End Phase.$$$$Trigger$
64382839$Zeta Reticulant$Unlimited$DARK$[Fairy/Effect]$$$$$7$2400$2100$$$$You can Tribute 1 "Eva Token" to Special Summon this card from your hand. While this card is in your Graveyard, each time a monster(s) your opponent controls is removed from play, Special Summon 1 "Eva Token" (Fiend-Type/DARK/Level 2/ATK 500/DEF 500).$Eva Token$$$Unclassified/Trigger$
87148330$Tethys, Goddess of Light$Unlimited$LIGHT$[Fairy/Effect]$$$$$5$2400$1800$$$$When you draw a Fairy monster(s) (except during the Damage Step): You can reveal 1 of those monsters; draw 1 card. This card must be face-up on the field to activate and to resolve this effect.$Fairy$$Reveals your hand for cost/You draw cards$Trigger$
35984222$Ido the Supreme Magical Force$Unlimited$DARK$[Fiend/Effect]$$$$$6$2200$800$$$$You cannot Summon monsters. You can only control 1 "Ido the Supreme Magical Force". If this card is destroyed by a card effect and sent to the Graveyard, Special Summon it from your Graveyard during the next turn's Standby Phase and destroy all other monsters you control.$$$Activates if destroyed by card effect/Activates from your Graveyard$Continuous/Unclassified/Trigger$
62379337$Violet Witch$Unlimited$DARK$[Spellcaster/Effect]$$$$$4$1100$1200$$$$If this card is destroyed by battle and sent to the Graveyard: Add 1 Plant-Type monster with 1500 or less DEF from your Deck to your hand.$Plant$$Activates if destroyed by battle/Activates from your Graveyard/Adds from Deck to hand$Trigger$
50263751$Greed Quasar$Unlimited$DARK$[Fiend/Effect]$$$$$7$?$?$$$$This card's original ATK and DEF are each equal to its Level x 300. This monster's Level is increased by the Level of monsters it destroys by battle.$$$$Continuous/Trigger$
73333463$Armoroid$Unlimited$EARTH$[Machine/Effect]$$$$$8$2700$2000$$$$If this card is Tribute Summoned by Tributing at least 1 "roid" monster: Banish all Spells and Traps on the field.$Supports archetypes /roid$$Activates upon Tribute Summon$Trigger$
