Passcode$Name$Status$Attribute$type$link$link_arrows$rank$pendulum_scale$level$attack$defense$spell_attribute$summoning_condition$pendulum_condition$card_text$card_supports$card_anti_supports$card_actions$effect_types$
82114013$Sea Dragoons of Draconia$Unlimited$WATER$[Sea Serpent/Pendulum/Normal]$$$$7$3$200$2100$$$When a monster is destroyed by battle: You can Special Summon 1 Normal Monster from your hand. You can only use this effect of "Sea Dragoons of Draconia" once per turn.$Silently creeping in from the deep sea, elite black ops marine troops of the Draconia Empire wage an endless battle against the hated Principality of Dinon on the sea's opposite shores.$Normal Monster$$$Pendulum Effect /Trigger-like/Condition$
74852097$Phantom Gryphon$Unlimited$WIND$[Winged Beast/Normal]$$$$$4$2000$0$$$$A legendary monster that dwells secretly in the mountains, fighting with the harpies over hunting grounds. A single wingbeat is said to cause the fiercest of storms.$$$$$
00340002$Performapal Elephammer$Unlimited$EARTH$[Beast/Effect]$$$$$6$2600$1800$$$$If you control 2 or more "Performapal" cards, you can Normal Summon this card without Tributing. Cannot attack unless you control another "Performapal" card. When this card declares an attack: You can return all Spell and Trap Cards your opponent controls to the hand.$Supports archetypes /Performapal$$Activates upon attack declaration/Returns from field to hand$Summon/Continuous/Trigger$
37745740$Performapal Bowhopper$Unlimited$EARTH$[Insect/Effect]$$$$$4$1500$1000$$$$You can Tribute 1 "Performapal" monster; inflict damage to your opponent equal to the Level it had on the field x 100 (original Level, if face-down). You can Tribute 1 "Performapal" monster, then target 1 "Performapal" monster in your Graveyard other than the Tributed monster; add it to your hand. You can only use each effect of "Performapal Bowhopper" once per turn.$Supports archetypes /Performapal$$Tributes for cost/Adds from Graveyard to hand$Ignition/Condition$
73130445$Performapal Lizardraw$Unlimited$EARTH$[Reptile/Pendulum/Effect]$$$$6$3$1200$600$$$If you have a "Performapal" card in your other Pendulum Zone, except "Performapal Lizardraw": You can destroy this card, and if you do, draw 1 card. You can only use this effect of "Performapal Lizardraw" once per turn.$If another face-up monster you control is destroyed by your opponent's attack or card effect: You can draw cards equal to the number of "Performapal" monsters you currently control. You can only use this effect of "Performapal Lizardraw" once per turn.$Supports archetypes /Performapal$$Activates if other Pendulum Zone is occupied by specific card/You draw cards$Pendulum Effect /Ignition-like/Condition/Monster Effect/Trigger$
00128454$Performapal Springoose$Unlimited$WIND$[Winged Beast/Effect]$$$$$5$1100$2400$$$$You can banish this card from your Graveyard, then target 2 cards among the Pendulum Monsters you control and/or the "Magician" and "Performapal" cards in your Pendulum Zone; return both to the hand. You can only use this effect of "Performapal Springoose" once per turn.$Supports archetypes /Performapal/Magician $$Returns from your field to your hand$Ignition/Condition$
36523152$Superheavy Samurai Big Waraji$Unlimited$EARTH$[Machine/Effect]$$$$$5$800$1800$$$$If you have no Spell/Trap Cards in your Graveyard, you can Special Summon this card (from your hand). After this card was Special Summoned this way, you cannot Special Summon monsters for the rest of this turn, except "Superheavy Samurai" monsters. This card can be treated as 2 Tributes for the Tribute Summon of a Machine-Type monster.$Machine$$$Summon/Unclassified$
62017867$Superheavy Samurai Gigagloves$Unlimited$EARTH$[Machine/Effect]$$$$$3$100$1000$$$$If this card is sent to the Graveyard, and you have no Spell/Trap Cards in your Graveyard: You can look at 5 cards from the top of your Deck, then place them on the top of the Deck in any order. When an opponent's monster declares a direct attack: You can banish this card from your Graveyard; excavate the top card of your Deck, and if it is a "Superheavy Samurai" monster, add it to your hand, and if you do, the attacking monster's ATK becomes 0. Otherwise, send it to the Graveyard.$Supports archetypes /Superheavy Samurai$$Activates from your Graveyard/Looks at cards from the top of your Deck/Changes your Deck order/Places cards from your Deck on the top of the Deck/Activates upon attack declaration/Excavates from the player's Deck/Adds excavated cards to the hand/Adds from Deck to hand/Sends excavated cards to the Graveyard/Sends from the top of your Deck to your Graveyard$Trigger$
09402966$Superheavy Samurai Battleball$Unlimited$DARK$[Machine/Tuner/Effect]$$$$$2$100$800$$$$If all monsters you control are "Superheavy Samurai" monsters, and you have no Spell/Trap Cards in your Graveyard: You can target 1 face-up monster your opponent controls that has a Level; send both it and this card from the field to the Graveyard, then Special Summon from your Extra Deck 1 "Superheavy Samurai" Synchro Monster whose Level equals the total original Levels of those 2 monsters in the Graveyard. (This Special Summon is treated as a Synchro Summon.) You can only use this effect of "Superheavy Samurai Battleball" once per turn.$Supports archetypes /Superheavy Samurai$$Sends from field to Graveyard$Ignition/Condition$
35800511$Superheavy Samurai Soulbuster Gauntlet$Unlimited$EARTH$[Machine/Effect]$$$$$1$0$400$$$$You can target 1 "Superheavy Samurai" monster you control; equip this monster from your hand or field to that target. It gains 400 DEF. During either player's Damage Step, when a Defense Position "Superheavy Samurai" monster you control battles an opponent's monster, and you have no Spell/Trap Cards in your Graveyard: You can send this card from your hand to the Graveyard; your battling monster's DEF becomes double its original DEF until the end of this turn.$Supports archetypes /Superheavy Samurai$$Activates from your hand/Equips self from hand/Equips self from field/Sends itself from hand to Graveyard for cost$Ignition/Continuous-like/Quick$
62895219$Soprano the Melodious Songstress$Unlimited$LIGHT$[Fairy/Effect]$$$$$4$1400$1400$$$$When this card is Special Summoned: You can target 1 "Melodious" monster in your Graveyard, except "Soprano the Melodious Songstress"; add it to your hand. You can only use this effect of "Soprano the Melodious Songstress" once per turn. Once per turn: You can Fusion Summon 1 "Melodious" Fusion Monster from your Extra Deck, using monsters you control as Fusion Materials, including this card.$Supports archetypes /Melodious$$Adds from Deck to hand/Uses cards on the player's field as Fusion Materials/Uses itself as a Fusion Material$Trigger/Condition/Ignition$
98280324$Fluffal Sheep$Unlimited$EARTH$[Fairy/Effect]$$$$$2$400$800$$$$If you control a "Fluffal" monster, except "Fluffal Sheep", you can Special Summon this card (from your hand). You can return 1 other "Fluffal" monster you control to the hand; Special Summon 1 "Edge Imp" monster from your hand or Graveyard. You can only use this effect of "Fluffal Sheep" once per turn.$Supports archetypes /Fluffal/Edge Imp$$Returns from field to hand for cost$Summon/Ignition/Condition$
34688023$Edge Imp Saw$Unlimited$DARK$[Fiend/Effect]$$$$$3$500$1000$$$$When this card is Normal Summoned: You can send 1 "Fluffal" monster from your hand to the Graveyard; draw 2 cards, then place 1 card from your hand on either the top or bottom of your Deck. You can only use this effect of "Edge Imp Saw" once per turn.$Supports archetypes /Fluffal$$Sends from your hand to your Graveyard/You draw cards/Returns from hand to Deck$Trigger/Condition$
61173621$Edge Imp Chain$Unlimited$DARK$[Fiend/Effect]$$$$$4$1200$1800$$$$When this card declares an attack: You can add 1 "Edge Imp Chain" from your Deck to your hand. If this card is sent from the hand or field to the Graveyard: You can add 1 "Frightfur" card from your Deck to your hand. You can only use 1 "Edge Imp Chain" effect per turn, and only once that turn.$Supports archetypes /Frightfur$$Activates upon attack declaration/Adds from Deck to hand/Adds copies of itself to hand/Activates from your Graveyard$Trigger/Condition$
97567736$Edge Imp Tomahawk$Unlimited$DARK$[Fiend/Effect]$$$$$4$1800$800$$$$You can send 1 "Edge Imp" monster from your hand to the Graveyard; inflict 800 damage to your opponent. You can send 1 "Edge Imp" monster from your Deck to the Graveyard, except "Edge Imp Tomahawk"; this card's name becomes the sent monster's name, until the End Phase. You can only use each effect of "Edge Imp Tomahawk" once per turn.$Supports archetypes /Edge Imp$$Sends from hand to Graveyard for cost/Sends from Deck to Graveyard for cost$Ignition/Condition$
34566435$Edge Imp Frightfuloid$Unlimited$DARK$[Fiend/Effect]$$$$$4$1300$1300$$$$(This card is always treated as a "Frightfur" card.)You can target 1 "Frightfur" Fusion Monster you control or in your Graveyard; this card's ATK and DEF each become equal to the original ATK and DEF of that monster, until the end of this turn. You can only use this effect of "Edge Imp Frightfuloid" once per turn.$Supports archetypes /Frightfur$$$Condition/Ignition$
60950180$Raidraptor - Sharp Lanius$Unlimited$DARK$[Winged Beast/Effect]$$$$$4$1700$1000$$$$Once per turn, during your Main Phase, if this card was Normal or Special Summoned this turn: You can target 1 face-up Attack Position monster on the field; change it to face-up Defense Position. During your Main Phase 2, if this card attacked this turn: You can target 1 "Raidraptor" monster in your Graveyard; Special Summon it. You can only use this effect of "Raidraptor - Sharp Lanius" once per turn.$Supports archetypes /Raidraptor$$Changes battle positions$Ignition/Condition$
96345188$Raidraptor - Mimicry Lanius$Unlimited$DARK$[Winged Beast/Effect]$$$$$4$1100$1900$$$$Once per turn, during your Main Phase, if this card was Normal or Special Summoned this turn: You can increase the Levels of all "Raidraptor" monsters you currently control by 1. During your Main Phase, if this card is in the Graveyard because it was sent there this turn: You can banish this card; add 1 "Raidraptor" card from your Deck to your hand, except "Raidraptor - Mimicry Lanius". You can only use this effect of "Raidraptor - Mimicry Lanius" once per turn.$Supports archetypes /Raidraptor$$Activates from your Graveyard/Adds from Deck to hand$Ignition/Condition$
23740893$Yosenju Kodam$Unlimited$WIND$[Beast-Warrior/Effect]$$$$$1$0$0$$$$You can Tribute this card, then target 1 "Yosen Training Grounds" you control; place 3 Yosen Counters on it. You can only use this effect of "Yosenju Kodam" once per turn. You can banish this card from your Graveyard; you can Normal Summon 1 "Yosenju" monster during your Main Phase this turn, in addition to your Normal Summon/Set. (You can only gain this effect once per turn.)$Supports archetypes /Yosenju$$Tributes itself for cost$Ignition/Condition$
69838592$Yosenju Oyam$Unlimited$WIND$[Beast/Effect]$$$$$6$?$?$$$$When an opponent's monster declares a direct attack: You can send 1 "Yosenju" monster from your hand to the Graveyard, except "Yosenju Oyam"; Special Summon this card from your hand. You can only use this effect of "Yosenju Oyam" once per turn. At the start of the Damage Step, if this card battles an opponent's face-up monster: You can make this card's ATK and DEF become equal to the original ATK of the opponent's monster it is battling, until the end of this turn. When this card is destroyed by battle and sent to the Graveyard: You can add 1 "Yosenju" card from your Deck to your hand.$Supports archetypes /Yosenju$$Activates upon attack declaration/Sends from hand to Graveyard for cost/Activates from your Graveyard/Adds from Deck to hand$Trigger/Condition$
96223501$Satellarknight Zefrathuban$Unlimited$LIGHT$[Warrior/Pendulum/Effect]$$$$1$4$0$2100$$$You cannot Pendulum Summon monsters, except "tellarknight" and "Zefra" monsters. This effect cannot be negated.$If this card is Normal, Flip, or Pendulum Summoned: You can target 1 other "tellarknight" or "Zefra" card in your Monster Zone or Pendulum Zone, and 1 face-up card your opponent controls; destroy them. You can only use this effect of "Satellarknight Zefrathuban" once per turn.$Supports archetypes /tellarknight/Zefra$$Effect that cannot be negated/Activates upon Normal Summon/Activates upon Flip Summon/Activates upon Pendulum Summon$Pendulum Effect /Continuous-like/Condition/Monster Effect/Trigger$
22617205$Stellarknight Zefraxciton$Unlimited$LIGHT$[Fiend/Pendulum/Effect]$$$$7$4$1900$0$$$You cannot Pendulum Summon monsters, except "tellarknight" and "Zefra" monsters. This effect cannot be negated.$If this card is Normal, Flip, or Pendulum Summoned: You can target 1 other "tellarknight" or "Zefra" card in your Monster Zone or Pendulum Zone, and 1 Set card your opponent controls; destroy them. You can only use this effect of "Stellarknight Zefraxciton" once per turn.$Supports archetypes /tellarknight/Zefra$$Effect that cannot be negated$Pendulum Effect /Continuous-like/Condition/Monster Effect/Trigger$
58016954$Shaddoll Zefranaga$Unlimited$DARK$[Spellcaster/Pendulum/Effect]$$$$1$2$900$100$$$You cannot Pendulum Summon monsters, except "Shaddoll" and "Zefra" monsters. This effect cannot be negated.$If this card is Pendulum Summoned or sent to the GY: You can target 1 card in either player's Pendulum Zone; return it to the hand. You must have a "Zefra" card in your Pendulum Zone to activate and to resolve this effect. You can only use this effect of "Shaddoll Zefranaga" once per turn.$Supports archetypes /Shaddoll/Zefra$$Effect that cannot be negated/Activates upon Pendulum Summon/Activates from your Graveyard/Returns from field to hand$Pendulum Effect /Continuous-like/Condition/Monster Effect/Trigger$
95401059$Shaddoll Zefracore$Unlimited$DARK$[Rock/Pendulum/Effect]$$$$7$4$450$1950$$$You cannot Pendulum Summon monsters, except "Shaddoll" and "Zefra" monsters. This effect cannot be negated.$If this card is Pendulum Summoned or sent to the GY: You can target 1 "Zefra" card in your Pendulum Zone, except "Shaddoll Zefracore"; Special Summon it. You can only use this effect of "Shaddoll Zefracore" once per turn.$Supports archetypes /Shaddoll/Zefra$$Effect that cannot be negated/Activates upon Pendulum Summon/Activates from your Graveyard$Pendulum Effect /Continuous-like/Condition/Monster Effect/Trigger$
21495657$Zefraxi, Treasure of the Yang Zing$Unlimited$EARTH$[Wyrm/Pendulum/Effect]$$$$1$3$1500$0$$$You cannot Pendulum Summon monsters, except "Yang Zing" and "Zefra" monsters. This effect cannot be negated.$If this card is Pendulum Summoned, or Special Summoned from the Main Deck: You can target 1 "Yang Zing" or "Zefra" monster you control, except "Zefraxi, Treasure of the Yang Zing"; that face-up monster is treated as a Tuner this turn, also place this card on the bottom of the Deck when it leaves the field. You can only use this effect of "Zefraxi, Treasure of the Yang Zing" once per turn.$Supports archetypes /Yang Zing/Zefra$$Activates upon Pendulum Summon/Activates upon Special Summon/Effect that cannot be negated/Returns itself to the Deck when it leaves the field$Pendulum Effect /Continuous-like/Condition/Monster Effect/Trigger$
58990362$Zefraniu, Secret of the Yang Zing$Unlimited$EARTH$[Wyrm/Pendulum/Effect]$$$$7$6$0$2600$$$You cannot Pendulum Summon monsters, except "Yang Zing" and "Zefra" monsters. This effect cannot be negated.$When this card is Pendulum Summoned, or when this card is destroyed by battle or card effect while in your Monster Zone: You can add 1 "Yang Zing" or "Zefra" Spell/Trap from your Deck to your hand. You can only use this effect of "Zefraniu, Secret of the Yang Zing" once per turn.$Supports archetypes /Yang Zing/Zefra$$Activates upon Pendulum Summon/Effect that cannot be negated/Adds from Deck to hand$Pendulum Effect /Continuous-like/Condition/Monster Effect/Trigger$
84388461$Zefrasaber, Swordmaster of the Nekroz$Unlimited$WATER$[Spellcaster/Pendulum/Effect]$$$$1$4$1500$800$$$You cannot Pendulum Summon monsters, except "Nekroz" and "Zefra" monsters. This effect cannot be negated.$You can Tribute this card from your hand or face-up from your side of the field; Tribute monsters from your hand or field, then Ritual Summon 1 "Nekroz" Ritual Monster from your hand whose Level exactly equals the total Levels of those monsters. You can only use this effect of "Zefrasaber, Swordmaster of the Nekroz" once per turn.$Supports archetypes /Nekroz/Zefra$$Effect that cannot be negated/Tributes itself for cost/Tributes as an effect$Pendulum Effect /Continuous-like/Condition/Monster Effect/Ignition$
20773176$Zefraxa, Flame Beast of the Nekroz$Unlimited$FIRE$[Dragon/Pendulum/Effect]$$$$7$5$2000$1000$$$You cannot Pendulum Summon monsters, except "Nekroz" and "Zefra" monsters. This effect cannot be negated.$While this card is in your hand or Graveyard, if a face-up "Nekroz" or "Zefra" card(s), except "Zefraxa, Flame Beast of the Nekroz", is destroyed by battle or card effect while in your Monster Zone or Pendulum Zone: You can Special Summon this card. You can only use this effect of "Zefraxa, Flame Beast of the Nekroz" once per turn.$Supports archetypes /Nekroz/Zefra$$Effect that cannot be negated/Activates from your hand/Activates from your Graveyard$Pendulum Effect /Continuous-like/Condition/Monster Effect/Trigger$
57777714$Ritual Beast Tamer Zeframpilica$Unlimited$WIND$[Psychic/Pendulum/Effect]$$$$1$3$1000$1500$$$You cannot Pendulum Summon monsters, except "Ritual Beast" and "Zefra" monsters. This effect cannot be negated.$When this card is Normal or Pendulum Summoned: You can target 1 "Ritual Beast" or "Zefra" monster in your Graveyard, except "Ritual Beast Tamer Zeframpilica"; Special Summon it, but destroy it during the End Phase. You can only Special Summon "Ritual Beast Tamer Zeframpilica(s)" once per turn.$Supports archetypes /Ritual Beast/Zefra$$Effect that cannot be negated/Activates upon Normal Summon/Activates upon Pendulum Summon$Pendulum Effect /Continuous-like/Condition/Monster Effect/Trigger$
23166823$Ritual Beast Tamer Zefrawendi$Unlimited$WIND$[Psychic/Pendulum/Effect]$$$$7$3$1500$1000$$$You cannot Pendulum Summon monsters, except "Ritual Beast" and "Zefra" monsters. This effect cannot be negated.$When this card is Normal or Pendulum Summoned: You can add 1 face-up "Zefra" monster from your Extra Deck to your hand, except "Ritual Beast Tamer Zefrawendi". You can only Special Summon "Ritual Beast Tamer Zefrawendi(s)" once per turn.$Supports archetypes /Ritual Beast/Zefra$$Adds from Extra Deck to hand/Effect that cannot be negated/Activates upon Normal Summon/Activates upon Pendulum Summon$Pendulum Effect /Continuous-like/Condition/Monster Effect/Trigger$
60551528$Infernoid Pirmais$Unlimited$FIRE$[Fiend/Effect]$$$$$1$0$0$$$$Cannot be Normal Summoned/Set. Must be Special Summoned (from your hand) by banishing 1 "Infernoid" monster from your hand or Graveyard while the total Levels and Ranks of all Effect Monsters you control are 8 or lower, and cannot be Special Summoned by other ways. Once per turn: You can target 1 Set card on the field; shuffle it into the Deck. That card cannot be activated in response to this effect's activation. Once per turn, during your opponent's turn: You can Tribute 1 monster, then target 1 card in your opponent's Graveyard; banish it (this is a Quick Effect).$Supports archetypes /Infernoid$$Returns from field to Deck/Tributes for cost$Summon/Ignition/Quick$
96055137$Infernoid Sjette$Unlimited$FIRE$[Fiend/Effect]$$$$$6$2400$0$$$$Cannot be Normal Summoned/Set. Must be Special Summoned (from your hand or Graveyard) by banishing 2 "Infernoid" monsters from your hand or Graveyard while the total Levels and Ranks of all Effect Monsters you control are 8 or lower, and cannot be Special Summoned by other ways. When this card declares an attack: You can banish 1 monster from your opponent's Extra Deck (their choice). Once per turn, during either player's turn: You can Tribute 1 monster, then target 1 card in your opponent's Graveyard; banish it.$Supports archetypes /Infernoid$$Activates upon attack declaration/Tributes for cost$Summon/Trigger/Quick$
23440231$Infernoid Devyaty$Unlimited$FIRE$[Fiend/Effect]$$$$$9$2900$2900$$$$Cannot be Normal Summoned/Set. Must be Special Summoned (from your hand or GY) by banishing 3 "Infernoid" monsters from your hand or GY while the total Levels and Ranks of all Effect Monsters you control are 8 or lower. When this card is Special Summoned: You can destroy all Spells and Traps on the field, except "Void" cards. Once per turn, when another monster's effect is activated (Quick Effect): You can Tribute 1 monster; negate the activation, and if you do, banish it.$Supports archetypes /Infernoid/Void$$Activates upon Special Summon/Tributes for cost$Summon/Trigger/Quick$
59438930$Ghost Ogre & Snow Rabbit$Unlimited$LIGHT$[Psychic/Tuner/Effect]$$$$$3$0$1800$$$$When a monster on the field activates its effect, or when a Spell/Trap that is already face-up on the field activates its effect (Quick Effect): You can send this card from your hand or field to the GY; destroy that card on the field. You can only use this effect of "Ghost Ogre & Snow Rabbit" once per turn.$$$Sends itself from hand to Graveyard for cost/Sends itself from field to Graveyard for cost$Quick/Condition$
95833645$Magma Dragon$Unlimited$FIRE$[Wyrm/Effect]$$$$$4$1600$1200$$$$When this card is Special Summoned: You can target 1 Wyrm-Type monster in your Graveyard, except "Magma Dragon"; Special Summon it in Defense Position, but its effects are negated. You can only use this effect of "Magma Dragon" once per turn. You cannot Special Summon monsters the turn you activate this effect, except Wyrm-Type monsters.$Wyrm$$$Trigger/Condition$
22227683$Deskbot 004$Unlimited$EARTH$[Machine/Effect]$$$$$4$500$500$$$$If this card battles an opponent's monster, during damage calculation (in either player's turn): You can activate this effect once per battle; your opponent takes no battle damage for the rest of this turn, also send 1 "Deskbot" monster from your Deck to the Graveyard, except "Deskbot 004", and if you do, this card gains ATK and DEF equal to the sent monster's Level x 500, during damage calculation only. If this card destroys an opponent's monster by battle: You can Special Summon 2 "Deskbot" monsters with different Levels from your hand and/or Graveyard in Defense Position.$Supports archetypes /Deskbot$$Sends from your Deck to your Graveyard$Quick/Trigger$
58616392$Doomdog Octhros$Unlimited$DARK$[Fiend/Effect]$$$$$3$800$800$$$$If this card is sent from the field to the Graveyard: Add 1 Level 8 Fiend-Type monster from your Deck to your hand. You can only use this effect of "Doomdog Octhros" once per turn.$Fiend$$Activates from your Graveyard/Adds from Deck to hand$Trigger/Condition$
85101097$Putrid Pudding Body Buddies$Unlimited$WATER$[Fiend/Effect]$$$$$1$300$300$$$$Cannot be used as a Fusion, Synchro, or Xyz Material for a Summon. While this card is face-up on the field, it cannot be Tributed. During your End Phase: You can target 1 card in your Pendulum Zone; destroy it, and if you do, give control of this card to your opponent. During each of your Standby Phases: Take 300 damage.$Pendulum Monster$$Cannot be Tributed/Changes control$Condition/Continuous/Trigger$
21105106$Nekroz of Sophia$Unlimited$LIGHT$[Spellcaster/Ritual/Effect]$$$$$11$3600$3400$$$$You can Ritual Summon this card with any "Nekroz" Ritual Spell Card. Must be Ritual Summoned from your hand by using 3 monsters you control with different Types, and cannot be Special Summoned by other ways. During either player's Main Phase 1: You can discard this card and 1 "Nekroz" Spell Card; your opponent cannot Special Summon monsters from the Extra Deck during this phase. When this card is Ritual Summoned: You can banish all other cards on the field and in the Graveyards. You cannot Normal Summon/Set or Special Summon other monsters the turn you activate this effect.$Supports archetypes /Nekroz$$Discards itself for cost/Discards for cost/Activates upon Ritual Summon$Summon/Quick/Trigger/Condition$
57594700$Schuberta the Melodious Maestra$Unlimited$LIGHT$[Fairy/Fusion/Effect]$$$$$6$2400$2000$$2 "Melodious" monsters$$During either player's turn: You can target up to 3 cards in any Graveyard(s); banish them, and if you do, this card gains 200 ATK for each. This effect can only be used once while this card is face-up on the field.$Supports archetypes /Melodious$$$Quick/Condition$
84988419$Bloom Diva the Melodious Choir$Unlimited$LIGHT$[Fairy/Fusion/Effect]$$$$$6$1000$2000$$1 "Melodious Maestra" monster + 1 "Melodious" monster$$Cannot be destroyed by battle or card effects, also you take no battle damage from attacks involving this card. If this card battles a Special Summoned monster, after damage calculation: You can inflict damage to your opponent equal to the difference between the original ATK of that opponent's monster and this card, and if you do, destroy that opponent's monster.$Supports archetypes /Melodious/Melodious Maestra$$$Continuous/Trigger$
10383554$Frightfur Leo$Unlimited$DARK$[Fiend/Fusion/Effect]$$$$$7$2400$2000$$"Edge Imp Saw" + 1 "Fluffal" monster$$Must be Fusion Summoned. You can target 1 face-up monster your opponent controls; destroy it, and if you do, inflict damage to your opponent equal to the destroyed monster's original ATK. You can only use this effect of "Frightfur Leo" once per turn. This card cannot attack directly during the turn you activate this effect.$Supports archetypes /Fluffal$$$Summon/Ignition/Condition$
57477163$Frightfur Sheep$Unlimited$DARK$[Fiend/Fusion/Effect]$$$$$5$2000$2000$$"Edge Imp Chain" + 1 "Fluffal" monster$$If this card battles, your opponent's cards and effects cannot be activated until the end of the Damage Step. If this card is destroyed by battle and sent to the Graveyard, or if this card in your possession is destroyed by an opponent's card effect and sent to your Graveyard: You can Special Summon this card, and if you do, it gains 800 ATK. You can only use this effect of "Frightfur Sheep" once per turn.$Supports archetypes /Fluffal$$Activates from your Graveyard$Continuous/Trigger/Condition$
83866861$Frightfur Chimera$Unlimited$DARK$[Fiend/Fusion/Effect]$$$$$8$2800$2000$$3 "Frightfur" monsters$$Must be Fusion Summoned and cannot be Special Summoned by other ways. If this card battles, your opponent cannot activate cards or effects until the end of the Damage Step. When this card destroys an opponent's monster by battle and sends it to the Graveyard: You can Special Summon that monster to your field, but its ATK is halved. You can only use this effect of "Frightfur Chimera" once per turn. This card gains 300 ATK for each monster you control that is owned by your opponent.$Supports archetypes /Frightfur$$$Summon/Continuous/Trigger/Condition$
19261966$El Shaddoll Anoyatyllis$Unlimited$WATER$[Fiend/Fusion/Effect]$$$$$9$2700$2000$$1 "Shaddoll" monster + 1 WATER monster$$Must first be Fusion Summoned. Neither player can Special Summon monsters from the hand or GY using Spell/Trap effects. If this card is sent to the GY: You can target 1 "Shaddoll" Spell/Trap in your GY; add it to your hand.$Supports archetypes /Shaddoll$$Activates from your Graveyard/Adds from Graveyard to hand$Summon/Continuous/Trigger$
56655675$Ritual Beast Ulti-Gaiapelio$Unlimited$LIGHT$[Psychic/Fusion/Effect]$$$$$10$3200$2100$$1 "Ritual Beast Ulti" monster + 1 "Ritual Beast Tamer" monster + 1 "Spiritual Beast" monster$$Must be Special Summoned (from your Extra Deck) by banishing the above cards you control, and cannot be Special Summoned by other ways. (You do not use "Polymerization".) If Summoned this way, this card gains this effect.●During either player's turn, when a Spell/Trap Card, or monster effect, is activated: You can banish 1 "Ritual Beast" card from your hand; negate the activation, and if you do, destroy it.$Supports archetypes /Ritual Beast Tamer/Ritual Beast Ulti-/Spiritual Beast$$$Summon/Condition/Quick$
82044279$Clear Wing Synchro Dragon$Unlimited$WIND$[Dragon/Synchro/Effect]$$$$$7$2500$2000$$1 Tuner + 1+ non-Tuner monsters$$Once per turn, when another Level 5 or higher monster activates its effect on the field (Quick Effect): You can negate the activation, and if you do, destroy it. Once per turn, when a monster effect is activated that targets 1 Level 5 or higher monster on the field (and no other cards) (Quick Effect): You can negate the activation, and if you do, destroy it. If this card's effect destroys a monster, this card gains ATK equal to the destroyed monster's original ATK until the end of this turn.$$$$Quick/Continuous$
19048328$Chaofeng, Phantom of the Yang Zing$Unlimited$LIGHT$[Wyrm/Synchro/Effect]$$$$$9$2800$2200$$1 Tuner + 1+ non-Tuner monsters$$While this Synchro Summoned card is on the field, your opponent cannot activate effects of monsters with the same original Attribute(s) as the "Yang Zing" monster(s) used for the Synchro Summon of this card. When this Synchro Summoned card is destroyed by battle or card effect and sent to the GY: You can add 1 Tuner from your Deck to your hand. Once per turn, when a monster(s) your opponent controls is destroyed by battle or card effect: You can Special Summon 1 Wyrm monster from your Deck, in Defense Position, whose original Attribute matches the original Attribute that 1 of those destroyed monsters had on the field.$Supports archetypes /Yang Zing$$Activates from your Graveyard/Adds from Deck to hand$Continuous/Trigger$
45533023$Raidraptor - Blaze Falcon$Unlimited$DARK$[Winged Beast/Xyz/Effect]$$$5$$$1000$2000$$3 Level 5 Winged Beast-Type monsters$$This card can attack directly while it has Xyz Material. When this card inflicts battle damage to your opponent: You can target 1 monster your opponent controls; destroy it. Once per turn: You can detach 1 Xyz Material from this card; destroy as many Special Summoned monsters your opponent controls as possible, and if you do, inflict 500 damage to your opponent for each monster destroyed.$Winged Beast$$$Continuous/Trigger/Ignition$
81927732$Raidraptor - Revolution Falcon$Unlimited$DARK$[Winged Beast/Xyz/Effect]$$$6$$$2000$3000$$3 Level 6 Winged Beast-Type monsters$$You can detach 1 Xyz Material from this card; this turn, this card can attack all monsters your opponent controls, once each. At the start of the Damage Step, if this card battles an opponent's face-up Special Summoned monster: That monster's ATK and DEF become 0. If this card has a "Raidraptor" Xyz Monster as Xyz Material, it gains this effect.●Once per turn: You can target 1 monster your opponent controls; destroy it, and if you do, inflict damage to your opponent equal to half the ATK that monster had on the field.$Supports archetypes /Raidraptor$$$Ignition/Trigger/Condition$
18326736$Tellarknight Ptolemaeus$Forbidden(OCG)$LIGHT$[Warrior/Xyz/Effect]$$$4$$$550$2600$$2 or more Level 4 monsters$$Once per Chain, during either player's turn: You can detach 3 Xyz Materials from this card; Special Summon from your Extra Deck, 1 Xyz Monster that is 1 Rank higher than this card, except a "Number" monster, by using this face-up card you control as the Xyz Material. (This is treated as an Xyz Summon. Xyz Materials attached to this card also become Xyz Materials on the Summoned monster.) You can detach 7 Xyz Materials from this card; skip your opponent's next turn. During each player's End Phase: You can attach 1 "Stellarknight" card from your Extra Deck to this card as a face-up Xyz Material.$Supports archetypes /Stellarknight$Anti-supports archetypes /Number$Detaches multiple Xyz Materials as cost/Transfers/Skips a turn/Attaches as Xyz Material$Quick/Ignition/Trigger$
44311445$Madolche Puddingcess Chocolat-a-la-Mode$Unlimited$EARTH$[Fairy/Xyz/Effect]$$$5$$$2500$2200$$2 Level 5 EARTH monsters$$You can also Xyz Summon this card by using a Rank 4 or lower "Madolche" Xyz Monster you control as the material. (Transfer its materials to this card.) Once per turn: You can target 1 "Madolche" card in your GY; shuffle it into the Deck. While this card has "Madolche Puddingcess" as material, when a "Madolche" card(s) in your GY is shuffled into the Main Deck (except during the Damage Step): You can detach 1 material from this card; Special Summon 1 "Madolche" monster from your Deck in Attack Position or face-down Defense Position.$Supports archetypes /Madolche$$Transfers/Applies effects if specific Xyz Material is attached/Returns from your Graveyard to your Deck$Summon/Ignition/Trigger$
71705144$Performapal Recasting$Unlimited$SPELL$$$$$$$$$$$$Reveal any number of "Performapal" monsters from your hand and shuffle them into the Deck, then draw cards equal to the number of cards you shuffled into the Deck +1. You can only activate 1 "Performapal Recasting" per turn.$Supports archetypes /Performapal$$Returns from your hand to your Deck/You draw cards$Effect/Condition$
17194258$Fusion Conscription$Unlimited$SPELL$$$$$$$$$$$$Reveal 1 Fusion Monster in your Extra Deck and add 1 of the Fusion Materials whose name is specifically listed on that card from your Deck or Graveyard to your hand, and if you do, for the rest of this turn after this card resolves, you cannot Normal Summon/Set or Special Summon monsters with the added monster's name, also your monsters with that name cannot activate their effects. You can only activate 1 "Fusion Conscription" per turn.$Fusion Monster/Fusion Material$$Reveals your Extra Deck/Adds from Deck to hand/Adds from Graveyard to hand$Effect/Condition$
43698897$Frightfur Factory$Unlimited$SPELL$$$$$$$$$Continuous$$$You can banish 1 "Polymerization" Spell Card or "Fusion" Spell Card from your Graveyard, except "Diffusion Wave-Motion"; Fusion Summon 1 "Frightfur" Fusion Monster from your Extra Deck, using monsters from your hand or your side of the field as Fusion Materials. If this card is sent to the Graveyard: You can target 1 of your banished "Frightfur Fusion"; add it to your hand. You can only use each effect of "Frightfur Factory" once per turn.$Supports archetypes /Frightfur/Fusion /Polymerization $$Sends from your hand to your Graveyard/Sends from your field to your Graveyard/Uses cards in the hand as Fusion Materials/Uses cards on the player's field as Fusion Materials/Activates from your Graveyard/Adds banished cards to the hand$Ignition-like/Trigger-like/Condition$
70083592$Suture Rebirth$Unlimited$SPELL$$$$$$$$$$$$Target 1 "Fluffal" or "Frightfur" monster in your Graveyard; Special Summon it, but its effects are negated. You can only activate 1 "Suture Rebirth" per turn.$Supports archetypes /Fluffal/Frightfur$$$Effect/Condition$
06077601$Frightfur Fusion$Unlimited$SPELL$$$$$$$$$$$$Fusion Summon 1 "Frightfur" Fusion Monster from your Extra Deck, by banishing Fusion Materials listed on it from your field or Graveyard. You can only activate 1 "Frightfur Fusion" per turn.$Supports archetypes /Frightfur$$Uses cards on the player's field as Fusion Materials/Uses cards in the player's Graveyard as Fusion Materials$Effect/Condition$
43476205$Rank-Up-Magic Revolution Force$Unlimited$SPELL$$$$$$$$$Quick-Play$$$●During your turn: Target 1 "Raidraptor" Xyz Monster you control; Special Summon from your Extra Deck, 1 "Raidraptor" monster that is 1 Rank higher than that target, by using that target as the Xyz Material.●During your opponent's turn: Target 1 Xyz Monster your opponent controls with no Xyz Materials; take control of that Xyz Monster, then Special Summon from your Extra Deck, 1 "Raidraptor" monster that is 1 Rank higher than that monster, by using it as the Xyz Material.(These Special Summons are treated as Xyz Summons. Attached Xyz Materials also become Xyz Materials on the Summoned monster.)$Supports archetypes /Raidraptor$Xyz Monster$Changes control/Transfers$Activation requirement/Effect$
79861914$Yosen Whirlwind$Unlimited$SPELL$$$$$$$$$Continuous$$$Activate this card by paying 800 LP. Once per turn, if a face-up "Yosenju" monster you control returns to the hand (except during the Damage Step): You can target 1 card your opponent controls; return it to the hand. During your End Phase, unless this effect was activated this turn (and was not negated), destroy this card.$Supports archetypes /Yosenju$$Returns from your opponent's field to your opponent's hand$Cost/Trigger-like/Continuous-like$
05255013$Zefra Path$Unlimited$SPELL$$$$$$$$$Continuous$$$Activate this card only if you have 2 "Zefra" cards in your Pendulum Zones, with active Pendulum Scales of 1 and 7. If this card is activated: Shuffle all monsters you control into the Deck, except "Zefra" monsters. Neither player can Special Summon monsters, except from the hand or the Extra Deck. While you have a card(s) in your Pendulum Zone, this card cannot be targeted by card effects. Destroy this card if a card(s) in your Pendulum Zone is destroyed.$Supports archetypes /Zefra$$Returns from field to Deck$Activation requirement/Effect/Continuous-like$
32354768$Oracle of Zefra$Unlimited$SPELL$$$$$$$$$Field$$$When this card is activated: Add 1 "Zefra" monster from your Deck to your hand. When you Ritual Summon using a "Zefra" monster, or Special Summon using a "Zefra" monster as material, you can activate these effects depending on the monster Summoned, once per turn per effect:●Ritual: Shuffle 1 monster on the field into the Deck.●Fusion: Special Summon 1 monster from your hand.●Synchro: Choose 1 monster from your Deck and place it on top of your Deck.●Xyz: Draw 1 card, then discard 1 card.You can only activate 1 "Oracle of Zefra" per turn.$Supports archetypes /Zefra$$Adds from Deck to hand/Activates upon Ritual Summon/Activates upon Fusion Summon/Activates upon Synchro Summon/Activates upon Xyz Summon/Returns from field to Deck/Changes your Deck order/Places cards from your Deck on the top of the Deck/You draw cards/You discard$Effect/Trigger-like/Condition$
78748366$Void Vanishment$Unlimited$SPELL$$$$$$$$$Continuous$$$You can discard 1 card; add 1 "Void" Spell/Trap Card from your Deck to your hand, except "Void Vanishment" or "Null and Void", also you cannot Normal or Special Summon monsters for the rest of this turn, except "Infernoid" monsters. You can only use this effect of "Void Vanishment" once per turn. If an "Infernoid" monster you control battles an opponent's monster, after damage calculation: You can send this card to the Graveyard; banish those monsters.$Supports archetypes /Void/Infernoid$$Discards for cost/Adds from Deck to hand/Sends itself from field to Graveyard for cost$Ignition-like/Condition/Trigger-like$
05133471$Galaxy Cyclone$Unlimited$SPELL$$$$$$$$$$$$Target 1 Set Spell/Trap on the field; destroy it. During your Main Phase, except the turn this card was sent to the GY: You can banish this card from your GY, then target 1 face-up Spell/Trap on the field; destroy it. You can only use this effect of "Galaxy Cyclone" once per turn.$$$Activates from your Graveyard$Effect/Ignition-like/Condition$
31531170$Harmonic Oscillation$Unlimited$SPELL$$$$$$$$$$$$If your opponent has 2 cards in their Pendulum Zones: Target those 2 cards; while both targets are in their Pendulum Zones, you can Pendulum Summon using their Pendulum Scales this turn, but only from the Extra Deck.$$$$Effect$
74926274$Pendulum Rising$Unlimited$SPELL$$$$$$$$$$$$Send 1 monster you control to the Graveyard; Special Summon from your Deck, 1 Pendulum Monster with the same Level as the sent monster's original Level, but destroy it during the End Phase. You can only activate 1 "Pendulum Rising" per turn.$Pendulum Monster$$Sends from field to Graveyard for cost$Cost/Effect/Condition$
00911883$Unexpected Dai$Unlimited$SPELL$$$$$$$$$$$$If you control no monsters: Special Summon 1 Level 4 or lower Normal Monster from the Deck.$Normal Monster$$$Activation requirement/Effect$
36415522$Performapal Pinch Helper$Unlimited$TRAP$$$$$$$$$Continuous$$$Once per turn, when an opponent's monster declares a direct attack: You can negate the attack, and if you do, Special Summon 1 "Performapal" monster from your Deck, but its effects are negated. When an attack is declared involving a monster you control and an opponent's monster: You can send this card to the Graveyard; you take no battle damage from that battle.$Supports archetypes /Performapal$$Activates upon attack declaration/Sends itself from field to Graveyard for cost$Trigger-like$
63804637$Melodious Illusion$Unlimited$TRAP$$$$$$$$$$$$Target 1 "Melodious" monster you control; this turn, that face-up monster you control is unaffected by your opponent's Spell/Trap effects, and it can make a second attack during each Battle Phase.$Supports archetypes /Melodious$$$Effect$
09298235$Fluffal Crane$Unlimited$TRAP$$$$$$$$$$$$When a face-up "Fluffal" monster(s) you control is destroyed by your opponent's attack or card effect and sent to your Graveyard: Target 1 of those destroyed monsters; add it to your hand, and if you do, draw 1 card.$Supports archetypes /Fluffal$$Adds from Graveyard to hand/You draw cards$Activation requirement/Effect$
36693940$Designer Frightfur$Unlimited$TRAP$$$$$$$$$$$$Target 1 "Edge Imp" or "Fluffal" monster in your Graveyard; Special Summon it, and if you do, it can be treated as a "Frightfur" monster for a Fusion Summon.$Supports archetypes /Edge Imp/Fluffal/Frightfur$$$Effect$
62681049$Dizzying Winds of Yosen Village$Unlimited$TRAP$$$$$$$$$Continuous$$$Activate this card only if you control a Level 6 or higher "Yosenju" monster. While you have a "Yosenju" card in your Pendulum Zone, if a monster would be returned from the field to the hand by a card effect, shuffle it into the Deck instead, unless it is a "Yosenju" monster.$Supports archetypes /Yosenju$$Returns from field to Deck/Returns to the Deck cards that would be returned to the hand$Activation requirement/Continuous-like$
98076754$Chosen of Zefra$Unlimited$TRAP$$$$$$$$$Continuous$$$This card gains these effects depending on the number of face-up "Zefra" monsters with different names in your Extra Deck.●3 or more: Monsters you control gain 100 ATK for each face-up card in any Extra Deck.●5 or more: Monsters you control cannot be destroyed by an opponent's card effects.●8 or more: Monsters you control cannot be targeted by an opponent's card effects.●10: You can send this card to the Graveyard; shuffle all cards from your opponent's hand, field, and Graveyard into the Deck.$Supports archetypes /Zefra$$Sends itself from field to Graveyard for cost/Returns from your opponent's field to your opponent's Deck/Returns from your opponent's hand to your opponent's Deck/Returns from your opponent's Graveyard to your opponent's Deck$Condition/Continuous-like/Quick-like$
35561352$Zefra Divine Strike$Unlimited$TRAP$$$$$$$$$Counter$$$When a Spell/Trap Card, or monster effect, is activated: Banish 1 face-up "Zefra" monster in your Extra Deck; negate the activation, and if you do, destroy it.$Supports archetypes /Zefra$$$Activation requirement/Cost/Effect$
61965407$Void Purification$Unlimited$TRAP$$$$$$$$$Continuous$$$If you control a monster that is not an "Infernoid" monster, send this card to the Graveyard. You can only use each of these effects of "Void Purification" once per turn.●During each of your opponent's Standby Phases: You can target 1 "Infernoid" monster in your Graveyard; add it to your hand.●During each of your Standby Phases: You can target 1 of your banished "Infernoid" monsters; return it to the Graveyard.$Supports archetypes /Infernoid$$Adds from Graveyard to hand/Returns the player's banished cards to the Graveyard/Sends itself from field to Graveyard$Continuous-like/Condition/Trigger-like$
98954106$Jar of Avarice$Unlimited$TRAP$$$$$$$$$$$$Target 5 cards in your GY, except "Jar of Avarice"; shuffle all 5 into the Deck, then draw 1 card. You can only activate 1 "Jar of Avarice" per turn.$$$Returns from your Graveyard to your Deck/You draw cards$Effect/Condition$
24348804$Lose 1 Turn$Unlimited$TRAP$$$$$$$$$Continuous$$$Activate only if you currently control no Special Summoned monsters. While a monster is face-up on the field, negate its effects during the turn that monster was Special Summoned. If an Effect Monster(s) is Special Summoned in Attack Position: Change it to Defense Position.$$Effect Monster$Changes battle positions$Activation requirement/Continuous-like/Trigger-like$
60743819$Fiend Griefing$Unlimited$TRAP$$$$$$$$$$$$Target 1 monster in your opponent's GY; shuffle it into the Deck, then you can send 1 Fiend monster from your Deck to the GY.$Fiend$$Returns from your opponent's Graveyard to your opponent's Deck/Sends from your Deck to your Graveyard$Effect$
97232518$Abyss Stungray$Unlimited$TRAP$$$$$$$$$Continuous$$$Special Summon this card as an Effect Monster (Thunder-Type/LIGHT/Level 5/ATK 1900/DEF 0). (This card is also still a Trap Card.) If Summoned this way, this card cannot be destroyed by battle.$$$$Effect/Condition/Continuous-like$
23626223$Statue of Anguish Pattern$Unlimited$TRAP$$$$$$$$$Continuous$$$Special Summon this card as an Effect Monster (Rock-Type/EARTH/Level 7/ATK 0/DEF 2500). (This card is also still a Trap Card.) If Summoned this way, this card cannot be targeted by an opponent's card effects while you control another Trap Card that is a monster. If a card is Special Summoned from your Spell & Trap Zone to the Monster Zone while this card is a monster: You can target 1 card on the field; destroy it.$Trap Monster$$$Effect/Condition/Continuous-like/Trigger-like$
60621361$Monster Rebone$Unlimited$TRAP$$$$$$$$$Continuous$$$If your opponent Special Summoned a monster this turn: Activate this card by targeting 1 monster in your opponent's Graveyard; Special Summon it to your side of the field in Defense Position. When this card leaves the field, banish that monster. When that monster leaves the field, destroy this card.$$$$Activation requirement/Effect/Continuous-like$
96015976$Diceversity$Unlimited$TRAP$$$$$$$$$Continuous$$$Once per turn: You can target 1 monster on the field whose current Level is different from its original Level; roll a six-sided die and that monster's Level becomes the same as the result.$$$$Quick-like$
19508728$Moon Mirror Shield$Unlimited$SPELL$$$$$$$$$Equip$$$If the equipped monster battles your opponent's monster, during damage calculation: The equipped monster's ATK/DEF become equal to the ATK or DEF (whichever is higher) of the opponent's battling monster +100, during damage calculation only. If this face-up card is sent from the field to the GY: Pay 500 LP; place this card on either the top or bottom of your Deck.$$$Activates from your Graveyard/Returns itself from Graveyard to Deck$Trigger-like$
45593826$Draghig, Malebranche of the Burning Abyss$Unlimited$DARK$[Fiend/Effect]$$$$$3$1100$900$$$$If you control a monster that is not a "Burning Abyss" monster, destroy this card. You can only use 1 of these effects of "Draghig, Malebranche of the Burning Abyss" per turn, and only once that turn.●If you control no Spell/Trap Cards: You can Special Summon this card from your hand.●If this card is sent to the Graveyard: You can choose 1 "Burning Abyss" card from your Deck and place it on top of your Deck.$Supports archetypes /Burning Abyss$$Activates from your Graveyard/Places cards from your Deck on the top of the Deck$Continuous/Condition/Ignition/Trigger$
81992475$Barbar, Malebranche of the Burning Abyss$Unlimited$DARK$[Fiend/Effect]$$$$$3$1700$1000$$$$If you control a monster that is not a "Burning Abyss" monster, destroy this card. You can only use 1 of these effects of "Barbar, Malebranche of the Burning Abyss" per turn, and only once that turn.●If you control no Spell/Trap Cards: You can Special Summon this card from your hand.●If this card is sent to the Graveyard: You can target up to 3 "Burning Abyss" cards in your Graveyard, except "Barbar, Malebranche of the Burning Abyss"; banish them, and if you do, inflict 300 damage to your opponent for each.$Supports archetypes /Burning Abyss$$Activates from your Graveyard$Continuous/Condition/Ignition/Trigger$
18386170$Dante, Pilgrim of the Burning Abyss$Unlimited$LIGHT$[Fairy/Fusion/Effect]$$$$$9$2800$2500$$3 "Burning Abyss" monsters with different names$$Must be Fusion Summoned and cannot be Special Summoned by other ways. Cannot be targeted by an opponent's card effects. Once per turn, during either player's turn: You can send 1 "Burning Abyss" card from your hand to the Graveyard; draw 1 card. If this card is destroyed by battle and sent to the Graveyard, or if this card you control is sent to your Graveyard by an opponent's card effect: You can send 1 random card from your opponent's hand to the Graveyard.$Supports archetypes /Burning Abyss$$Sends from your hand to your Graveyard for cost/You draw cards/Activates from your Graveyard/Sends from your opponent's hand to your opponent's Graveyard$Summon/Continuous/Quick/Trigger$
44771289$The Terminus of the Burning Abyss$Unlimited$SPELL$$$$$$$$$$$$Fusion Summon 1 "Burning Abyss" Fusion Monster from your Extra Deck, using monsters from your hand or field as Fusion Materials. During your Main Phase, except the turn this card was sent to the Graveyard: You can banish this card from your Graveyard, then target 1 "Burning Abyss" monster on the field; it gains 800 ATK and DEF until the end of your opponent's next turn.$Supports archetypes /Burning Abyss$$Sends from your hand to your Graveyard/Sends from your field to your Graveyard/Activates from your Graveyard/Uses cards in the hand as Fusion Materials/Uses cards on the player's field as Fusion Materials$Effect/Ignition-like$
71279983$U.A. Dreadnought Dunker$Unlimited$EARTH$[Warrior/Effect]$$$$$7$2500$1800$$$$You can Special Summon this card (from your hand) by returning 1 "U.A." monster you control to the hand, except "U.A. Dreadnought Dunker". You can only Special Summon "U.A. Dreadnought Dunker" once per turn this way. If this card attacks a Defense Position monster, inflict piercing battle damage to your opponent. When this card inflicts battle damage to your opponent: You can target 1 card on the field; destroy it.$Supports archetypes /U.A.$$Returns from your field to your hand$Summon/Condition/Continuous/Trigger$
17264592$U.A. Rival Rebounder$Unlimited$EARTH$[Warrior/Effect]$$$$$6$2200$2300$$$$You can Special Summon this card (from your hand) by returning 1 "U.A." monster you control to the hand, except "U.A. Rival Rebounder". You can only Special Summon "U.A. Rival Rebounder" once per turn this way. If this card is Special Summoned during your opponent's turn, or Normal Summoned: You can Special Summon 1 "U.A." monster from your hand or Graveyard, except "U.A. Rival Rebounder". You can only use this effect of "U.A. Rival Rebounder" once per turn.$Supports archetypes /U.A.$$Returns from your field to your hand/Activates upon Normal Summon/Activates upon Special Summon$Summon/Condition/Trigger$
43658697$U.A. Signing Deal$Unlimited$SPELL$$$$$$$$$$$$Special Summon 1 "U.A." monster from your Deck, but its effects are negated, also it cannot be used as Synchro or Xyz Material for a Summon. Then you lose LP equal to that monster's Level x 300. You can only activate 1 "U.A. Signing Deal" per turn.$Supports archetypes /U.A.$$$Effect/Condition$
70043345$U.A. Penalty Box$Unlimited$TRAP$$$$$$$$$Continuous$$$At the start of the Damage Step, if your "U.A." monster battles an opponent's monster: You can banish that opponent's monster until your opponent's 2nd End Phase. You can only use this effect of "U.A. Penalty Box" once per turn. You can banish this card from your Graveyard; add 1 "U.A." Spell Card from your Deck to your hand.$Supports archetypes /U.A.$$Returns banished cards to the field/Activates from your Graveyard/Adds from Deck to hand$Trigger-like/Condition/Quick-like$
00981540$Half Unbreak$Unlimited$TRAP$$$$$$$$$$$$Target 1 monster on the field; this turn, that monster cannot be destroyed by battle, also any battle damage you take from attacks involving that monster is halved.$$$$Effect/Condition$
48800175$The Melody of Awakening Dragon$Unlimited$SPELL$$$$$$$$$$$$Discard 1 card; add up to 2 Dragon monsters with 3000 or more ATK and 2500 or less DEF from your Deck to your hand.$Dragon$$Discards for cost/Adds from Deck to hand$Cost/Effect$
58199906$Cybernetic Fusion Support$Unlimited$SPELL$$$$$$$$$Quick-Play$$$Pay half your LP; once, if you Fusion Summon a Machine Fusion Monster this turn, you can banish monsters from your hand, field, and/or GY as the Fusion Materials. You can only activate 1 "Cybernetic Fusion Support" per turn.$Machine/Fusion Summon/Fusion Monster$$Uses cards in the hand as Fusion Materials/Uses cards on the player's field as Fusion Materials/Uses cards in the player's Graveyard as Fusion Materials$Cost/Effect/Condition$
84298614$Powerful Rebirth$Unlimited$TRAP$$$$$$$$$Continuous$$$Activate this card by targeting 1 Level 4 or lower monster in your GY; Special Summon that target. Increase its Level by 1 and ATK and DEF by 100. When that monster is destroyed, destroy this card.$Level 1 Monster Cards/Level 2 Monster Cards/Level 3 Monster Cards/Level 4 Monster Cards$$$Effect/Continuous-like$
86532744$Number S39: Utopia Prime$Unlimited$LIGHT$[Warrior/Xyz/Effect]$$$4$$$2510$2000$$3 Level 4 LIGHT monsters$$You can also Xyz Summon this card by using a "Number 39: Utopia" you control as the Xyz Material. (Xyz Materials attached to that monster also become Xyz Materials on this card.) If your opponent's LP is at least 3000 higher than yours: You can detach 3 Xyz Materials from this card and pay LP so that you only have 10 left; destroy as many Special Summoned monsters your opponent controls as possible, and if you do, banish them, then inflict 300 damage to your opponent for each monster banished.$LIGHT/Number 39: Utopia$$Detaches multiple Xyz Materials as cost/Transfers$Summon/Ignition$
39030163$Galaxy-Eyes Full Armor Photon Dragon$Unlimited$LIGHT$[Dragon/Xyz/Effect]$$$8$$$4000$3500$$3 Level 8 monsters$$You can also Xyz Summon this card by using a "Galaxy-Eyes" Xyz Monster you control as material, except "Galaxy-Eyes Full Armor Photon Dragon". (Transfer its materials to this card.) Once per turn: You can target up to 2 Equip Cards equipped to this card; attach them to this card as material. Once per turn: You can detach 1 material from this card, then target 1 face-up card your opponent controls; destroy it.$Supports archetypes /Galaxy-Eyes$$Transfers/Attaches as Xyz Material$Summon/Ignition$
70458081$Performapal Thunderhino$Unlimited$LIGHT$[Rock/Effect]$$$$$3$200$1800$$$$Monsters your opponent controls cannot target face-up "Performapal" monsters for attacks, except this one. If a "Performapal" card(s) you control, except "Performapal Thunderhino", would be destroyed by battle or card effect while this card is in your Graveyard, you can banish this card instead.$Supports archetypes /Performapal$$Activates from your Graveyard$Continuous/Unclassified$
98154550$Primitive Butterfly$Unlimited$WIND$[Insect/Effect]$$$$$5$1200$900$$$$If you control no monsters, you can Special Summon this card (from your hand). Once per turn: You can increase the Levels of all Insect-Type monsters you currently control by 1.$Insect$$$Summon/Ignition$
25148255$Junk Anchor$Unlimited$EARTH$[Warrior/Tuner/Effect]$$$$$2$0$0$$$$For a Synchro Summon, you can substitute this card for any 1 "Synchron" Tuner. Once per turn: You can discard 1 card, then target 1 non-Tuner "Junk" monster in your GY; Special Summon that target, and if you do, immediately after this effect resolves, Synchro Summon 1 Synchro Monster that lists a "Synchron" monster as a Tuner, using that monster and this card only. These Synchro Materials are banished instead of being sent to the GY.$Supports archetypes /Junk/Synchron$$Discards for cost/Uses itself as a Synchro Material$Condition/Ignition$
56585883$Harpie Harpist$Unlimited$WIND$[Winged Beast/Effect]$$$$$4$1700$600$$$$This card's name becomes "Harpie Lady" while on the field or in the GY. You can only use each of these effects of "Harpie Harpist" once per turn.●When this card is Normal Summoned: You can target 1 other Winged Beast monster you control and 1 face-up monster your opponent controls; return them to the hand.●During the End Phase, if this card is in the GY because it was sent there this turn: You can add 1 Level 4 Winged Beast monster with 1500 or less ATK from your Deck to your hand.$Harpie Lady/Winged Beast$$Activates upon Normal Summon/Returns from field to hand/Activates from your Graveyard/Adds from Deck to hand$Unclassified/Condition/Trigger$
