Passcode$Name$Status$Attribute$type$link$link_arrows$rank$pendulum_scale$level$attack$defense$spell_attribute$summoning_condition$pendulum_condition$card_text$card_supports$card_anti_supports$card_actions$effect_types$
01557341$Rose, Warrior of Revenge$Unlimited$FIRE$[Warrior/Tuner/Effect]$$$$$4$1600$600$$$$When this card inflicts battle damage to your opponent: Inflict 300 damage to your opponent.$$$Activates when it inflicts battle damage$Trigger$
31281980$Healing Wave Generator$Unlimited$LIGHT$[Machine/Effect]$$$$$4$800$1600$$$$Once per turn, you can select another face-up monster you control to gain Life Points equal to that monster's Level x 100.$$$$Ignition$
67270095$Turbo Synchron$Unlimited$WIND$[Machine/Tuner/Effect]$$$$$1$100$500$$$$When this card declares an attack: You can change the attack target to Defense Position. When you take battle damage while this card is attacking: You can Special Summon 1 monster from your hand with ATK less than or equal to the battle damage you took.$$$Activates upon attack declaration/Changes battle positions/Activates if you take battle damage$Trigger$
94664694$Mad Archfiend$Unlimited$DARK$[Fiend/Effect]$$$$$4$1800$0$$$$If this card attacks a Defense Position monster, inflict piercing battle damage to your opponent. If this face-up Attack Position card is targeted for an attack: Change it to Defense Position.$$$Changes battle positions$Continuous/Trigger$
30069398$Wall of Ivy$Unlimited$EARTH$[Plant/Effect]$$$$$2$300$1200$$$$FLIP: Special Summon 1 "Ivy Token" (Plant-Type/EARTH/Level 1/ATK 0/DEF 0) in Defense Position to your opponent's side of the field. When this Token is destroyed, its controller takes 300 damage.$$$Activates upon being flipped face-up$Flip$
66457407$Copy Plant$Unlimited$WIND$[Plant/Tuner/Effect]$$$$$1$0$0$$$$Once per turn: You can target 1 other Plant-Type monster on the field that has a Level; this card's Level becomes that monster's current Level, until the end of this turn.$Plant$$$Ignition$
93542102$Morphtronic Celfon$Unlimited$EARTH$[Machine/Effect]$$$$$1$100$100$$$$●While in Attack Position: Once per turn, you can roll a six-sided die. Reveal cards from top of your Deck equal to the roll and Special Summon 1 Level 4 or lower "Morphtronic" monster from among them, ignoring the Summoning conditions. Shuffle the rest into the Deck.●While in Defense Position: Once per turn, you can roll a six-sided die. Look at cards from top of your Deck equal to the roll, then return them in the same order.$Supports archetypes /Morphtronic$$Excavates from the player's Deck/Shuffles excavated cards into the Deck/Looks at cards from the top of your Deck$Ignition$
29947751$Morphtronic Magnen$Unlimited$EARTH$[Thunder/Effect]$$$$$3$800$800$$$$●While in Attack Position: If your opponent controls a face-up monster, this card can only select their highest ATK monster as an attack target.●While in Defense Position: Your opponent cannot select another monster as an attack target.$$$$Continuous$
66331855$Morphtronic Datatron$Unlimited$FIRE$[Pyro/Effect]$$$$$3$1200$600$$$$●While in Attack Position: Once per turn, you can Tribute 1 monster to inflict 600 damage to your opponent.●While in Defense Position: Once per turn, you can inflict 300 damage to your opponent.$$$Tributes for cost$Ignition$
92720564$Morphtronic Boomboxen$Unlimited$EARTH$[Machine/Effect]$$$$$4$1200$400$$$$●While in Attack Position, this card can attack twice during each Battle Phase.●Once per turn, while in Defense Position, when a face-up "Morphtronic" monster you control is targeted for an attack: You can negate the attack.$Supports archetypes /Morphtronic$$$Continuous/Trigger$
28124263$Morphtronic Cameran$Unlimited$LIGHT$[Machine/Effect]$$$$$2$800$600$$$$●While in Attack Position: When this card is destroyed by battle, you can Special Summon 1 Level 4 or lower "Morphtronic" monster from your hand or Graveyard, except "Morphtronic Cameran".●While in Defense Position: "Morphtronic" monsters on the field cannot be targeted by effects.$Supports archetypes /Morphtronic$$Activates from your Graveyard$Trigger/Continuous$
55119278$Morphtronic Radion$Unlimited$LIGHT$[Thunder/Effect]$$$$$4$1000$900$$$$●While in Attack Position: "Morphtronic" monsters you control gain 800 ATK.●While in Defense Position: "Morphtronic" monsters you control gain 1000 DEF.$Supports archetypes /Morphtronic$$$Continuous$
91607976$Morphtronic Clocken$Unlimited$EARTH$[Machine/Effect]$$$$$2$600$1100$$$$●While in Attack Position: This card gains 500 ATK for each Morph Counter on it.●While in Defense Position: Once per turn, you can place 1 Morph Counter on this card. You can Tribute this card to inflict 1000 damage to your opponent for each Morph Counter on it.$$$Tributes itself for cost$Continuous/Ignition$
28002611$Gadget Hauler$Unlimited$EARTH$[Machine/Effect]$$$$$6$1300$0$$$$Once per turn, you can send any number of "Morphtronic" monsters from your hand to the Graveyard to have this card gain 800 ATK for each.$Supports archetypes /Morphtronic$$Sends from your hand to your Graveyard for cost$Ignition$
54497620$Gadget Driver$Unlimited$EARTH$[Machine/Effect]$$$$$1$200$200$$$$You can send this card from your hand to the Graveyard and select any number of face-up "Morphtronic" monsters you control. Change the battle position of the selected monster(s). This effect can be activated during either player's turn.$Supports archetypes /Morphtronic$$Sends itself from hand to Graveyard for cost/Changes battle positions$Quick$
80885324$Search Striker$Unlimited$WIND$[Warrior/Effect]$$$$$4$1600$1200$$$$If this card attacks a face-down Defense Position monster, you can destroy the monster immediately with this card's effect without flipping it face-up or applying damage calculation. If you do, this card is changed to Defense Position at the end of the Battle Phase. This card's battle position cannot be changed until the end of your next turn, except with a card effect.$$$Changes battle positions/Prevents battle position changes$Trigger/Continuous$
27870033$Pursuit Chaser$Unlimited$EARTH$[Machine/Effect]$$$$$3$1400$600$$$$When a Defense Position monster is destroyed by battle and sent to the Graveyard, inflict 500 damage to your opponent.$$$Activates if destroyed by battle$Trigger$
53274132$Iron Chain Repairman$Unlimited$EARTH$[Warrior/Effect]$$$$$4$1600$1200$$$$When this card destroys a monster by battle and sends it to the Graveyard, inflict 300 damage to your opponent. Once per turn, you can Special Summon 1 Level 4 or lower "Iron Chain" monster from your Graveyard, except "Iron Chain Repairman". This card cannot attack the turn you activate this effect.$Supports archetypes /Iron Chain$$Activates when it destroys a monster by battle$Trigger/Ignition$
80769747$Iron Chain Snake$Unlimited$EARTH$[Reptile/Effect]$$$$$3$800$1200$$$$During your Main Phase, you can equip this card to 1 face-up monster your opponent controls. That monster loses 800 ATK and DEF. When it is destroyed by battle and sent to the Graveyard, its controller sends cards equal to its Level from the top of their Deck to the Graveyard.$$$Equips self from field/Activates from your Graveyard/Sends from your opponent's Deck to your opponent's Graveyard$Ignition/Continuous-like/Trigger$
26157485$Iron Chain Blaster$Unlimited$EARTH$[Warrior/Effect]$$$$$2$1100$0$$$$Once per turn, you can send 1 "Iron Chain" monster you control to the Graveyard to inflict 800 damage to your opponent.$Supports archetypes /Iron Chain$$Sends from your field to your Graveyard$Ignition$
53152590$Iron Chain Coil$Unlimited$EARTH$[Machine/Tuner/Effect]$$$$$3$1100$1600$$$$Once per turn, you can select 1 "Iron Chain" monster you control to have it gain 300 ATK and DEF as long as this card is face-up on the field.$Supports archetypes /Iron Chain$$$Ignition$
89547299$Power Injector$Unlimited$EARTH$[Psychic/Effect]$$$$$4$1300$1400$$$$Once per turn you can pay 600 Life Points to have all face-up Psychic-Type monsters gain 500 ATK during this turn.$Psychic$$$Ignition$
15935204$Storm Caller$Unlimited$WIND$[Psychic/Effect]$$$$$6$2300$2000$$$$You can put your opponent's monsters that are destroyed by battle with other Psychic-Type monsters on top of their owner's Deck instead of sending them to the Graveyard. When this card is destroyed by a card effect, this card's controller takes damage equal to its original ATK.$Psychic$$Activates when it destroys a monster by battle/Returns to the Deck cards that would be sent to the Graveyard/Activates if destroyed by card effect$Continuous/Trigger$
52430902$Psychic Jumper$Unlimited$EARTH$[Psychic/Tuner/Effect]$$$$$2$100$1500$$$$Once per turn: You can pay 1000 LP, then target 1 face-up monster your opponent controls and 1 Psychic-Type monster you control, except "Psychic Jumper"; switch control of both those targets, and if you do, their battle positions cannot be changed this turn.$Psychic$$Changes control/Prevents Battle Position changes$Ignition$
19505896$Nettles$Unlimited$EARTH$[Plant/Tuner/Effect]$$$$$2$1200$400$$$$If this face-up card would be destroyed, you can destroy 1 face-up Plant-Type monster you control instead.$Plant$$$Continuous$
82116191$Gigantic Cephalotus$Unlimited$EARTH$[Plant/Effect]$$$$$4$1850$700$$$$This card gains 200 ATK each time a Plant-Type monster is sent from the field to the Graveyard.$Plant$Plant$$Trigger$
82994509$Horseytail$Unlimited$WIND$[Plant/Effect]$$$$$2$400$500$$$$When this card is destroyed by battle and sent to the Graveyard, Special Summon 1 "Horseytail Token" (Plant-Type/WIND/Level 1/ATK 0/DEF 0) to your opponent's side of the field in Defense Position. When this Token is destroyed by battle with a Plant-Type monster, its controller sends 1 card from their hand to the Graveyard.$Plant$$Activates if destroyed by battle/Activates from your Graveyard/Sends from your opponent's hand to your opponent's Graveyard$Trigger$
84824601$Botanical Girl$Unlimited$WATER$[Plant/Effect]$$$$$3$1300$1100$$$$When this card is sent from the field to the Graveyard, you can add 1 Plant-Type monster with 1000 or less DEF from your Deck to your hand.$Plant$$Activates from your Graveyard/Adds from Deck to hand$Trigger$
18489208$Cursed Fig$Unlimited$WATER$[Plant/Effect]$$$$$1$200$200$$$$When this card is destroyed by battle and sent to the Graveyard: Target 2 Set Spell/Trap Cards on the field; while this card is in the Graveyard, those Set cards cannot be activated.$$$Activates from your Graveyard$Trigger$
11819616$Tytannial, Princess of Camellias$Unlimited$WIND$[Plant/Effect]$$$$$8$2800$2600$$$$When a card or effect is activated that targets a card(s) on the field (Quick Effect): You can Tribute 1 face-up Plant monster; negate the activation, and if you do, destroy it.$Plant$$Tributes for cost$Quick$
43642620$Zombie Mammoth$Unlimited$EARTH$[Zombie/Effect]$$$$$4$1900$0$$$$Destroy this card if you do not have a Zombie-Type monster in your Graveyard. When this face-up card is destroyed, inflict damage to its controller equal to its original ATK.$Zombie$$$Continuous/Trigger$
33420078$Plaguespreader Zombie$Unlimited$DARK$[Zombie/Tuner/Effect]$$$$$2$400$200$$$$If this card is in your GY: You can place 1 card from your hand on the top of the Deck; Special Summon this card, but banish it when it leaves the field.$$$Returns from hand to Deck for cost/Activates from your Graveyard$Ignition$
18960169$Goblin Decoy Squad$Unlimited$DARK$[Warrior/Effect]$$$$$4$1000$0$$$$When this card inflicts Battle Damage to your opponent, you can draw 1 card. If this card attacks, it is changed to Defense Position at the end of the Battle Phase. This card's battle position cannot be changed until the end of your next turn, except with a card effect.$$$Changes battle positions/Prevents Battle Position changes/You draw cards$Trigger/Continuous$
83602069$Comrade Swordsman of Landstar$Unlimited$EARTH$[Warrior/Tuner/Effect]$$$$$3$500$1200$$$$All Warrior-Type monsters you control gain 400 ATK.$Warrior$$$Continuous$
20450925$Hanewata$Unlimited$LIGHT$[Fairy/Tuner/Effect]$$$$$1$200$300$$$$(Quick Effect): You can discard this card; you take no effect damage this turn.$$$Activates from your hand/Discards itself for cost$Quick$
79814787$The White Stone of Legend$Unlimited$LIGHT$[Dragon/Tuner/Effect]$$$$$1$300$250$$$$If this card is sent to the GY: Add 1 "Blue-Eyes White Dragon" from your Deck to your hand.$Blue-Eyes White Dragon$$Activates from your Graveyard/Adds from Deck to hand$Trigger$
10097168$Tiger Dragon$Unlimited$EARTH$[Dragon/Effect]$$$$$6$2400$1800$$$$When this card is Tribute Summoned by Tributing a Dragon monster: You can target up to 2 Set cards in your opponent's Spell & Trap Zone; destroy those targets.$Dragon$$Activates upon Tribute Summon$Trigger$
44364207$Jade Knight$Unlimited$LIGHT$[Machine/Effect]$$$$$4$1000$1800$$$$While this card is in Attack Position, Machine monsters you control with 1200 or less ATK cannot be destroyed by Trap effects. When this card is destroyed by battle and sent to the GY: You can add 1 Level 4 LIGHT Machine monster from your Deck to your hand.$Machine/LIGHT$$Activates from your Graveyard/Adds from Deck to hand$Continuous/Trigger$
46195773$Turbo Warrior$Unlimited$WIND$[Warrior/Synchro/Effect]$$$$$6$2500$1500$$"Turbo Synchron" + 1 or more non-Tuner monsters$$When this card declares an attack on a Level 6 or higher Synchro Monster: Halve the ATK of the attack target until the end of the Damage Step. This card cannot be targeted by the effects of Level 6 or lower monsters.$$Synchro Monster$Activates upon attack declaration$Trigger/Continuous$
73580471$Black Rose Dragon$Unlimited$FIRE$[Dragon/Synchro/Effect]$$$$$7$2400$1800$$1 Tuner + 1+ non-Tuner monsters$$When this card is Synchro Summoned: You can destroy all cards on the field. Once per turn: You can banish 1 Plant monster from your GY, then target 1 Defense Position monster your opponent controls; change that target to face-up Attack Position, and if you do, its ATK becomes 0 until the end of this turn.$Plant$$Activates upon Synchro Summon/Changes battle positions$Trigger/Ignition$
19974580$Iron Chain Dragon$Unlimited$EARTH$[Dragon/Synchro/Effect]$$$$$6$2500$1300$$1 Tuner + 1 or more non-Tuner monsters$$You can remove from play all "Iron Chain" monsters from your Graveyard to have this card gain 200 ATK for each card removed, until the End Phase. When this card inflicts Battle Damage to your opponent, send the top 3 cards of your opponent's Deck to the Graveyard.$Supports archetypes /Iron Chain$$Activates when it inflicts battle damage/Sends from the top of your opponent's Deck to your opponent's Graveyard$Ignition/Trigger$
45379225$Psychic Lifetrancer$Unlimited$EARTH$[Psychic/Synchro/Effect]$$$$$7$2400$2000$$1 Tuner + 1 or more non-Tuner monsters$$Once per turn, you can remove from play 1 Psychic-Type monster from your Graveyard to gain 1200 Life Points.$Psychic$$$Ignition$
45500495$Queen of Thorns$Unlimited$LIGHT$[Plant/Synchro/Effect]$$$$$6$2200$1800$$1 Tuner + 1 or more non-Tuner Plant-Type monsters$$Each player must pay 1000 LP for each monster Normal or Special Summoned from their hand, except for Plant-Type monsters.$Plant$$Pays Life Points for cost$Continuous$
06021033$Doomkaiser Dragon$Unlimited$FIRE$[Zombie/Synchro/Effect]$$$$$6$2400$1500$$"Plaguespreader Zombie" + 1 or more non-Tuner Zombie-Type monsters$$When this card is Special Summoned: You can target 1 Zombie-Type monster in your opponent's Graveyard; Special Summon that target to your side of the field in face-up Attack Position, but destroy it when this card leaves the field.$Zombie$Zombie$$Trigger$
05309481$Revived King Ha Des$Unlimited$DARK$[Zombie/Synchro/Effect]$$$$$6$2450$0$$"Plaguespreader Zombie" + 1 or more non-Tuner Zombie-Type monsters$$Negate the effects of Effect Monsters destroyed by battle with Zombie-Type monsters you control.$Zombie$$$Continuous$
72767833$Card Rotator$Unlimited$SPELL$$$$$$$$$$$$Send 1 card from your hand to the Graveyard. Change the battle positions of all monsters your opponent controls. (Face-down Defense Position monsters are flipped to face-up Attack Position.)$$$Sends from your hand to your Graveyard/Changes battle positions/Flips monsters face-up$Cost/Effect$
18752938$Seed of Deception$Unlimited$SPELL$$$$$$$$$Quick-Play$$$Special Summon 1 Level 2 or lower Plant-Type monster from your hand.$Plant$$$Effect$
45247637$Mark of the Rose$Unlimited$SPELL$$$$$$$$$Equip$$$Activate this card by banishing 1 Plant monster from your GY, then target 1 face-up monster your opponent controls; equip this card to it. Take control of the equipped monster. Once per turn, during your End Phase: Negate this card's effect until your next Standby Phase.$Plant$$Takes control of equipped$Cost/Continuous-like/Trigger-like$
71645242$Black Garden$Unlimited$SPELL$$$$$$$$$Field$$$If a monster(s) is Normal or Special Summoned face-up, except by the effect of "Black Garden": Halve its ATK, then, the controller of that monster Special Summons 1 "Rose Token" (Plant/DARK/Level 2/ATK 800/DEF 800) to their opponent's field in Attack Position. (This ATK loss remains even if this card leaves the field.) You can target 1 monster in your GY with ATK equal to the total ATK of all Plant monsters on the field; destroy this card and as many Plant monsters on the field as possible, then, if you destroyed all of them, Special Summon that targeted monster.$Plant$Plant$Activates upon Normal Summon/Activates upon Special Summon$Trigger-like/Ignition-like$
07030340$Factory of 100 Machines$Unlimited$SPELL$$$$$$$$$Quick-Play$$$Remove from play all "Morphtronic" monsters from your Graveyard. Target face-up Machine-Type monster you control gains 200 ATK for each card removed, until the End Phase.$Supports archetypes /Morphtronic$$$Cost/Effect$
44424095$Morphtronic Accelerator$Unlimited$SPELL$$$$$$$$$$$$Return 1 "Morphtronic" monster from your hand to the Deck. Destroy 1 card on the field, and draw 1 card.$Supports archetypes /Morphtronic$$Returns from your hand to your Deck/You draw cards$Cost/Effect$
70423794$Morphtronic Cord$Unlimited$SPELL$$$$$$$$$Equip$$$Equip only to a "Morphtronic" monster. Each time the equipped monster's battle position is changed, destroy 1 Spell or Trap Card on the field.$Supports archetypes /Morphtronic$$Activates if battle positions change$Condition/Trigger-like$
07817703$Morphtronic Engine$Unlimited$SPELL$$$$$$$$$Equip$$$Equip only to a Level 3 "Morphtronic" monster. Its ATK becomes double its original ATK. During your second Standby Phase after this card's activation, destroy this card, and take damage equal to the original ATK of the equipped monster.$Supports archetypes /Morphtronic$$$Condition/Continuous-like/Trigger-like$
33302407$Poison Chain$Unlimited$SPELL$$$$$$$$$Continuous$$$During the End Phase of your turn, if you did not attack, you can make your opponent send cards equal to the number of face-up "Iron Chain" monsters you control from the top of their Deck to the Graveyard.$Supports archetypes /Iron Chain$$Sends from your opponent's Deck to your opponent's Graveyard$Trigger-like$
79707116$Paralyzing Chain$Unlimited$SPELL$$$$$$$$$Continuous$$$When a card(s) is sent from your opponent's Deck to the Graveyard by a card effect, inflict 300 damage to your opponent.$$$$Trigger-like$
06795211$Teleport$Unlimited$SPELL$$$$$$$$$Continuous$$$Once per turn, if your opponent controls a monster and you control no monsters, you can pay 800 Life Points to Special Summon 1 Psychic-Type monster from your hand.$Psychic$$Pays Life Points for cost$Ignition-like$
32180819$Psychokinesis$Unlimited$SPELL$$$$$$$$$$$$If you control a Psychic-Type monster: Target 1 card on the field; destroy it, and if you do, take 1000 damage.$Psychic$$$Activation requirement/Effect$
44887817$Miracle Fertilizer$Unlimited$SPELL$$$$$$$$$Continuous$$$Once per turn: You can target 1 Plant monster in your GY; Special Summon that target. You cannot Normal Summon/Set during the turn you Special Summon with this effect (even if this card leaves the field). If a monster Special Summoned by this effect leaves the field, destroy this card.$Plant$$$Ignition-like/Condition/Continuous-like$
69584564$Fragrance Storm$Unlimited$SPELL$$$$$$$$$$$$Target 1 Plant-Type monster on the field; destroy that target, and if you do, draw 1 card, then if that card is a Plant-Type monster, you can reveal it and draw 1 more card.$Plant$Plant$You draw cards/Shows the player's drawn cards$Effect$
05973663$The World Tree$Unlimited$SPELL$$$$$$$$$Continuous$$$Each time a face-up Plant-Type monster(s) on the field is destroyed, place 1 Flower Counter on this card. You can remove any number of Flower Counters from this card to activate these effects.●1 Counter: Target 1 Plant-Type monster on the field; that target gains 400 ATK and DEF until the end of this turn. (This ATK gain remains even if this card leaves the field.)●2 Counters: Target 1 card on the field; destroy that target.●3 Counters: Target 1 Plant-Type monster in your Graveyard; Special Summon that target.$Plant$Plant$$Continuous-like/Ignition-like$
31467372$Everliving Underworld Cannon$Unlimited$SPELL$$$$$$$$$Continuous$$$Once per turn, when a Zombie-Type monster is Special Summoned to your side of the field: Inflict 800 damage to your opponent.$Zombie$$$Trigger-like$
68462976$Secret Village of the Spellcasters$Unlimited$SPELL$$$$$$$$$Field$$$If only you control a Spellcaster monster, your opponent cannot activate Spell Cards. If you control no Spellcaster monsters, you cannot activate Spell Cards.$Spellcaster$$$Continuous-like$
04857085$Omega Goggles$Unlimited$SPELL$$$$$$$$$Equip$$$Equip only to a monster you control. Once per turn, you can look at 1 random card in your opponent's hand. The equipped monster cannot attack the turn you activate this effect.$$$Reveals your opponent's hand$Condition/Ignition-like$
31245780$Battle Mania$Unlimited$TRAP$$$$$$$$$$$$Activate only during your opponent's Standby Phase. All face-up monsters your opponent controls are changed to Attack Position, and cannot change their battle positions this turn. All monsters your opponent currently controls must attack this turn, if able.$$$Changes battle positions/Prevents Battle Position changes$Activation requirement/Effect$
67630339$Confusion Chaff$Unlimited$TRAP$$$$$$$$$$$$Activate only when your opponent declares a second direct attack during the same Battle Phase. Conduct battle between the attacking monster and the first monster that attacked directly (other effects cannot be activated during this battle).$$$Activates upon attack declaration$Activation requirement/Effect$
94634433$Urgent Tuning$Unlimited$TRAP$$$$$$$$$$$$During the Battle Phase: Immediately after this effect resolves, Synchro Summon 1 Synchro Monster using monsters you control.$Synchro Monster$$$Activation requirement/Effect$
30123142$Synchro Strike$Unlimited$TRAP$$$$$$$$$$$$Target Synchro Summoned monster gains 500 ATK for each Synchro Material Monster used to Summon it, until the End Phase.$Synchro Monster$$$Effect$
66518841$Prideful Roar$Unlimited$TRAP$$$$$$$$$$$$During damage calculation, if your monster battles an opponent's monster with a higher ATK: Pay LP equal to the difference in ATK; your monster gains ATK equal to that difference +300, during damage calculation only.$$$$Activation requirement/Cost/Effect$
93912845$Revival Gift$Unlimited$TRAP$$$$$$$$$$$$Select 1 Tuner monster from your Graveyard and Special Summon it. Its effects are negated. Special Summon 2 "Gift Fiend Tokens" (Fiend-Type/DARK/Level 3/ATK 1500/DEF 1500) to your opponent's side of the field.$Tuner monster$$$Effect$
29307554$Lineage of Destruction$Unlimited$TRAP$$$$$$$$$$$$Activate only during a turn in which you destroyed a Defense Position monster your opponent controlled. Select 1 Level 8 monster you control. During this turn, the selected monster can attack twice.$Level 8 Monster Cards$$$Activation requirement/Effect$
66395299$Doppelganger$Unlimited$TRAP$$$$$$$$$Continuous$$$When you take damage from the effect of a monster your opponent controls, inflict the same amount of damage to your opponent.$$$$Trigger-like$
92890308$Morphtransition$Unlimited$TRAP$$$$$$$$$$$$Activate only when a face-up "Morphtronic" monster you control is selected as an attack target. Negate the attack, and change the battle position of the selected "Morphtronic" monster.$Supports archetypes /Morphtronic$$Changes battle positions$Activation requirement/Effect$
28284902$Morphtronic Monitron$Unlimited$TRAP$$$$$$$$$Continuous$$$When a "Morphtronic" monster is Summoned, you can change it to face-up Defense Position.$Supports archetypes /Morphtronic$$Changes battle positions$Trigger-like$
55673611$Psychic Trigger$Unlimited$TRAP$$$$$$$$$$$$Activate only while your Life Points are lower than your opponent's. Select 2 Psychic-Type monsters in your Graveyard. Remove them from play and draw 2 cards.$Psychic$$You draw cards$Activation requirement/Effect$
91078716$Pollinosis$Unlimited$TRAP$$$$$$$$$Counter$$$When a monster(s) would be Normal or Special Summoned, OR a Spell/Trap Card is activated: Tribute 1 Plant monster; negate the Summon or activation, and if you do, destroy that card.$Plant$$Tributes for cost$Activation requirement/Cost/Effect$
28062325$Bamboo Scrap$Unlimited$TRAP$$$$$$$$$$$$Tribute 1 Plant-Type monster. Special Summon 2 "Plant Tokens" (Plant-Type/EARTH/Level 1/ATK 800/DEF 500) to your opponent's side of the field in Defense Position.$Plant$$Tributes for cost$Cost/Effect$
54451023$Plant Food Chain$Unlimited$TRAP$$$$$$$$$$$$Target 1 Plant-Type monster you control; equip this card to that target. It gains 500 ATK. If this card is destroyed by a card effect while equipped: You can target 1 Plant-Type monster in your Graveyard; Special Summon that target.$Plant$$Equips self from field/Activates if destroyed by card effect$Effect/Continuous-like/Trigger-like$
80955168$Trap of the Imperial Tomb$Unlimited$TRAP$$$$$$$$$$$$When a Zombie monster(s) is Special Summoned from your opponent's GY to your field: Target 2 cards on the field; destroy them.$Zombie$Zombie$Activates upon Special Summon$Activation requirement/Effect$
27340877$DNA Checkup$Unlimited$TRAP$$$$$$$$$$$$Select 1 face-down monster you control. Your opponent declares 2 Attributes. Reveal the selected monster. If its Attribute is one of the declared Attributes, your opponent draws 2 cards. If not, you draw 2 cards.$$$Declares an Attribute/You draw cards/Your opponent draws cards/Reveals face-down cards$Effect$
53334471$Gozen Match$Unlimited$TRAP$$$$$$$$$Continuous$$$Each player can only control 1 Attribute of monster. Send all other face-up monsters they control to the GY.$$$Sends from field to Graveyard$Continuous-like$
80723580$Giant Trap Hole$Unlimited$TRAP$$$$$$$$$$$$When 2 or more monsters are Special Summoned at the same time: Destroy all monsters on the field.$$$$Activation requirement/Effect$
38041940$Seed of Flame$Unlimited$FIRE$[Plant/Effect]$$$$$3$1600$1200$$$$When this card you control is destroyed by a card effect and sent to your Graveyard: You can target 1 Level 4 or lower Plant-Type monster in your Graveyard, except "Seed of Flame"; Special Summon that target, and if you do, Special Summon 1 "Seed Token" (Plant-Type/EARTH/Level 1/ATK 0/DEF 0) to your opponent's side of the field in Defense Position. This Token cannot be Tributed for a Tribute Summon.$Plant$$Activates if destroyed by card effect/Activates from your Graveyard$Trigger$
74440055$Cactus Fighter$Unlimited$EARTH$[Plant/Effect]$$$$$4$1900$400$$$$If this card destroys an opponent's monster by battle, Special Summon 1 "Needle Token" (Plant-Type/EARTH/Level 1/ATK 500/DEF 500) to your opponent's side of the field in Defense Position.$$$Activates when it destroys a monster by battle$Trigger$
01834753$Overdrive Teleporter$Unlimited$LIGHT$[Psychic/Effect]$$$$$6$2100$1200$$$$This card cannot be Special Summoned. You can pay 2000 Life Points to Special Summon 2 Level 3 Psychic-Type monsters from your Deck. This effect can only be used once while this card is face-up on the field.$Psychic$$$Summon/Ignition$
37829468$Rai-Jin$Unlimited$LIGHT$[Thunder/Effect]$$$$$4$?$1000$$$$All LIGHT monsters you control gain 100 ATK for each LIGHT monster in your Graveyard. During your End Phase, destroy 1 LIGHT monster you control. There can only be 1 face-up "Rai-Jin" on the field.$LIGHT$$$Continuous/Trigger/Unclassified$
63223467$Rai-Mei$Unlimited$LIGHT$[Thunder/Effect]$$$$$3$1400$1200$$$$When this card is destroyed by battle and sent to the Graveyard, you can add 1 Level 2 or lower LIGHT monster from your Deck to your hand.$LIGHT/Level 1 Monster Cards/Level 2 Monster Cards$$Activates if destroyed by battle/Activates from your Graveyard/Adds from Deck to hand$Trigger$
00612115$Gladiator Beast Retiari$Unlimited$WATER$[Aqua/Effect]$$$$$3$1200$800$$$$When this card is Special Summoned by the effect of a "Gladiator Beast" monster, you can remove from play 1 card from your opponent's Graveyard. At the end of the Battle Phase, if this card attacked or was attacked, you can return it to the Deck to Special Summon 1 "Gladiator Beast" monster from your Deck, except "Gladiator Beast Retiari".$Supports archetypes /Gladiator Beast$$Returns itself from field to Deck for cost$Trigger$
36107810$Night's End Sorcerer$Unlimited$DARK$[Spellcaster/Tuner/Effect]$$$$$2$1300$400$$$$When this card is Special Summoned: You can target up to 2 cards in your opponent's Graveyard; banish them.$$$Activates upon Special Summon$Trigger$
63101919$Tempest Magician$Unlimited(OCG)$DARK$[Spellcaster/Synchro/Effect]$$$$$6$2200$1400$$1 Tuner + 1 or more non-Tuner Spellcaster-Type monsters$$When this card is Synchro Summoned, place 1 Spell Counter on it. Once per turn, you can discard any number of cards to place 1 Spell Counter on a monster(s) you control for each card you discarded. You can remove all Spell Counters on the field to inflict 500 damage to your opponent for each removed Spell Counter.$Spellcaster$$Activates upon Synchro Summon/Discards for cost$Trigger/Ignition$
99590524$Treacherous Trap Hole$Unlimited$TRAP$$$$$$$$$$$$If you have no Trap Cards in your Graveyard: Target 2 monsters on the field; destroy those targets.$$$$Activation requirement/Effect$
41442341$Puppet Master$Unlimited$DARK$[Fiend/Effect]$$$$$6$0$0$$$$When this card is Tribute Summoned: You can pay 2000 LP, then target 2 Fiend monsters in your GY; Special Summon those targets, but they cannot attack this turn.$Fiend$$Activates upon Tribute Summon$Trigger$
80987696$Time Machine$Unlimited$TRAP$$$$$$$$$$$$When a monster is destroyed by battle and sent to the GY: Special Summon that monster to the same field it was on, in the same battle position it was in when destroyed.$$$Activates if destroyed by battle$Activation requirement/Effect$
54591086$Virus Cannon$Unlimited$TRAP$$$$$$$$$$$$Tribute any number of monsters, except Tokens; your opponent sends an equal number of Spells from their Deck to the GY (or all their Spells, if lower than the number of Tributes).$$Spell Card$Tributes for cost/Sends from your opponent's Deck to your opponent's Graveyard$Cost/Effect$
96938777$Machine Lord Ür$Unlimited$EARTH$[Machine/Effect]$$$$$4$1600$1500$$$$This card can attack all monsters your opponent controls once each. If this card attacks or is attacked, your opponent takes no battle damage.$$$$Continuous$
08483333$Mosaic Manticore$Unlimited$EARTH$[Beast/Effect]$$$$$8$2800$2500$$$$During the Standby Phase of your next turn after you Tribute Summoned this face-up card on the field: Special Summon, from the Graveyard, as many monster(s) as possible that were used for its Tribute Summon. They cannot declare an attack, and their effects are negated.$$$$Trigger/Condition$
23116808$Goka, the Pyre of Malice$Unlimited$FIRE$[Zombie/Effect]$$$$$6$2200$1900$$$$If you control a FIRE monster, you can Special Summon this card (from your hand). When you do: Target 1 FIRE monster you control; destroy that target. During each of your Standby Phases: Special Summon 1 "Fireball Token" (Pyro-Type/FIRE/Level 1/ATK 100/DEF 100) in Defense Position. You can Tribute 1 other FIRE monster; this card gains 500 ATK until the End Phase.$FIRE$$Activates upon Special Summon/Tributes for cost$Unclassified/Trigger/Ignition$
68722455$Red Ogre$Unlimited$EARTH$[Zombie/Effect]$$$$$7$2800$2100$$$$When this card is Normal Summoned: You can send any number of cards from your hand to the Graveyard, then target the same number of cards on the field; return those targets to the hand.$$$Activates upon Normal Summon/Sends from hand to Graveyard for cost/Returns from field to hand$Trigger$
05126490$Neos Wiseman$Unlimited$LIGHT$[Spellcaster/Effect]$$$$$10$3000$3000$$$$Cannot be Normal Summoned or Set. Must be Special Summoned (from your hand) by sending 1 face-up "Elemental HERO Neos" and 1 face-up "Yubel" you control to the Graveyard, and cannot be Special Summoned by other ways. This card cannot be destroyed by card effects. At the end of the Damage Step, if this card battled an opponent's monster: Inflict damage to your opponent equal to the ATK of the monster it battled, and you gain Life Points equal to that monster's DEF.$Elemental HERO Neos/Yubel$$Sends from field to Graveyard for cost$Summon/Continuous/Trigger$
31111109$Elemental HERO Divine Neos$Unlimited$LIGHT$[Warrior/Fusion/Effect]$$$$$12$2500$2500$$$$Must be Fusion Summoned using any 5 "Neos", "Neo Space", "Neo-Spacian", or "HERO" monsters, including at least 1 "Neos" or "Neo Space" monster, 1 "Neo-Spacian" monster, and 1 "HERO" monster, and cannot be Special Summoned by other ways. Once per turn: You can banish 1 "Neos", "Neo Space", "Neo-Spacian", or "HERO" monster from your Graveyard; this card gains 500 ATK, and until the End Phase it also gains the banished monster's effects.$Supports archetypes /Neos/Neo-Spacian/HERO$$$Summon/Ignition$
20546916$Botanical Lion$Unlimited$EARTH$[Plant/Effect]$$$$$4$1600$2000$$$$This card gains 300 ATK for each Plant-Type monster you control. Control of this face-up card on the field cannot switch.$Plant$$Cannot change control$Continuous$
