Passcode$Name$Status$Attribute$type$link$link_arrows$rank$pendulum_scale$level$attack$defense$spell_attribute$summoning_condition$pendulum_condition$card_text$card_supports$card_anti_supports$card_actions$effect_types$
23893227$Cyber Dragon Core$Unlimited$LIGHT$[Machine/Effect]$$$$$2$400$1500$$$$This card's name becomes "Cyber Dragon" while on the field or in the GY. If this card is Normal Summoned: Add 1 "Cyber" Spell/Trap from your Deck to your hand. If only your opponent controls a monster: You can banish this card from your GY; Special Summon 1 "Cyber Dragon" monster from your Deck. You can only use 1 "Cyber Dragon Core" effect per turn, and only once that turn.$Supports archetypes /Cyber/Cybernetic/Cyber Dragon $$Activates upon Normal Summon/Adds from Deck to hand/Activates from your Graveyard$Trigger/Ignition/Condition/Unclassified$
59281922$Cyber Dragon Drei$Unlimited$LIGHT$[Machine/Effect]$$$$$4$1800$800$$$$This card's name becomes "Cyber Dragon" while on the field or in the GY. When this card is Normal Summoned: You can make all "Cyber Dragon" you currently control become Level 5. You cannot Special Summon monsters the turn you activate this effect, except Machine monsters. If this card is banished: You can target 1 "Cyber Dragon" you control; it cannot be destroyed by battle or card effects this turn.$Cyber Dragon/Machine$$Activates upon Normal Summon/Activates while banished$Trigger/Condition/Unclassified$
70095154$Cyber Dragon$Unlimited$LIGHT$[Machine/Effect]$$$$$5$2100$1600$$$$If only your opponent controls a monster, you can Special Summon this card (from your hand).$$$Activates from your hand$Unclassified$
05373478$Cyber Dragon Zwei$Unlimited$LIGHT$[Machine/Effect]$$$$$4$1500$1000$$$$This card's name becomes "Cyber Dragon" while in the GY. Once per turn: You can reveal 1 Spell in your hand; this card's name becomes "Cyber Dragon" until the End Phase. If this card attacks an opponent's monster, it gains 300 ATK during the Damage Step only.$Cyber Dragon$$Reveals your hand for cost$Continuous/Ignition/Unclassified$
26439287$Proto-Cyber Dragon$Unlimited$LIGHT$[Machine/Effect]$$$$$3$1100$600$$$$This card's name becomes "Cyber Dragon" while on the field.$Cyber Dragon$$$Continuous$
03657444$Cyber Valley$Unlimited$LIGHT$[Machine/Effect]$$$$$1$0$0$$$$You can activate 1 of these effects.●When this card is targeted for an attack: You can banish this card; draw 1 card, then end the Battle Phase.●You can target 1 face-up monster you control and this card; banish both those targets, then draw 2 cards.●You can target 1 card in your GY; banish both this card and 1 card from your hand, then place that target on top of the Deck.$$$You draw cards/Ends the Battle Phase/Returns from your Graveyard to your Deck$Condition/Trigger/Ignition$
35050257$Cyber Larva$Unlimited$LIGHT$[Machine/Effect]$$$$$1$400$600$$$$If this card is targeted for an attack: You take no battle damage for the rest of this turn. When this card is destroyed by battle and sent to the GY: You can Special Summon 1 "Cyber Larva" from your Deck.$$$Activates from your Graveyard$Trigger$
03370104$Cyber Phoenix$Unlimited$FIRE$[Machine/Effect]$$$$$4$1200$1600$$$$While this card is in Attack Position, negate any Spell/Trap effects that target 1 Machine monster you control (and no other cards). When this card is destroyed by battle and sent to the GY: You can draw 1 card.$Machine$$Activates from your Graveyard/You draw cards$Continuous/Trigger$
39439590$Cyber Dinosaur$Unlimited$LIGHT$[Machine/Effect]$$$$$7$2500$1900$$$$When your opponent Special Summons a monster from their hand (except during the Damage Step): You can Special Summon this card from your hand.$$$Activates from your hand/Activates upon Special Summon$Trigger$
33093439$Cyber Eltanin$Unlimited$LIGHT$[Machine/Effect]$$$$$10$?$?$$$$Cannot be Normal Summoned/Set. Must be Special Summoned (from your hand) by banishing all LIGHT Machine monsters from your field and GY. This card's ATK/DEF become the number of monsters banished for its Special Summon x 500. If this card is Special Summoned: Send all other face-up monsters on the field to the GY.$LIGHT/Machine$$Sends from field to Graveyard/Sends from your field to your Graveyard/Sends from your opponent's field to your opponent's Graveyard$Summon/Continuous/Trigger$
67159705$Armored Cybern$Unlimited$WIND$[Machine/Union/Effect]$$$$$4$0$2000$$$$Once per turn, you can either: Target 1 "Cyber Dragon" you control, or 1 Fusion Monster you control that lists "Cyber Dragon" as Fusion Material; equip this card to that target, OR: Unequip this card and Special Summon it. Once per turn, while equipped to a monster by this effect: You can target 1 face-up monster on the field; the equipped monster loses exactly 1000 ATK (even if this card leaves the field), and if it does, destroy that target. If the equipped monster would be destroyed by battle or card effect, destroy this card instead.$Cyber Dragon$$Equips self from field$Ignition/Ignition-like/Continuous-like$
50400231$Satellite Cannon$Unlimited$LIGHT$[Machine/Effect]$$$$$5$0$0$$$$This card cannot be destroyed by battle with a Level 7 or lower monster. During each of your End Phases: This card gains 1000 ATK. If this card attacks, this increased ATK returns to 0, after damage calculation.$$$$Continuous/Trigger$
33911264$Solar Wind Jammer$Unlimited$LIGHT$[Machine/Effect]$$$$$5$800$800$$$$If you control no monsters, you can Special Summon this card (from your hand), but its original ATK and DEF become halved. During each of your Standby Phases: Increase the Level of this card by 1. There can only be 1 "Solar Wind Jammer" on the field.$$$Activates from your hand$Summon/Trigger/Unclassified$
44364207$Jade Knight$Unlimited$LIGHT$[Machine/Effect]$$$$$4$1000$1800$$$$While this card is in Attack Position, Machine monsters you control with 1200 or less ATK cannot be destroyed by Trap effects. When this card is destroyed by battle and sent to the GY: You can add 1 Level 4 LIGHT Machine monster from your Deck to your hand.$Machine/LIGHT$$Activates from your Graveyard/Adds from Deck to hand$Continuous/Trigger$
86170989$Falchionβ$Unlimited$LIGHT$[Machine/Effect]$$$$$4$1200$800$$$$If this card destroys an opponent's monster by battle: Activate 1 of these effects.●Send 1 LIGHT Machine monster with 1200 or less ATK from your Deck to your GY.●Target 1 LIGHT Machine monster with 1200 or less ATK in your GY; Special Summon that target.$LIGHT/Machine$$Activates when it destroys a monster by battle/Sends from Deck to Graveyard$Trigger$
02851070$Reflect Bounder$Unlimited$LIGHT$[Machine/Effect]$$$$$4$1700$1000$$$$Before damage calculation, if this card is being attacked by an opponent's monster, and was in face-up Attack Position at the start of the Damage Step: Inflict damage to your opponent equal to the attacking monster's ATK. If you do, after damage calculation: Destroy this card.$$$$Trigger$
15717011$The Light - Hex-Sealed Fusion$Unlimited$LIGHT$[Rock/Effect]$$$$$3$1000$1600$$$$You can substitute this card for any 1 Fusion Material Monster, but the other Fusion Material Monster(s) must be correct. You can Tribute Fusion Material Monsters on the field, including this face-up card; Special Summon 1 corresponding LIGHT Fusion Monster from your Extra Deck.$Fusion Monster/LIGHT$$Tributes for cost/Tributes itself for cost$Unclassified/Ignition$
95956346$Shining Angel$Unlimited$LIGHT$[Fairy/Effect]$$$$$4$1400$800$$$$When this card is destroyed by battle and sent to the Graveyard: You can Special Summon 1 LIGHT monster with 1500 or less ATK from your Deck, in face-up Attack Position.$LIGHT$$Activates from your Graveyard$Trigger$
86686671$Cyber Repair Plant$Unlimited$SPELL$$$$$$$$$$$$If "Cyber Dragon" is in your GY: You can activate 1 of these effects. If you have 3 or more "Cyber Dragon" in your GY at this card's activation, you can activate both effects and resolve in sequence. You can only activate 1 "Cyber Repair Plant" per turn.●Add 1 LIGHT Machine monster from your Deck to your hand.●Target 1 LIGHT Machine monster in your GY; shuffle that target into your Deck.$Cyber Dragon/LIGHT/Machine$$Adds from Deck to hand/Returns from Graveyard to Deck$Activation requirement/Effect/Condition$
52875873$Evolution Burst$Unlimited$SPELL$$$$$$$$$$$$If you control "Cyber Dragon": Target 1 card your opponent controls; destroy that target. "Cyber Dragon" cannot attack the turn you activate this card.$Cyber Dragon$$$Activation requirement/Effect/Condition$
48130397$Super Polymerization$Semi-Limited(OCG)$SPELL$$$$$$$$$Quick-Play$$$Discard 1 card; Fusion Summon 1 Fusion Monster from your Extra Deck, using monsters from either field as Fusion Material. Neither player can activate cards or effects in response to this card's activation.$Fusion Monster$$Discards for cost/Sends from your field to your Graveyard/Sends from your opponent's field to your opponent's Graveyard/Uses cards on the player's field as Fusion Materials/Uses cards on the opponent's field as Fusion Materials$Cost/Effect/Condition$
37630732$Power Bond$Unlimited$SPELL$$$$$$$$$$$$Fusion Summon 1 Machine Fusion Monster from your Extra Deck, using monsters from your hand or field as Fusion Material, and it gains ATK equal to its original ATK. During the End Phase of the turn this card is activated, you take damage equal to the amount of ATK gained from this effect at the time of the Summon.$Machine/Fusion Monster$$Sends from your hand to your Graveyard/Sends from your field to your Graveyard/Uses cards in the hand as Fusion Materials/Uses cards on the player's field as Fusion Materials$Effect/Lingering$
23171610$Limiter Removal$Unlimited$SPELL$$$$$$$$$Quick-Play$$$Double the ATK of all Machine monsters you currently control, until the end of this turn. During the End Phase of this turn, destroy those monsters.$Machine$$$Effect/Lingering$
22046459$Megamorph$Unlimited$SPELL$$$$$$$$$Equip$$$While your LP is lower than your opponent's, the equipped monster's ATK becomes double its original ATK. While your LP is higher, the equipped monster's ATK becomes half its original ATK.$$$$Continuous-like$
09622164$D.D.R. - Different Dimension Reincarnation$Unlimited$SPELL$$$$$$$$$Equip$$$Discard 1 card, then target 1 of your banished monsters; Special Summon it in Attack Position, and equip it with this card. When this card leaves the field, destroy that monster.$$$Discards for cost/Equips self from field$Cost/Effect/Continuous-like$
05318639$Mystical Space Typhoon$Unlimited$SPELL$$$$$$$$$Quick-Play$$$Target 1 Spell/Trap on the field; destroy that target.$$$$Effect$
02362787$Light of Redemption$Unlimited$SPELL$$$$$$$$$$$$Pay 800 Life Points, then target 1 of your banished LIGHT monsters; add that target to your hand.$LIGHT$$Adds banished cards to the hand$Cost/Effect$
31828916$Machina Armored Unit$Unlimited$SPELL$$$$$$$$$Continuous$$$Once per turn, when a Machine monster is destroyed by battle and sent to your GY: You can Special Summon 1 Machine monster from your Deck that has the same Attribute and less ATK than that destroyed monster in the GY.$Machine$$Activates if destroyed by battle$Trigger-like$
12670770$Cyber Network$Unlimited$TRAP$$$$$$$$$Continuous$$$Destroy this card during your 3rd Standby Phase after activation. Once per turn, if "Cyber Dragon" is on the field: You can banish 1 LIGHT Machine monster from your Deck. If this card is sent from the field to the GY: Special Summon as many of your banished LIGHT Machine monsters as possible, and if you do, destroy all Spells and Traps you control. Monsters that were Special Summoned by this effect cannot activate their effects. You cannot conduct your Battle Phase the turn you activate this effect.$Cyber Dragon/LIGHT/Machine$$Activates from your Graveyard/Cannot conduct Battle Phase$Condition/Quick-like/Trigger-like$
92773018$Cybernetic Hidden Technology$Unlimited$TRAP$$$$$$$$$Continuous$$$When an opponent's monster declares an attack: You can send to the Graveyard 1 "Cyber Dragon" you control, or 1 Fusion Monster you control that lists "Cyber Dragon" as a Fusion Material Monster, then target the attacking monster; destroy that target.$Cyber Dragon$$Activates upon attack declaration/Sends from field to Graveyard for cost$Trigger-like$
47594192$Three of a Kind$Unlimited$TRAP$$$$$$$$$$$$If you control 3 or more monsters with the same name, except Tokens: Target 3 cards your opponent controls; destroy those targets.$$$$Activation requirement/Effect$
59616123$Trap Stun$Unlimited$TRAP$$$$$$$$$$$$Negate all other Trap effects on the field this turn.$$$$Effect$
70342110$Dimensional Prison$Unlimited$TRAP$$$$$$$$$$$$When an opponent's monster declares an attack: Target that attacking monster; banish that target.$$$Activates upon attack declaration$Activation requirement/Effect$
01224927$Malevolent Catastrophe$Unlimited$TRAP$$$$$$$$$$$$When an opponent's monster declares an attack: Destroy all Spell and Trap Cards on the field.$$$Activates upon attack declaration$Activation requirement/Effect$
12607053$Waboku$Unlimited$TRAP$$$$$$$$$$$$You take no battle damage this turn. Your monsters cannot be destroyed by battle this turn.$$$$Effect$
97077563$Call of the Haunted$Unlimited$TRAP$$$$$$$$$Continuous$$$Activate this card by targeting 1 monster in your GY; Special Summon that target in Attack Position. When this card leaves the field, destroy that monster. When that monster is destroyed, destroy this card.$$$$Effect/Continuous-like$
74157028$Cyber Twin Dragon$Unlimited$LIGHT$[Machine/Fusion/Effect]$$$$$8$2800$2100$$"Cyber Dragon" + "Cyber Dragon"$$A Fusion Summon of this card can only be done with the above Fusion Materials. This card can make a second attack during each Battle Phase.$$$$Summon/Continuous$
58069384$Cyber Dragon Nova$Unlimited$LIGHT$[Machine/Xyz/Effect]$$$5$$$2100$1600$$2 Level 5 Machine monsters$$Once per turn: You can detach 1 material from this card, then target 1 "Cyber Dragon" in your GY; Special Summon that target. Once per turn (Quick Effect): You can banish 1 "Cyber Dragon" from your hand or face-up from your Monster Zone; this card gains 2100 ATK until the end of this turn. If this card in your possession is sent to your GY by your opponent's card effect: You can Special Summon 1 Machine Fusion Monster from your Extra Deck.$Machine/Cyber Dragon/Fusion Monster$$Activates from your Graveyard$Ignition/Quick/Trigger$
