Passcode$Name$Status$Attribute$type$link$link_arrows$rank$pendulum_scale$level$attack$defense$spell_attribute$summoning_condition$pendulum_condition$card_text$card_supports$card_anti_supports$card_actions$effect_types$
45945685$Cycroid$Unlimited$EARTH$[Machine/Normal]$$$$$3$800$1000$$$$The most lovable and friendly of all the Vehicroids. It can arm itself with training wheels!$$$$$
60246171$Soitsu$Unlimited$WIND$[Fairy/Normal]$$$$$3$0$0$$$$Apparently totally unreliable, he wonders if he has incredible potential.$$$$$
97240270$Mad Lobster$Unlimited$WATER$[Aqua/Normal]$$$$$3$1700$1000$$$$A gourmet food renowned by the Dark World upper crust. It has sensational flavor.$$$$$
23635815$Jerry Beans Man$Unlimited$EARTH$[Plant/Normal]$$$$$3$1750$0$$$$Jerry, a bean soldier, believes he is the strongest warrior in the world, but his true abilities are still untested.$$$$$
98585345$Winged Kuriboh LV10$Unlimited$LIGHT$[Fairy/Effect]$$$$$10$300$200$$$$Cannot be Normal Summoned/Set. Must be Special Summoned with "Transcendent Wings". During your opponent's Battle Phase (Quick Effect): You can Tribute this face-up card; destroy as many Attack Position monsters your opponent controls as possible, and if you do, inflict damage to your opponent equal to the combined original ATK of those destroyed monster(s).$Transcendent Wings$$Tributes itself for cost$Summon/Quick$
71930383$Patroid$Unlimited$EARTH$[Machine/Effect]$$$$$4$1200$1200$$$$Once per turn, during your Main Phase, you can look at 1 face-down card your opponent controls, then return it to its original position.$$$Reveals face-down cards$Ignition$
18325492$Gyroid$Unlimited$WIND$[Machine/Effect]$$$$$3$1000$1000$$$$The first time this card would be destroyed by battle each turn, it is not destroyed.$$$$Continuous$
44729197$Steamroid$Unlimited$EARTH$[Machine/Effect]$$$$$4$1800$1800$$$$If this card attacks an opponent's monster, this card gains 500 ATK during the Damage Step only. If this card is attacked by an opponent's monster, this card loses 500 ATK during the Damage Step only.$$$$Continuous$
71218746$Drillroid$Unlimited$EARTH$[Machine/Effect]$$$$$4$1600$1600$$$$Before damage calculation, if this card attacks a Defense Position monster: Destroy that monster.$$$$Trigger$
07602840$UFOroid$Unlimited$LIGHT$[Machine/Effect]$$$$$6$1200$1200$$$$When this card is destroyed by battle and sent to the Graveyard, you can Special Summon 1 Machine-Type monster with 1500 or less ATK from your Deck in face-up Attack Position.$Machine$$Activates from your Graveyard$Trigger$
43697559$Jetroid$Unlimited$WIND$[Machine/Effect]$$$$$4$1200$1800$$$$At the time this card is selected as an attack target by an opponent's monster, you can activate Trap Card(s) from your hand.$$$$Continuous$
06480253$Wroughtweiler$Unlimited$EARTH$[Machine/Effect]$$$$$3$800$1200$$$$If this card is destroyed by battle and sent to the GY: Target 1 "Elemental HERO" card and 1 "Polymerization" in your GY; add them to your hand.$Supports archetypes /Elemental HERO$$Activates if destroyed by battle/Activates from your Graveyard/Adds from Graveyard to hand$Trigger$
33875961$Dark Catapulter$Unlimited$EARTH$[Machine/Effect]$$$$$4$1000$1500$$$$During your Standby Phase, if this card is in Defense Position, put 1 counter on this card. You can remove from play a number of card(s) in your Graveyard equal to the number of counters on this card to destroy that many Spell or Trap Card(s) on the field. Then remove all counter(s) from this card.$$$$Trigger/Ignition$
79979666$Elemental HERO Bubbleman$Unlimited$WATER$[Warrior/Effect]$$$$$4$800$1200$$$$If this is the only card in your hand, you can Special Summon it (from your hand). When this card is Summoned: You can draw 2 cards. You must control no other cards and have no cards in your hand to activate and to resolve this effect.$$$Activates from your hand/Activates upon Normal Summon/Activates upon Flip Summon/Activates upon Special Summon/You draw cards$Summon/Trigger/Condition$
70095154$Cyber Dragon$Unlimited$LIGHT$[Machine/Effect]$$$$$5$2100$1600$$$$If only your opponent controls a monster, you can Special Summon this card (from your hand).$$$Activates from your hand$Unclassified$
59023523$Cybernetic Magician$Unlimited$LIGHT$[Spellcaster/Effect]$$$$$6$2400$1000$$$$You can discard 1 card to target 1 face-up monster on the field; that target's ATK becomes 2000 until the End Phase.$$$Discards for cost$Ignition$
96428622$Cybernetic Cyclopean$Unlimited$EARTH$[Beast-Warrior/Effect]$$$$$4$1400$200$$$$While you have no cards in your hand, this card gains 1000 ATK.$$$$Continuous$
22512237$Mechanical Hound$Unlimited$EARTH$[Machine/Effect]$$$$$7$2800$1500$$$$While you have no cards in your hand, your opponent cannot activate Spell Cards.$$$$Continuous$
59907935$Cyber Archfiend$Unlimited$DARK$[Fiend/Effect]$$$$$4$1000$2000$$$$At the beginning of your Draw Phase, if you have no cards in your hand, draw 1 more card in addition to your normal draw. During your End Phase, if you have 1 or more card(s) in your hand, destroy this card.$$$You draw cards$Trigger$
85306040$Goblin Elite Attack Force$Unlimited$EARTH$[Fiend/Effect]$$$$$4$2200$1500$$$$If this card attacks, it is changed to Defense Position at the end of the Battle Phase, and its battle position cannot be changed until the end of your next turn.$$$Changes battle positions/Prevents Battle Position changes$Continuous$
22790789$B.E.S. Crystal Core$Unlimited$WATER$[Machine/Effect]$$$$$5$2100$1000$$$$When this card is Normal Summoned, put 3 counters on it. This card cannot be destroyed by battle. If this card attacks or is attacked, remove 1 counter from this card at the end of the Damage Step. If you cannot, destroy it. Once per turn, during your Main Phase, you can change 1 face-up Attack Position monster your opponent controls to face-up Defense Position.$$$Activates upon Normal Summon/Changes battle positions$Trigger/Continuous/Ignition$
58185394$Giant Kozaky$Unlimited$DARK$[Fiend/Effect]$$$$$4$2500$2400$$$$If there is no face-up "Kozaky" on the field, destroy this card. If this face-up card is destroyed, inflict damage equal to the original ATK of this card to its current controller.$Kozaky$$$Continuous/Trigger$
84173492$Indomitable Fighter Lei Lei$Unlimited$EARTH$[Beast-Warrior/Effect]$$$$$4$2300$0$$$$If this card attacks, it is changed to Defense Position at the end of the Battle Phase. This card's battle position cannot be changed until the end of your next turn, except with a card effect.$$$Changes battle positions/Prevents Battle Position changes$Continuous$
11678191$Protective Soul Ailin$Unlimited$LIGHT$[Fairy/Union/Effect]$$$$$1$0$0$$$$Once per turn, you can equip this card to an "Indomitable Fighter Lei Lei" you control, OR unequip it to Special Summon this card in face-up Attack Position. When equipped to a monster by this card's effect, you can change that monster's battle position once per turn. (A monster can only be equipped with 1 Union Monster at a time. If the equipped monster would be destroyed by battle, destroy this card instead.)$Indomitable Fighter Lei Lei$Union monster$Equips self from field/Changes battle positions$Ignition/Ignition-like/Condition/Continuous-like$
57062206$Doitsu$Unlimited$EARTH$[Fairy/Union/Effect]$$$$$4$100$200$$$$Once per turn, you can equip this card to a "Soitsu" you control, OR unequip it to Special Summon this card in face-up Attack Position. When equipped to a monster by this card's effect, that monster gains 2500 ATK. (A monster can only be equipped with 1 Union Monster at a time. If the equipped monster would be destroyed by battle, destroy this card instead.)$Soitsu$Union monster$Equips self from field$Ignition/Ignition-like/Continuous-like/Condition$
84451804$Des Frog$Unlimited$WATER$[Aqua/Effect]$$$$$5$1900$0$$$$When this card is Tribute Summoned, you can Special Summon "Des Frog"(s) from your hand or Deck up to the number of "T.A.D.P.O.L.E."(s) in your Graveyard.$T.A.D.P.O.L.E.$$Activates upon Tribute Summon$Trigger$
10456559$T.A.D.P.O.L.E.$Unlimited$WATER$[Aqua/Effect]$$$$$1$0$0$$$$When this card you control is destroyed by battle and sent to your Graveyard, you can add any "T.A.D.P.O.L.E."(s) from your Deck to your hand.$$$Activates if destroyed by battle/Activates from your Graveyard/Adds from Deck to hand/Adds copies of itself to hand$Trigger$
56840658$Poison Draw Frog$Unlimited$WATER$[Aqua/Effect]$$$$$2$100$100$$$$When this face-up card on the field is sent to the Graveyard (unless it was attacked while face-down and destroyed by battle), you can draw 1 card.$$$Activates from your Graveyard/You draw cards$Trigger$
83235263$Tyranno Infinity$Unlimited$EARTH$[Dinosaur/Effect]$$$$$4$?$0$$$$The original ATK of this card is the number of your banished Dinosaur-Type monsters x 1000.$Dinosaur$$$Continuous$
19733961$Batteryman C$Unlimited$LIGHT$[Thunder/Effect]$$$$$2$0$0$$$$If all "Batteryman C"(s) you control are in Attack Position, all Machine-Type monsters you control gain 500 ATK for each "Batteryman C" you control. If all "Batteryman C"(s) you control are in Defense Position, all Machine-Type monsters you control gain 500 DEF for each "Batteryman C" you control.$Machine$$$Continuous$
46128076$Ebon Magician Curran$Unlimited$DARK$[Spellcaster/Effect]$$$$$2$1200$0$$$$During your Standby Phase, inflict 300 damage to your opponent for each monster they control.$$$$Trigger$
82112775$D.D.M. - Different Dimension Master$Unlimited$LIGHT$[Spellcaster/Effect]$$$$$5$1700$1500$$$$Once per turn, you can discard 1 Spell Card to Special Summon 1 of your removed from play monsters.$$$Discards for cost$Ignition$
05368615$Steam Gyroid$Unlimited$EARTH$[Machine/Fusion]$$$$$6$2200$1600$$$$"Gyroid" + "Steamroid"$$$$$
32752319$UFOroid Fighter$Unlimited$LIGHT$[Machine/Fusion/Effect]$$$$$10$?$?$$"UFOroid" + 1 Warrior-Type monster$$A Fusion Summon of this card can only be conducted with the above Fusion Material Monsters. The original ATK and DEF of this card become equal to the combined original ATK of the 2 Fusion Material Monsters you used for the Fusion Summon of this card.$Warrior$$$Summon/Continuous$
74157028$Cyber Twin Dragon$Unlimited$LIGHT$[Machine/Fusion/Effect]$$$$$8$2800$2100$$"Cyber Dragon" + "Cyber Dragon"$$A Fusion Summon of this card can only be done with the above Fusion Materials. This card can make a second attack during each Battle Phase.$$$$Summon/Continuous$
01546123$Cyber End Dragon$Unlimited$LIGHT$[Machine/Fusion/Effect]$$$$$10$4000$2800$$"Cyber Dragon" + "Cyber Dragon" + "Cyber Dragon"$$A Fusion Summon of this card can only be done with the above Fusion Materials. If this card attacks a Defense Position monster, inflict piercing battle damage.$$$$Summon/Continuous$
37630732$Power Bond$Unlimited$SPELL$$$$$$$$$$$$Fusion Summon 1 Machine Fusion Monster from your Extra Deck, using monsters from your hand or field as Fusion Material, and it gains ATK equal to its original ATK. During the End Phase of the turn this card is activated, you take damage equal to the amount of ATK gained from this effect at the time of the Summon.$Machine/Fusion Monster$$Sends from your hand to your Graveyard/Sends from your field to your Graveyard/Uses cards in the hand as Fusion Materials/Uses cards on the player's field as Fusion Materials$Effect/Lingering$
18511384$Fusion Recovery$Unlimited$SPELL$$$$$$$$$$$$Target 1 "Polymerization" in your GY, and 1 monster in your GY that was used as material for a Fusion Summon; add them to your hand.$Polymerization/Fusion Material$$Adds from Graveyard to hand$Effect$
45906428$Miracle Fusion$Unlimited$SPELL$$$$$$$$$$$$Fusion Summon 1 "Elemental HERO" Fusion Monster from your Extra Deck, by banishing Fusion Materials mentioned on it from your field or GY.$Supports archetypes /Elemental HERO$$Uses cards on the player's field as Fusion Materials/Uses cards in the player's Graveyard as Fusion Materials$Effect$
71490127$Dragon's Mirror$Unlimited$SPELL$$$$$$$$$$$$Fusion Summon 1 Dragon Fusion Monster from your Extra Deck, by banishing Fusion Materials listed on it from your field or GY.$Dragon/Fusion Monster$$Uses cards on the player's field as Fusion Materials/Uses cards in the player's Graveyard as Fusion Materials$Effect$
18895832$System Down$Unlimited$SPELL$$$$$$$$$$$$Pay 1000 LP; banish all Machine-Type monsters your opponent controls and in their Graveyard.$$Machine$$Cost/Effect$
44883830$Des Croaking$Unlimited$SPELL$$$$$$$$$$$$Activate only while you control 3 face-up "Des Frogs". Destroy all cards your opponent controls.$Des Frog$$$Activation requirement/Effect$
70278545$Pot of Generosity$Unlimited$SPELL$$$$$$$$$$$$Return 2 cards from your hand to your Deck. Then shuffle your Deck.$$$Returns from your hand to your Deck$Effect$
07672244$Shien's Spy$Unlimited$SPELL$$$$$$$$$$$$Target 1 face-up monster you control; give control of it to your opponent until the End Phase of this turn.$$$Changes control$Effect$
25573054$Transcendent Wings$Unlimited$SPELL$$$$$$$$$Quick-Play$$$Send 1 face-up or face-down "Winged Kuriboh" you control and 2 cards from your hand to the GY; Special Summon 1 "Winged Kuriboh LV10" from your hand or Deck.$Winged Kuriboh/Winged Kuriboh LV10$$Sends from hand to Graveyard for cost/Sends from field to Graveyard for cost$Cost/Effect$
61968753$Bubble Shuffle$Unlimited$SPELL$$$$$$$$$Quick-Play$$$Target 1 face-up Attack Position "Elemental HERO Bubbleman" you control and 1 face-up Attack Position monster your opponent controls; change both those targets to Defense Position, then Tribute that "Elemental HERO Bubbleman", then Special Summon 1 "Elemental HERO" monster from your hand.$Supports archetypes /Elemental HERO$$Changes battle positions/Tributes as an effect$Effect$
97362768$Spark Blaster$Unlimited$SPELL$$$$$$$$$Equip$$$Equip only to "Elemental HERO Sparkman". During your Main Phase: You can target 1 face-up monster; change the battle position of that target. After you use this effect 3 times, destroy this card.$Elemental HERO Sparkman$$Changes battle positions$Condition/Ignition-like/Continuous-like$
63035430$Skyscraper$Unlimited$SPELL$$$$$$$$$Field$$$If an "Elemental HERO" monster attacks a monster that has a higher ATK, the attacking monster gains 1000 ATK during damage calculation only.$Supports archetypes /Elemental HERO$$$Continuous-like$
43061293$Fire Darts$Unlimited$TRAP$$$$$$$$$$$$You can only activate this card when you have no cards in your hand. Roll a six-sided die 3 times, and inflict damage to your opponent's Life Points equal to the total result of the die rolls x 100 points.$$$$Activation requirement/Effect$
70156997$Spiritual Earth Art - Kurogane$Unlimited$TRAP$$$$$$$$$$$$Tribute 1 EARTH monster and target 1 other Level 4 or lower EARTH monster in your GY; Special Summon that EARTH monster.$EARTH$$Tributes for cost$Cost/Effect$
06540606$Spiritual Water Art - Aoi$Unlimited$TRAP$$$$$$$$$$$$Tribute 1 WATER monster; look at your opponent's hand, then send 1 card from their hand to the GY.$WATER$$Tributes for cost/Reveals your opponent's hand/Sends from your opponent's hand to your opponent's Graveyard$Cost/Effect$
42945701$Spiritual Fire Art - Kurenai$Unlimited$TRAP$$$$$$$$$$$$Tribute 1 FIRE monster; inflict damage to your opponent equal to that monster's original ATK.$FIRE$$Tributes for cost$Cost/Effect$
79333300$Spiritual Wind Art - Miyabi$Unlimited$TRAP$$$$$$$$$$$$Tribute 1 WIND monster, then target 1 card your opponent controls; place that opponent's card on the bottom of the Deck.$WIND$$Tributes for cost/Returns from your opponent's field to your opponent's Deck$Cost/Effect$
05728014$A Rival Appears!$Unlimited$TRAP$$$$$$$$$$$$Select 1 face-up monster your opponent controls. Special Summon 1 monster from your hand that has the same Level as the selected monster.$$$$Effect$
32723153$Magical Explosion$Forbidden(OCG)$TRAP$$$$$$$$$$$$Activate only while you have no cards in your hand. Inflict 200 damage to your opponent for each Spell Card in your Graveyard.$$$$Activation requirement/Effect$
78211862$Rising Energy$Unlimited$TRAP$$$$$$$$$$$$Discard 1 card, then target 1 face-up monster on the field; that target gains 1500 ATK until the end of this turn.$$$Discards for cost$Cost/Effect$
05606466$D.D. Trap Hole$Unlimited$TRAP$$$$$$$$$$$$When your opponent Sets exactly 1 monster (and no other cards): Target that Set monster and 1 monster you control; destroy those targets, and if you do, banish them.$$$$Activation requirement/Effect$
31000575$Conscription$Unlimited$TRAP$$$$$$$$$$$$Excavate the top card of your opponent's Deck, and if it is a monster that can be Normal Summoned/Set, Special Summon it to your field. Otherwise, add that card to your opponent's hand.$$$Excavates from the opponent's Deck/Adds excavated cards to the hand/Exchanges cards/Adds from your opponent's Deck to your opponent's hand$Effect$
67095270$Dimension Wall$Unlimited$TRAP$$$$$$$$$$$$Activate only when an opponent's monster declares an attack. Instead of you, your opponent takes the Battle Damage you would have taken from this battle.$$$Activates upon attack declaration$Activation requirement/Effect$
04483989$Prepare to Strike Back$Unlimited$TRAP$$$$$$$$$Continuous$$$Each time your opponent declares a face-up Defense Position monster as an attack target, toss a coin and call it. If you call it right, change the targeted monster to Attack Position. If you call it wrong, the controller of this card takes damage equal to the amount that the ATK of the attacking monster is higher than the DEF of the attack target.$$$Activates upon attack declaration/Changes battle positions$Trigger-like$
