Passcode$Name$Status$Attribute$type$link$link_arrows$rank$pendulum_scale$level$attack$defense$spell_attribute$summoning_condition$pendulum_condition$card_text$card_supports$card_anti_supports$card_actions$effect_types$
34250214$Vampire Familiar$Unlimited$DARK$[Zombie/Effect]$$$$$1$500$0$$$$If this card is Special Summoned: You can pay 500 LP; add 1 "Vampire" monster from your Deck to your hand, except "Vampire Familiar". If this card is in your GY: You can send 1 "Vampire" card from your hand or face-up field to the GY; Special Summon this card, but banish it when it leaves the field. You can only use each effect of "Vampire Familiar" once per turn.$Supports archetypes /Vampire$$Activates upon Special Summon/Adds from Deck to hand/Activates from your Graveyard/Sends from hand to Graveyard for cost/Sends from field to Graveyard for cost$Trigger/Ignition/Condition$
70645913$Vampire Retainer$Unlimited$DARK$[Zombie/Effect]$$$$$2$1200$0$$$$If this card is Special Summoned: You can pay 500 LP; add 1 "Vampire" Spell/Trap from your Deck to your hand. If this card is in your GY: You can send 1 "Vampire" card from your hand or face-up field to the GY; Special Summon this card, but banish it when it leaves the field. You can only use each effect of "Vampire Retainer" once per turn.$Supports archetypes /Vampire$$Activates upon Special Summon/Adds from Deck to hand/Activates from your Graveyard/Sends from hand to Graveyard for cost/Sends from field to Graveyard for cost$Trigger/Ignition/Condition$
06039967$Vampire Fraulein$Unlimited$DARK$[Zombie/Effect]$$$$$5$600$2000$$$$When a monster declares an attack: You can Special Summon this card from your hand in Defense Position. You can only use this effect of "Vampire Fraulein" once per turn. Once per battle, if your Zombie monster battles an opponent's monster, during that damage calculation (Quick Effect): You can pay LP in multiples of 100 (max. 3000); your battling monster gains that much ATK/DEF during that damage calculation only. At the end of the Battle Phase, if this card destroyed any monster(s) by battle: You can Special Summon them from the GYs to your field.$Zombie$$Activates upon attack declaration/Activates when it destroys a monster by battle$Trigger/Condition/Quick$
33438666$Vampire Grimson$Unlimited$DARK$[Zombie/Effect]$$$$$5$2000$1400$$$$If a monster(s) you control would be destroyed by battle or an opponent's card effect, you can pay 1000 LP for each monster that would be destroyed, instead (you must protect all your monsters that would be destroyed, if you use this effect). At the end of the Battle Phase, if this card destroyed any monster(s) by battle: You can Special Summon them from the GYs to your field.$$$Activates when it destroys a monster by battle$Continuous/Trigger$
79523365$Vampire Scarlet Scourge$Unlimited$DARK$[Zombie/Effect]$$$$$6$2200$2200$$$$If this card is Normal or Special Summoned: You can pay 1000 LP, then target 1 "Vampire" monster in your GY, except "Vampire Scarlet Scourge"; Special Summon it, but it cannot attack this turn. You can only use this effect of "Vampire Scarlet Scourge" once per turn. At the end of the Battle Phase, if this card destroyed any monster(s) by battle: You can Special Summon them from the GYs to your field.$Supports archetypes /Vampire$$Activates upon Normal Summon/Activates upon Special Summon/Activates when it destroys a monster by battle$Trigger/Condition$
06917479$Vampire Red Baron$Unlimited$DARK$[Zombie/Effect]$$$$$6$2400$1000$$$$Once per turn: You can pay 1000 LP, then target 1 monster your opponent controls and 1 other "Vampire" monster you control; switch control of those monsters. At the end of the Battle Phase, if this card destroyed any monster(s) by battle: You can Special Summon them from the GYs to your field.$Supports archetypes /Vampire$$Changes control/Activates when it destroys a monster by battle$Ignition/Trigger$
32302078$Dhampir Vampire Sheridan$Unlimited$DARK$[Zombie/Xyz/Effect]$$$6$$$2600$1000$$2+ Level 6 monsters$$If you use a monster(s), with a Level, that is owned by your opponent for the Xyz Summon of this card, treat it as Level 6. Once per turn: You can detach 1 material from this card, then target 1 card your opponent controls; send it to the GY. Once per turn, if a Monster Card(s) is sent from the field to your opponent's GY by a card effect, or a monster is destroyed by battle and sent to your opponent's GY: You can detach 1 material from this card; Special Summon 1 of those monsters to your field in Defense Position.$$$Sends from your opponent's field to your opponent's Graveyard/Activates if destroyed by battle/Activates if destroyed by card effect$Condition/Ignition/Trigger$
69700783$Vampire's Desire$Unlimited$SPELL$$$$$$$$$$$$Activate 1 of these effects.●Target 1 face-up monster you control; send 1 "Vampire" monster from your Deck to the GY with a different Level from that monster, and if you do, the targeted monster becomes the Level of that sent monster in the GY, until the end of this turn.●Target 1 "Vampire" monster in your GY; send 1 monster you control to the GY, and if you do, Special Summon the targeted monster.You can only activate 1 "Vampire's Desire" per turn.$Supports archetypes /Vampire$$Sends from your Deck to your Graveyard/Sends from your field to your Graveyard$Effect/Condition$
05795882$Vampire's Domain$Unlimited$SPELL$$$$$$$$$Continuous$$$Once per turn: You can pay 500 LP; during your Main Phase this turn, you can Normal Summon 1 "Vampire" monster in addition to your Normal Summon/Set. (Even if this card leaves the field. You can only gain this effect once per turn.) Each time your "Vampire" monster inflicts battle damage to your opponent: Gain the same amount of LP.$Supports archetypes /Vampire$$Activates when it inflicts battle damage$Ignition-like/Trigger-like$
31189536$Vampire Awakening$Unlimited$TRAP$$$$$$$$$$$$Special Summon 1 "Vampire" monster from your Deck, but destroy it during the End Phase of this turn. You can only activate 1 "Vampire Awakening" per turn.$Supports archetypes /Vampire$$$Effect/Condition$
68688135$Vampire Domination$Unlimited$TRAP$$$$$$$$$Counter$$$When a Spell/Trap Card, or monster effect, is activated while you control a "Vampire" monster: Negate the activation, and if you do, destroy that card, then, if it was a Monster Card, gain LP equal to its original ATK. You can only activate 1 "Vampire Domination" per turn.$Supports archetypes /Vampire$$$Activation requirement/Effect/Condition$
14212201$Shadow Vampire$Unlimited$DARK$[Zombie/Effect]$$$$$5$2000$0$$$$Cannot be used as material for an Xyz Summon, except the Xyz Summon of a DARK monster. When this card is Normal Summoned: You can Special Summon 1 DARK "Vampire" monster from your hand or Deck, except "Shadow Vampire", but monsters you control cannot attack for the rest of this turn, except that Special Summoned monster.$Supports archetypes /Vampire$$Activates upon Normal Summon$Trigger/Condition$
38250531$Crimson Knight Vampire Bram$Unlimited$DARK$[Zombie/Xyz/Effect]$$$5$$$2500$0$$2 Level 5 Zombie monsters$$You can detach 1 material from this card, then target 1 monster in your opponent's GY; Special Summon that target to your field, but only that monster can attack for the rest of this turn. You can only use this effect of "Crimson Knight Vampire Bram" once per turn. Once per turn, during the Standby Phase of the next turn after this card you controlled was destroyed by your opponent's card and sent to your GY: Special Summon this card in Defense Position.$Zombie$$Activates if destroyed by battle/Activates if destroyed by card effect/Activates from your Graveyard$Ignition/Condition/Trigger$
94073244$Donpa, Marksman Fur Hire$Unlimited$WIND$[Beast/Effect]$$$$$2$500$1000$$$$During your Main Phase: You can Special Summon 1 monster "Fur Hire" from your hand, except "Donpa, Marksman Fur Hire". If a monster "Fur Hire" is Special Summoned to your field while you control this monster (except during the Damage Step): You can target 1 face-up card on the field; destroy it. You can only use each effect of "Donpa, Marksman Fur Hire" once per turn.$Supports archetypes /Fur Hire$$Activates upon Special Summon$Ignition/Trigger/Condition$
31467949$Recon, Scout Fur Hire$Unlimited$WIND$[Beast/Effect]$$$$$2$1000$500$$$$During your Main Phase: You can Special Summon 1 monster "Fur Hire" from your hand, except "Recon, Scout Fur Hire". If a monster "Fur Hire" is Special Summoned to your field while you control this monster (except during the Damage Step): You can target 1 Set card on the field; destroy it. You can only use each effect of "Recon, Scout Fur Hire" once per turn.$Supports archetypes /Fur Hire$$Activates upon Special Summon$Ignition/Trigger/Condition$
67466547$Helmer, Helmsman Fur Hire$Unlimited$WATER$[Aqua/Effect]$$$$$3$0$2000$$$$During your Main Phase: You can Special Summon 1 monster "Fur Hire" from your hand, except "Helmer, Helmsman Fur Hire". If a monster "Fur Hire" is Special Summoned to your field while you control this monster (except during the Damage Step): You can discard 1 card "Fur Hire"; draw 1 card. You can only use each effect of "Helmer, Helmsman Fur Hire" once per turn.$Supports archetypes /Fur Hire$$Activates upon Special Summon/Discards for cost/You draw cards$Ignition/Trigger/Condition$
93850652$Beat, Bladesman Fur Hire$Unlimited$EARTH$[Warrior/Effect]$$$$$3$1200$500$$$$During your Main Phase: You can Special Summon 1 monster "Fur Hire" from your hand, except "Beat, Bladesman Fur Hire". If a monster "Fur Hire" is Special Summoned to your field while you control this monster (except during the Damage Step): You can add 1 monster "Fur Hire" from your Deck to your hand, except "Beat, Bladesman Fur Hire". You can only use each effect of "Beat, Bladesman Fur Hire" once per turn.$Supports archetypes /Fur Hire$$Activates upon Special Summon/Adds from Deck to hand$Ignition/Trigger/Condition$
20345391$Seal, Strategist Fur Hire$Unlimited$DARK$[Beast-Warrior/Effect]$$$$$4$1600$1000$$$$During your Main Phase: You can Special Summon 1 monster "Fur Hire" from your hand, except "Seal, Strategist Fur Hire". If a monster "Fur Hire" is Special Summoned to your field while you control this monster (except during the Damage Step): You can target 1 monster "Fur Hire" in your GY; add it to your hand. You can only use each effect of "Seal, Strategist Fur Hire" once per turn.$Supports archetypes /Fur Hire$$Activates upon Special Summon/Adds from Graveyard to hand$Ignition/Trigger/Condition$
66740005$Bravo, Fighter Fur Hire$Unlimited$FIRE$[Reptile/Effect]$$$$$4$1900$200$$$$During your Main Phase: You can Special Summon 1 monster "Fur Hire" from your hand, except "Bravo, Fighter Fur Hire". If a monster "Fur Hire" is Special Summoned to your field while you control this monster (except during the Damage Step): You can have all monsters "Fur Hire" currently on the field gain 500 ATK/DEF until the end of this turn. You can only use each effect of "Bravo, Fighter Fur Hire" once per turn.$Supports archetypes /Fur Hire$$Activates upon Special Summon$Ignition/Trigger/Condition$
93738004$Sagitta, Maverick Fur Hire$Unlimited$WIND$[Winged Beast/Effect]$$$$$5$1200$2400$$$$If this card is Special Summoned: You can inflict 500 damage to your opponent for each monster "Fur Hire" you control with a different name, except "Sagitta, Maverick Fur Hire". You can only use this effect of "Sagitta, Maverick Fur Hire" once per turn. Your opponent cannot target monsters "Fur Hire" you control with card effects, except this one.$Supports archetypes /Fur Hire$$Activates upon Special Summon$Trigger/Condition/Continuous$
25123713$Dyna, Hero Fur Hire$Unlimited$EARTH$[Beast-Warrior/Effect]$$$$$6$2500$1400$$$$If this card is Special Summoned: You can banish cards from your opponent's GY, up to the number of monsters "Fur Hire" you control with different names. You can only use this effect of "Dyna, Hero Fur Hire" once per turn. Monsters your opponent controls cannot target monsters "Fur Hire" you control for attacks, except this one.$Supports archetypes /Fur Hire$$Activates upon Special Summon$Trigger/Condition/Continuous$
01527418$Wiz, Sage Fur Hire$Unlimited$WATER$[Spellcaster/Effect]$$$$$7$1600$2800$$$$If this card is Special Summoned: You can gain 500 LP for each monster "Fur Hire" you control with a different name, except "Wiz, Sage Fur Hire". When your opponent activates a Spell/Trap Card or effect (Quick Effect): You can discard 1 card "Fur Hire"; negate the activation. You can only use each effect of "Wiz, Sage Fur Hire" once per turn.$Supports archetypes /Fur Hire$$Activates upon Special Summon/Discards for cost$Trigger/Quick/Condition$
38916526$Rafale, Champion Fur Hire$Unlimited$LIGHT$[Dragon/Effect]$$$$$8$2800$2200$$$$If this card is Special Summoned: You can excavate the top cards of your Deck equal to the number of monsters "Fur Hire" you control with different names, except "Rafale, Champion Fur Hire", and if you do, add 1 of them to your hand, also shuffle the rest back into your Deck. When your opponent activates a monster effect (Quick Effect): You can discard 1 card "Fur Hire"; negate the activation. You can only use each effect of "Rafale, Champion Fur Hire" once per turn.$Supports archetypes /Fur Hire$$Activates upon Special Summon/Excavates from the player's Deck/Adds excavated cards to the hand/Shuffles excavated cards into the Deck/Discards for cost$Trigger/Quick/Condition$
64400161$Fandora, the Flying Furtress$Unlimited$SPELL$$$$$$$$$Field$$$During your Draw Phase, before you draw: You can give up your normal draw this turn, and if you do, add 1 monster "Fur Hire" from your Deck to your hand. If you control 5 or more monsters "Fur Hire" with different names: You can send this card from the Field Zone to the GY; destroy all cards your opponent controls, also, for the rest of this turn, your opponent takes no damage.$Supports archetypes /Fur Hire$$Replaces normal draw/Adds from Deck to hand/Sends itself from field to Graveyard for cost$Trigger-like/Ignition-like$
91405870$Mayhem Fur Hire$Unlimited$SPELL$$$$$$$$$Quick-Play$$$Target 1 monster "Fur Hire" in your GY; Special Summon it in Defense Position. You can only activate 1 "Mayhem Fur Hire" per turn.$Supports archetypes /Fur Hire$$$Effect/Condition$
37890974$Training Fur Hire, Fur All Your Training Needs$Unlimited$TRAP$$$$$$$$$Continuous$$$If a face-up monster(s) "Fur Hire" you control is destroyed by battle or an opponent's card effect: You can target 1 of those monsters; Special Summon 1 monster "Fur Hire" from your Deck, whose Level is lower than that target's original Level. You can only use this effect of "Training Fur Hire, Fur All Your Training Needs" once per turn.$Supports archetypes /Fur Hire$$Activates if destroyed by battle/Activates if destroyed by card effect$Trigger-like/Condition$
63288573$Sky Striker Ace - Kagari$Limited(OCG)$FIRE$[Machine/Link/Effect]$1$Top-Left$$$$1500$- $$1 non-FIRE "Sky Striker Ace" monster$$If this card is Special Summoned: You can target 1 "Sky Striker" Spell in your GY; add it to your hand. Gains 100 ATK for each Spell in your GY. You can only Special Summon "Sky Striker Ace - Kagari(s)" once per turn.$Supports archetypes /Sky Striker/Sky Striker Ace$$Activates upon Special Summon/Adds from Graveyard to hand$Condition/Trigger/Continuous$
90673288$Sky Striker Ace - Shizuku$Unlimited$WATER$[Machine/Link/Effect]$1$Top-Right$$$$1500$- $$1 non-WATER "Sky Striker Ace" monster$$Monsters your opponent controls lose 100 ATK/DEF for each Spell in your GY. Once per turn, during the End Phase, if this card was Special Summoned this turn: You can add 1 "Sky Striker" Spell from your Deck to your hand, with a name different from the cards in your GY. You can only Special Summon "Sky Striker Ace - Shizuku(s)" once per turn.$Supports archetypes /Sky Striker/Sky Striker Ace$$Adds from Deck to hand$Continuous/Trigger/Condition$
26077387$Sky Striker Ace - Raye$Unlimited$DARK$[Warrior/Effect]$$$$$4$1500$1500$$$$(Quick Effect): You can Tribute this card; Special Summon 1 "Sky Striker Ace" monster from your Extra Deck to the Extra Monster Zone. While this card is in your GY, if a face-up "Sky Striker Ace" Link Monster you control is destroyed by battle, or leaves the field because of an opponent's card effect: You can Special Summon this card. You can only use each effect of "Sky Striker Ace - Raye" once per turn.$Supports archetypes /Sky Striker Ace$$Tributes itself for cost/Activates from your Graveyard/Activates if destroyed by battle$Quick/Trigger/Condition$
63166095$Sky Striker Mobilize - Engage!$Semi-Limited(OCG)$SPELL$$$$$$$$$$$$If you control no monsters in your Main Monster Zone: Add 1 "Sky Striker" card from your Deck to your hand, except "Sky Striker Mobilize - Engage!", then, if you have 3 or more Spells in your GY, you can draw 1 card.$Supports archetypes /Sky Striker$$Adds from Deck to hand/You draw cards$Activation requirement/Effect$
99550630$Sky Striker Maneuver - Afterburners!$Unlimited$SPELL$$$$$$$$$$$$If you control no monsters in your Main Monster Zone: Target 1 face-up monster on the field; destroy it, then, if you have 3 or more Spells in your GY, you can destroy 1 Spell/Trap on the field.$$$$Activation requirement/Effect$
25955749$Sky Striker Maneuver - Jamming Waves!$Unlimited$SPELL$$$$$$$$$$$$If you control no monsters in your Main Monster Zones: Target 1 Set Spell/Trap on the field; destroy it, then, if you have 3 or more Spells in your GY, you can destroy 1 monster on the field.$$$$Activation requirement/Effect$
52340444$Sky Striker Mecha - Hornet Drones$Limited$SPELL$$$$$$$$$Quick-Play$$$If you control no monsters in your Main Monster Zones: Special Summon 1 "Sky Striker Ace Token" (Warrior/DARK/Level 1/ATK 0/DEF 0) in Defense Position, which cannot be Tributed, and if you have 3 or more Spells in your GY when this effect resolves, the Token's ATK/DEF become 1500 instead.$$$Cannot be Tributed$Activation requirement/Effect$
98338152$Sky Striker Mecha - Widow Anchor$Unlimited$SPELL$$$$$$$$$Quick-Play$$$If you control no monsters in your Main Monster Zone: Target 1 face-up Effect Monster on the field; negate that face-up monster's effects until the end of this turn, then, if you have 3 or more Spells in your GY, you can take control of that monster until the End Phase.$$$Changes control$Activation requirement/Effect$
25733157$Sky Striker Mecha - Eagle Booster$Unlimited$SPELL$$$$$$$$$Quick-Play$$$If you control no monsters in your Main Monster Zones: Target 1 face-up monster on the field; that target is unaffected by card effects this turn, except its own, and if you have 3 or more Spells in your GY, it cannot be destroyed by battle this turn.$$$$Activation requirement/Effect$
51227866$Sky Striker Mecha - Shark Cannon$Unlimited$SPELL$$$$$$$$$Quick-Play$$$If you control no monsters in your Main Monster Zone: Target 1 monster in your opponent's GY; banish that monster, or, if you have 3 or more Spells in your GY, you can Special Summon that monster to your field instead, but it cannot attack.$$$$Activation requirement/Effect$
97616504$Sky Striker Mecharmory - Hercules Base$Unlimited$SPELL$$$$$$$$$Equip$$$Activate this card only if you control no monsters in your Main Monster Zones. The equipped monster cannot attack directly. It can make a second attack on monsters during each Battle Phase. If the equipped monster destroys a monster by its attack while you have 3 or more Spells in your GY: Draw 1 card. If this card is sent from the field to the GY by a card effect: You can target up to 3 "Sky Striker" cards in your GY, except "Sky Striker Mecharmory - Hercules Base"; shuffle them into the Deck.$Supports archetypes /Sky Striker$$Activates when it destroys a monster by battle/You draw cards/Activates from your Graveyard/Returns from your Graveyard to your Deck$Activation requirement/Continuous-like/Trigger-like$
24010609$Sky Striker Mecha Modules - Multirole$Unlimited(OCG)$SPELL$$$$$$$$$Continuous$$$Once per turn: You can target 1 other card you control; send that card to the GY, also your opponent cannot activate cards or effects in response to your Spell Card activations for the rest of this turn (even if this card leaves the field). (You can only gain the previous effect once per turn.) Once per turn, during the End Phase: You can Set "Sky Striker" Spells with different names from your GY, up to the number of "Sky Striker" Spell Cards you activated this turn while this card was face-up on your field, but banish them when they leave the field.$Supports archetypes /Sky Striker$$Sends from your field to your Graveyard/Sets from your Graveyard$Ignition-like/Trigger-like$
50005218$Sky Striker Airspace - Area Zero$Unlimited$SPELL$$$$$$$$$Field$$$You can target 1 other card you control; excavate the top 3 cards of your Deck, and if you do, you can add 1 excavated "Sky Striker" card to your hand, also shuffle the rest into the Deck, then, if you excavated a "Sky Striker" card, send the targeted card to the GY. If this card in the Field Zone is sent to the GY by a card effect: You can Special Summon 1 "Sky Striker Ace" monster from your Deck. You can only use each effect of "Sky Striker Airspace - Area Zero" once per turn.$Supports archetypes /Sky Striker/Sky Striker Ace$$Excavates from the player's Deck/Adds from Deck to hand/Adds excavated cards to the hand/Shuffles excavated cards into the Deck/Sends from your field to your Graveyard/Activates from your Graveyard$Ignition-like/Trigger-like/Condition$
28985331$Armageddon Knight$Limited$DARK$[Warrior/Effect]$$$$$4$1400$1200$$$$When this card is Summoned: You can send 1 DARK monster from your Deck to the GY.$DARK$$Activates upon Normal Summon/Activates upon Flip Summon/Activates upon Special Summon/Sends from your Deck to your Graveyard$Trigger$
33420078$Plaguespreader Zombie$Unlimited$DARK$[Zombie/Tuner/Effect]$$$$$2$400$200$$$$If this card is in your GY: You can place 1 card from your hand on the top of the Deck; Special Summon this card, but banish it when it leaves the field.$$$Returns from hand to Deck for cost/Activates from your Graveyard$Ignition$
14536035$Dark Grepher$Unlimited(OCG)$DARK$[Warrior/Effect]$$$$$4$1700$1600$$$$You can Special Summon this card (from your hand) by discarding 1 Level 5 or higher DARK monster. Once per turn: You can discard 1 DARK monster; send 1 DARK monster from your Deck to the GY.$DARK$$Discards for cost/Sends from Deck to Graveyard$Unclassified/Ignition$
89997728$Toon Table of Contents$Unlimited$SPELL$$$$$$$$$$$$Add 1 "Toon" card from your Deck to your hand.$Supports archetypes /Toon$$Adds from Deck to hand$Effect$
79844764$The Monarchs Stormforth$Unlimited$SPELL$$$$$$$$$Quick-Play$$$Once during this turn, if you would Tribute a monster for a Tribute Summon, you can Tribute 1 monster your opponent controls even though you do not control it. You can only activate 1 "The Monarchs Stormforth" per turn. During the turn you activate this card, you cannot Special Summon monsters from the Extra Deck.$$$Tributes opponent's monsters$Effect/Condition$
47475363$Drowning Mirror Force$Unlimited$TRAP$$$$$$$$$$$$When an opponent's monster declares a direct attack: Shuffle all your opponent's Attack Position monsters into the Deck.$$$Activates upon attack declaration/Returns from your opponent's field to your opponent's Deck$Activation requirement/Effect$
83011277$Mystic Tomato$Unlimited$DARK$[Plant/Effect]$$$$$4$1400$1100$$$$When this card is destroyed by battle and sent to the GY: You can Special Summon 1 DARK monster with 1500 or less ATK from your Deck, in face-up Attack Position.$DARK$$Activates if destroyed by battle/Activates from your Graveyard$Trigger$
$Vampiric Orchis (Updated from: Vampire Orchis)$$EARTH$[Plant/Effect]$$$$$4$1700$1000$$$$When this card is Normal Summoned: You can Special Summon 1 "Des Dendle" from your hand.$$$$$
$Vampiric Koala (Updated from: Vampire Koala)$$EARTH$[Beast/Effect]$$$$$4$1800$1500$$$$If this card inflicts battle damage to your opponent by battle with a monster: Gain LP equal to the battle damage inflicted.$$$$$
88728507$Vampire Sorcerer$Unlimited$DARK$[Zombie/Effect]$$$$$4$1500$1500$$$$If this card in your possession is sent to your GY by your opponent's card: You can add 1 DARK "Vampire" monster or 1 "Vampire" Spell/Trap from your Deck to your hand. You can banish this card from your GY; 1 DARK "Vampire" monster you Normal Summon this turn can be Summoned without Tributing.$Supports archetypes /Vampire$$Activates from your Graveyard/Adds from Deck to hand$Trigger/Ignition$
82962242$Vampire Vamp$Unlimited$DARK$[Zombie/Effect]$$$$$7$2000$2000$$$$Once per turn, when this card or a "Vampire" monster is Normal Summoned to your field: You can target 1 face-up monster your opponent controls, whose ATK is higher than this card's; equip it to this card. This card gains ATK equal to the combined original ATK of the monsters equipped to it by this effect. If this card is sent to the GY, while equipped with a card(s) by this effect: Special Summon this card.$Supports archetypes /Vampire$$Activates upon Normal Summon/Equips monsters from the opponent's field to itself/Activates from your Graveyard$Trigger/Continuous$
16404809$Kuribandit$Unlimited$DARK$[Fiend/Effect]$$$$$3$1000$700$$$$During the End Phase, if this card was Normal Summoned this turn: You can Tribute this card; excavate the top 5 cards of your Deck, you can add 1 excavated Spell/Trap to your hand, also send the remaining cards to the GY.$$$Tributes itself for cost/Excavates from the player's Deck/Adds excavated cards to the hand/Adds from Deck to hand/Sends excavated cards to the Graveyard/Sends from the top of your Deck to your Graveyard$Trigger$
73915051$Scapegoat$Unlimited$SPELL$$$$$$$$$Quick-Play$$$Special Summon 4 "Sheep Tokens" (Beast/EARTH/Level 1/ATK 0/DEF 0) in Defense Position. They cannot be Tributed for a Tribute Summon. You cannot Summon other monsters the turn you activate this card (but you can Normal Set).$$$$Effect/Lingering/Condition$
32807846$Reinforcement of the Army$Limited$SPELL$$$$$$$$$$$$Add 1 Level 4 or lower Warrior monster from your Deck to your hand.$Warrior$$Adds from Deck to hand$Effect$
01475311$Allure of Darkness$Unlimited$SPELL$$$$$$$$$$$$Draw 2 cards, then banish 1 DARK monster from your hand, or, if you do not have any in your hand, send your entire hand to the GY.$DARK$$You draw cards/Sends from hand to Graveyard$Effect$
39910367$Magical Citadel of Endymion$Unlimited$SPELL$$$$$$$$$Field$$$Each time a Spell Card is activated, place 1 Spell Counter on this card when that Spell resolves. If a card with a Spell Counter(s) is destroyed, place its Spell Counters on this card. Once per turn, if you would activate a card effect by removing a Spell Counter(s) from a card you control, you can remove that many Spell Counters from this card instead. If this card would be destroyed, you can remove 1 Spell Counter from this card instead.$$$$Continuous-like$
75014062$Spell Power Grasp$Unlimited$SPELL$$$$$$$$$$$$Target 1 face-up card on the field that you can place a Spell Counter on; place 1 Spell Counter on that target, then you can add 1 "Spell Power Grasp" from your Deck to your hand. You can only activate 1 "Spell Power Grasp" per turn.$$$Adds from Deck to hand/Adds copies of itself to hand$Effect/Condition$
45869829$Quick Booster$Unlimited$SPELL$$$$$$$$$Quick-Play$$$Target 1 Quick-Play Spell in your GY, except "Quick Booster"; shuffle that target into the Deck. If this card you control is destroyed by your opponent's card and sent to your GY: You can add 1 Quick-Play Spell from your Deck to your hand, except "Quick Booster".$Quick-Play Spell Card$$Returns from your Graveyard to your Deck/Activates from your Graveyard/Adds from Deck to hand$Effect/Trigger-like$
35726888$Foolish Burial Goods$Unlimited$SPELL$$$$$$$$$$$$Send 1 Spell/Trap from your Deck to the GY. You can only activate 1 "Foolish Burial Goods" per turn.$$$Sends from your Deck to your Graveyard$Effect/Condition$
44095762$Mirror Force$Unlimited$TRAP$$$$$$$$$$$$When an opponent's monster declares an attack: Destroy all your opponent's Attack Position monsters.$$$Activates upon attack declaration$Activation requirement/Effect$
21350571$Horn of the Phantom Beast$Unlimited$TRAP$$$$$$$$$$$$Target 1 Beast or Beast-Warrior monster you control; equip this card to that target. It gains 800 ATK. If the equipped monster destroys your opponent's monster by battle and sends it to the GY: Draw 1 card.$Beast/Beast-Warrior$$Equips self from field/Activates when it destroys a monster by battle/You draw cards$Effect/Continuous-like/Trigger-like$
