Passcode$Name$Status$Attribute$type$link$link_arrows$rank$pendulum_scale$level$attack$defense$spell_attribute$summoning_condition$pendulum_condition$card_text$card_supports$card_anti_supports$card_actions$effect_types$
45945685$Cycroid$Unlimited$EARTH$[Machine/Normal]$$$$$3$800$1000$$$$The most lovable and friendly of all the Vehicroids. It can arm itself with training wheels!$$$$$
60246171$Soitsu$Unlimited$WIND$[Fairy/Normal]$$$$$3$0$0$$$$Apparently totally unreliable, he wonders if he has incredible potential.$$$$$
97240270$Mad Lobster$Unlimited$WATER$[Aqua/Normal]$$$$$3$1700$1000$$$$A gourmet food renowned by the Dark World upper crust. It has sensational flavor.$$$$$
23635815$Jerry Beans Man$Unlimited$EARTH$[Plant/Normal]$$$$$3$1750$0$$$$Jerry, a bean soldier, believes he is the strongest warrior in the world, but his true abilities are still untested.$$$$$
98585345$Winged Kuriboh LV10$Unlimited$LIGHT$[Fairy/Effect]$$$$$10$300$200$$$$Cannot be Normal Summoned/Set. Must be Special Summoned with "Transcendent Wings". During your opponent's Battle Phase (Quick Effect): You can Tribute this face-up card; destroy as many Attack Position monsters your opponent controls as possible, and if you do, inflict damage to your opponent equal to the combined original ATK of those destroyed monster(s).$Transcendent Wings$$Tributes itself for cost$Summon/Quick$
71930383$Patroid$Unlimited$EARTH$[Machine/Effect]$$$$$4$1200$1200$$$$Once per turn, during your Main Phase, you can look at 1 face-down card your opponent controls, then return it to its original position.$$$Reveals face-down cards$Ignition$
18325492$Gyroid$Unlimited$WIND$[Machine/Effect]$$$$$3$1000$1000$$$$The first time this card would be destroyed by battle each turn, it is not destroyed.$$$$Continuous$
44729197$Steamroid$Unlimited$EARTH$[Machine/Effect]$$$$$4$1800$1800$$$$If this card attacks an opponent's monster, this card gains 500 ATK during the Damage Step only. If this card is attacked by an opponent's monster, this card loses 500 ATK during the Damage Step only.$$$$Continuous$
71218746$Drillroid$Unlimited$EARTH$[Machine/Effect]$$$$$4$1600$1600$$$$Before damage calculation, if this card attacks a Defense Position monster: Destroy that monster.$$$$Trigger$
07602840$UFOroid$Unlimited$LIGHT$[Machine/Effect]$$$$$6$1200$1200$$$$When this card is destroyed by battle and sent to the Graveyard, you can Special Summon 1 Machine-Type monster with 1500 or less ATK from your Deck in face-up Attack Position.$Machine$$Activates from your Graveyard$Trigger$
43697559$Jetroid$Unlimited$WIND$[Machine/Effect]$$$$$4$1200$1800$$$$At the time this card is selected as an attack target by an opponent's monster, you can activate Trap Card(s) from your hand.$$$$Continuous$
06480253$Wroughtweiler$Unlimited$EARTH$[Machine/Effect]$$$$$3$800$1200$$$$If this card is destroyed by battle and sent to the GY: Target 1 "Elemental HERO" card and 1 "Polymerization" in your GY; add them to your hand.$Supports archetypes /Elemental HERO$$Activates if destroyed by battle/Activates from your Graveyard/Adds from Graveyard to hand$Trigger$
33875961$Dark Catapulter$Unlimited$EARTH$[Machine/Effect]$$$$$4$1000$1500$$$$During your Standby Phase, if this card is in Defense Position, put 1 counter on this card. You can remove from play a number of card(s) in your Graveyard equal to the number of counters on this card to destroy that many Spell or Trap Card(s) on the field. Then remove all counter(s) from this card.$$$$Trigger/Ignition$
79979666$Elemental HERO Bubbleman$Unlimited$WATER$[Warrior/Effect]$$$$$4$800$1200$$$$If this is the only card in your hand, you can Special Summon it (from your hand). When this card is Summoned: You can draw 2 cards. You must control no other cards and have no cards in your hand to activate and to resolve this effect.$$$Activates from your hand/Activates upon Normal Summon/Activates upon Flip Summon/Activates upon Special Summon/You draw cards$Summon/Trigger/Condition$
70095154$Cyber Dragon$Unlimited$LIGHT$[Machine/Effect]$$$$$5$2100$1600$$$$If only your opponent controls a monster, you can Special Summon this card (from your hand).$$$Activates from your hand$Unclassified$
59023523$Cybernetic Magician$Unlimited$LIGHT$[Spellcaster/Effect]$$$$$6$2400$1000$$$$You can discard 1 card to target 1 face-up monster on the field; that target's ATK becomes 2000 until the End Phase.$$$Discards for cost$Ignition$
96428622$Cybernetic Cyclopean$Unlimited$EARTH$[Beast-Warrior/Effect]$$$$$4$1400$200$$$$While you have no cards in your hand, this card gains 1000 ATK.$$$$Continuous$
22512237$Mechanical Hound$Unlimited$EARTH$[Machine/Effect]$$$$$7$2800$1500$$$$While you have no cards in your hand, your opponent cannot activate Spell Cards.$$$$Continuous$
59907935$Cyber Archfiend$Unlimited$DARK$[Fiend/Effect]$$$$$4$1000$2000$$$$At the beginning of your Draw Phase, if you have no cards in your hand, draw 1 more card in addition to your normal draw. During your End Phase, if you have 1 or more card(s) in your hand, destroy this card.$$$You draw cards$Trigger$
85306040$Goblin Elite Attack Force$Unlimited$EARTH$[Fiend/Effect]$$$$$4$2200$1500$$$$If this card attacks, it is changed to Defense Position at the end of the Battle Phase, and its battle position cannot be changed until the end of your next turn.$$$Changes battle positions/Prevents Battle Position changes$Continuous$
22790789$B.E.S. Crystal Core$Unlimited$WATER$[Machine/Effect]$$$$$5$2100$1000$$$$When this card is Normal Summoned, put 3 counters on it. This card cannot be destroyed by battle. If this card attacks or is attacked, remove 1 counter from this card at the end of the Damage Step. If you cannot, destroy it. Once per turn, during your Main Phase, you can change 1 face-up Attack Position monster your opponent controls to face-up Defense Position.$$$Activates upon Normal Summon/Changes battle positions$Trigger/Continuous/Ignition$
58185394$Giant Kozaky$Unlimited$DARK$[Fiend/Effect]$$$$$4$2500$2400$$$$If there is no face-up "Kozaky" on the field, destroy this card. If this face-up card is destroyed, inflict damage equal to the original ATK of this card to its current controller.$Kozaky$$$Continuous/Trigger$
84173492$Indomitable Fighter Lei Lei$Unlimited$EARTH$[Beast-Warrior/Effect]$$$$$4$2300$0$$$$If this card attacks, it is changed to Defense Position at the end of the Battle Phase. This card's battle position cannot be changed until the end of your next turn, except with a card effect.$$$Changes battle positions/Prevents Battle Position changes$Continuous$
11678191$Protective Soul Ailin$Unlimited$LIGHT$[Fairy/Union/Effect]$$$$$1$0$0$$$$Once per turn, you can equip this card to an "Indomitable Fighter Lei Lei" you control, OR unequip it to Special Summon this card in face-up Attack Position. When equipped to a monster by this card's effect, you can change that monster's battle position once per turn. (A monster can only be equipped with 1 Union Monster at a time. If the equipped monster would be destroyed by battle, destroy this card instead.)$Indomitable Fighter Lei Lei$Union monster$Equips self from field/Changes battle positions$Ignition/Ignition-like/Condition/Continuous-like$
57062206$Doitsu$Unlimited$EARTH$[Fairy/Union/Effect]$$$$$4$100$200$$$$Once per turn, you can equip this card to a "Soitsu" you control, OR unequip it to Special Summon this card in face-up Attack Position. When equipped to a monster by this card's effect, that monster gains 2500 ATK. (A monster can only be equipped with 1 Union Monster at a time. If the equipped monster would be destroyed by battle, destroy this card instead.)$Soitsu$Union monster$Equips self from field$Ignition/Ignition-like/Continuous-like/Condition$
84451804$Des Frog$Unlimited$WATER$[Aqua/Effect]$$$$$5$1900$0$$$$When this card is Tribute Summoned, you can Special Summon "Des Frog"(s) from your hand or Deck up to the number of "T.A.D.P.O.L.E."(s) in your Graveyard.$T.A.D.P.O.L.E.$$Activates upon Tribute Summon$Trigger$
10456559$T.A.D.P.O.L.E.$Unlimited$WATER$[Aqua/Effect]$$$$$1$0$0$$$$When this card you control is destroyed by battle and sent to your Graveyard, you can add any "T.A.D.P.O.L.E."(s) from your Deck to your hand.$$$Activates if destroyed by battle/Activates from your Graveyard/Adds from Deck to hand/Adds copies of itself to hand$Trigger$
56840658$Poison Draw Frog$Unlimited$WATER$[Aqua/Effect]$$$$$2$100$100$$$$When this face-up card on the field is sent to the Graveyard (unless it was attacked while face-down and destroyed by battle), you can draw 1 card.$$$Activates from your Graveyard/You draw cards$Trigger$
83235263$Tyranno Infinity$Unlimited$EARTH$[Dinosaur/Effect]$$$$$4$?$0$$$$The original ATK of this card is the number of your banished Dinosaur-Type monsters x 1000.$Dinosaur$$$Continuous$
19733961$Batteryman C$Unlimited$LIGHT$[Thunder/Effect]$$$$$2$0$0$$$$If all "Batteryman C"(s) you control are in Attack Position, all Machine-Type monsters you control gain 500 ATK for each "Batteryman C" you control. If all "Batteryman C"(s) you control are in Defense Position, all Machine-Type monsters you control gain 500 DEF for each "Batteryman C" you control.$Machine$$$Continuous$
46128076$Ebon Magician Curran$Unlimited$DARK$[Spellcaster/Effect]$$$$$2$1200$0$$$$During your Standby Phase, inflict 300 damage to your opponent for each monster they control.$$$$Trigger$
82112775$D.D.M. - Different Dimension Master$Unlimited$LIGHT$[Spellcaster/Effect]$$$$$5$1700$1500$$$$Once per turn, you can discard 1 Spell Card to Special Summon 1 of your removed from play monsters.$$$Discards for cost$Ignition$
05368615$Steam Gyroid$Unlimited$EARTH$[Machine/Fusion]$$$$$6$2200$1600$$$$"Gyroid" + "Steamroid"$$$$$
32752319$UFOroid Fighter$Unlimited$LIGHT$[Machine/Fusion/Effect]$$$$$10$?$?$$"UFOroid" + 1 Warrior-Type monster$$A Fusion Summon of this card can only be conducted with the above Fusion Material Monsters. The original ATK and DEF of this card become equal to the combined original ATK of the 2 Fusion Material Monsters you used for the Fusion Summon of this card.$Warrior$$$Summon/Continuous$
74157028$Cyber Twin Dragon$Unlimited$LIGHT$[Machine/Fusion/Effect]$$$$$8$2800$2100$$"Cyber Dragon" + "Cyber Dragon"$$A Fusion Summon of this card can only be done with the above Fusion Materials. This card can make a second attack during each Battle Phase.$$$$Summon/Continuous$
01546123$Cyber End Dragon$Unlimited$LIGHT$[Machine/Fusion/Effect]$$$$$10$4000$2800$$"Cyber Dragon" + "Cyber Dragon" + "Cyber Dragon"$$A Fusion Summon of this card can only be done with the above Fusion Materials. If this card attacks a Defense Position monster, inflict piercing battle damage.$$$$Summon/Continuous$
37630732$Power Bond$Unlimited$SPELL$$$$$$$$$$$$Fusion Summon 1 Machine Fusion Monster from your Extra Deck, using monsters from your hand or field as Fusion Material, and it gains ATK equal to its original ATK. During the End Phase of the turn this card is activated, you take damage equal to the amount of ATK gained from this effect at the time of the Summon.$Machine/Fusion Monster$$Sends from your hand to your Graveyard/Sends from your field to your Graveyard/Uses cards in the hand as Fusion Materials/Uses cards on the player's field as Fusion Materials$Effect/Lingering$
18511384$Fusion Recovery$Unlimited$SPELL$$$$$$$$$$$$Target 1 "Polymerization" in your GY, and 1 monster in your GY that was used as material for a Fusion Summon; add them to your hand.$Polymerization/Fusion Material$$Adds from Graveyard to hand$Effect$
45906428$Miracle Fusion$Unlimited$SPELL$$$$$$$$$$$$Fusion Summon 1 "Elemental HERO" Fusion Monster from your Extra Deck, by banishing Fusion Materials mentioned on it from your field or GY.$Supports archetypes /Elemental HERO$$Uses cards on the player's field as Fusion Materials/Uses cards in the player's Graveyard as Fusion Materials$Effect$
71490127$Dragon's Mirror$Unlimited$SPELL$$$$$$$$$$$$Fusion Summon 1 Dragon Fusion Monster from your Extra Deck, by banishing Fusion Materials listed on it from your field or GY.$Dragon/Fusion Monster$$Uses cards on the player's field as Fusion Materials/Uses cards in the player's Graveyard as Fusion Materials$Effect$
18895832$System Down$Unlimited$SPELL$$$$$$$$$$$$Pay 1000 LP; banish all Machine-Type monsters your opponent controls and in their Graveyard.$$Machine$$Cost/Effect$
44883830$Des Croaking$Unlimited$SPELL$$$$$$$$$$$$Activate only while you control 3 face-up "Des Frogs". Destroy all cards your opponent controls.$Des Frog$$$Activation requirement/Effect$
70278545$Pot of Generosity$Unlimited$SPELL$$$$$$$$$$$$Return 2 cards from your hand to your Deck. Then shuffle your Deck.$$$Returns from your hand to your Deck$Effect$
07672244$Shien's Spy$Unlimited$SPELL$$$$$$$$$$$$Target 1 face-up monster you control; give control of it to your opponent until the End Phase of this turn.$$$Changes control$Effect$
25573054$Transcendent Wings$Unlimited$SPELL$$$$$$$$$Quick-Play$$$Send 1 face-up or face-down "Winged Kuriboh" you control and 2 cards from your hand to the GY; Special Summon 1 "Winged Kuriboh LV10" from your hand or Deck.$Winged Kuriboh/Winged Kuriboh LV10$$Sends from hand to Graveyard for cost/Sends from field to Graveyard for cost$Cost/Effect$
61968753$Bubble Shuffle$Unlimited$SPELL$$$$$$$$$Quick-Play$$$Target 1 face-up Attack Position "Elemental HERO Bubbleman" you control and 1 face-up Attack Position monster your opponent controls; change both those targets to Defense Position, then Tribute that "Elemental HERO Bubbleman", then Special Summon 1 "Elemental HERO" monster from your hand.$Supports archetypes /Elemental HERO$$Changes battle positions/Tributes as an effect$Effect$
97362768$Spark Blaster$Unlimited$SPELL$$$$$$$$$Equip$$$Equip only to "Elemental HERO Sparkman". During your Main Phase: You can target 1 face-up monster; change the battle position of that target. After you use this effect 3 times, destroy this card.$Elemental HERO Sparkman$$Changes battle positions$Condition/Ignition-like/Continuous-like$
63035430$Skyscraper$Unlimited$SPELL$$$$$$$$$Field$$$If an "Elemental HERO" monster attacks a monster that has a higher ATK, the attacking monster gains 1000 ATK during damage calculation only.$Supports archetypes /Elemental HERO$$$Continuous-like$
43061293$Fire Darts$Unlimited$TRAP$$$$$$$$$$$$You can only activate this card when you have no cards in your hand. Roll a six-sided die 3 times, and inflict damage to your opponent's Life Points equal to the total result of the die rolls x 100 points.$$$$Activation requirement/Effect$
70156997$Spiritual Earth Art - Kurogane$Unlimited$TRAP$$$$$$$$$$$$Tribute 1 EARTH monster and target 1 other Level 4 or lower EARTH monster in your GY; Special Summon that EARTH monster.$EARTH$$Tributes for cost$Cost/Effect$
06540606$Spiritual Water Art - Aoi$Unlimited$TRAP$$$$$$$$$$$$Tribute 1 WATER monster; look at your opponent's hand, then send 1 card from their hand to the GY.$WATER$$Tributes for cost/Reveals your opponent's hand/Sends from your opponent's hand to your opponent's Graveyard$Cost/Effect$
42945701$Spiritual Fire Art - Kurenai$Unlimited$TRAP$$$$$$$$$$$$Tribute 1 FIRE monster; inflict damage to your opponent equal to that monster's original ATK.$FIRE$$Tributes for cost$Cost/Effect$
79333300$Spiritual Wind Art - Miyabi$Unlimited$TRAP$$$$$$$$$$$$Tribute 1 WIND monster, then target 1 card your opponent controls; place that opponent's card on the bottom of the Deck.$WIND$$Tributes for cost/Returns from your opponent's field to your opponent's Deck$Cost/Effect$
05728014$A Rival Appears!$Unlimited$TRAP$$$$$$$$$$$$Select 1 face-up monster your opponent controls. Special Summon 1 monster from your hand that has the same Level as the selected monster.$$$$Effect$
32723153$Magical Explosion$Forbidden(OCG)$TRAP$$$$$$$$$$$$Activate only while you have no cards in your hand. Inflict 200 damage to your opponent for each Spell Card in your Graveyard.$$$$Activation requirement/Effect$
78211862$Rising Energy$Unlimited$TRAP$$$$$$$$$$$$Discard 1 card, then target 1 face-up monster on the field; that target gains 1500 ATK until the end of this turn.$$$Discards for cost$Cost/Effect$
05606466$D.D. Trap Hole$Unlimited$TRAP$$$$$$$$$$$$When your opponent Sets exactly 1 monster (and no other cards): Target that Set monster and 1 monster you control; destroy those targets, and if you do, banish them.$$$$Activation requirement/Effect$
31000575$Conscription$Unlimited$TRAP$$$$$$$$$$$$Excavate the top card of your opponent's Deck, and if it is a monster that can be Normal Summoned/Set, Special Summon it to your field. Otherwise, add that card to your opponent's hand.$$$Excavates from the opponent's Deck/Adds excavated cards to the hand/Exchanges cards/Adds from your opponent's Deck to your opponent's hand$Effect$
67095270$Dimension Wall$Unlimited$TRAP$$$$$$$$$$$$Activate only when an opponent's monster declares an attack. Instead of you, your opponent takes the Battle Damage you would have taken from this battle.$$$Activates upon attack declaration$Activation requirement/Effect$
04483989$Prepare to Strike Back$Unlimited$TRAP$$$$$$$$$Continuous$$$Each time your opponent declares a face-up Defense Position monster as an attack target, toss a coin and call it. If you call it right, change the targeted monster to Attack Position. If you call it wrong, the controller of this card takes damage equal to the amount that the ATK of the attacking monster is higher than the DEF of the attack target.$$$Activates upon attack declaration/Changes battle positions$Trigger-like$
07459013$Zure, Knight of Dark World$Unlimited$DARK$[Fiend/Normal]$$$$$4$1800$1500$$$$The name of this illustrious knight is known by all residents of Dark World. He never oppresses the commoners.$$$$$
51638941$V-Tiger Jet$Unlimited$LIGHT$[Machine/Normal]$$$$$4$1600$1800$$$$This ace fighter is unbeatable in a dogfight. It combines with other monsters to launch an array of encircling attacks.$$$$$
97023549$Blade Skater$Unlimited$EARTH$[Warrior/Normal]$$$$$4$1400$1500$$$$An image of beauty on the ice, this gorgeous warrior rips her opponents into pieces with her stylish Accel Slicer attack.$$$$$
25652259$Queen's Knight$Unlimited$LIGHT$[Warrior/Normal]$$$$$4$1500$1600$$$$This knight catches her opponents off guard, dominating them with swift yet graceful attacks.$$$$$
90876561$Jack's Knight$Unlimited$LIGHT$[Warrior/Normal]$$$$$5$1900$1000$$$$A strong master swordsman. His loyalty is to justice, his duty to protect the weak.$$$$$
64788463$King's Knight$Unlimited$LIGHT$[Warrior/Effect]$$$$$4$1600$1400$$$$When this card is Normal Summoned while you control "Queen's Knight": You can Special Summon 1 "Jack's Knight" from your Deck.$Queen's Knight/Jack's Knight$$Activates upon Normal Summon$Trigger$
59793705$Elemental HERO Bladedge$Unlimited$EARTH$[Warrior/Effect]$$$$$7$2600$1800$$$$If this card attacks a Defense Position monster, inflict piercing battle damage.$$$$Continuous$
86188410$Elemental HERO Wildheart$Unlimited$EARTH$[Warrior/Effect]$$$$$4$1500$1600$$$$Unaffected by Trap effects.$$$$Continuous$
23421244$Reborn Zombie$Unlimited$DARK$[Zombie/Effect]$$$$$4$1000$1600$$$$While you have no cards in your hand and this card is in Attack Position, it cannot be destroyed by battle.$$$$Continuous$
50916353$Chthonian Soldier$Unlimited$DARK$[Warrior/Effect]$$$$$4$1200$1400$$$$When this card is destroyed by an opponent's attacking monster and sent to the Graveyard, the Battle Damage you took from this battle is also inflicted to your opponent.$$$Activates if destroyed by battle/Activates from your Graveyard$Trigger$
96300057$W-Wing Catapult$Unlimited$LIGHT$[Machine/Union/Effect]$$$$$4$1300$1500$$$$Once per turn, you can either: Target 1 "V-Tiger Jet" you control; equip this card to that target, OR: Unequip this card and Special Summon it. If the equipped monster would be destroyed by battle or card effect, destroy this card instead. The equipped monster gains 400 ATK/DEF.$V-Tiger Jet$$Equips self from field$Ignition/Ignition-like/Continuous-like/Condition$
23309606$Infernal Incinerator$Unlimited$FIRE$[Fiend/Effect]$$$$$6$2800$1800$$$$This card can only be Normal Summoned or Set by discarding all other card(s) in your hand and Tributing 1 card you control with 2000 or more ATK. This card gains 200 ATK for each monster your opponent controls. This card loses 500 ATK for each other monster you control.$$$Discards for cost/Tributes for cost$Summon/Continuous$
22587018$Hydrogeddon$Unlimited$WATER$[Dinosaur/Effect]$$$$$4$1600$1000$$$$When this card destroys an opponent's monster by battle and sends it to the GY: You can Special Summon 1 "Hydrogeddon" from your Deck.$$$Activates when it destroys a monster by battle$Trigger$
58071123$Oxygeddon$Unlimited$WIND$[Dinosaur/Effect]$$$$$4$1800$800$$$$If this card is destroyed by battle with a Pyro monster and sent to the GY: Each player takes 800 damage.$$Pyro$Activates if destroyed by battle/Activates from your Graveyard$Trigger$
85066822$Water Dragon$Unlimited$WATER$[Sea Serpent/Effect]$$$$$8$2800$2600$$$$Cannot be Normal Summoned/Set. Must be Special Summoned with "Bonding - H2O". The ATK of FIRE monsters and Pyro monsters on the field becomes 0. When this card is destroyed and sent to the GY: You can target 2 "Hydrogeddon" and 1 "Oxygeddon" in your GY; Special Summon them.$Bonding - H2O/Hydrogeddon/Oxygeddon$FIRE/Pyro$Activates if destroyed by battle/Activates if destroyed by card effect/Activates from your Graveyard$Summon/Continuous/Trigger$
11460577$Etoile Cyber$Unlimited$EARTH$[Warrior/Effect]$$$$$4$1200$1600$$$$If this card attacks directly, it gains 500 ATK during the Damage Step only.$$$$Continuous$
44954628$B.E.S. Tetran$Unlimited$WIND$[Machine/Effect]$$$$$6$1800$2300$$$$When this card is Normal Summoned, put 3 counters on it. This card cannot be destroyed by battle. If this card attacks or is attacked, remove 1 counter from this card at the end of the Damage Step. If you cannot, destroy it. Once per turn, you can remove 1 counter on this card to destroy 1 Spell or Trap Card on the field.$$$Activates upon Normal Summon$Trigger/Continuous/Ignition$
70948327$Nanobreaker$Unlimited$EARTH$[Machine/Effect]$$$$$4$1600$1800$$$$If this card attacks a face-up Level 3 or lower monster, destroy the monster immediately with this card's effect without applying damage calculation.$$$$Trigger$
06337436$Rapid-Fire Magician$Unlimited$DARK$[Spellcaster/Effect]$$$$$4$1600$1200$$$$Inflict 400 damage to your opponent each time you activate a Normal Spell Card.$Normal Spell Card$$$Continuous$
33731070$Beiige, Vanguard of Dark World$Unlimited$DARK$[Fiend/Effect]$$$$$4$1600$1300$$$$If this card is discarded to the Graveyard by a card effect: Special Summon it from the Graveyard.$$$Activates from your Graveyard$Trigger$
79126789$Broww, Huntsman of Dark World$Unlimited$DARK$[Fiend/Effect]$$$$$3$1400$800$$$$If this card is discarded to the Graveyard by a card effect: Draw 1 card, plus another card if this card was discarded from your hand to your Graveyard by an opponent's card effect.$$$Activates from your Graveyard/You draw cards$Trigger$
06214884$Brron, Mad King of Dark World$Unlimited$DARK$[Fiend/Effect]$$$$$4$1800$400$$$$When this card inflicts Battle Damage to your opponent: You can discard 1 card.$$$You discard/Discards for effect$Trigger$
32619583$Sillva, Warlord of Dark World$Unlimited$DARK$[Fiend/Effect]$$$$$5$2300$1400$$$$If this card is discarded to the Graveyard by a card effect: Special Summon it from the Graveyard, then, if this card was discarded from your hand to your Graveyard by an opponent's card effect, your opponent returns exactly 2 cards from their hand to the bottom of their Deck, in any order.$$$Activates from your Graveyard/Returns from your opponent's hand to your opponent's Deck$Trigger$
78004197$Goldd, Wu-Lord of Dark World$Unlimited$DARK$[Fiend/Effect]$$$$$5$2300$1400$$$$If this card is discarded to the Graveyard by a card effect: If it was discarded from your hand to your Graveyard by an opponent's card effect, you can target up to 2 cards your opponent controls; Special Summon this card from the Graveyard, then destroy those targets (if any).$$$Activates from your Graveyard$Trigger$
05498296$Scarr, Scout of Dark World$Unlimited$DARK$[Fiend/Effect]$$$$$2$500$500$$$$When this card is destroyed by battle and sent to the Graveyard: Add 1 Level 4 or lower "Dark World" monster from your Deck to your hand.$Supports archetypes /Dark World$$Activates from your Graveyard/Adds from Deck to hand$Trigger$
31887905$Familiar-Possessed - Aussa$Unlimited$EARTH$[Spellcaster/Effect]$$$$$4$1850$1500$$$$You can Special Summon this card (from your hand or Deck) by sending 1 face-up "Aussa the Earth Charmer" and 1 face-up EARTH monster you control to the GY. If this card Special Summoned by its own effect attacks a Defense Position monster, inflict piercing battle damage.$Aussa the Earth Charmer/EARTH$$Sends from field to Graveyard for cost$Unclassified/Continuous$
68881649$Familiar-Possessed - Eria$Unlimited$WATER$[Spellcaster/Effect]$$$$$4$1850$1500$$$$You can Special Summon this card (from your hand or Deck) by sending 1 face-up "Eria the Water Charmer" and 1 face-up WATER monster you control to the GY. If this card Special Summoned by its own effect attacks a Defense Position monster, inflict piercing battle damage.$Eria the Water Charmer/WATER$$Sends from field to Graveyard for cost$Unclassified/Continuous$
04376658$Familiar-Possessed - Hiita$Unlimited$FIRE$[Spellcaster/Effect]$$$$$4$1850$1500$$$$You can Special Summon this card (from your hand or Deck) by sending 1 face-up "Hiita the Fire Charmer" and 1 face-up FIRE monster you control to the GY. If this card Special Summoned by its own effect attacks a Defense Position monster, inflict piercing battle damage.$Hiita the Fire Charmer/FIRE$$Sends from field to Graveyard for cost$Unclassified/Continuous$
31764353$Familiar-Possessed - Wynn$Unlimited$WIND$[Spellcaster/Effect]$$$$$4$1850$1500$$$$You can Special Summon this card (from your hand or Deck) by sending 1 face-up "Wynn the Wind Charmer" and 1 face-up WIND monster you control to the GY. If this card Special Summoned by its own effect attacks a Defense Position monster, inflict piercing battle damage.$Wynn the Wind Charmer/WIND$$Sends from field to Graveyard for cost$Unclassified/Continuous$
58859575$VW-Tiger Catapult$Unlimited$LIGHT$[Machine/Fusion/Effect]$$$$$6$2000$2100$$"V-Tiger Jet" + "W-Wing Catapult"$$Must first be Special Summoned (from your Extra Deck) by banishing the above cards you control. You can discard 1 card, then target 1 monster your opponent controls; change that target's battle position. (Flip effects are not activated.)$$Flip monster$Discards for cost/Changes battle positions$Summon/Ignition$
84243274$VWXYZ-Dragon Catapult Cannon$Unlimited$LIGHT$[Machine/Fusion/Effect]$$$$$8$3000$2800$$"VW-Tiger Catapult" + "XYZ-Dragon Cannon"$$Must first be Special Summoned (from your Extra Deck) by banishing the above cards you control. Once per turn: You can target 1 card your opponent controls; banish that target. When this card declares an attack on an opponent's monster: You can target the attack target; change that attack target's battle position. (Flip effects are not activated.)$$Flip monster$Activates upon attack declaration/Changes battle positions$Summon/Ignition/Trigger$
10248389$Cyber Blader$Unlimited$EARTH$[Warrior/Fusion/Effect]$$$$$7$2100$800$$"Etoile Cyber" + "Blade Skater"$$A Fusion Summon of this card can only be done with the above Fusion Materials. This card gains the following effect, based on the number of monsters your opponent controls.●1: Cannot be destroyed by battle.●2: This card's ATK is doubled.●3: Your opponent's activated card effects are negated.$$$$Summon/Continuous$
47737087$Elemental HERO Rampart Blaster$Unlimited$EARTH$[Warrior/Fusion/Effect]$$$$$6$2000$2500$$"Elemental HERO Clayman" + "Elemental HERO Burstinatrix"$$Must be Fusion Summoned. This card can attack directly while in Defense Position. If it does, apply its ATK for damage calculation, and its ATK is halved during damage calculation only.$$$$Summon/Continuous$
83121692$Elemental HERO Tempest$Unlimited$WIND$[Warrior/Fusion/Effect]$$$$$8$2800$2800$$"Elemental HERO Avian" + "Elemental HERO Sparkman" + "Elemental HERO Bubbleman"$$Must be Fusion Summoned and cannot be Special Summoned by other ways. You can send 1 other card you control to the Graveyard to target 1 monster you control; while this card is face-up on the field, that monster cannot be destroyed by battle.$$$Sends from your field to your Graveyard for cost$Summon/Ignition$
10526791$Elemental HERO Wildedge$Unlimited$EARTH$[Warrior/Fusion/Effect]$$$$$8$2600$2300$$"Elemental HERO Wildheart" + "Elemental HERO Bladedge"$$Must be Fusion Summoned and cannot be Special Summoned by other ways. This card can attack every monster your opponent controls (one attack on each monster per Battle Phase).$$$$Summon/Continuous$
25366484$Elemental HERO Shining Flare Wingman$Unlimited$LIGHT$[Warrior/Fusion/Effect]$$$$$8$2500$2100$$"Elemental HERO Flame Wingman" + "Elemental HERO Sparkman"$$Must be Fusion Summoned. Gains 300 ATK for each "Elemental HERO" card in your GY. If this card destroys a monster by battle and sends it to the GY: Inflict damage to your opponent equal to that monster's original ATK in the GY.$Supports archetypes /Elemental HERO$$Activates when it destroys a monster by battle$Summon/Continuous/Trigger$
67169062$Pot of Avarice$Unlimited$SPELL$$$$$$$$$$$$Target 5 monsters in your GY; shuffle all 5 into the Deck, then draw 2 cards.$$$Returns from your Graveyard to your Deck/You draw cards$Effect$
93554166$Dark World Lightning$Unlimited$SPELL$$$$$$$$$$$$Target 1 Set card on the field; destroy that target, then discard 1 card.$$$You discard/Discards for effect$Effect$
61850482$Level Modulation$Unlimited$SPELL$$$$$$$$$$$$Your opponent draws 2 cards. Special Summon 1 "LV" monster from your Graveyard, ignoring the Summoning conditions. The monster that was Special Summoned by this effect cannot attack, nor activate or apply its effect this turn.$Supports archetypes /LV$$Your opponent draws cards$Effect$
24643836$Ojamagic$Unlimited$SPELL$$$$$$$$$$$$If this card is sent from the hand or field to the GY: Add 1 each of "Ojama Green", "Ojama Yellow", and "Ojama Black" from your Deck to your hand.$Ojama Green/Ojama Yellow/Ojama Black$$Activates from your Graveyard/Adds from Deck to hand$Trigger-like$
98259197$Ojamuscle$Unlimited$SPELL$$$$$$$$$$$$(This card is always treated as a "Ojama" card.)Select 1 face-up "Ojama King". Destroy all "Ojama" monsters on the field, except the selected "Ojama King". It gains 1000 ATK for each monster destroyed this way.$Supports archetypes /Ojama$$$Condition/Effect$
19394153$Feather Shot$Unlimited$SPELL$$$$$$$$$$$$Target 1 face-up "Elemental HERO Avian" you control; during this turn, that target can attack a number of times equal to the number of monsters you control when this card resolves, but cannot attack directly, and other monsters you control cannot attack this turn.$Elemental HERO Avian$$$Effect$
45898858$Bonding - H2O$Unlimited$SPELL$$$$$$$$$$$$Tribute 2 "Hydrogeddon" and 1 "Oxygeddon"; Special Summon 1 "Water Dragon" from your hand, Deck, or GY.$Hydrogeddon/Oxygeddon/Water Dragon$$Tributes for cost$Cost/Effect$
46910446$Chthonian Alliance$Unlimited$SPELL$$$$$$$$$Equip$$$The equipped monster gains 800 ATK for each other face-up monster on the field that has the same name it does.$$$$Continuous-like$
90374791$Armed Changer$Unlimited$SPELL$$$$$$$$$Equip$$$Send 1 Equip Spell Card from your hand to the Graveyard to activate this card. If the equipped monster destroys a monster by battle, the controller of this Equip Card can add 1 monster with ATK equal to or less than the equipped monster from their Graveyard to their hand.$Equip Spell Card$$Sends from your hand to your Graveyard for cost/Activates when it destroys a monster by battle/Adds from Graveyard to hand$Cost/Trigger-like$
30548775$Branch!$Unlimited$SPELL$$$$$$$$$Continuous$$$When a Fusion Monster(s) on the field is destroyed by battle or card effect and sent to the Graveyard: You can target 1 of the Fusion Materials in your Graveyard that was used for its Fusion Summon; Special Summon it.$Fusion Monster/Fusion Material$$$Trigger-like$
66947414$Boss Rush$Unlimited$SPELL$$$$$$$$$Continuous$$$You cannot Normal Summon or Set. During the End Phase of the turn that a "B.E.S." monster or a "Big Core" is destroyed and sent to the Graveyard, you can Special Summon 1 "B.E.S." monster or 1 "Big Core" from your Deck.$Supports archetypes /B.E.S.$$$Continuous-like/Trigger-like$
93431518$Gateway to Dark World$Unlimited$SPELL$$$$$$$$$Quick-Play$$$Target 1 "Dark World" monster in your Graveyard; Special Summon that target. You cannot Summon other monsters the turn you activate this card (but you can Set).$Supports archetypes /Dark World$$$Effect/Condition$
44676200$Hero Barrier$Unlimited$TRAP$$$$$$$$$$$$Negate 1 attack from an opponent's monster. You must control a face-up "Elemental HERO" monster to resolve this effect.$Supports archetypes /Elemental HERO$$$Effect/Condition$
18271561$Chthonian Blast$Unlimited$TRAP$$$$$$$$$$$$When a face-up monster you control is destroyed and sent to the Graveyard: Destroy the 1 face-up monster on the field that has the lowest ATK (your choice, if tied), and if you do, inflict damage to both players equal to half of that monster's ATK.$$$$Activation requirement/Effect$
29826127$The Forces of Darkness$Unlimited$TRAP$$$$$$$$$$$$Target 2 "Dark World" monsters in your Graveyard; add those targets to your hand.$Supports archetypes /Dark World$$Adds from Graveyard to hand$Effect$
65824822$Dark Deal$Unlimited$TRAP$$$$$$$$$$$$When your opponent activates a Normal Spell Card: Pay 1000 Life Points; the effect of that Normal Spell Card becomes "Your opponent discards 1 random card".$$Normal Spell Card$Discards for effect/Overwrites card effects$Activation requirement/Cost/Effect$
92219931$Simultaneous Loss$Unlimited$TRAP$$$$$$$$$$$$Each player sends the top card of their Deck to the Graveyard.$$$Sends from Deck to Graveyard/Sends from your Deck to your Graveyard/Sends from your opponent's Deck to your opponent's Graveyard$Effect$
28604635$Weed Out$Unlimited$TRAP$$$$$$$$$$$$Pay 500 Life Points. Destroy all face-up Attack Position Level 3 monsters.$$$$Cost/Effect$
55008284$The League of Uniform Nomenclature$Unlimited$TRAP$$$$$$$$$$$$Select 1 face-up Level 2 or lower Normal Monster you control to activate this card. Special Summon as many cards as possible from your Deck with the same name as the selected monster.$Normal Monster$$$Effect$
91597389$Roll Out!$Unlimited$TRAP$$$$$$$$$$$$Target 1 Union monster in your GY; equip that target to an appropriate monster you control for that Union monster's effect.$Union monster$$Places cards from Graveyard in Spell & Trap Zone$Effect$
72287557$Chthonian Polymer$Unlimited$TRAP$$$$$$$$$$$$Activate only when your opponent Fusion Summons a Fusion Monster. Tribute 1 monster to take control of that Fusion Monster.$$Fusion Monster$Tributes for cost/Changes control$Activation requirement/Cost/Effect$
71060915$Feather Wind$Unlimited$TRAP$$$$$$$$$Counter$$$When a Spell/Trap Card is activated while you control a face-up "Elemental HERO Avian": Negate the activation and destroy it.$Elemental HERO Avian$$$Activation requirement/Effect$
27581098$Non-Fusion Area$Unlimited$TRAP$$$$$$$$$Continuous$$$Neither player can Fusion Summon.$$Fusion Summon$$Continuous-like$
54976796$Level Limit - Area A$Unlimited$TRAP$$$$$$$$$Continuous$$$Change all face-up Level 3 or lower monsters to Attack Position.$$$Changes battle positions/Prevents Battle Position changes$Continuous-like$
06007213$Uria, Lord of Searing Flames$Unlimited$FIRE$[Pyro/Effect]$$$$$10$0$0$$$$Cannot be Normal Summoned/Set. Must be Special Summoned (from your hand) by sending 3 face-up Traps you control to the GY. This card gains 1000 ATK for each Continuous Trap in your GY. Once per turn: You can target 1 Set Spell/Trap your opponent controls; destroy that target. Neither player can activate Spell/Trap Cards in response to this effect's activation.$Continuous Trap Card$$Sends from field to Graveyard for cost$Summon/Continuous/Ignition/Condition$
32491822$Hamon, Lord of Striking Thunder$Unlimited$LIGHT$[Thunder/Effect]$$$$$10$4000$4000$$$$Cannot be Normal Summoned/Set. Must be Special Summoned (from your hand) by sending 3 face-up Continuous Spells you control to the GY. If this card destroys an opponent's monster by battle and sends it to the GY: Inflict 1000 damage to your opponent. While this card is in face-up Defense Position, monsters your opponent controls cannot target monsters for attacks, except this one.$Continuous Spell Card$$Sends from field to Graveyard for cost/Activates when it destroys a monster by battle$Summon/Trigger/Continuous$
69890967$Raviel, Lord of Phantasms$Unlimited$DARK$[Fiend/Effect]$$$$$10$4000$4000$$$$Cannot be Normal Summoned/Set. Must be Special Summoned (from your hand) by Tributing 3 Fiend monsters. Each time your opponent Normal Summons a monster: Special Summon 1 "Phantasm Token" (Fiend/DARK/Level 1/ATK 1000/DEF 1000), but it cannot declare an attack. Once per turn: You can Tribute 1 monster; this card gains ATK equal to the Tributed monster's original ATK, until the end of this turn.$Fiend$$Tributes for cost$Summon/Trigger/Ignition$
05285665$Elemental HERO Neo Bubbleman$Unlimited$WATER$[Warrior/Effect]$$$$$4$800$1200$$$$This card cannot be Normal Summoned or Set. This card cannot be Special Summoned except by sending an "Elemental Hero Bubbleman" you control and "Metamorphosis" in your hand to the Graveyard. This card's name is treated as "Elemental Hero Bubbleman" while it is face-up on the field. Destroy an opponent's monster that battles this card at the end of the Damage Step.$Elemental HERO Bubbleman/Metamorphosis$$Sends from your field to your Graveyard/Sends from your hand to your Graveyard$Summon/Continuous/Trigger$
32679370$Hero Kid$Unlimited$EARTH$[Warrior/Effect]$$$$$2$300$600$$$$When this card is Special Summoned: You can Special Summon any number of "Hero Kid"(s) from your Deck.$$$Activates upon Special Summon$Trigger$
68774379$Cyber Barrier Dragon$Unlimited$LIGHT$[Machine/Effect]$$$$$6$800$2800$$$$This card cannot be Normal Summoned or Set. This card cannot be Special Summoned except with "Attack Reflector Unit". Once per turn, while this card is in Attack Position, your opponent's next attack is negated.$$$$Summon/Continuous$
04162088$Cyber Laser Dragon$Unlimited$LIGHT$[Machine/Effect]$$$$$7$2400$1800$$$$This card cannot be Normal Summoned or Set. This card cannot be Special Summoned except with "Photon Generator Unit". Once per turn, you can destroy 1 monster with ATK or DEF equal to or higher than the ATK of this card.$$$$Summon/Ignition$
$Ancient Gear$$EARTH$[Machine/Effect]$$$$$2$100$800$$$$If you control an "Ancient Gear", you can Special Summon this card (from your hand) in Attack Position.$$$$$
80045583$Ancient Gear Cannon$Unlimited$EARTH$[Machine/Effect]$$$$$2$500$500$$$$You can Tribute this card; inflict 500 damage to your opponent, and if you do, neither player can activate Trap Cards during the Battle Phase of this turn.$$$Tributes itself for cost$Ignition$
26439287$Proto-Cyber Dragon$Unlimited$LIGHT$[Machine/Effect]$$$$$3$1100$600$$$$This card's name becomes "Cyber Dragon" while on the field.$Cyber Dragon$$$Continuous$
53828396$Adhesive Explosive$Unlimited$WIND$[Machine/Effect]$$$$$3$1000$1000$$$$Before damage calculation, if this card was attacked by an opponent's monster and was in face-down Defense Position at the start of the Damage Step: Equip this card to the attacking monster. Then, during your opponent's next Standby Phase, destroy the monster this card is equipped to.$$$Equips self from field$Trigger/Continuous-like$
89222931$Machine King Prototype$Unlimited$EARTH$[Machine/Effect]$$$$$3$1600$1500$$$$This card gains 100 ATK and DEF for each Machine-Type monster on the field, except this card.$Machine$$$Continuous$
15317640$B.E.S. Covered Core$Unlimited$EARTH$[Machine/Effect]$$$$$7$2500$800$$$$When this card is Normal Summoned, put 2 counters on it. This card cannot be destroyed by battle. If this card attacks or is attacked, at the end of the Damage Step toss a coin and call it. If you call it wrong, remove 1 counter. If this card battles without a counter, destroy it at the end of the Damage Step.$$$Activates upon Normal Summon$Trigger/Continuous$
52702748$D.D. Guide$Unlimited$DARK$[Warrior/Effect]$$$$$4$1400$1000$$$$When this card is Normal Summoned, give control of it to your opponent. During each player's End Phase, your opponent selects 1 card from the Graveyard of this card's controller and removes it from play.$$$Changes control$Trigger$
88190453$Chain Thrasher$Unlimited$WIND$[Warrior/Effect]$$$$$4$1000$600$$$$This card can attack 1 additional time during the same Battle Phase for each "Chain Thrasher" in your Graveyard.$$$$Continuous$
15595052$Disciple of the Forbidden Spell$Unlimited$LIGHT$[Warrior/Effect]$$$$$4$1700$800$$$$When this card is Summoned, declare different Monster Card Attributes equal to the number of "Disciple of the Forbidden Spell"(s) in your Graveyard. If this card attacks a monster that has a declared Attribute, destroy the monster with this card's effect without applying damage calculation.$$$Activates upon Normal Summon/Activates upon Flip Summon/Activates upon Special Summon/Declares an Attribute$Trigger$
41589166$Tenkabito Shien$Unlimited$FIRE$[Pyro/Effect]$$$$$4$1500$1000$$$$This card is unaffected by the effects of Trap Cards.$$$$Continuous$
87978805$Parasitic Ticky$Unlimited$EARTH$[Insect/Effect]$$$$$1$?$?$$$$The ATK and DEF of this card are each equal to the number of tokens on the field x 500.$Monster Token$$$Continuous$
14472500$Gokipon$Unlimited$EARTH$[Insect/Effect]$$$$$2$800$800$$$$When this card is destroyed by battle and sent to the GY: You can add 1 Insect monster with 1500 or less ATK from your Deck to your hand.$Insect$$Activates from your Graveyard/Adds from Deck to hand$Trigger$
40867519$Silent Insect$Unlimited$EARTH$[Insect/Effect]$$$$$2$200$300$$$$This card is changed to Defense Position when it is Normal Summoned or Flip Summoned. Negate the effects of all Continuous Spell Cards and Continuous Trap Cards.$$$Activates upon Normal Summon/Activates upon Flip Summon/Changes battle positions$Trigger/Continuous$
77252217$Chainsaw Insect$Unlimited$EARTH$[Insect/Effect]$$$$$4$2400$0$$$$At the end of the Damage Step, if this card attacked or was attacked: Your opponent draws 1 card.$$$Your opponent draws cards$Trigger$
13250922$Anteatereatingant$Unlimited$EARTH$[Insect/Effect]$$$$$5$2000$500$$$$This card cannot be Normal Summoned or Set. This card cannot be Special Summoned except by sending 2 Spell or Trap Cards you control to the Graveyard. You can destroy 1 Spell or Trap Card your opponent controls. If you activate this effect, this card cannot attack during this turn.$$$Sends from your field to your Graveyard$Summon/Ignition$
49645921$Saber Beetle$Unlimited$EARTH$[Insect/Effect]$$$$$6$2400$600$$$$During battle between this attacking card and a Defense Position monster whose DEF is lower than the ATK of this card, inflict the difference as Battle Damage to your opponent.$$$$Continuous$
76039636$Doom Dozer$Unlimited$EARTH$[Insect/Effect]$$$$$8$2800$2600$$$$Cannot be Normal Summoned/Set. Must be Special Summoned (from your hand) by banishing 2 Insect monsters from your GY. If this card inflicts battle damage to your opponent: Send the top card of their Deck to the GY.$Insect$$Activates when it inflicts battle damage/Sends from your opponent's Deck to your opponent's Graveyard$Summon/Trigger$
12538374$Treeborn Frog$Unlimited$WATER$[Aqua/Effect]$$$$$1$100$100$$$$Once per turn, during your Standby Phase, if this card is in your Graveyard and you do not control "Treeborn Frog": You can Special Summon this card. You must control no Spell/Trap Cards to activate and to resolve this effect.$$$Activates from your Graveyard$Trigger/Condition$
49522489$Beelze Frog$Unlimited$WATER$[Aqua/Effect]$$$$$3$1200$800$$$$This card gains 300 ATK for each "T.A.D.P.O.L.E." in your Graveyard.$T.A.D.P.O.L.E.$$$Continuous$
75917088$Princess Pikeru$Unlimited$LIGHT$[Spellcaster/Effect]$$$$$4$2000$0$$$$This card cannot be Normal Summoned or Set. This card cannot be Special Summoned except with "Trial of the Princesses". During your Standby Phase, gain 800 Life Points for each monster you control.$Trial of the Princesses$$$Summon/Trigger$
02316186$Princess Curran$Unlimited$DARK$[Spellcaster/Effect]$$$$$4$2000$0$$$$This card cannot be Normal Summoned or Set. This card cannot be Special Summoned except with "Trial of the Princesses". During your Standby Phase, inflict 600 damage to your opponent for each monster they control.$Trial of the Princesses$$$Summon/Trigger$
48700891$Memory Crusher$Unlimited$DARK$[Fiend/Effect]$$$$$3$1000$600$$$$If this card successfully attacks directly, inflict 100 damage to your opponent for each card in their Extra Deck.$$$Activates when it inflicts battle damage$Trigger$
14255590$Malice Ascendant$Unlimited$DARK$[Zombie/Effect]$$$$$4$700$1000$$$$During your opponent's Standby Phase, send 1 card from the top of their Deck to the Graveyard for each "Malice Ascendant" in your Graveyard.$$$Sends from your opponent's Deck to your opponent's Graveyard$Trigger$
41249545$Grass Phantom$Unlimited$WATER$[Plant/Effect]$$$$$3$1000$1000$$$$This card gains 500 ATK for each "Grass Phantom" in your Graveyard.$$$$Continuous$
73648243$Sand Moth$Unlimited$EARTH$[Rock/Effect]$$$$$4$1000$2000$$$$When this face-down Defense Position card is destroyed and sent to the Graveyard, except by battle, switch the original ATK and DEF of this card and Special Summon it.$$$Activates from your Graveyard$Trigger$
10032958$Divine Dragon - Excelion$Unlimited$LIGHT$[Dragon/Effect]$$$$$5$1500$900$$$$When this card is Normal Summoned, it gets 1 of the following effects for each "Divine Dragon - Excelion" in your Graveyard when this effect resolves (your choice). These effects cannot accumulate.●This card gains 1000 ATK.●If this card destroys an opponent's monster by battle, it can attack once again in a row.●When this card destroys a monster by battle and sends it to the Graveyard, inflict damage to your opponent equal to the ATK of the destroyed monster.$$$Activates upon Normal Summon$Trigger/Continuous$
46427957$Ruin, Queen of Oblivion$Unlimited$LIGHT$[Fairy/Ritual/Effect]$$$$$8$2300$2000$$$$You can Ritual Summon this card with "End of the World". When this attacking card destroys an opponent's monster by battle: You can activate this effect; this card can make a second attack in a row.$$$$Summon/Trigger$
72426662$Demise, King of Armageddon$Unlimited$DARK$[Fiend/Ritual/Effect]$$$$$8$2400$2000$$$$You can Ritual Summon this card with "End of the World". You can pay 2000 LP; destroy all other cards on the field.$$$$Summon/Ignition$
09910360$D.3.S. Frog$Unlimited$WATER$[Aqua/Fusion/Effect]$$$$$8$2500$2000$$"Des Frog" + "Des Frog" + "Des Frog"$$A Fusion Summon of this card can only be conducted with the above Fusion Material Monsters. This card gains 500 ATK for each "Treeborn Frog" in your Graveyard.$Treeborn Frog$$$Summon/Continuous$
67951831$Hero Heart$Unlimited$SPELL$$$$$$$$$$$$Target 1 face-up "Elemental HERO" monster you control; halve its ATK until the end of this turn, but it can attack twice during this turn's Battle Phase.$Supports archetypes /Elemental HERO$$$Effect$
94940436$Magnet Circle LV2$Unlimited$SPELL$$$$$$$$$$$$Special Summon 1 Level 2 or lower Machine-Type monster from your hand.$Machine$$$Effect$
30435145$Ancient Gear Factory$Unlimited$SPELL$$$$$$$$$$$$Reveal 1 Level 5 or higher "Ancient Gear" monster from your hand, then banish a number of "Ancient Gear" monsters from your Graveyard, whose combined Levels are double the revealed monster's, and if you do, if you Normal Summon the revealed monster this turn, you must Normal Smmon it without Tributing.$Supports archetypes /Ancient Gear$$Reveals your hand for effect$Effect$
67829249$Ancient Gear Drill$Unlimited$SPELL$$$$$$$$$$$$If you control an "Ancient Gear" monster: Discard 1 card; Set 1 Spell Card directly from your Deck. This turn, that Spell Card cannot be activated.$Supports archetypes /Ancient Gear$$Discards for cost/Sets from your Deck$Activation requirement/Cost/Effect/Condition$
93224848$Phantasmal Martyrs$Unlimited$SPELL$$$$$$$$$$$$While you have at least 2 other cards in your hand, and control "Uria, Lord of Searing Flames" or "Hamon, Lord of Striking Thunder": Send your entire hand to the GY; Special Summon 3 "Phantasmal Martyr Tokens" (Fiend/DARK/Level 1/ATK 0/DEF 0) in Attack Position.$Uria, Lord of Searing Flames/Hamon, Lord of Striking Thunder$$Sends from hand to Graveyard for cost/Sends from your hand to your Graveyard$Activation requirement/Cost/Effect$
29612557$Cyclone Boomerang$Unlimited$SPELL$$$$$$$$$Equip$$$Equip only to "Elemental HERO Wildheart". It gains 500 ATK. When the equipped monster is destroyed by a card effect and sent to the Graveyard: Destroy all Spell and Trap Cards on the field, then inflict 100 damage to your opponent for each Spell/Trap Card destroyed by this effect.$Elemental HERO Wildheart$$$Condition/Continuous-like/Trigger-like$
45305419$Symbol of Heritage$Unlimited$SPELL$$$$$$$$$Equip$$$Activate only while there are 3 Monster Cards with the same name in your Graveyard. Select 1 of those monsters, Special Summon it, and equip it with this card. When this card is destroyed, destroy the equipped monster.$$$$Activation requirement/Effect/Continuous-like$
72709014$Trial of the Princesses$Unlimited$SPELL$$$$$$$$$Equip$$$Equip only to "White Magician Pikeru" or "Ebon Magician Curran"; it gains 800 ATK. During a turn that the equipped monster destroyed a Level 5 or higher monster by battle, you can Tribute the equipped monster and this card to Special Summon from your hand or Deck: 1 "Princess Pikeru" if you Tributed "White Magician Pikeru", or 1 "Princess Curran" if you Tributed "Ebon Magician Curran".$White Magician Pikeru/Ebon Magician Curran/Princess Pikeru/Princess Curran$$Tributes for cost/Tributes itself for cost$Condition/Continuous-like/Ignition-like$
66607691$Photon Generator Unit$Unlimited$SPELL$$$$$$$$$Quick-Play$$$Tribute 2 "Cyber Dragons". Special Summon 1 "Cyber Laser Dragon" from your hand, Deck, or Graveyard.$Cyber Dragon/Cyber Laser Dragon$$Tributes for cost$Cost/Effect$
08198712$End of the World$Unlimited$SPELL$$$$$$$$$Ritual$$$This card is used to Ritual Summon "Ruin, Queen of Oblivion" or "Demise, King of Armageddon". You must also Tribute monsters from your hand or field whose total Levels exactly equal the Level of the Ritual Monster you Ritual Summon.$$$Tributes as an effect$Effect$
92001300$Ancient Gear Castle$Unlimited$SPELL$$$$$$$$$Continuous$$$All "Ancient Gear" monsters gain 300 ATK. Each time a monster is Normal Summoned/Set, place 1 counter on this card. If you Tribute Summon an "Ancient Gear" monster face-up, you can Tribute this card instead, if the number of its counters is equal to or greater than the number of required Tribute(s).$Supports archetypes /Ancient Gear$$$Continuous-like$
44182827$Samsara$Unlimited$SPELL$$$$$$$$$Continuous$$$Monster Cards Tributed for a Ritual Summon are returned to the owner's Deck instead of being sent to the Graveyard.$Ritual Monster$$Returns from field to Deck/Returns from hand to Deck/Returns to the Deck cards that would be sent to the Graveyard$Continuous-like$
29590905$Super Junior Confrontation$Unlimited$TRAP$$$$$$$$$$$$Activate only when an opponent's monster declares an attack. Negate the battle, and 1 monster with the lowest ATK in face-up Attack Position your opponent controls battles against 1 monster with the lowest DEF in face-up Defense Position you control. After that battle, end the Battle Phase.$$$Activates upon attack declaration/Ends the Battle Phase$Activation requirement/Effect$
55985014$Miracle Kids$Unlimited$TRAP$$$$$$$$$$$$Target 1 monster your opponent controls; that target loses 400 ATK for each "Hero Kid" in your Graveyard, until the End Phase.$Hero Kid$$$Effect$
91989718$Attack Reflector Unit$Unlimited$TRAP$$$$$$$$$$$$Tribute 1 "Cyber Dragon". Special Summon 1 "Cyber Barrier Dragon" from your hand or Deck.$Cyber Dragon/Cyber Barrier Dragon$$Tributes for cost$Cost/Effect$
28378427$Damage Condenser$Unlimited$TRAP$$$$$$$$$$$$When you take battle damage: Discard 1 card; Special Summon 1 monster from your Deck with ATK less than or equal to the battle damage you took, in Attack Position.$$$Activates if you take battle damage/Discards for cost$Activation requirement/Cost/Effect$
71587526$Karma Cut$Unlimited$TRAP$$$$$$$$$$$$Discard 1 card, then target 1 face-up monster your opponent controls; banish that target, then banish all cards with the same name as that monster from your opponent's Graveyard.$$$Discards for cost$Cost/Effect$
07076131$Next to be Lost$Unlimited$TRAP$$$$$$$$$$$$Select 1 face-up monster you control. Send 1 card from your Deck to the Graveyard with the same name as the selected card.$$$Sends from your Deck to your Graveyard$Effect$
34460239$Generation Shift$Unlimited$TRAP$$$$$$$$$$$$Target 1 face-up monster you control; destroy that target, then add 1 card with the same name as the destroyed card from your Deck to your hand.$$$Adds from Deck to hand$Effect$
70865988$Full Salvo$Unlimited$TRAP$$$$$$$$$$$$When this card resolves, send your entire hand to the Graveyard. Inflict 200 damage to your opponent for each card you sent to the Graveyard by this effect.$$$Sends from your hand to your Graveyard$Effect$
06859683$Success Probability 0%$Unlimited$TRAP$$$$$$$$$$$$Send 2 random Fusion Monsters from your opponent's Extra Deck to the Graveyard.$$Fusion Monster$Sends from Extra Deck to Graveyard/Sends from your opponent's Extra Deck to the Graveyard$Effect$
33248692$Option Hunter$Unlimited$TRAP$$$$$$$$$$$$Activate only when a monster you control is destroyed by battle and sent to the Graveyard. Gain Life Points equal to the original ATK of the destroyed monster.$$$$Activation requirement/Effect$
69632396$Goblin Out of the Frying Pan$Unlimited$TRAP$$$$$$$$$Counter$$$Pay 500 Life Points. Negate the activation of a Spell Card and return it to the owner's hand.$$$Returns from field to hand$Cost/Effect$
06137095$Malfunction$Unlimited$TRAP$$$$$$$$$Counter$$$Pay 500 Life Points. Negate the activation of a Trap Card and return it to its original position.$$$$Cost/Effect$
41613948$Destiny HERO - Doom Lord$Unlimited$DARK$[Warrior/Effect]$$$$$3$600$800$$$$Once per turn: You can target 1 monster your opponent controls; banish that target. You cannot declare an attack the turn you activate this effect. You must control this face-up Attack Position card to activate and to resolve this effect. The banished monster returns to the opponent's field during your 2nd Standby Phase after activation.$$$Returns banished cards to the field$Ignition$
77608643$Destiny HERO - Captain Tenacious$Unlimited$DARK$[Warrior/Effect]$$$$$3$800$800$$$$Once per turn, during your Standby Phase: You can target 1 "Destiny HERO" monster in your Graveyard that was destroyed by battle since your last Standby Phase, if you controlled this face-up card when the target was destroyed; Special Summon that target.$Supports archetypes /Destiny HERO$$$Trigger$
13093792$Destiny HERO - Diamond Dude$Unlimited$DARK$[Warrior/Effect]$$$$$4$1400$1600$$$$Once per turn: You can excavate the top card of your Deck, and if it is a Normal Spell, send it to the GY, otherwise place it on the bottom of your Deck. During the Main Phase of your next turn, you can activate the effect of that Spell in your GY (even if you no longer control this face-up card).$Normal Spell Card$$Excavates from the player's Deck/Sends excavated cards to the Graveyard/Sends from the top of your Deck to your Graveyard/Changes your Deck order/Places excavated cards on the bottom of the Deck/Places cards from the Deck on the bottom of the Deck$Ignition/Condition$
40591390$Destiny HERO - Dreadmaster$Unlimited$DARK$[Warrior/Effect]$$$$$8$?$?$$$$If this card is Special Summoned by "Clock Tower Prison": Destroy all monsters you control, except "Destiny HERO" monsters, also, after that, you can Special Summon up to 2 "Destiny HERO" monsters from your GY. After this card is Special Summoned, for the rest of this turn, "Destiny HERO" monsters you control cannot be destroyed, also you take no battle damage when they battle. The ATK/DEF of this card are equal to the combined original ATK of all other "Destiny HERO" monsters you control.$Supports archetypes /Destiny HERO$$$Trigger/Unclassified/Continuous$
49375719$Cyber Tutu$Unlimited$EARTH$[Warrior/Effect]$$$$$3$1000$800$$$$If the ATK of each monster your opponent controls is higher than this card's, this card can attack directly.$$$$Continuous$
76763417$Cyber Gymnast$Unlimited$EARTH$[Warrior/Effect]$$$$$4$800$1800$$$$Once per turn: You can discard 1 card, then target 1 Attack Position monster your opponent controls; destroy that target.$$$Discards for cost$Ignition$
02158562$Cyber Prima$Unlimited$LIGHT$[Warrior/Effect]$$$$$6$2300$1600$$$$If this card is Tribute Summoned: Destroy all face-up Spells on the field.$$$Activates upon Tribute Summon$Trigger$
76986005$Cyber Kirin$Unlimited$LIGHT$[Machine/Effect]$$$$$3$300$800$$$$You can Tribute this card to make any effect damage you take this turn 0.$$$Tributes itself for cost$Ignition$
03370104$Cyber Phoenix$Unlimited$FIRE$[Machine/Effect]$$$$$4$1200$1600$$$$While this card is in Attack Position, negate any Spell/Trap effects that target 1 Machine monster you control (and no other cards). When this card is destroyed by battle and sent to the GY: You can draw 1 card.$Machine$$Activates from your Graveyard/You draw cards$Continuous/Trigger$
67646312$Searchlightman$Unlimited$LIGHT$[Machine/Effect]$$$$$3$1000$1000$$$$FLIP: Your opponent cannot Set (or flip face-down) any cards for the rest of this turn.$$$Prevents your opponent's Sets$Flip$
93130021$Victory Viper XX03$Unlimited$LIGHT$[Machine/Effect]$$$$$4$1200$1000$$$$If this card destroys an opponent's monster by battle: Activate 1 of these effects.●This card gains 400 ATK.●Target 1 face-up Spell/Trap on the field; destroy that target.●Special Summon 1 "Option Token". Its Type, Attribute, Level, and ATK/DEF are always the same as this card, but destroy it if this card is no longer face-up on the field.$$$Activates when it destroys a monster by battle$Trigger$
81896370$Swift Birdman Joe$Unlimited$WIND$[Winged Beast/Effect]$$$$$6$2300$1400$$$$If you Tribute Summon this card by Tributing a WIND monster, return all Spell and Trap Cards on the field to the owners' hands.$WIND$$Returns from field to hand$Trigger$
06924874$Harpie's Pet Baby Dragon$Unlimited$WIND$[Dragon/Effect]$$$$$4$1200$600$$$$Gains effects based on the number of "Harpie" monsters you control, except "Harpie's Pet Baby Dragon".●1+: Your opponent cannot target "Harpie" monsters you control for attacks, except "Harpie's Pet Baby Dragon".●2+: Double the original ATK/DEF of this card.●3+: Once per turn: You can target 1 card your opponent controls; destroy that target.$Supports archetypes /Harpie$$$Condition/Continuous/Ignition$
32918479$Majestic Mech - Senku$Unlimited$LIGHT$[Fairy/Effect]$$$$$4$1000$500$$$$When this card inflicts Battle Damage to your opponent by a direct attack: Draw 1 card. During the End Phase of the turn this card was Summoned: Send it to the Graveyard.$$$You draw cards/Sends itself from field to Graveyard$Trigger$
69303178$Majestic Mech - Ohka$Unlimited$LIGHT$[Fairy/Effect]$$$$$6$2400$1400$$$$You can Normal Summon this card without Tributing. If you do, during the End Phase: Send it to the Graveyard.$$$Sends itself from field to Graveyard$Summon/Trigger$
95701283$Majestic Mech - Goryu$Unlimited$LIGHT$[Fairy/Effect]$$$$$8$2900$1800$$$$You can Tribute Summon (but not Set) this card with 1 Tribute. If Summoned this way, during the End Phase: Send it to the Graveyard. If this card attacks a Defense Position monster, inflict piercing battle damage to your opponent.$$$Sends itself from field to Graveyard$Summon/Trigger/Continuous$
68280530$Royal Knight$Unlimited$LIGHT$[Fairy/Effect]$$$$$3$1300$800$$$$When this card destroys a monster by battle and sends it to the Graveyard, gain Life Points equal to the DEF of the destroyed monster.$$$$Trigger$
21074344$Herald of Green Light$Unlimited$LIGHT$[Fairy/Effect]$$$$$2$300$500$$$$When your opponent activates a Spell Card (Quick Effect): You can send this card and 1 other Fairy monster from your hand to the GY; negate the activation, and if you do, destroy it.$Fairy$$Activates from your hand/Sends itself from hand to Graveyard for cost/Sends from hand to Graveyard for cost$Quick$
94689635$Herald of Purple Light$Unlimited$LIGHT$[Fairy/Effect]$$$$$2$300$500$$$$When your opponent activates a Trap Card (Quick Effect): You can send this card and 1 other Fairy monster from your hand to the GY; negate the activation, and if you do, destroy it.$Fairy$$Activates from your hand/Sends itself from hand to Graveyard for cost/Sends from hand to Graveyard for cost$Quick$
32296881$Bountiful Artemis$Unlimited$LIGHT$[Fairy/Effect]$$$$$4$1600$1700$$$$Each time a Counter Trap Card is activated, immediately after it resolves, draw 1 card.$Counter Trap Card$Counter Trap Card$You draw cards$Continuous$
67468948$Layard the Liberator$Unlimited$LIGHT$[Fairy/Effect]$$$$$4$1400$1500$$$$Each time a Counter Trap Card is activated, immediately after it resolves, add 2 of your banished Fairy monsters to your hand.$Fairy/Counter Trap Card$Counter Trap Card$Adds banished cards to the hand$Continuous$
94853057$Banisher of the Radiance$Unlimited$LIGHT$[Fairy/Effect]$$$$$3$1600$0$$$$Any card sent to the GY is banished instead.$$$$Continuous$
20951752$Voltanis the Adjudicator$Unlimited$LIGHT$[Fairy/Effect]$$$$$8$2800$1400$$$$After 1 of your Counter Trap Cards has been activated and has resolved, you can Tribute all monsters you control to Special Summon this card. If this card is Special Summoned in this way, you can destroy cards your opponent controls up to the number of Fairy-Type monsters you Tributed.$Fairy/Counter Trap Card$Counter Trap Card$Activates from your hand/Tributes for cost/Activates upon Special Summon$Trigger$
57346400$Guard Dog$Unlimited$EARTH$[Beast/Effect]$$$$$3$1500$500$$$$FLIP: Your opponent cannot Special Summon for the rest of this turn.$$$$Flip$
93730409$Whirlwind Weasel$Unlimited$WIND$[Beast/Effect]$$$$$3$500$1500$$$$FLIP: Your opponent cannot activate any Spell or Trap Cards for the rest of this turn.$$$$Flip$
29139104$Avalanching Aussa$Unlimited$EARTH$[Spellcaster/Effect]$$$$$4$800$1500$$$$Once per turn, you can Tribute 1 EARTH monster (except this card) to Special Summon 1 EARTH monster from your hand. The monster Special Summoned by this effect is destroyed if "Avalanching Aussa" is removed from your side of the field.$EARTH$$Tributes for cost$Ignition$
56524813$Raging Eria$Unlimited$WATER$[Spellcaster/Effect]$$$$$4$800$1500$$$$Once per turn, you can Tribute 1 WATER monster (except this card) to Special Summon 1 WATER monster from your hand. The monster Special Summoned by this effect is destroyed if "Raging Eria" is removed from your side of the field.$Water$$Tributes for cost$Ignition$
92518817$Blazing Hiita$Unlimited$FIRE$[Spellcaster/Effect]$$$$$4$800$1500$$$$Once per turn, you can Tribute 1 FIRE monster (except this card) to Special Summon 1 FIRE monster from your hand. The monster Special Summoned by this effect is destroyed if "Blazing Hiita" is removed from your side of the field.$FIRE$$Tributes for cost$Ignition$
29013526$Storming Wynn$Unlimited$WIND$[Spellcaster/Effect]$$$$$4$800$1500$$$$Once per turn, you can Tribute 1 WIND monster (except this card) to Special Summon 1 WIND monster from your hand. The monster Special Summoned by this effect is destroyed if "Storming Wynn" is removed from your side of the field.$WIND$$Tributes for cost$Ignition$
55401221$Batteryman D$Unlimited$LIGHT$[Thunder/Effect]$$$$$1$0$1900$$$$Your opponent cannot select a Thunder-Type monster you control as an attack target (except "Batteryman D").$Thunder$$$Continuous$
20529766$Super-Electromagnetic Voltech Dragon$Unlimited$LIGHT$[Thunder/Effect]$$$$$5$2400$1000$$$$If you Tribute Summon this card by Tributing 1 of the following monsters, this card gets the appropriate effect:●Batteryman D: Negate the effect of a Spell or Trap Card that targets this 1 card.●Batteryman C: During battle between this attacking card and a Defense Position monster whose DEF is lower than the ATK of this card, inflict the difference as Battle Damage to your opponent.●Batteryman AA: This card gains 1000 ATK.$Batteryman D/Batteryman C/Batteryman AA$$$Trigger/Continuous$
41436536$Elemental HERO Phoenix Enforcer$Unlimited$FIRE$[Warrior/Fusion/Effect]$$$$$6$2100$1200$$"Elemental HERO Avian" + "Elemental HERO Burstinatrix"$$Must be Fusion Summoned and cannot be Special Summoned by other ways. This card cannot be destroyed by battle.$$$$Summon/Continuous$
88820235$Elemental HERO Shining Phoenix Enforcer$Unlimited$FIRE$[Warrior/Fusion/Effect]$$$$$8$2500$2100$$"Elemental HERO Phoenix Enforcer" + "Elemental HERO Sparkman"$$Must be Fusion Summoned and cannot be Special Summoned by other ways. This card gains 300 ATK for each "Elemental HERO" card in your Graveyard. This card cannot be destroyed by battle.$Supports archetypes /Elemental HERO$$$Summon/Continuous$
14225239$Elemental HERO Mariner$Unlimited$WATER$[Warrior/Fusion/Effect]$$$$$5$1400$1000$$"Elemental HERO Bubbleman" + "Elemental HERO Avian"$$Must be Fusion Summoned and cannot be Special Summoned by other ways. While you have any face-down card(s) in your Spell & Trap Card Zones, this card can attack your opponent directly.$$$$Summon/Continuous$
55615891$Elemental HERO Wild Wingman$Unlimited$EARTH$[Warrior/Fusion/Effect]$$$$$8$1900$2300$$"Elemental HERO Wildheart" + "Elemental HERO Avian"$$Must be Fusion Summoned and cannot be Special Summoned by other ways. You can discard 1 card to target 1 Spell/Trap Card on the field; destroy that target.$$$Discards for cost$Summon/Ignition$
81003500$Elemental HERO Necroid Shaman$Unlimited$DARK$[Warrior/Fusion/Effect]$$$$$6$1900$1800$$"Elemental HERO Wildheart" + "Elemental HERO Necroshade"$$Must be Fusion Summoned and cannot be Special Summoned by other ways. When this card is Special Summoned: Target 1 monster your opponent controls; destroy that target, then Special Summon 1 monster from your opponent's Graveyard to their side of the field.$$$Activates upon Special Summon$Summon/Trigger$
01036974$Misfortune$Unlimited$SPELL$$$$$$$$$$$$Select 1 face-up monster your opponent controls. Inflict damage to your opponent equal to half that monster's original ATK. Your monsters cannot attack this turn.$$$$Effect/Condition$
74825788$H - Heated Heart$Unlimited$SPELL$$$$$$$$$$$$Target 1 face-up monster you control; until the end of this turn, it gains 500 ATK, and if it attacks a Defense Position monster, inflict piercing battle damage to your opponent.$$$$Effect$
00213326$E - Emergency Call$Unlimited$SPELL$$$$$$$$$$$$Add 1 "Elemental HERO" monster from your Deck to your hand.$Supports archetypes /Elemental HERO$$Adds from Deck to hand$Effect$
37318031$R - Righteous Justice$Unlimited$SPELL$$$$$$$$$$$$Destroy Spells/Traps on the field equal to the number of "Elemental HERO" cards you control.$Supports archetypes /Elemental HERO$$$Effect$
63703130$O - Oversoul$Unlimited$SPELL$$$$$$$$$$$$Target 1 "Elemental HERO" Normal Monster in your GY; Special Summon that target.$Supports archetypes /Elemental HERO$$$Effect$
00191749$Hero Flash!!$Unlimited$SPELL$$$$$$$$$$$$Banish "H - Heated Heart", "E - Emergency Call", "R - Righteous Justice" and "O - Oversoul" from your GY; Special Summon 1 "Elemental HERO" Normal Monster from your Deck. All "Elemental HERO" Normal Monsters you currently control can attack your opponent directly this turn.$Supports archetypes /Elemental HERO$$$Cost/Effect$
54289683$Power Capsule$Unlimited$SPELL$$$$$$$$$$$$Select 1 face-up "Victory Viper XX03" you control to activate this card. Select 1 effect of "Victory Viper XX03", and apply it as this card's effect.$Victory Viper XX03$$Resolves as another card's effect$Effect$
28890974$Celestial Transformation$Unlimited$SPELL$$$$$$$$$Quick-Play$$$Special Summon 1 Fairy monster from your hand. That monster's ATK is halved, also it is destroyed during the End Phase.$Fairy$$$Effect/Condition$
48653261$Guard Penalty$Unlimited$SPELL$$$$$$$$$Quick-Play$$$Select 1 monster on the field. If it is changed to Defense Position this turn, draw 1 card.$$$You draw cards$Effect$
38430673$Grand Convergence$Unlimited$SPELL$$$$$$$$$Quick-Play$$$If you control "Macro Cosmos": Inflict 300 damage to your opponent and destroy all monsters on the field.$Macro Cosmos$$$Activation requirement/Effect$
81674782$Dimensional Fissure$Unlimited(OCG)$SPELL$$$$$$$$$Continuous$$$Any monster sent to the Graveyard is banished instead.$$$$Continuous-like$
75041269$Clock Tower Prison$Unlimited$SPELL$$$$$$$$$Field$$$Once per turn, during your opponent's Standby Phase: Place 1 Clock Counter on this card. While there are 4 or more Clock Counters on this card, you do not take any battle damage. If this card with 4 or more Clock Counters is destroyed and sent to the GY: Special Summon 1 "Destiny HERO - Dreadmaster" from your hand or Deck.$Destiny HERO - Dreadmaster$$Activates if destroyed by battle/Activates if destroyed by card effect/Activates from your Graveyard$Trigger-like/Continuous-like$
17178486$Life Equalizer$Forbidden(OCG)$TRAP$$$$$$$$$$$$Activate only when the difference between both players' Life Points is 8000 or more. Both players' Life Points become 3000.$$$$Activation requirement/Effect$
36586443$Elemental Recharge$Unlimited$TRAP$$$$$$$$$$$$Gain 1000 Life Points for each face-up "Elemental HERO" monster you control.$Supports archetypes /Elemental HERO$$$Effect$
62980542$Destruction of Destiny$Unlimited$TRAP$$$$$$$$$$$$Send 3 cards from the top of your Deck to the Graveyard, and take 1000 damage for each Spell or Trap Card sent to the Graveyard this way.$$$Sends from the top of your Deck to your Graveyard$Effect$
35464895$Destiny Signal$Unlimited$TRAP$$$$$$$$$$$$When a monster you control is destroyed by battle and sent to the GY: Special Summon 1 Level 4 or lower "Destiny HERO" monster from your hand or Deck.$Supports archetypes /Destiny HERO$$$Activation requirement/Effect$
99075257$D - Time$Unlimited$TRAP$$$$$$$$$$$$When a face-up "Elemental HERO" monster you control leaves the field: Add 1 "Destiny HERO" monster from your Deck to your hand whose Level is less than or equal to that "Elemental HERO" monster's original Level.$Supports archetypes /Elemental HERO/Destiny HERO$$Adds from Deck to hand$Activation requirement/Effect$
62868900$D - Shield$Unlimited$TRAP$$$$$$$$$$$$When an Attack Position "Destiny HERO" monster you control is targeted for an attack: Target it; change it to Defense Position and equip it with this card. The equipped monster cannot be destroyed by battle.$Supports archetypes /Destiny HERO$$Equips self from field/Changes battle positions$Activation requirement/Effect/Continuous-like$
53567095$Icarus Attack$Unlimited$TRAP$$$$$$$$$$$$Tribute 1 Winged Beast monster, then target 2 cards on the field; destroy them.$Winged Beast$$Tributes for cost$Cost/Effect$
94253609$Elemental Absorber$Unlimited$TRAP$$$$$$$$$Continuous$$$Remove from play 1 Monster Card in your hand to activate this card. Your opponent's monsters that have the same Attribute as the monster removed by this effect cannot declare an attack.$$$$Cost/Continuous-like$
30241314$Macro Cosmos$Unlimited(OCG)$TRAP$$$$$$$$$Continuous$$$When this card resolves: You can Special Summon 1 "Helios - The Primordial Sun" from your hand or Deck. While this card is face-up on the field, any card sent to the Graveyard is banished instead.$Helios - The Primordial Sun$$$Effect/Continuous-like$
80551130$Miraculous Descent$Unlimited$TRAP$$$$$$$$$Continuous$$$Target 1 of your banished Fairy monsters; Special Summon it. When this card leaves the field, destroy that monster. When that monster is destroyed, destroy this card.$Fairy$$$Effect/Continuous-like$
12117532$Shattered Axe$Unlimited$TRAP$$$$$$$$$Continuous$$$Activate this card by targeting 1 face-up monster on the field. During each of your Standby Phases: It loses 500 ATK. When that target is destroyed, destroy this card.$$$$Trigger-like/Continuous-like$
43340443$Forced Back$Unlimited$TRAP$$$$$$$$$Counter$$$Negate the Normal Summon or Flip Summon of a monster and return it to its owner's hand.$$$Returns negated Summons to hand$Effect$
50400231$Satellite Cannon$Unlimited$LIGHT$[Machine/Effect]$$$$$5$0$0$$$$This card cannot be destroyed by battle with a Level 7 or lower monster. During each of your End Phases: This card gains 1000 ATK. If this card attacks, this increased ATK returns to 0, after damage calculation.$$$$Continuous/Trigger$
36354007$Gilford the Lightning$Unlimited$LIGHT$[Warrior/Effect]$$$$$8$2800$1400$$$$You can Tribute 3 monsters to Tribute Summon (but not Set) this card. If Summoned this way: Destroy all monsters your opponent controls.$$$Activates upon Tribute Summon$Summon/Trigger$
63749102$Exarion Universe$Unlimited$DARK$[Beast-Warrior/Effect]$$$$$4$1800$1900$$$$During your Battle Step, if this card attacks a Defense Position monster: You can make this card lose exactly 400 ATK, and if it does, it will inflict piercing battle damage. These effects last until the end of this turn.$$$$Trigger$
70074904$D.D. Assailant$Unlimited$EARTH$[Warrior/Effect]$$$$$4$1700$1600$$$$After damage calculation, when this card is destroyed by battle with an opponent's monster: Banish that monster, also banish this card.$$$Activates if destroyed by battle$Trigger$
34627841$Kaibaman$Unlimited$LIGHT$[Warrior/Effect]$$$$$3$200$700$$$$You can Tribute this card; Special Summon 1 "Blue-Eyes White Dragon" from your hand.$Blue-Eyes White Dragon$$Tributes itself for cost$Ignition$
