Passcode$Name$Status$Attribute$type$link$link_arrows$rank$pendulum_scale$level$attack$defense$spell_attribute$summoning_condition$pendulum_condition$card_text$card_supports$card_anti_supports$card_actions$effect_types$
53839837$Vampire Lord$Unlimited$DARK$[Zombie/Effect]$$$$$5$2000$1500$$$$If this card inflicts battle damage to your opponent: Declare 1 type of card (Monster, Spell, or Trap); your opponent sends 1 card of that type from their Deck to the GY. Once per turn, during your next Standby Phase after this card in your possession was destroyed and sent to your GY by an opponent's card effect: Special Summon this card from the GY.$$$Activates when it inflicts battle damage/Declares a card type/Sends from your opponent's Deck to your opponent's Graveyard/Activates if destroyed by card effect/Activates from your Graveyard$Trigger$
48094997$Battle Footballer$Unlimited$FIRE$[Machine/Normal]$$$$$4$1000$2100$$$$A cyborg with high defense power. Originally it was invented for a football machine.$$$$$
11987744$Nin-Ken Dog$Unlimited$WIND$[Beast-Warrior/Normal]$$$$$4$1800$1000$$$$A Ninja dog who has mastered extreme Ninjutsu. Through hard training, it learned the technique to metamorphose into a human being.$$$$$
47372349$Acrobat Monkey$Unlimited$EARTH$[Machine/Normal]$$$$$3$1000$1800$$$$An autonomous monkey type robot which was developed with cutting-edge technology. It moves very acrobatically.$$$$$
85489096$Arsenal Summoner$Unlimited$WIND$[Spellcaster/Effect]$$$$$4$1600$1600$$$$FLIP: Add 1 "Guardian" card from your Deck to your hand, except "Celtic Guardian", "Winged Dragon, Guardian of the Fortress #1", "Winged Dragon, Guardian of the Fortress #2", "Guardian of the Labyrinth", or "The Reliable Guardian".$Supports archetypes /Guardian$$Adds from Deck to hand$Flip$
74367458$Guardian Elma$Unlimited$WIND$[Fairy/Effect]$$$$$3$1300$1200$$$$Cannot be Summoned unless you control a face-up "Butterfly Dagger - Elma". When this card is Normal or Special Summoned: You can target 1 appropriate Equip Spell Card in your Graveyard; equip that target to this card.$Equip Spell Card$$Places cards from Graveyard in Spell & Trap Zone$Summon/Trigger$
10755153$Guardian Ceal$Unlimited$FIRE$[Pyro/Effect]$$$$$4$1700$1400$$$$Cannot be Summoned unless you control a face-up "Shooting Star Bow - Ceal". You can send 1 Equip Spell Card you control that is equipped to this card to the Graveyard to target 1 monster your opponent controls; destroy that target.$Equip Spell Card/Shooting Star Bow - Ceal$$Sends from field to Graveyard for cost$Summon/Ignition$
47150851$Guardian Grarl$Unlimited$EARTH$[Dinosaur/Effect]$$$$$5$2500$1000$$$$Cannot be Summoned unless you control a face-up "Gravity Axe - Grarl". If this is the only card in your hand, you can Special Summon it (from your hand).$$$$Summon$
73544866$Guardian Baou$Unlimited$DARK$[Fiend/Effect]$$$$$4$800$400$$$$Cannot be Summoned unless you control a face-up "Wicked-Breaking Flamberge - Baou". When this card destroys an opponent's monster by battle and sends it to the Graveyard: It gains 1000 ATK. Negate the effects of monsters destroyed by battle with this card.$Wicked-Breaking Flamberge - Baou$$$Summon/Trigger/Continuous$
09633505$Guardian Kay'est$Unlimited$WATER$[Sea Serpent/Effect]$$$$$4$1000$1800$$$$Cannot be Summoned unless you control a face-up "Rod of Silence - Kay'est". This card is unaffected by Spell effects and cannot be targeted for attacks, but does not prevent your opponent from attacking you directly.$$$$Summon/Continuous$
46037213$Guardian Tryce$Unlimited$LIGHT$[Thunder/Effect]$$$$$5$1900$1700$$$$Cannot be Summoned unless you control a face-up "Twin Swords of Flashing Light - Tryce". When this card is destroyed and sent to the Graveyard: Special Summon the monster from the Graveyard that was used for its Tribute Summon.$Twin Swords of Flashing Light - Tryce$$Activates from your Graveyard$Summon/Trigger$
39978267$Cyber Raider$Unlimited$DARK$[Machine/Effect]$$$$$4$1400$1000$$$$If this card is Summoned: Activate 1 of these effects.●Target 1 Equip Card on the field; destroy that target.●Target 1 Equip Card on the field; equip that target to this card.$Equip Card$Equip Card$Moves Equip Cards$Trigger$
02851070$Reflect Bounder$Unlimited$LIGHT$[Machine/Effect]$$$$$4$1700$1000$$$$Before damage calculation, if this card is being attacked by an opponent's monster, and was in face-up Attack Position at the start of the Damage Step: Inflict damage to your opponent equal to the attacking monster's ATK. If you do, after damage calculation: Destroy this card.$$$$Trigger$
90790253$Little-Winguard$Unlimited$WIND$[Warrior/Effect]$$$$$4$1400$1800$$$$Once per turn, during your End Phase: You can change the battle position of this card.$$$Changes battle positions$Trigger$
81985784$Des Feral Imp$Unlimited$DARK$[Reptile/Flip/Effect]$$$$$4$1600$1800$$$$FLIP: Target 1 card in your Graveyard; shuffle that target into the Deck.$$$Returns from your Graveyard to your Deck$Flip$
50939127$Different Dimension Dragon$Unlimited$LIGHT$[Dragon/Effect]$$$$$5$1200$1500$$$$This card cannot be destroyed by the effect of a Spell or Trap Card that does not target it. This card cannot be destroyed by battle with a monster that has 1900 ATK or less.$$$$Continuous$
86327225$Shinato, King of a Higher Plane$Unlimited$LIGHT$[Fairy/Ritual/Effect]$$$$$8$3300$3000$$$$This card can only be Ritual Summoned with the Ritual Spell Card, "Shinato's Ark". You must also Tribute monsters whose total Levels equal 8 or more from the field or your hand. When this card destroys a Defense Position monster and sends it to the Graveyard as a result of battle, inflict damage to your opponent's Life Points equal to the original ATK of the destroyed monster.$$$$Summon/Trigger$
13722870$Dark Flare Knight$Unlimited$DARK$[Warrior/Fusion/Effect]$$$$$6$2200$800$$"Dark Magician" + "Flame Swordsman"$$You take no Battle Damage from battles involving this card. When this card is destroyed by battle and sent to the Graveyard: Special Summon 1 "Mirage Knight" from your hand or Deck.$Mirage Knight$$Activates if destroyed by battle/Activates from your Graveyard$Continuous/Trigger$
49217579$Mirage Knight$Unlimited$LIGHT$[Warrior/Effect]$$$$$8$2800$2000$$$$Cannot be Normal Summoned/Set. Must be Special Summoned by "Dark Flare Knight" and cannot be Special Summoned by other ways. During damage calculation only, this card gains ATK equal to the original ATK of the opponent's monster it is battling. During the End Phase of a turn this card attacked or was attacked: Banish this card.$Dark Flare Knight$$$Summon/Continuous/Trigger$
85605684$Berserk Dragon$Unlimited$DARK$[Zombie/Effect]$$$$$8$3500$0$$$$Cannot be Normal Summoned/Set. Must be Special Summoned with "A Deal with Dark Ruler" and cannot be Special Summoned by other ways. This card can attack all monsters your opponent controls once each. During each of your End Phases, this card loses 500 ATK.$A Deal with Dark Ruler$$$Summon/Continuous$
12600382$Exodia Necross$Unlimited$DARK$[Spellcaster/Effect]$$$$$4$1800$0$$$$Cannot be Normal Summoned/Set. Must be Special Summoned with "Contract with Exodia", and cannot be Special Summoned by other ways. Cannot be destroyed by battle or Spell/Trap effect. Once per turn, during your Standby Phase: This card gains 500 ATK. Destroy this card unless all 5 of these cards are in your Graveyard - "Exodia the Forbidden One", "Right Arm of the Forbidden One", "Left Arm of the Forbidden One", "Right Leg of the Forbidden One" and "Left Leg of the Forbidden One".$Contract with Exodia/Exodia the Forbidden One/Right Arm of the Forbidden One/Left Arm of the Forbidden One/Right Leg of the Forbidden One/Left Leg of the Forbidden One$$$Summon/Continuous/Trigger$
09817927$Gyaku-Gire Panda$Unlimited$EARTH$[Beast/Effect]$$$$$3$800$1600$$$$Increase the ATK of this card by 500 points for each monster on your opponent's side of the field. When this card attacks with an ATK that is higher than the DEF of your opponent's Defense Position monster, inflict the difference as Battle Damage to your opponent's Life Points.$$$$Continuous$
35215622$Blindly Loyal Goblin$Unlimited$EARTH$[Warrior/Effect]$$$$$4$1800$1500$$$$As long as this card remains face-up on the field, control of this card cannot switch.$$$Cannot change control$Continuous$
71200730$Despair from the Dark$Unlimited$DARK$[Zombie/Effect]$$$$$8$2800$3000$$$$If this card is sent from your hand or Deck to your GY by an opponent's card effect: Special Summon this card.$$$Activates from your Graveyard$Trigger$
08794435$Maju Garzett$Unlimited$DARK$[Fiend/Effect]$$$$$7$?$0$$$$The ATK of this card becomes equal to the combined original ATK of the 2 monsters you Tributed for the Tribute Summon of this card.$$$$Continuous$
34193084$Fear from the Dark$Unlimited$DARK$[Zombie/Effect]$$$$$4$1700$1500$$$$When this card is sent from your hand or Deck to your Graveyard by an opponent's card effect: Special Summon this card.$$$Activates from your Graveyard$Trigger$
61587183$Dark Scorpion - Chick the Yellow$Unlimited$DARK$[Warrior/Effect]$$$$$3$1000$1000$$$$When this card inflicts Battle Damage to your opponent, you can activate 1 of these effects:●Target 1 card on the field; return that target to the hand.●Look at the top card of their Deck, then return it to the top or bottom of the Deck.$$$Activates when it inflicts battle damage/Returns from field to hand/Looks at cards from the top of the opponent's Deck/Changes the opponent's Deck order/Places cards from the opponent's Deck on the top of the Deck/Places cards from the opponent's Deck on the bottom of the Deck$Trigger$
07572887$D.D. Warrior Lady$Unlimited$LIGHT$[Warrior/Effect]$$$$$4$1500$1600$$$$After damage calculation, when this card battles an opponent's monster: You can banish that monster, also banish this card.$$$$Trigger$
33977496$Thousand Needles$Unlimited$EARTH$[Beast/Effect]$$$$$4$1000$1800$$$$When this Defense Position card is attacked and if the DEF of this card is higher than the ATK of the attacking monster, destroy the attacking monster at the end of the Damage Step.$$$$Trigger$
60365591$Shinato's Ark$Unlimited$SPELL$$$$$$$$$Ritual$$$This card is used to Ritual Summon "Shinato, King of a Higher Plane". You must also Tribute monsters whose total Levels equal 8 or more from the field or your hand.$$$Tributes as an effect$Condition/Effect$
06850209$A Deal with Dark Ruler$Unlimited$SPELL$$$$$$$$$Quick-Play$$$(This card is always treated as an "Archfiend" card.)If a Level 8 or higher monster under your control was sent to the Graveyard this turn: Special Summon 1 "Berserk Dragon" from your hand or Deck.$Berserk Dragon$$$Condition/Activation requirement/Effect$
33244944$Contract with Exodia$Unlimited$SPELL$$$$$$$$$$$$If you have all 5 of "Exodia the Forbidden One", "Right Arm of the Forbidden One", "Left Arm of the Forbidden One", "Right Leg of the Forbidden One", and "Left Leg of the Forbidden One" in your Graveyard: Special Summon 1 "Exodia Necross" from your hand.$Exodia the Forbidden One/Right Arm of the Forbidden One/Left Arm of the Forbidden One/Right Leg of the Forbidden One/Left Leg of the Forbidden One/Exodia Necross$$$Activation requirement/Effect$
69243953$Butterfly Dagger - Elma$Forbidden(OCG)$SPELL$$$$$$$$$Equip$$$The equipped monster gains 300 ATK. When this card is destroyed and sent to the Graveyard while equipped: You can return this card to the hand.$$$Returns itself from Graveyard to hand$Continuous-like/Trigger-like$
95638658$Shooting Star Bow - Ceal$Unlimited$SPELL$$$$$$$$$Equip$$$The equipped monster loses 1000 ATK, but it can attack your opponent directly.$$$$Continuous-like$
32022366$Gravity Axe - Grarl$Unlimited$SPELL$$$$$$$$$Equip$$$The equipped monster gains 500 ATK. Monsters your opponent controls cannot change their battle positions.$$$Prevents Battle Position changes$Continuous-like$
68427465$Wicked-Breaking Flamberge - Baou$Unlimited$SPELL$$$$$$$$$Equip$$$Send 1 card from your hand to the GY, then target 1 monster on the field; equip this card to that target. It gains 500 ATK. Negate the effects of opponent's monsters destroyed by battle with the equipped monster.$$$Sends from your hand to your Graveyard for cost$Cost/Continuous-like$
95515060$Rod of Silence - Kay'est$Unlimited$SPELL$$$$$$$$$Equip$$$The equipped monster gains 500 DEF. Negate other Spell effects that target the equipped monster, and if you do, destroy that Spell Card.$$$$Continuous-like$
21900719$Twin Swords of Flashing Light - Tryce$Unlimited$SPELL$$$$$$$$$Equip$$$Send 1 card from your hand to the Graveyard; equip this card to a monster. It loses 500 ATK, but it can make a second attack during each Battle Phase.$$$Sends from hand to Graveyard for cost$Cost/Continuous-like$
68304813$Precious Cards from Beyond$Unlimited$SPELL$$$$$$$$$Continuous$$$When you Tribute Summon a monster using 2 or more Tributes: Draw 2 cards.$$$Activates upon Tribute Summon/You draw cards$Trigger-like$
94793422$Rod of the Mind's Eye$Unlimited$SPELL$$$$$$$$$Equip$$$If a monster equipped with this card inflicts Battle Damage to your opponent, the damage becomes 1000 points.$$$$Continuous-like$
20188127$Fairy of the Spring$Unlimited$SPELL$$$$$$$$$$$$Target 1 Equip Spell Card in your Graveyard; add that target to your hand. That Equip Spell Card cannot be activated this turn.$Equip Spell Card$$Adds from Graveyard to hand$Effect/Condition$
57182235$Token Thanksgiving$Unlimited$SPELL$$$$$$$$$$$$Destroy all tokens on the field. Increase your Life Points by the number of tokens destroyed x 800 points.$Monster Token$Monster Token$$Effect$
93671934$Morale Boost$Unlimited$SPELL$$$$$$$$$Continuous$$$Each time a player equips an Equip Spell Card, increase the Life Points of the controller of that Equip Spell Card by 1000 points. Each time an Equip Spell Card is removed from the field, the controller of that Equip Spell Card takes 1000 points of damage.$Equip Spell Card$Equip Spell Card$$Continuous-like$
20065549$Non-Spellcasting Area$Unlimited$SPELL$$$$$$$$$Continuous$$$All face-up monsters, except for Effect Monsters, are unaffected by other Spell effects.$Non-Effect Monster$Effect Monster$$Continuous-like$
56460688$Different Dimension Gate$Unlimited$SPELL$$$$$$$$$Continuous$$$Activate this card by targeting 1 monster on each side of the field; banish those targets. When this card is destroyed and sent to the Graveyard: Return those banished monsters to the field in the same battle positions they were in.$$$Returns banished cards to the field$Activation requirement/Effect/Trigger-like$
52503575$Final Attack Orders$Unlimited$TRAP$$$$$$$$$Continuous$$$All face-up monsters on the field are changed to Attack Position and their battle positions cannot be changed.$$$Changes battle positions/Prevents Battle Position changes$Continuous-like$
92854392$Staunch Defender$Unlimited$TRAP$$$$$$$$$$$$You can only activate this card when your opponent declares an attack. Select 1 face-up monster on your side of the field. During this turn, your opponent can only designate the selected monster as an attack target and your opponent must attack the selected monster with all face-up monsters.$$$Activates upon attack declaration$Activation requirement/Effect$
29843091$Ojama Trio$Unlimited$TRAP$$$$$$$$$$$$Special Summon 3 "Ojama Tokens" (Beast-Type/LIGHT/Level 2/ATK 0/DEF 1000) to your opponent's field in Defense Position. They cannot be Tributed for a Tribute Summon, and each time 1 is destroyed, its controller takes 300 damage.$$$$Effect/Lingering$
55348096$Arsenal Robber$Unlimited$TRAP$$$$$$$$$$$$Your opponent selects 1 Equip Spell Card from his/her Deck and sends it to the Graveyard.$$Equip Spell Card$Sends from your opponent's Deck to your opponent's Graveyard$Effect$
82732705$Skill Drain$Unlimited$TRAP$$$$$$$$$Continuous$$$Activate this card by paying 1000 LP. Negate the effects of all face-up monsters while they are face-up on the field (but their effects can still be activated).$$$$Cost/Continuous-like$
28121403$Really Eternal Rest$Unlimited$TRAP$$$$$$$$$$$$Destroy all monsters equipped with an Equip Card(s).$$Equip Card$$Effect$
52824910$Kaiser Glider$Unlimited$LIGHT$[Dragon/Effect]$$$$$6$2400$2200$$$$Cannot be destroyed by battle with a monster that has the same ATK. If this card is destroyed and sent to the GY: Target 1 monster on the field; return that target to the hand.$$$Activates from your Graveyard/Returns from field to hand$Continuous/Trigger$
36261276$Interdimensional Matter Transporter$Unlimited$TRAP$$$$$$$$$$$$Target 1 face-up monster you control; banish that target until the End Phase.$$$Returns banished cards to the field$Effect$
23265313$Cost Down$Unlimited$SPELL$$$$$$$$$$$$Discard 1 card; for the rest of this turn, reduce the Levels of all monsters in your hand by 2 (even after they are Summoned).$$$Discards for cost$Cost/Effect$
49003308$Gagagigo$Unlimited$WATER$[Reptile/Normal]$$$$$4$1850$1000$$$$This young evildoer used to have an evil heart, but by meeting a special person, he discovered justice.$$$$$
86498013$D.D. Trainer$Unlimited$DARK$[Fiend/Normal]$$$$$1$100$2000$$$$A poor goblin that was sucked into a different dimension. However, he's doing his best with his new destiny.$$$$$
12482652$Ojama Green$Unlimited$LIGHT$[Beast/Normal]$$$$$2$0$1000$$$$He's one of the Ojama Trio. It's said that he butts in by any means necessary. It's also said that when the three are together, something happens.$$$$$
49881766$Archfiend Soldier$Unlimited$DARK$[Fiend/Normal]$$$$$4$1900$1500$$$$An expert at battle who belongs to a crack diabolical unit. He's famous because he always gets the job done.$$$$$
75375465$Pandemonium Watchbear$Unlimited$DARK$[Beast/Effect]$$$$$4$1300$1800$$$$As long as this card remains face-up on your side of the field, "Pandemonium" on your side of the field is not destroyed by your opponent's card effects.$Pandemonium$$$Continuous$
16222645$Sasuke Samurai #2$Unlimited$WIND$[Warrior/Effect]$$$$$1$200$300$$$$Once per turn, during your Main Phase, you can pay 800 Life Points. If you do this, until the End Phase, Spell and Trap Cards cannot be activated.$$$$Trigger$
48768179$Dark Scorpion - Gorg the Strong$Unlimited$DARK$[Warrior/Effect]$$$$$5$1800$1500$$$$When this card inflicts battle damage to your opponent, you can activate 1 of these effects:●Target 1 monster your opponent controls; return that target to the top of the Deck.●Send the top card of their Deck to the GY.$$$Activates when it inflicts battle damage/Returns from your opponent's field to your opponent's Deck/Sends from your opponent's Deck to your opponent's Graveyard$Trigger$
74153887$Dark Scorpion - Meanae the Thorn$Unlimited$DARK$[Warrior/Effect]$$$$$4$1000$1800$$$$When this card inflicts battle damage to your opponent, you can activate 1 of these effects:●Add 1 "Dark Scorpion" card from your Deck to your hand.●Target 1 "Dark Scorpion" card in your GY; add that target to your hand.$Supports archetypes /Dark Scorpion$$Activates when it inflicts battle damage/Adds from Deck to hand/Adds from Graveyard to hand$Trigger$
11548522$Outstanding Dog Marron$Unlimited$LIGHT$[Beast/Effect]$$$$$1$100$100$$$$When this card is sent to your GY: Shuffle it into your Deck.$$$Activates from your Graveyard/Returns itself from Graveyard to Deck$Trigger$
47942531$Great Maju Garzett$Unlimited$DARK$[Fiend/Effect]$$$$$6$0$0$$$$The ATK of this card becomes twice the original ATK of 1 monster that you Tributed for the Tribute Summon of this card.$$$$Continuous$
73431236$Iron Blacksmith Kotetsu$Unlimited$FIRE$[Beast-Warrior/Flip/Effect]$$$$$2$500$500$$$$FLIP: Add 1 Equip Spell from your Deck to your hand.$Equip Spell Card$$Activates upon being flipped face-up/Adds from Deck to hand$Flip$
00425934$Goblin of Greed$Unlimited$EARTH$[Fiend/Effect]$$$$$4$1000$1800$$$$As long as this card remains face-up on your side of the field, neither player can activate an effect by discarding from his/her hand.$$$$Continuous$
46820049$Mefist the Infernal General$Unlimited$DARK$[Fiend/Effect]$$$$$5$1800$1700$$$$If this card attacks a Defense Position monster, inflict piercing battle damage. If this card inflicts battle damage to your opponent: Make your opponent discard 1 random card.$$$Your opponent discards$Continuous/Trigger$
73219648$Vilepawn Archfiend$Unlimited$EARTH$[Fiend/Effect]$$$$$2$1200$200$$$$The controller of this card pays 500 Life Points during each of his/her Standby Phases (this is not optional). When this card is targeted by the effect of a card controlled by your opponent, when resolving the effect, roll a six-sided die. If the result is 3, negate the effect and destroy the opponent's card. As long as this card remains on the field, your opponent cannot attack any Archfiend Monster Card on your side of the field except "Vilepawn Archfiend".$Supports archetypes /Archfiend$$$Maintenance cost/Continuous$
09603356$Shadowknight Archfiend$Unlimited$WIND$[Fiend/Effect]$$$$$4$2000$1600$$$$The controller of this card pays 900 Life Points during each of his/her Standby Phases (this is not optional). When this card is targeted by the effect of a card controlled by your opponent, when resolving the effect, roll a six-sided die. If the result is 3, negate the effect and destroy the opponent's card. The Battle Damage this card inflicts to your opponent is halved.$$$$Maintenance cost/Continuous$
35798491$Darkbishop Archfiend$Unlimited$WATER$[Fiend/Effect]$$$$$3$300$1400$$$$The controller of this card pays 500 Life Points during each of his/her Standby Phases (this is not optional). When an Archfiend Monster Card on your side of the field is targeted by the effect of a card controlled by your opponent, when resolving the effect, roll a six-sided die. If the result is 1, 3, or 6, negate the effect and destroy the opponent's card.$Supports archetypes /Archfiend$$$Maintenance cost/Continuous$
72192100$Desrook Archfiend$Unlimited$LIGHT$[Fiend/Effect]$$$$$3$1100$1800$$$$The controller of this card pays 500 Life Points during each of his/her Standby Phases (this is not optional). When this card is targeted by the effect of a card controlled by your opponent, when resolving the effect, roll a six-sided die. If the result is 3, negate the effect and destroy the opponent's card. When a "Terrorking Archfiend" on your side of the field is destroyed and sent to the Graveyard, you can send this card from your hand to the Graveyard to Special Summon the "Terrorking Archfiend".$Terrorking Archfiend$$Sends itself from hand to Graveyard for cost$Maintenance cost/Continuous/Quick$
08581705$Infernalqueen Archfiend$Unlimited$FIRE$[Fiend/Effect]$$$$$4$900$1500$$$$The controller of this card pays 500 Life Points during each of his/her Standby Phases (this is not optional). When this card is targeted by the effect of a card controlled by your opponent, when resolving the effect, roll a six-sided die. If the result is 2 or 5, negate the effect and destroy the opponent's card. As long as this card remains on the field, during each Standby Phase, increase the ATK of 1 Archfiend Monster Card by 1000 points until the End Phase.$Supports archetypes /Archfiend$$$Maintenance cost/Continuous/Trigger$
35975813$Terrorking Archfiend$Unlimited$DARK$[Fiend/Effect]$$$$$4$2000$1500$$$$This card cannot be Normal Summoned or Flip Summoned unless you have an Archfiend Monster Card on your side of the field. The controller of this card pays 800 Life Points during each of his/her Standby Phases (this is not optional). When this card is targeted by the effect of a card controlled by your opponent, when resolving the effect, roll a six-sided die. If the result is 2 or 5, negate the effect and destroy the opponent's card. The effects of an Effect Monster that this card destroyed as a result of battle are negated.$Supports archetypes /Archfiend$$$Summon/Maintenance cost/Continuous$
61370518$Skull Archfiend of Lightning$Unlimited$DARK$[Fiend/Effect]$$$$$6$2500$1200$$$$During each of your Standby Phases, you must pay 500 Life Points (this is not optional), or this card is destroyed. Before resolving an opponent's card effect that targets this card, roll a six-sided die, negate the effect if you roll 1, 3, or 6, and if you do, destroy that card.$$$$Maintenance cost/Continuous$
07369217$Metallizing Parasite - Lunatite$Unlimited$WATER$[Aqua/Union/Effect]$$$$$7$1000$500$$$$Once per turn, during your Main Phase, if you control this monster on the field, you can equip it to a face-up monster on your side of the field as an Equip Spell Card, OR unequip the Union equipment and Special Summon this card in face-up Attack Position. While equipped to a monster by this card's effect, that monster will be unaffected by the effects of Spell Cards controlled by your opponent. (1 monster can only be equipped with 1 Union Monster at a time. If the monster that this card is equipped to is destroyed as a result of battle, destroy this card instead.)$$Union monster$Equips self from field$Ignition/Ignition-like/Continuous-like/Condition$
34853266$Tsukuyomi$Unlimited$DARK$[Spellcaster/Spirit/Effect]$$$$$4$1100$1400$$$$Cannot be Special Summoned. If this card is Normal Summoned or flipped face-up: Target 1 face-up monster on the field; change that target to face-down Defense Position. Once per turn, during the End Phase, if this card was Normal Summoned or flipped face-up this turn: Return it to the hand.$$$Returns itself from field to hand/Activates upon Normal Summon/Changes battle positions/Flips monsters face-down$Summon/Trigger$
82108372$Mudora$Unlimited$EARTH$[Fairy/Effect]$$$$$4$1500$1800$$$$Gains 200 ATK for each Fairy monster in your GY.$Fairy$$$Continuous$
80441106$Keldo$Unlimited$EARTH$[Fairy/Effect]$$$$$4$1200$1600$$$$If this card is destroyed by battle and sent to the GY: Target 2 cards in your opponent's GY; shuffle them into the Deck.$$$Activates from your Graveyard/Returns from your opponent's Graveyard to your opponent's Deck$Trigger$
54878498$Kelbek$Unlimited$EARTH$[Fairy/Effect]$$$$$4$1500$1800$$$$If this card is attacked by a monster, after damage calculation: Return that monster to the hand.$$$Returns from field to hand/Returns battling monster to hand after damage calculation$Trigger$
16268841$Zolga$Unlimited$EARTH$[Fairy/Effect]$$$$$4$1700$1200$$$$If a monster is Tribute Summoned by Tributing this card: Gain 2000 LP.$$$Activates upon Tribute Summon/Activates if Tributed$Trigger$
16135253$Agido$Unlimited$EARTH$[Fairy/Effect]$$$$$4$1500$1300$$$$When this card is destroyed and sent to the Graveyard as a result of battle, roll a six-sided die. You can Special Summon 1 Fairy-Type monster from your Graveyard whose Level is equal to the number rolled. (If the result is 6, you can Special Summon a Level 6 or higher monster.)$Fairy$$Activates if destroyed by battle/Activates from your Graveyard$Trigger$
60258960$Legendary Flame Lord$Unlimited$FIRE$[Spellcaster/Ritual/Effect]$$$$$7$2400$2000$$$$This card can only be Ritual Summoned with the Ritual Spell Card, "Incandescent Ordeal". You must also Tribute monsters whose total Levels equal 7 or more from the field or your hand. Each time you or your opponent activates 1 Spell Card, put 1 Spell Counter on this card. Remove 3 Spell Counters from this card to destroy all monsters on the field except this card.$$$$Summon/Continuous/Ignition$
97642679$Dark Master - Zorc$Unlimited$DARK$[Fiend/Ritual/Effect]$$$$$8$2700$1500$$$$You can Ritual Summon this card with "Contract with the Dark Master". Once per turn: You can roll a six-sided die, then destroy all monsters your opponent controls if you roll 1 or 2, destroy 1 monster your opponent controls if you roll 3, 4 or 5, or destroy all monsters you control if you roll 6.$$$$Summon/Ignition$
29228529$Spell Reproduction$Unlimited$SPELL$$$$$$$$$$$$Send 2 Spells from your hand to the GY, then target 1 Spell in your GY; add it to your hand.$$$Sends from your hand to your Graveyard for cost/Adds from Graveyard to hand$Cost/Effect$
16435215$Dragged Down into the Grave$Unlimited$SPELL$$$$$$$$$$$$Both players reveal their hands, each chooses 1 card from their opponent's hand, then you discard the chosen cards from both players' hands, then both players draw 1 card.$$$Reveals your hand for effect/Reveals your opponent's hand/You draw cards/Your opponent draws cards/Discards for effect$Effect$
33031674$Incandescent Ordeal$Unlimited$SPELL$$$$$$$$$Ritual$$$This card is used to Ritual Summon "Legendary Flame Lord". You must also Tribute monsters whose total Levels equal 7 or more from the field or your hand.$$$Tributes as an effect$Condition/Effect$
69035382$Contract with the Abyss$Unlimited$SPELL$$$$$$$$$Ritual$$$This card can be used to Ritual Summon any DARK Ritual Monster. You must also Tribute monsters from your hand or field whose total Levels exactly equal the Level of the Ritual Monster you Ritual Summon.$DARK/Ritual Monster$$Tributes as an effect$Effect$
96420087$Contract with the Dark Master$Unlimited$SPELL$$$$$$$$$Ritual$$$This card is used to Ritual Summon "Dark Master - Zorc". You must also Tribute monsters from your hand or field whose total Levels equal 8 or more.$$$Tributes as an effect$Effect$
32919136$Falling Down$Unlimited$SPELL$$$$$$$$$Equip$$$Activate this card by targeting an opponent's monster; equip this card to it. Take control of it. Destroy this card unless you control an "Archfiend" card. During each of your opponent's Standby Phases: You take 800 damage.$Supports archetypes /Archfiend$$Takes control of equipped$Effect/Continuous-like/Trigger-like$
69313735$Checkmate$Unlimited$SPELL$$$$$$$$$$$$Tribute 1 Archfiend monster on your side of the field. During this turn, 1 "Terrorking Archfiend" on your side of the field can attack your opponent's Life Points directly.$Supports archetypes /Archfiend$$Tributes for cost$Cost/Effect$
28106077$Cestus of Dagla$Unlimited$SPELL$$$$$$$$$Equip$$$Equip only to a Fairy monster. It gains 500 ATK. If it inflicts battle damage to your opponent: Gain LP equal to the damage inflicted.$Fairy$$Activates when it inflicts battle damage$Condition/Continuous-like/Trigger-like$
95308449$Final Countdown$Unlimited(OCG)$SPELL$$$$$$$$$$$$Pay 2000 Life Points. After 20 turns have passed after you activate this card (counting the turn you activate this card as the 1st turn), you win the Duel.$$$$Cost/Lingering$
22796548$Archfiend's Oath$Unlimited$SPELL$$$$$$$$$Continuous$$$Once per turn: You can pay 500 LP, then declare 1 card name; excavate the top card of your Deck, and if it is the declared card, add it to your hand. Otherwise, send it to the GY.$$$Declares a card name/Excavates from the player's Deck/Adds excavated cards to the hand/Adds from Deck to hand/Sends excavated cards to the Graveyard/Sends from the top of your Deck to your Graveyard$Ignition-like$
68191243$Mustering of the Dark Scorpions$Unlimited$SPELL$$$$$$$$$$$$If you control a face-up "Don Zaloog": You can Special Summon any number of "Dark Scorpion" monsters from your hand, but only 1 copy of each.$Supports archetypes /Dark Scorpion$$$Activation requirement/Effect$
94585852$Pandemonium$Unlimited$SPELL$$$$$$$$$Field$$$Neither player has to pay Life Points during the Standby Phase for "Archfiend" monsters. Each time a player's "Archfiend" monster(s) is destroyed and sent to the Graveyard, except by battle, that player can add 1 "Archfiend" monster from their Deck to their hand with a lower Level than the destroyed card.$Supports archetypes /Archfiend$$Adds from Deck to hand/Reduces costs$Continuous-like/Trigger-like$
21070956$Altar for Tribute$Unlimited$TRAP$$$$$$$$$$$$Select 1 monster on your side of the field and send it to the Graveyard. Increase your Life Points by an amount equal to the original ATK of the monster.$$$Sends from field to Graveyard for cost$Cost/Effect$
57069605$Frozen Soul$Unlimited$TRAP$$$$$$$$$$$$You can only activate this card when your Life Points are at least 2000 lower than your opponent's. Skip your opponent's next Battle Phase.$$$Skips Battle Phase$Activation requirement/Effect$
94463200$Battle-Scarred$Unlimited$TRAP$$$$$$$$$Continuous$$$Select 1 Archfiend monster on your side of the field to activate this card. Your opponent also pays the same Life Points that you pay for the selected monster during the Standby Phase. If this card is removed from the field, destroy the selected monster. When the selected monster is removed from the field, destroy this card.$Supports archetypes /Archfiend$$$Continuous-like$
20858318$Dark Scorpion Combination$Unlimited$TRAP$$$$$$$$$$$$You can only activate this card when there are "Don Zaloog", "Cliff the Trap Remover", "Dark Scorpion - Chick the Yellow", "Dark Scorpion - Gorg the Strong", and "Dark Scorpion - Meanae the Thorn" face-up on your side of the field. During this turn, any of these 5 cards can attack your opponent's Life Points directly. In that case, the Battle Damage inflicted to your opponent by each of those cards becomes 400 points.$Don Zaloog/Dark Scorpion - Cliff the Trap Remover/Dark Scorpion - Chick the Yellow/Dark Scorpion - Gorg the Strong/Dark Scorpion - Meanae the Thorn$$$Activation requirement/Effect$
56246017$Archfiend's Roar$Unlimited$TRAP$$$$$$$$$$$$Pay 500 Life Points, then target 1 "Archfiend" monster in your Graveyard; Special Summon that target. It cannot be Tributed. Destroy it during the End Phase of this turn.$Supports archetypes /Archfiend$$Cannot be Tributed$Cost/Effect/Condition$
83241722$Dice Re-Roll$Unlimited$TRAP$$$$$$$$$$$$One time, during the rest of this turn, if either player(s) rolls a die (or dice), you can have the player(s) re-roll. (You can only gain this effect once per turn.)$$$Changes die roll result$Effect$
29735721$Spell Vanishing$Unlimited$TRAP$$$$$$$$$Counter$$$Discard 2 cards from your hand. Negate the activation of a Spell Card and destroy it. Also, look at your opponent's hand and Deck and if you find any Spell Cards of the same name as the destroyed Spell Card, send all of them to the Graveyard.$$$Discards for cost/Reveals your opponent's hand/Reveals your opponent's Deck/Sends from your opponent's hand to your opponent's Graveyard/Sends from your opponent's Deck to your opponent's Graveyard$Cost/Effect$
56120475$Sakuretsu Armor$Unlimited$TRAP$$$$$$$$$$$$When an opponent's monster declares an attack: Target the attacking monster; destroy that target.$$$Activates upon attack declaration$Activation requirement/Effect$
82529174$Ray of Hope$Unlimited$TRAP$$$$$$$$$$$$Add 2 LIGHT monsters from your Graveyard to your Deck and shuffle it.$LIGHT$$Returns from Graveyard to Deck$Effect$
89041555$Blast Held by a Tribute$Unlimited$TRAP$$$$$$$$$$$$When an opponent's monster that was Tribute Summoned declares an attack: Destroy as many face-up Attack Position monsters they control as possible, and if you do, inflict 1000 damage to your opponent.$$$Activates upon attack declaration$Activation requirement/Effect$
55256016$Judgment of Anubis$Unlimited$TRAP$$$$$$$$$Counter$$$When your opponent activates a Spell Card that would destroy a Spell/Trap(s) on the field: Discard 1 card; negate the activation, and if you do, destroy it, then you can destroy 1 face-up monster your opponent controls, and if you do that, inflict damage to your opponent equal to the destroyed monster's ATK on the field.$$$Discards for cost$Activation requirement/Cost/Effect$
