Passcode$Name$Status$Attribute$type$link$link_arrows$rank$pendulum_scale$level$attack$defense$spell_attribute$summoning_condition$pendulum_condition$card_text$card_supports$card_anti_supports$card_actions$effect_types$
02656842$Beetrooper Scout Buggy$Unlimited$WIND$[Insect/Effect]$$$$$3$1000$300$$$$You cannot Special Summon monsters, except Insect monsters. If this card is Normal or Special Summoned: You can Special Summon 1 "Beetrooper Scout Buggy" from your hand, Deck, or GY. You can only use this effect of "Beetrooper Scout Buggy" once per turn.$Insect$$Activates upon Normal Summon/Activates upon Special Summon$$
00291414$Converging Wills Dragon$Unlimited$LIGHT$[Dragon/Tuner/Effect]$$$$$1$0$0$$$$Cannot be used as Synchro Material, except for the Synchro Summon of a "Majestic" monster. This card's name becomes "Majestic Dragon" while on the field or in the GY. When you draw this card: You can reveal it; Special Summon it from your hand, then, if you control a Level 8 or higher Dragon Synchro Monster, you can Special Summon 1 Level 1 Dragon monster from your Deck. You can only Special Summon "Converging Wills Dragon(s)" once per turn.$Supports archetypes /Majestic$$Activates from your hand/Reveals itself in the hand for cost$Condition/Unclassified/Trigger$
37799519$Stardust Synchron$Unlimited$LIGHT$[Machine/Tuner/Effect]$$$$$4$1500$1000$$$$If this card is in your hand or GY: You can Tribute 1 monster; Special Summon this card, but banish it when it leaves the field, also, you cannot Special Summon monsters from the Extra Deck for the rest of this turn, except Synchro Monsters. If this card is Normal or Special Summoned: You can add 1 Spell/Trap from your Deck to your hand that mentions "Stardust Dragon". You can only use each effect of "Stardust Synchron" once per turn.$Synchro Monster/Stardust Dragon$$Activates from your hand/Activates upon Normal Summon/Activates upon Special Summon/Adds from Deck to hand/Tributes for cost$Ignition/Trigger/Condition$
63184227$Stardust Trail$Unlimited$LIGHT$[Dragon/Effect]$$$$$4$500$2000$$$$If a monster you control is Tributed (except during the Damage Step): You can Special Summon this card from your hand or GY, but banish it when it leaves the field. If a "Warrior", "Synchron", or "Stardust" Synchro Monster is Synchro Summoned using this card as material: You can Special Summon 1 "Stardust Token" (Dragon/LIGHT/Level 1/ATK 0/DEF 0). You can only use each effect of "Stardust Trail" once per turn.$Supports archetypes /Stardust /Synchron/Warrior $$Activates if Tributed/Activates from your Graveyard/Activates from your hand/Activates if used as Synchro Material$Trigger/Condition$
90179822$Despian Comedy$Unlimited$DARK$[Fairy/Effect]$$$$$1$0$2000$$$$When your opponent activates a card or effect that targets a face-up "Despia" card(s) you control (Quick Effect): You can discard this card; negate that effect. If this card is in your GY (Quick Effect): You can Tribute 1 Fusion Monster; Special Summon this card. You can only use 1 "Despian Comedy" effect per turn, and only once that turn.$Supports archetypes /Despia$$$$
36577931$Despian Tragedy$Unlimited$DARK$[Fairy/Effect]$$$$$1$400$400$$$$If this card is sent to the GY, or banished, by a card effect: You can add 1 "Despia" monster from your Deck to your hand, except "Despian Tragedy". You can banish this card from your GY, then target 1 "Branded" Spell/Trap in your GY; Set it to your field. You can only use 1 "Despian Tragedy" effect per turn, and only once that turn.$Supports archetypes /Despia/Branded$$Activates from your Graveyard/Activates while banished/Adds from Deck to hand/Sets from your Graveyard$$
62962630$Aluber the Jester of Despia$Unlimited$DARK$[Fairy/Effect]$$$$$4$1800$0$$$$If this card is Normal or Special Summoned: You can add 1 "Branded" Spell/Trap from your Deck to your hand. If a face-up Fusion Monster you control is destroyed by battle, or leaves the field because of an opponent's card effect, while this card is in your GY: You can target 1 Effect Monster your opponent controls; Special Summon this card, and if you do, negate the targeted monster's effects until the end of this turn. You can only use 1 "Aluber the Jester of Despia" effect per turn, and only once that turn.$Supports archetypes /Branded$Effect Monster$Activates upon Normal Summon/Activates upon Special Summon/Adds from Deck to hand/Activates from your Graveyard$$
99456344$Dramaturge of Despia$Unlimited$DARK$[Fairy/Effect]$$$$$8$3000$1500$$$$If a Fusion, Synchro, Xyz, or Link Monster is Special Summoned (except during the Damage Step): You can target 1 Effect Monster on the field; negate its effects until the end of this turn. If this card in your hand or field is used as Fusion Material, and sent to the GY or banished: You can Special Summon this card. You can only use each effect of "Dramaturge of Despia" once per turn.$Fusion Monster/Synchro Monster/Xyz Monster/Link Monster$Fusion Monster/Synchro Monster/Xyz Monster/Link Monster/Effect Monster$Activates upon Special Summon/Activates if used as Fusion Material/Activates from your Graveyard/Activates while banished$$
25451383$Albion the Shrouded Dragon$Unlimited$DARK$[Dragon/Effect]$$$$$8$2500$2000$$$$This card's name becomes "Fallen of Albaz" while on the field or in the GY. If this card is in your hand or GY: You can send 1 "Fallen of Albaz" or 1 "Branded" Spell/Trap from your hand or Deck to the GY; apply the following effect based on where you sent it from.●Hand: Special Summon this card.●Deck: Place this card on the bottom of the Deck, then, if you placed this card from your hand, draw 1 card.You can only use this effect of "Albion the Shrouded Dragon" once per turn.$Supports archetypes /Branded$$Activates from your hand/Activates from your Graveyard/Sends from hand to Graveyard for cost/Sends from Deck to Graveyard for cost/Places itself from hand to Deck/Places itself from Graveyard to Deck/You draw cards$$
62849088$The Iris Swordsoul$Unlimited$LIGHT$[Spellcaster/Effect]$$$$$8$2500$2500$$$$During the Main Phase, if a monster, whose effects are negated, is on the field (Quick Effect): You can Special Summon this card from your hand. If your opponent Special Summons a monster(s) (except during the Damage Step): You can activate 1 of these effects based on where it was Special Summoned from;●Hand: Special Summon 1 monster from your hand.●Deck: Draw 2 cards.●Extra Deck: Destroy 1 of those monsters Special Summoned from the Extra Deck.You can only use each effect of "The Iris Swordsoul" once per turn.$$$$$
98234196$Clavkiys, the Magikey Skyblaster$Unlimited$DARK$[Warrior/Normal]$$$$$4$1900$1900$$$$Everyone is full of possibilities. Everything you do, moving forwards, stopping, closing, opening, is all in your hands.There are many doors in this world. To open them requires the Magic Key... 2 keys and 1 door... 2 wills and 1 body. Once the doors are opened, the worlds will be connected and the great power revealed.$$$$$
24639891$Gunkan Suship Shari$Unlimited$FIRE$[Aqua/Normal]$$$$$4$2000$0$$$$Finally got to visit that harbor specializing in Gunkan Suships that I've been curious about for a while! The premium "Shari" here is limited to 2000 Suships a year, and uses specially developed smooth aged rice, giving it extra boldness not found anywhere else. The classy atmosphere made my heart sing, too. The Gunkan Suship served had a perfect balance of vinegar, nigiri, shine, and shape, demonstrating exquisite artisanship. The owner told me, "We are introducing rich yet mellow scented EDO-FRONT red vinegar in the near future," which I'm really looking forward to. However, I was disappointed the surrounding seas were a little noisy... so, giving it 4 stars with hope for improvements in the future.$$$$$
61027400$Gunkan Suship Ikura$Unlimited$FIRE$[Aqua/Effect]$$$$$4$200$300$$$$If you control "Gunkan Suship Shari", you can Special Summon this card (from your hand). You can only Special Summon "Gunkan Suship Ikura" once per turn this way. During your Main Phase: You can excavate the top 3 cards from your Deck, and if you do, you can either add to your hand or Special Summon 1 excavated "Gunkan Suship Shari", also shuffle the rest into your Deck. You can only use this effect of "Gunkan Suship Ikura" once per turn.$Gunkan Suship Shari$$$$
97112505$Chronomaly Magella Globe$Unlimited$LIGHT$[Machine/Effect]$$$$$4$1500$300$$$$You can Tribute this card; Special Summon 1 "Chronomaly" monster from your Deck, except "Chronomaly Magella Globe". If this card is in your GY, except the turn it was sent there: You can banish 1 "Chronomaly" card from your GY, except "Chronomaly Magella Globe"; add this card to your hand. You can only use each effect of "Chronomaly Magella Globe" once per turn.$Supports archetypes /Chronomaly$$$$
24506253$Chronomaly Acambaro Figures$Unlimited$EARTH$[Rock/Effect]$$$$$5$1000$1800$$$$If a "Chronomaly" monster(s) you control would be destroyed by battle or your opponent's card effect, you can discard this card instead. If this card is in your GY: You can pay 1000 LP; Special Summon this card, but return it to the hand during the End Phase. You cannot Special Summon monsters the turn you activate this effect, except "Chronomaly" monsters. You can only use this effect of "Chronomaly Acambaro Figures" once per turn.$Supports archetypes /Chronomaly$$Activates from your Graveyard/Returns itself from field to hand/Discards itself$Unclassified/Ignition/Trigger/Condition$
50901852$Gizmek Inaba, the Hopping Hare of Hakuto$Unlimited$WIND$[Machine/Effect]$$$$$1$50$50$$$$When this card is Normal Summoned: You can Special Summon 1 Machine monster whose ATK equals its own DEF from your hand in Defense Position. You can banish this card from your GY, then target 1 Machine monster you control whose ATK equals its own DEF; this turn, you cannot declare attacks, except with that monster, also its ATK/DEF become the combined original ATK of all Machine monsters you currently control whose ATK equals their own DEF. You can only use this effect of "Gizmek Inaba, the Hopping Hare of Hakuto" once per turn.$Machine$$Activates upon Normal Summon/Activates from your Graveyard$Trigger/Ignition/Condition$
96399967$Gizmek Naganaki, the Sunrise Signaler$Unlimited$LIGHT$[Machine/Effect]$$$$$2$950$950$$$$You can Tribute 1 Machine monster whose ATK equals its own DEF; Special Summon from your Deck, 1 Machine monster whose ATK equals its own DEF, with a lower Level than the Tributed monster. You can banish this card from your GY; add to your hand, 1 of your banished face-down Machine monsters whose ATK equals its own DEF. You can only use each effect of "Gizmek Naganaki, the Sunrise Signaler" once per turn.$Machine$$Tributes for cost/Activates from your Graveyard/Adds banished cards to the hand$Ignition/Condition$
23384666$Gizmek Taniguku, the Immobile Intellect$Unlimited$EARTH$[Machine/Effect]$$$$$3$1450$1450$$$$If this card is Normal or Special Summoned: You can take 1 Machine monster whose ATK equals its own DEF from your Deck and place it on top of your Deck. You can banish this card from your GY, then target 1 Machine monster in your GY whose ATK equals its own DEF; Special Summon it in Defense Position. You can only use each effect of "Gizmek Taniguku, the Immobile Intellect" once per turn.$Machine$$$$
59789370$Gizmek Arakami, the Hailbringer Hog$Unlimited$WATER$[Machine/Effect]$$$$$4$1850$1850$$$$If you control a Machine monster whose ATK equals its own DEF: You can Special Summon this card from your hand. You can banish this card from your GY, then target 1 Machine monster you control whose ATK equals its own DEF; send 1 Machine monster from your Deck to the GY, whose ATK equals its own DEF, with a lower Level than that targeted monster, and if you do, the targeted monster gains ATK/DEF equal to the Level of the monster sent to the GY x 100. You can only use each effect of "Gizmek Arakami, the Hailbringer Hog" once per turn.$Machine$$Activates from your hand/Activates from your Graveyard/Sends from your Deck to your Graveyard$Ignition/Condition$
86277379$Gusto Vedir$Unlimited$WIND$[Winged Beast/Tuner/Effect]$$$$$3$600$1000$$$$If a face-up "Gusto" monster on the field is destroyed by battle or sent to your GY: You can Special Summon this card from your hand. If this card is Normal or Special Summoned: You can send 1 "Gusto" monster from your Deck to the GY, then, you can Special Summon 1 "Gusto" monster from your hand. You can only use each effect of "Gusto Vedir" once per turn.$Supports archetypes /Gusto$$$$
22662014$Amazement Assistant Delia$Unlimited$LIGHT$[Machine/Effect]$$$$$4$1800$1400$$$$You can reveal 1 "Attraction" Trap in your hand; Special Summon this card from your hand. You can send 1 "Attraction" Trap from your hand or face-up field to the GY; Set 1 "Attraction" Trap directly from your Deck to your Spell & Trap Zone. You can only use each effect of "Amazement Assistant Delia" once per turn.$Supports archetypes /Attraction$$$$
58066722$Alien Stealthbuster$Unlimited$LIGHT$[Reptile/Effect]$$$$$4$1700$1500$$$$If this card is sent to the GY: You can target 1 face-up monster on the field; place 2 A-Counters on it. During your Main Phase, except the turn this card was sent to the GY: You can banish this card from your GY, then target 1 card with an A-Counter; destroy it. You can only use each effect of "Alien Stealthbuster" once per turn.$$$$$
85055821$Carpiponica, Mystical Beast of the Forest$Unlimited$EARTH$[Beast/Effect]$$$$$7$1000$2600$$$$If this card is sent from the hand to the GY: You can target 2 other Beast, Beast-Warrior, Winged Beast, Insect, and/or Plant monsters with different Types in your GY; shuffle them into the Deck, and if you do, Special Summon this card. If this card is Normal or Special Summoned: You can add 1 "Mystical Beast of the Forest" monster or 1 "Mystical Spirit of the Forest" monster from your Deck to your hand, except "Carpiponica, Mystical Beast of the Forest". You can only use each effect of "Carpiponica, Mystical Beast of the Forest" once per turn.$Supports archetypes /Mystical Beast of the Forest/Mystical Spirit of the Forest$$$$
11449436$Glacier Aqua Madoor$Unlimited$WATER$[Spellcaster/Effect]$$$$$6$1200$3000$$$$At the start of the Damage Step, if your Normal Monster battles an opponent's monster: You can reveal this card in your hand; discard 1 card, and if you do, your monster cannot be destroyed by that battle. At the start of the Damage Step, if this card battles an opponent's monster: You can reveal 1 Normal Monster in your hand; discard 1 card, and if you do, destroy that opponent's monster.$Normal Monster$$Activates from your hand/Reveals itself in the hand for cost/Reveals your hand for cost/Discards for effect$Trigger$
58844135$Antihuman Intelligence ME-PSY-YA$Unlimited$LIGHT$[Cyberse/Pendulum/Effect]$$$$0$8$2500$3000$$$Any card sent to the GY is banished instead, except Monster Cards.$You can reveal this card in your hand; add 1 other Pendulum Monster from your hand, or 1 card from your Pendulum Zone, to its owner's Extra Deck face-up, and if you do, Special Summon this card. You can only use this effect of "Antihuman Intelligence ME-PSY-YA" once per turn. If another monster(s) is Normal or Special Summoned while you control this card: Send that monster(s) to the GY during the End Phase of this turn.$Pendulum Monster$$Activates from your hand/Reveals itself in the hand for cost/Adds from hand to Extra Deck/Returns from field to Extra Deck/Activates upon Normal Summon/Activates upon Special Summon/Sends from field to Graveyard$Pendulum Effect /Continuous-like/Monster Effect/Ignition/Condition/Trigger$
84339249$Protecting Spirit Loagaeth$Unlimited$LIGHT$[Fairy/Effect]$$$$$7$2400$2100$$$$If this card on the field is destroyed by battle or card effect: You can target 1 monster on the field; it cannot be destroyed by battle this turn. You can only use each of the following effects of "Protecting Spirit Loagaeth" once per turn. If an effect of a Fairy monster you control is activated (except during the Damage Step): You can Special Summon this card from your hand. You can target 1 face-up card your opponent controls and 1 Attack Position monster you control; banish that opponent's card, and if you do, change your monster to Defense Position.$Fairy$$Activates if destroyed by battle/Activates if destroyed by card effect/Activates from your hand/Changes battle positions$Trigger/Condition/Ignition$
11327848$Master's Diploman$Unlimited$DARK$[Machine/Effect]$$$$$5$2000$2000$$$$If this card is Tribute Summoned: You can target 1 monster in your GY and 1 face-up monster your opponent controls; equip the monster from your GY to that opponent's monster. While equipped by this effect, the equipped monster loses ATK equal to the ATK of that monster equipped to it. Your opponent cannot activate the effects of monsters they control that are equipped with Equip Cards in your Spell & Trap Zones.$$$$$
57722593$Konohanasakuya$Unlimited$EARTH$[Fairy/Spirit/Effect]$$$$$3$1300$1300$$$$Cannot be Normal Summoned/Set. Must be Special Summoned (from your hand) by controlling a Spirit monster. You can only Special Summon "Konohanasakuya" once per turn this way. Once per turn, during the End Phase, if this card was Special Summoned this turn: Return it to the hand. Once per turn, during the End Phase: You can banish this card from your GY, then target 1 Spirit monster you control; neither player can activate that face-up monster's effects on the field for the rest of this turn.$Spirit monster$$$$
83116692$Doombearer Psychopompos$Unlimited$EARTH$[Zombie/Tuner/Effect]$$$$$2$0$0$$$$If this card is Special Summoned: Apply this effect, based on whether your opponent has more monsters in their GY, or more Spells & Traps. (If they have more monsters, banish this card, and if you do, your opponent banishes 1 monster from their GY. If they have more Spells & Traps, send this card to the GY, and if you do, your opponent sends 1 monster they control to the GY.) During the End Phase of the next turn after this card was banished: You can Special Summon this banished card. You can only use each effect of "Doombearer Psychopompos" once per turn.$$$$$
11327848$Slower Swallow$Unlimited$WIND$[Winged Beast/Effect]$$$$$1$100$100$$$$If 2 or more monsters with the same Level are on the field, you can Special Summon this card (from your hand). You can only Special Summon "Slower Swallow" once per turn this way. You can Tribute this card; draw 2 cards instead of 1 for your normal draw during your next Draw Phase.$$$$$
46999905$Saambell the Star Bonder$Unlimited$WIND$[Spellcaster/Pendulum/Effect]$$$$7$3$1400$1300$$$If you have a Pendulum Monster Card with the same Level as this card in your other Pendulum Zone: You can destroy the card in your other Pendulum Zone, and if you do, Special Summon this card. You can only use this effect of "Saambell the Star Bonder" once per turn.$If a monster is Special Summoned to your field while you control this monster (except during the Damage Step): You can Special Summon 1 monster from your hand with the same Level as this card. You can only use this effect of "Saambell the Star Bonder" once per turn.$$$$$
83094004$Aeropixthree$Unlimited$WIND$[Fairy/Tuner/Effect]$$$$$1$200$200$$$$Once per turn (Quick Effect): You can target 1 face-up monster your opponent controls in this card's column; move this card you control to another of your Main Monster Zones, and if you do, move that opponent's monster to their Main Monster Zone in this card's column, then place 1 Burnup Counter on it. (Monsters with Burnup Counters lose 200 ATK/DEF for each Burnup Counter on it.)$$$$$
19489718$Magikey Mechmusket - Batosbuster$Unlimited$DARK$[Machine/Ritual/Tuner/Effect]$$$$$4$2000$2200$$$$You can Ritual Summon this card with "Magikey Maftea". If this card is Ritual Summoned: You can add 1 "Magikey" card from your Deck to your hand. You can only use this effect of "Magikey Mechmusket - Batosbuster" once per turn. Once per turn, when an attack is declared involving this card and an opponent's monster that has the same Attribute as a Normal Monster or "Magikey" monster in your GY: You can place any number of cards from your hand on the bottom of the Deck, and if you do, negate the effects of that opponent's monster until the end of this turn, then draw the same number of cards placed under the Deck.$Supports archetypes /Magikey$$$$
45877457$Magikey Mechmortar - Garesglasser$Unlimited$EARTH$[Machine/Ritual/Effect]$$$$$8$2000$2800$$$$You can Ritual Summon this card with "Magikey Maftea". Gains 300 ATK for each different Attribute in your GY. You can only use each of the following effects of "Magikey Mechmortar - Garesglasser" once per turn. When your opponent activates an effect of a monster with the same Attribute as a monster in your GY, if at least 2 Attributes of monsters were used for this card's Ritual Summon (Quick Effect): You can negate the activation, and if you do, destroy that card. If this Ritual Summoned card is sent to the GY: You can add 1 "Magikey" monster from your Deck to your hand.$Supports archetypes /Magikey$$$$
72272462$Despian Quaeritis$Unlimited$LIGHT$[Fiend/Fusion/Effect]$$$$$8$2500$2500$$1 "Despia" monster + 1 LIGHT or DARK monster$$During the Main Phase (Quick Effect): You can change the ATK of all monsters currently on the field to 0 until the end of this turn, except Level 8 or higher Fusion Monsters. If this face-up card in its owner's control leaves the field because of an opponent's card effect: You can add to your hand, or Special Summon, 1 "Fallen of Albaz" or 1 "Despia" monster, from your Deck. You can only use each effect of "Despian Quaeritis" once per turn.$Supports archetypes /Despia$$$$
18666161$Despian Proskenion$Unlimited$LIGHT$[Fiend/Fusion/Effect]$$$$$11$3200$3200$$1 "Despia" monster + 1 LIGHT monster + 1 DARK monster$$During the Main Phase (Quick Effect): You can target 1 Fusion, Synchro, Xyz, or Link Monster in your opponent's GY; banish it, or Special Summon it to your field. When this card destroys an opponent's monster by battle: You can inflict damage to your opponent equal to that monster's original ATK or DEF (whichever is higher). You can only use each effect of "Despian Proskenion" once per turn.$Supports archetypes /Despia$$$$
45655875$Magikey Beast - Ansyalabolas$Unlimited$DARK$[Beast/Fusion/Tuner/Effect]$$$$$4$2200$2000$$1 "Magikey" monster + 1 Normal Monster, except a Token$$If this card is Fusion Summoned: You can add 1 "Magikey Maftea" from your GY to your hand. You can only use this effect of "Magikey Beast - Ansyalabolas" once per turn. Once per turn: You can target 1 Attack Position monster your opponent controls with the same Attribute as a Normal Monster or "Magikey" monster in your GY; change it to Defense Position, and if you do, it loses 1000 DEF. Banish any monster destroyed by battle with this card.$Supports archetypes /Magikey$$$$
71159974$Magikey Dragon - Andrabime$Unlimited$WIND$[Dragon/Fusion/Effect]$$$$$8$2800$2000$$1 "Magikey" Effect Monster + 1 Normal Monster, except a Token$$When this card is Fusion Summoned, your opponent cannot activate cards or effects. Once per turn: You can target 1 Normal Monster or "Magikey" monster in your GY; destroy all monsters your opponent controls with that monster's Attribute. Once per turn, if an opponent's monster with the same Attribute as a monster in your GY is destroyed by battle or card effect, if this card was Fusion Summoned using 2 different Attributes as material: You can draw 1 card.$Supports archetypes /Magikey$$$$
03544583$Allvain the Essence of Vanity$Unlimited$DARK$[Fairy/Fusion/Tuner]$$$$$2$0$2100$$$$2 Normal Monsters$$$$$
40939228$Shooting Majestic Star Dragon$Unlimited$WIND$[Dragon/Synchro/Effect]$$$$$11$4000$3300$$"Majestic Dragon" + 1+ non-Tuner monsters, including a Dragon Synchro Monster$$Must first be Synchro Summoned. Once per turn: You can negate the effects of 1 Effect Monster your opponent controls. This card gains 1 additional attack each Battle Phase for every monster in your GY that is "Stardust Dragon" or is a Synchro Monster with "Stardust Dragon" in its text. Once per turn, when your opponent activates a card or effect (Quick Effect): You can banish this card (until the End Phase), and if you do, negate the activation, and if you do that, banish that card.$Dragon/Synchro Monster/Stardust Dragon$Effect Monster$Returns banished cards to the field$Summon/Ignition/Continuous/Quick$
76937326$Daigusto Laplampilica$Unlimited$WIND$[Psychic/Synchro/Effect]$$$$$6$1900$2600$$1 Tuner + 1+ non-Tuner "Gusto" monsters$$You can only Special Summon "Daigusto Laplampilica" once per turn. If this card is Synchro Summoned: You can Special Summon 1 "Gusto" monster from your hand and 1 "Gusto" monster from your Deck, but negate their effects, then immediately after this effect resolves, Synchro Summon 1 "Gusto" Synchro Monster using only those 2 monsters, also you cannot Special Summon monsters for the rest of this turn, except WIND monsters. Your opponent cannot target other "Gusto" Synchro Monsters you control with card effects.$Supports archetypes /Gusto$$Activates upon Synchro Summon$Condition/Trigger/Continuous$
03322931$Stellar Wind Wolfrayet$Unlimited$WIND$[Beast/Synchro/Effect]$$$$$9$2500$0$$1 Tuner + 1+ non-Tuner monsters$$You can only control 1 "Stellar Wind Wolfrayet". Gains 300 ATK each time another monster's effect is activated, while the ATK of this card is less than 4000. Once per turn, if this card's ATK is 4000 or higher (Quick Effect): You can shuffle both this card and all monsters your opponent controls into the Deck.$$$Returns itself from field to Extra Deck/Returns from your opponent's field to your opponent's Deck$Unclassified/Continuous/Quick$
49816630$Gaiarmor Dragonshell$Unlimited$EARTH$[Dragon/Synchro/Effect]$$$$$6$2000$1300$$1 Tuner + 1+ non-Tuner monsters$$You can Tribute this card, then target 3 other Synchro Monsters in your GY; return them to the Extra Deck. You can target 1 monster you control Special Summoned from the Extra Deck; equip this card from your GY to it. When an attack is declared involving the monster equipped with this card: You can draw 1 card. You can only use each effect of "Gaiarmor Dragonshell" once per turn.$Synchro Monster$$Tributes itself for cost/Returns from your Graveyard to your Extra Deck/Activates from your Graveyard/Equips self from Graveyard/Activates upon attack declaration/You draw cards$Ignition/Trigger-like/Condition$
75215744$Gunkan Suship Ikura-class Dreadnought$Unlimited$FIRE$[Aqua/Xyz/Effect]$$$4$$$2200$300$$2 Level 4 monsters$$If this card is Xyz Summoned: You can apply these effects, in sequence, based on the materials used. You can only use this effect of "Gunkan Suship Ikura-class Dreadnought" once per turn.●"Gunkan Suship Shari": Draw 1 card.●"Gunkan Suship Ikura": This card can make a second attack during each Battle Phase.Once per turn, when your "Gunkan" monster Special Summoned from the Extra Deck inflicts battle damage to your opponent: You can target 1 card your opponent controls; destroy it.$Supports archetypes /Gunkan$$Activates when it inflicts battle damage/Activates upon Xyz Summon/You draw cards$Trigger/Condition$
02609443$Chronomaly Vimana$Unlimited$LIGHT$[Machine/Xyz/Effect]$$$5$$$2300$2600$$2 Level 5 monsters$$Once per turn (Quick Effect): You can target 1 face-up monster on the field and 1 Xyz Monster or "Chronomaly" monster in your GY; that monster on the field gains half the ATK of that monster in the GY (until the end of this turn), then attach that monster from the GY to this card as material. Once per turn, when your opponent activates a monster effect (Quick Effect): You can detach 2 materials from this card; negate the activation.$Supports archetypes /Chronomaly$$$$
38694052$Voloferniges, the Darkest Dragon Doomrider$Unlimited$DARK$[Dragon/Xyz/Effect]$$$7$$$2500$2100$$2 Level 7 monsters$$Once per turn: You can detach 2 materials from this card, then target 1 face-up card on the field; destroy it, and if you destroyed a monster, you can make 1 face-up monster you control gain ATK equal to the destroyed monster's original Level/Rank x 300 until the end of the next turn. This card cannot attack the turn you activate this effect. This is a Quick Effect if this card has a Dragon monster as material, but cannot be activated in the Damage Step.$Dragon$$Applies effects if specific Xyz Material is attached/Detaches multiple Xyz Materials as cost$Ignition/Condition$
75083197$Dragonlark Pairen$Unlimited$WIND$[Wyrm/Xyz/Effect]$$$6$$$2700$1300$$2 Level 6 monsters$$Cannot be destroyed by battle or card effect while a monster, other than "Dragonlark Pairen", is face-up on the field that was Special Summoned from the GY. During the Standby Phase: You can detach 1 material from this card, then target 1 Level 5 or lower monster in your GY; Special Summon it. You can only use this effect of "Dragonlark Pairen" once per turn.$$$$Continuous/Trigger/Condition$
01487805$Cosmic Slicer Zer'oll$Unlimited$LIGHT$[Reptile/Link/Effect]$3$Top/Bottom-Left/Bottom-Right$$$$2600$- $$2+ Reptile monsters$$Monsters your opponent controls with A-Counters are changed to Defense Position, also neither player can activate their effects. You can only use each of the following effects of "Cosmic Slicer Zer'oll" once per turn. If this card is Link Summoned: You can add 1 card from your Deck to your hand that has an effect that places A-Counter(s). You can remove 2 A-Counters from anywhere on the field; immediately after this effect resolves, Normal Summon 1 Reptile monster.$Reptile$$Activates upon Link Summon/Adds from Deck to hand/Changes battle positions$$
37972500$GranSolfachord Musecia$Unlimited$LIGHT$[Fairy/Link/Effect]$2$Bottom-Left/Bottom-Right$$$$1900$- $$2 Pendulum Monsters$$During your Main Phase: You can add 1 Pendulum Monster from your hand to the Extra Deck face-up, and 1 face-up Pendulum Monster from your Extra Deck to the hand, as long as one of them has an even Pendulum Scale, and the other has an odd Pendulum Scale. When you Pendulum Summon a "Solfachord" monster(s): You can target 1 of them; add 1 "Solfachord" Pendulum Monster from your Deck to your hand, whose Level equals the Pendulum Scale of that monster. You can only activate each effect of "GranSolfachord Musecia" once per turn.$Supports archetypes /Solfachord$$Adds from hand to Extra Deck/Adds from Extra Deck to hand/Activates upon Pendulum Summon/Adds from Deck to hand$Ignition/Trigger/Condition$
64966519$Dispatchparazzi$Unlimited$DARK$[Fiend/Link/Effect]$2$Left/Right$$$$100$- $$2 Effect Monsters$$When another monster you control is targeted for an attack: You can change the attack target to this card, and perform damage calculation. When this card is destroyed by battle with an opponent's monster: You can destroy that opponent's monster, and if you do, gain LP equal to half that monster's original ATK. You can only use each effect of "Dispatchparazzi" once per turn.$Effect Monster$$Activates upon attack declaration/Activates if destroyed by battle$Trigger/Condition$
00365213$Arrive in Light$Unlimited$SPELL$$$$$$$$$Continuous$$$When this card is activated: Place 1 Level 1 Dragon monster from your hand or Deck on top of the Deck. Neither player can return "Stardust Dragon", or a Synchro Monster that lists "Stardust Dragon" in its text, from the field to the Extra Deck. If a Synchro Monster(s) is Special Summoned (except during the Damage Step): You can apply 1 of these effects, but you cannot apply that same effect of "Arrive in Light" again this turn.●Draw 1 card.●Special Summon 1 Tuner from your hand.$Dragon/Stardust Dragon/Synchro Monster/Tuner monster$$Activates upon Special Summon/Places cards from the player's Deck on the top of the Deck/Prevents returning cards from field to Deck/Returns from hand to Deck/You draw cards$Effect/Continuous-like/Trigger-like$
37750912$Stardust Illumination$Unlimited$SPELL$$$$$$$$$$$$Send 1 "Stardust" monster from your Deck to the GY, or if you control "Stardust Dragon" or a Synchro Monster that mentions it, you can Special Summon it instead. You can banish this card from your GY, then target 1 "Stardust" monster you control; increase or decrease its Level by 1 until the end of this turn. You can only use each effect of "Stardust Illumination" once per turn.$Supports archetypes /Stardust $$Activates from your Graveyard/Sends from your Deck to your Graveyard$Effect/Ignition-like/Condition$
63144961$Majestic Absorption$Unlimited$SPELL$$$$$$$$$$$$Target 1 "Stardust Dragon", or 1 Synchro Monster that mentions it, that you control, then activate 1 of these effects;●Equip 1 face-up monster your opponent controls to that target.●It can attack directly this turn.●This turn, each time it destroys an opponent's monster by battle, inflict damage to your opponent equal to the destroyed monster's original ATK.You can only activate 1 "Majestic Absorption" per turn.$Stardust Dragon/Synchro Monster$$Activates when it destroys a monster by battle/Equips monsters from the opponent's field$Effect/Condition$
99543666$Despia, Theater of the Branded$Unlimited$SPELL$$$$$$$$$Field$$$During your Main Phase: You can Fusion Summon 1 Level 8 or higher Fusion Monster from your Extra Deck, using monsters from your hand or field as material. If a face-up non-Fusion Fairy monster you control leaves the field by an opponent's card effect, or is destroyed by battle: You can target 1 Level 8 or higher Fusion Monster in your GY; Special Summon it. You can only use each effect of "Despia, Theater of the Branded" once per turn.$Fusion Monster/Fairy$$Uses cards in the hand as Fusion Materials/Uses cards on the player's field as Fusion Materials$$
36637374$Branded Opening$Limited(OCG)$SPELL$$$$$$$$$Quick-Play$$$Discard 1 card, then take 1 "Despia" monster from your Deck, and either add it to your hand or Special Summon it in Defense Position, also for the rest of this turn after this card resolves, you cannot Special Summon monsters from the Extra Deck, except Fusion Monsters. If a Fusion Monster(s) you control would be destroyed by card effect, you can banish this card from your GY instead. You can only use each effect of "Branded Opening" once per turn.$Supports archetypes /Despia$$Adds from Deck to hand$$
62022479$Branded Bond$Unlimited$SPELL$$$$$$$$$$$$Special Summon 1 of your "Fallen of Albaz" that is banished, in your hand, or in your GY. During the End Phase, if this card is in the GY because it was sent there to activate the effect of "Fallen of Albaz" this turn: You can Set this card. You can only use each effect of "Branded Bond" once per turn.$Fallen of Albaz$$Activates from your Graveyard/Sets itself from your Graveyard$$
99426088$Magikey Maftea$Unlimited$SPELL$$$$$$$$$$$$Fusion Summon 1 "Magikey" Fusion Monster from your Extra Deck, using monsters from your hand or field as Fusion Material, OR Ritual Summon 1 "Magikey" Ritual Monster from your hand, by Tributing monsters from your hand or field whose total Levels equal or exceed its Level. If you control a Normal Monster, you can also send 1 Normal Monster from your Deck to the GY as material or Tribute.$Supports archetypes /Magikey$$$$
35815783$Magikey World$Unlimited$SPELL$$$$$$$$$Field$$$When this card is activated: You can add 1 "Magikey" monster from your Deck to your hand. The first time each non-Token Normal Monster you control would be destroyed by battle or card effect each turn, it is not destroyed. During your Main Phase: You can add 1 "Magikey Maftea" from your Deck to your hand, then place 1 card from your hand on the bottom of the Deck. You can only use this effect of "Magikey World" once per turn. You can only activate 1 "Magikey World" per turn.$Supports archetypes /Magikey$$$$
62200831$Gunkan Sushipyard Seaside Supper Spot$Unlimited$SPELL$$$$$$$$$Field$$$Once per turn, if you Normal or Special Summon a "Gunkan" monster(s), even during the Damage Step: You can place 1 "Gunkan" card from your Deck on top of your Deck. Once per turn, if a face-up "Gunkan" monster(s) you control that was Special Summoned from the Extra Deck is sent to your GY by an opponent's card: Activate this effect; your opponent pays LP exactly equal to that monster's DEF in the GY, then you can apply this effect.●Special Summon 1 "Gunkan Suship Shari" from your hand, then Special Summon 1 "Gunkan" Xyz Monster from your Extra Deck, by using that card you control as material. (This is treated as an Xyz Summon.)$Supports archetypes /Gunkan$$$$
98204536$Chronomaly Temple - Trilithon$Unlimited$SPELL$$$$$$$$$Continuous$$$If you control no monsters, or all monsters you control are "Chronomaly" monsters: You can pay 500 LP; immediately after this effect resolves, Normal Summon 1 "Chronomaly" monster from your hand. If a "Chronomaly" or "Number" Xyz Monster you control would activate an effect by detaching material, you can send this card to the GY instead of 1 of those materials. You can only use each effect of "Chronomaly Temple - Trilithon" once per turn.$Supports archetypes /Chronomaly/Number$$$$
24793135$Sacred Scrolls of the Gizmek Legend$Unlimited$SPELL$$$$$$$$$Field$$$During your Main Phase: You can excavate the top 3 cards of your Deck, and if you do, you can add 1 excavated Machine monster whose ATK equals its own DEF to your hand, also banish the remaining cards face-down. You can only use this effect of "Sacred Scrolls of the Gizmek Legend" once per turn. Each time a Machine monster(s) whose ATK equals its own DEF is Normal or Special Summoned, place 1 counter on this card. While this card has 10 or more counters, neither player can activate the effects of monsters on the field whose ATK does not equal their own DEF.$Machine$$Excavates from the player's Deck/Adds excavated cards to the hand/Activates upon Normal Summon/Activates upon Special Summon$Ignition-like/Condition/Continuous-like$
1187243$Tailwind of Gusto$Unlimited$SPELL$$$$$$$$$Equip$$$Equip only to a "Gusto" monster. The equipped monster cannot be destroyed by your opponent's card effects. You can only use each of the following effects of "Tailwind of Gusto" once per turn. You can banish this card from your GY and discard 1 WIND monster; add 1 "Gusto" Spell/Trap from your Deck to your hand. You can activate this effect based on the Level/Rank of the equipped monster;●4 or lower: Special Summon 1 "Gusto" monster from your Deck with a different Type than the equipped monster.●5 or higher: Special Summon 1 Level 1 Tuner from your Deck.$Supports archetypes /Gusto$$$$
37582948$Live☆Twin Sunny's Snitch$Unlimited$SPELL$$$$$$$$$Continuous$$$When this card is activated: You can add 1 "Live☆Twin" monster from your Deck to your hand. While you control an "Evil★Twin" monster, each time your opponent Normal or Special Summons a monster(s), you gain 200 LP, and if you do, inflict 200 damage to your opponent. You can only activate 1 "Live☆Twin Sunny's Snitch" per turn.$Supports archetypes /Evil★Twin/Live☆Twin$$$$
64576557$Triamid Loading$Unlimited$SPELL$$$$$$$$$Continuous$$$If a Field Spell is placed face-up in the Field Zone: You can add 1 "Triamid" Spell/Trap from your Deck to your hand, except "Triamid Loading". If a face-up Rock monster(s) you control is destroyed by battle or an opponent's card effect: You can Special Summon 1 "Triamid" monster with a different name from your Deck. You can only use each effect of "Triamid Loading" once per turn.$Supports archetypes /Triamid$$$$
90965652$Dimer Synthesis$Unlimited$SPELL$$$$$$$$$$$$Activate 1 of these effects;●Add 1 "Catalyst Field" from your Deck to your hand.●Add 1 "Burnout", and 1 "Chemicritter" monster, from your Deck to your hand.You can banish this card from your GY, then target 2 face-up monsters you control, including a Gemini monster that is treated as an Effect Monster and has gained its effects; until the end of this turn, make 1 of those monster's ATK 0, and if you do, the second monster gains ATK equal to the first monster's original ATK. You can only use each effect of "Dimer Synthesis" once per turn.$Supports archetypes /Chemicritter$$$$
36350300$High Ritual Art$Unlimited$SPELL$$$$$$$$$Ritual$$$This card can be used to Ritual Summon any Ritual Monster from your Deck. You must also Tribute Normal Monsters from your hand whose total Levels equal the Level of the Ritual Monster you Ritual Summon. Shuffle that Ritual Monster into the Deck during your opponent's End Phase. You can only activate 1 "High Ritual Art" per turn.$Ritual Monster/Normal Monster$$Tributes as an effect/Returns from your field to your Deck$$
63854005$Ready Fusion$Unlimited$SPELL$$$$$$$$$$$$Pay 1000 LP; Special Summon 1 Level 6 or lower non-Effect Fusion Monster from your Extra Deck, but it cannot attack, also destroy it during the End Phase. (This is treated as a Fusion Summon.) You can only activate 1 "Ready Fusion" per turn.$Non-Effect Monster/Fusion Monster$$$Cost/Effect/Condition$
99243014$Synchro Overtake$Unlimited$SPELL$$$$$$$$$$$$Reveal 1 Synchro Monster in your Extra Deck, choose 1 of the Synchro Materials mentioned on it, and add to your hand or Special Summon that monster, from your Deck or GY, also you cannot Special Summon monsters from the Extra Deck the turn you activate this card, except Synchro Monsters. You can only activate 1 "Synchro Overtake" per turn.$Synchro Monster$$$$
26237713$Pendulum Treasure$Unlimited$SPELL$$$$$$$$$$$$Add 1 Pendulum Monster from your Deck to your Extra Deck face-up. You can only activate 1 "Pendulum Treasure" per turn.$Pendulum Monster$$$$
62632427$Margin Trading$Unlimited$SPELL$$$$$$$$$$$$Your opponent can discard 1 card to negate this effect, otherwise both players look at their opponent's Deck and choose 1 card, then add the card from their own Deck chosen by their opponent to their hand. You can only activate 1 "Margin Trading" per turn.$$$$$
98020526$Majestic Mirage$Unlimited$TRAP$$$$$$$$$Continuous$$$If a face-up card you control leaves the field by your card effect, or to activate the effect of your card, and the card that left the field was "Stardust Dragon" or a Synchro Monster that mentioned it: You can apply 1 of the following effects, but you cannot apply that same effect of "Majestic Mirage" again this turn.●Special Summon 1 of those monsters.●Banish 1 monster from your opponent's field or GY.●Any damage you take this turn is halved.$Stardust Dragon/Synchro Monster$$Activates when it leaves the field$Trigger-like$
25415161$Springans Interluder$Unlimited$TRAP$$$$$$$$$Continuous$$$When your opponent activates a card or effect: You can return 1 "Springans" Xyz Monster you control to the Extra Deck, then apply 1 of these effects.●Negate that activated effect.●Special Summon 1 Level 8 monster from your GY.If a face-up Xyz Monster you control leaves the field by card effect: You can make all monsters your opponent currently controls lose 1000 ATK, until the end of this turn (even if this card leaves the field). You can only use each effect of "Springans Interluder" once per turn.$Supports archetypes /Springans$$$$
51510279$Magikey Duo$Unlimited$TRAP$$$$$$$$$$$$You can target 1 Normal Monster or 1 "Magikey" monster in your GY; add it to your hand, then you can apply 1 of these effects.●Fusion Summon 1 "Magikey" Fusion Monster from your Extra Deck in Defense Position, using monsters from your hand or field as Fusion Material.●Ritual Summon 1 "Magikey" Ritual Monster from your hand in Defense Position, by Tributing monsters from your hand or field whose total Levels equal or exceed its Level.$Supports archetypes /Magikey$$$$
98904974$Magikey Unlocking$Unlimited$TRAP$$$$$$$$$Counter$$$When your opponent activates a Spell/Trap Card while you control a "Magikey" Ritual Monster or a "Magikey" monster Special Summoned from the Extra Deck: Negate the activation, and if you do, destroy that card, then you can declare 1 Attribute, and if you do that, for the rest of this turn all face-up monsters your opponent controls become that Attribute. You can only activate 1 "Magikey Unlocking" per turn.$Supports archetypes /Magikey$$$$
24393683$Gunkan Suship Daily Special$Unlimited$TRAP$$$$$$$$$$$$(When you activate this card, you can also reveal 1 "Gunkan Suship Shari" in your hand.) Reveal 3 "Gunkan" monsters from your Deck, your opponent chooses 1 of them for you to add to your hand, also shuffle the rest into your Deck. If you revealed "Gunkan Suship Shari" in your hand at activation, you can choose the card to add to your hand, instead of your opponent choosing. If this card is in your GY, except the turn it was sent there: You can banish this card, then target 3 "Gunkan" monsters in your GY; shuffle them into the Deck, then draw 1 card.$Supports archetypes /Gunkan$$$$
50797682$Chronomaly Esperanza Glyph$Unlimited$TRAP$$$$$$$$$$$$During the Main Phase: Target 1 Xyz Monster Card you control or in your GY; Special Summon 2 "Chronomaly" monsters that are 1 Level higher than that monster's Rank, from your hand, Deck, and/or GY, but negate their effects, then, immediately after this effect resolves, Xyz Summon 1 "Chronomaly" Xyz Monster using only those 2 monsters. You can only activate 1 "Chronomaly Esperanza Glyph" per turn.$Supports archetypes /Chronomaly$$$$
97182396$Amaze Attraction Viking Vortex$Unlimited$TRAP$$$$$$$$$$$$Target 1 "Amazement" monster you control or 1 face-up monster your opponent controls; equip this card to it. You can activate the following effect, based on which player controls the equipped monster;●You: Once per turn, when an opponent's monster declares an attack: Negate the attack, and if you do, change control of the equipped monster until the end of the Battle Phase.●Your opponent: When the equipped monster activates its effect: Return it to the hand.$Supports archetypes /Amazement$$$$
23270035$Monster Assortment$Unlimited$TRAP$$$$$$$$$$$$Reveal 1 Normal Monster from your Deck, and 1 Effect Monster from your Deck with the same Type, Attribute, and Level, then your opponent randomly chooses 1 for you to add to your hand, also you shuffle the other into your Deck. You can only activate 1 "Monster Assortment" per turn.$Effect Monster/Normal Monster$$$$
50675040$Beast King Unleashed$Unlimited$TRAP$$$$$$$$$Continuous$$$Once per turn, at the start of the Damage Step, if your monster battles an opponent's monster in the same column: You can return your monster and any other cards in its column to the hand. You can only activate the effect of "Beast King Unleashed" once per Chain.$$$$$
86060749$Stall Turn$Unlimited$TRAP$$$$$$$$$Counter$$$When a Spell/Trap Card, or monster effect, is activated that negates the Summon OR the activation of a Spell/Trap Card: Banish 3 cards from the top of your Deck, face-down; negate the activation, and if you do, shuffle that card into the Deck.$$$$$
22454453$Jar of Generosity$Unlimited$TRAP$$$$$$$$$$$$Place 1 card from your hand on either the top or bottom of the Deck.$$$$$
40380686$Baby Mudragon$Unlimited$DARK$[Dragon/Tuner/Effect]$$$$$1$0$200$$$$If this card you control is used as Synchro Material, you can treat it as a non-Tuner. If this card is sent to the GY as Synchro Material: You can declare 1 Type or Attribute, then target 1 Synchro Monster you control; it becomes the declared Type/Attribute, until the end of this turn.$Synchro Monster$$Activates from your Graveyard/Activates if used as Synchro Material/Declares a Type/Declares an Attribute$$
77384395$Pazuzule$Unlimited$DARK$[Fiend/Pendulum/Effect]$$$$1$1$500$500$$$Once per turn: You can target 1 card in your other Pendulum Zone; this card's Pendulum Scale becomes the Level of that Pendulum Monster Card until the end of this turn, also you cannot Special Summon for the rest of this turn, except by Pendulum Summon.$Pendulum Summons of your monsters cannot be negated.$$$Activates if other Pendulum Zone is occupied$$
03779493$Night's End Administrator$Unlimited$LIGHT$[Spellcaster/Synchro/Effect]$$$$$6$2300$1400$$"Night's End Sorcerer" + 1+ non-Tuner monsters$$If this card is Special Summoned, or if another Spellcaster monster(s) is Special Summoned to your field: You can target 1 card in your opponent's GY; banish it. If this card is destroyed by battle, or if this card in its owner's Monster Zone is destroyed by an opponent's card effect: You can target 1 Level 4 or lower Spellcaster monster in your GY; Special Summon it. You can only use this effect of "Night's End Administrator" once per turn.$Spellcaster$$Activates upon Special Summon/Activates if destroyed by battle/Activates if destroyed by card effect$Trigger/Condition$
30163008$Ra'ten, the Heavenly General$Unlimited$EARTH$[Warrior/Link/Effect]$3$Top-Left/Bottom-Left/Bottom-Right$$$$2200$- $$2+ monsters with the same Type$$Once per turn, during the Standby Phase: You can target 1 face-up monster this card points to; Special Summon 1 Level 4 or lower monster with the same Type as that monster from your hand to your zone this card points to. At the start of the Battle Phase: You can target 1 card your opponent controls; destroy it. You can only use this effect of "Ra'ten, the Heavenly General" once per turn.$$$$Trigger/Condition$
76552147$D.D.D. - Different Dimension Derby$Unlimited$TRAP$$$$$$$$$$$$If you control a face-up monster that was Ritual Summoned using a Normal Monster, or was Fusion, Synchro, Xyz, or Link Summoned using a Normal Monster as material: You can target 1 card on the field; banish it.$Normal Monster/Ritual Monster/Fusion Monster/Synchro Monster/Xyz Monster/Link Monster$$$$
39041550$Beetrooper Scale Bomber$Unlimited$FIRE$[Insect/Effect]$$$$$3$1200$2000$$$$If an Insect monster(s) is Normal or Special Summoned to your field (except during the Damage Step): You can Special Summon this card from your hand. When a monster your opponent controls activates its effect (Quick Effect): You can Tribute 1 Insect monster; destroy it. You can only use each effect of "Beetrooper Scale Bomber" once per turn.$Insect$$Activates from your hand/Activates upon Normal Summon/Activates upon Special Summon/Tributes for cost$$
65430555$Beetrooper Sting Lancer$Unlimited$WIND$[Insect/Effect]$$$$$7$2400$1800$$$$During the Main Phase (Quick Effect): You can target 1 Insect monster in your GY and 1 monster in your opponent's GY; Special Summon this card from your hand, and if you do, place the targeted monsters on the bottoms of the Decks. If this card is Normal or Special Summoned: You can add 1 "Beetrooper" Spell/Trap from your Deck to your hand. You can only use each effect of "Beetrooper Sting Lancer" once per turn.$Supports archetypes /Beetrooper$$Activates from your hand/Returns from your Graveyard to your Deck/Returns from your opponent's Graveyard to your opponent's Deck/Activates upon Normal Summon/Activates upon Special Summon/Adds from Deck to hand$$
02834264$Beetrooper Armor Horn$Unlimited$EARTH$[Insect/Link/Effect]$2$Top/Bottom$$$$1000$- $$2 Insect monsters$$You cannot Special Summon monsters, except Insect monsters. You can only use each of the following effects of "Beetrooper Armor Horn" once per turn. During your Main Phase, you can: Immediately after this effect resolves, Normal Summon 1 Insect monster. If this card is in your GY: You can banish 3 other Insect monsters from your GY; Special Summon this card, but banish it when it leaves the field.$Insect$$Activates from your Graveyard$Continuous/Condition/Ignition$
38229962$Giant Beetrooper Invincible Atlas$Unlimited$EARTH$[Insect/Link/Effect]$4$Top/Bottom-Left/Bottom/Bottom-Right$$$$3000$- $$2+ Insect monsters$$While this Link Summoned card has 3000 or less ATK, your opponent cannot target this card with card effects, also it cannot be destroyed by your opponent's card effects. You cannot Special Summon monsters, except Insect monsters. You can Tribute 1 Insect monster, then activate 1 of these effects;●Special Summon 1 "Beetrooper" monster from your Deck.●This card gains 2000 ATK until the end of this turn.You can only use this effect of "Giant Beetrooper Invincible Atlas" once per turn.$Supports archetypes /Beetrooper$$Tributes for cost$$
64213017$Beetrooper Formation$Unlimited$SPELL$$$$$$$$$Field$$$You can target 1 "Beetrooper" monster in your GY; Special Summon it, but it cannot attack this turn, also you lose LP equal to its original ATK. If a face-up Insect monster(s) you control is destroyed by battle or card effect: You can Special Summon 1 "Beetrooper Token" (Insect/EARTH/Level 3/ATK 1000/DEF 1000). You can only use each effect of "Beetrooper Formation" once per turn.$Supports archetypes /Beetrooper$$Activates if destroyed by battle/Activates if destroyed by card effect$$
01712616$Beetrooper Fly & Sting$Unlimited$TRAP$$$$$$$$$Counter$$$When your opponent activates a monster effect, while you control a "Beetrooper" monster: Negate the activation, and if you do, destroy it. During your End Phase, if this card is in your GY and you control an Insect monster with 3000 or more ATK: You can banish 1 Insect monster from your GY; Set this card. You can only use 1 "Beetrooper Fly & Sting" effect per turn, and only once that turn.$Supports archetypes /Beetrooper$$Activates from your Graveyard/Sets itself from your Graveyard$$
07925734$Link Apple$Unlimited$FIRE$[Cyberse/Effect]$$$$$1$0$0$$$$You can reveal this card in your hand; banish (face-up) 1 random face-down card from your Extra Deck, then, Special Summon this card if the banished card was a Link Monster. Otherwise, discard this card, and if you do, draw 1 card. You can only use this effect of "Link Apple" once per turn.$Link Monster$$Activates from your hand/Reveals itself in the hand for cost/Discards itself/You draw cards$Ignition/Condition$
33314479$Flying Red Carp$Unlimited$WATER$[Fish/Effect]$$$$$4$500$500$$$$(Quick Effect): You can discard 1 WATER monster; this card gains 500 ATK. When this card destroys an opponent's monster by battle: You can Tribute this card; Special Summon 1 Fish, Sea Serpent, or Aqua monster from your hand or Deck. You can only use each effect of "Flying Red Carp" once per turn.$WATER/Fish/Sea Serpent/Aqua$$Discards for cost/Activates when it destroys a monster by battle/Tributes itself for cost$Quick/Trigger/Condition$
61269611$Dinowrestler Iguanodraka$Unlimited$EARTH$[Dinosaur/Effect]$$$$$6$2000$0$$$$You can discard 1 other Dinosaur monster; Special Summon this card from your hand. You can Tribute 1 Dinosaur monster, then target 1 "Dinowrestler" monster in your GY with a different original name from the Tributed monster; Special Summon it in Defense Position. You can only use each effect of "Dinowrestler Iguanodraka" once per turn.$Supports archetypes /Dinowrestler$$Activates from your hand/Discards for cost/Tributes for cost$Summon/Ignition$
24158464$Tindangle Jhrelth$Unlimited$DARK$[Fiend/Flip/Effect]$$$$$3$0$1800$$$$FLIP: You can take 1 Flip monster from your Deck, except "Tindangle Jhrelth", and either add it to your hand or send it to the GY.If this card is in your hand: You can discard 1 other card; send 1 "Tindangle" card from your Deck to the GY, except "Tindangle Jhrelth", and if you do, Special Summon this card in face-down Defense Position. You can only use each effect of "Tindangle Jhrelth" once per turn.$Supports archetypes /Tindangle$$Discards for effect/Sends from your Deck to your Graveyard/Adds from Deck to hand$Flip/Ignition$
70709488$Shinobi Insect Hagakuremino$Unlimited$WIND$[Insect/Link/Effect]$2$Top-Left/Bottom$$$$1000$- $$2 monsters with different names$$While this card points to a monster(s), your opponent's monsters cannot target this card for attacks. If a monster(s) this card points to is destroyed by battle or card effect: You can Special Summon 1 Level 4 or lower Insect monster from your hand or GY, but banish it when it leaves the field. You can only use this effect of "Shinobi Insect Hagakuremino" once per turn.$Insect$$$Continuous/Trigger/Condition$
06203182$Two Toads with One Sting$Unlimited$SPELL$$$$$$$$$Equip$$$Activate this card by targeting 1 monster in your opponent's GY; Special Summon it to your opponent's field, but negate its effects, also equip it with this card. When this card leaves the field, destroy that monster. The equipped monster cannot attack or be targeted for an attack. If this card is sent to the GY because the equipped monster was used as material for a Fusion, Synchro, Xyz, or Link Summon: You can take control of that Summoned monster. You can only activate 1 "Two Toads with One Sting" per turn.$$Fusion Monster/Synchro Monster/Xyz Monster/Link Monster$Activates from your Graveyard/Changes control$Effect/Continuous-like/Trigger-like/Condition$
62481203$Trickstar Festival$Unlimited$SPELL$$$$$$$$$$$$Special Summon 2 "Trickstar Tokens" (Fairy/LIGHT/Level 1/ATK 0/DEF 0). If a "Trickstar" monster(s) you control that was Special Summoned from the Extra Deck would be destroyed by battle or card effect, you can banish this card from your GY instead. You cannot Normal or Special Summon monsters the turn you activate this card, except "Trickstar" monsters. You can only activate 1 "Trickstar Festival" per turn.$Supports archetypes /Trickstar$$$$
35870016$Gouki Finishing Move$Unlimited$SPELL$$$$$$$$$$$$Target 1 "Gouki" Link Monster you control; it gains ATK equal to its Link Rating x 1000 until the end of this turn, also if it attacks a Defense Position monster this turn, inflict piercing battle damage to your opponent. For the rest of this turn after this card resolves, you cannot declare attacks, except with "Gouki" monsters. You can only activate 1 "Gouki Finishing Move" per turn.$Supports archetypes /Gouki$$$Effect/Condition$
44508094$Stardust Dragon$Unlimited$WIND$[Dragon/Synchro/Effect]$$$$$8$2500$2000$$1 Tuner + 1+ non-Tuner monsters$$When a card or effect is activated that would destroy a card(s) on the field (Quick Effect): You can Tribute this card; negate the activation, and if you do, destroy it. During the End Phase, if this effect was activated this turn (and was not negated): You can Special Summon this card from your GY.$$$Tributes itself for cost$Quick/Trigger$
