Passcode$Name$Status$Attribute$type$link$link_arrows$rank$pendulum_scale$level$attack$defense$spell_attribute$summoning_condition$pendulum_condition$card_text$card_supports$card_anti_supports$card_actions$effect_types$
15025844$Mystical Elf$Unlimited$LIGHT$[Spellcaster/Normal]$$$$$4$800$2000$$$$A delicate elf that lacks offense, but has a terrific defense backed by mystical power.$$$$$
21970285$Dragon Horn Hunter$Unlimited$DARK$[Warrior/Pendulum/Normal]$$$$3$6$2300$1000$$$All Normal Monsters gain 200 ATK. You take no battle damage from battles involving Normal Monsters you control.$The horns were needed to prepare a medicine for her village, suffering from a plague. Unknown to her, the dragons burned and trampled her village, once displaced from their den.$Normal Monster$$$Pendulum Effect /Continuous-like$
17390179$Flash Knight$Unlimited$LIGHT$[Warrior/Pendulum/Normal]$$$$7$4$1800$600$$$$The power of the pendulum flashes forth from this shining knight.$$$$$
43785278$Foucault's Cannon$Unlimited$DARK$[Spellcaster/Pendulum/Normal]$$$$2$5$2200$1200$$$Once per turn, during the End Phase, if this card was activated this turn: You can target 1 face-up Spell/Trap Card on the field; destroy it.$A mechanized life form, roving through space-time. But the mysterious thing is that its memory i... m...stly gone. W...at is t...e reason? D..... refuse t... b.... interfered w...h?$$$$Pendulum Effect /Trigger-like$
48940337$Lancephorhynchus$Unlimited$WIND$[Dinosaur/Pendulum/Normal]$$$$7$6$2500$800$$$If a Normal Monster you control attacks a Defense Position monster, inflict piercing battle damage to your opponent.$This primordial species survived extinction by evolving an offensive lance that can pierce anything, although its diet still consists mainly of fish.$Normal Monster$$$Pendulum Effect /Continuous-like$
73779005$Dragoons of Draconia$Unlimited$FIRE$[Beast-Warrior/Pendulum/Normal]$$$$2$4$1800$200$$$Once per turn, if a Normal Monster you control destroys an opponent's monster by battle, after damage calculation: You can add 1 Level 4 or higher Normal Monster from your Deck to your hand.$Armed with muskets and iron spears, these mounted land troops of the Draconia Empire are feared by the Reptier Kingdom and other bordering nations.$Normal Monster$$Adds from Deck to hand$Pendulum Effect /Trigger-like$
45141844$Old Vindictive Magician$Unlimited$DARK$[Spellcaster/Flip/Effect]$$$$$2$450$600$$$$FLIP: Target 1 monster your opponent controls; destroy that target.$$$$Flip$
56804361$Aether, the Empowering Dragon$Unlimited$LIGHT$[Dragon/Effect]$$$$$6$2300$1600$$$$When this card is Pendulum Summoned: You can target 1 card on the field; return it to the hand. You can only use this effect of "Aether, the Empowering Dragon" once per turn.$$$Activates upon Pendulum Summon/Returns from field to hand$Trigger/Condition$
55969226$Blue Dragon Summoner$Unlimited$WIND$[Spellcaster/Effect]$$$$$4$1500$600$$$$If this card is sent from the field to the GY: You can add 1 Dragon, Warrior, or Spellcaster Normal Monster from your Deck to your hand.$Dragon/Warrior/Spellcaster/Normal Monster$$Activates from your Graveyard/Adds from Deck to hand$Trigger$
39389320$Battleguard King$Unlimited$EARTH$[Warrior/Effect]$$$$$8$3000$1100$$$$Once per turn: You can Tribute any number of Warrior-Type monsters, except this card; for each Tributed monster, this card gains 1 additional attack during each Battle Phase this turn.$Warrior$$Tributes for cost$Ignition$
58369990$Doomstar Magician$Unlimited$DARK$[Spellcaster/Effect]$$$$$4$1800$300$$$$Once per turn: You can discard 1 card, then target 1 card in either player's Pendulum Zone; destroy that card, and if you do, draw 1 card.$$$Discards for cost/You draw cards$Ignition$
53129443$Dark Hole$Unlimited$SPELL$$$$$$$$$$$$Destroy all monsters on the field.$$$$Effect$
34016756$Riryoku$Unlimited$SPELL$$$$$$$$$$$$Target 2 face-up monsters on the field; halve the ATK of 1 monster, and if you do, add that lost ATK to the other monster. These effects last until the end of this turn.$$$$Effect/Condition$
58775978$Nightmare's Steelcage$Unlimited$SPELL$$$$$$$$$$$$This card remains on the field for 2 of your opponent's turns. While this card is face-up on the field, no monsters can attack.$$$$Condition/Continuous-like$
67775894$Wonder Wand$Unlimited$SPELL$$$$$$$$$Equip$$$Equip only to a Spellcaster monster. It gains 500 ATK. If you control the equipped monster and this card: You can send both to the GY; draw 2 cards.$Spellcaster$$Sends from field to Graveyard for cost/Sends itself from field to Graveyard for cost/You draw cards$Condition/Continuous-like/Ignition-like$
88610708$Bashing Shield$Unlimited$SPELL$$$$$$$$$Equip$$$Equip only to a Normal Summoned/Set monster. It gains 1000 ATK. You take no battle damage from attacks involving it.$$$$Condition/Continuous-like$
44095762$Mirror Force$Unlimited$TRAP$$$$$$$$$$$$When an opponent's monster declares an attack: Destroy all your opponent's Attack Position monsters.$$$Activates upon attack declaration$Activation requirement/Effect$
37576645$Reckless Greed$Unlimited$TRAP$$$$$$$$$$$$Draw 2 cards and skip your next 2 Draw Phases.$$$You draw cards/Skips Draw Phase$Effect$
24268052$Defense Draw$Unlimited$TRAP$$$$$$$$$$$$During your opponent's turn, at damage calculation: Make the battle damage you take from this battle 0, and if you do, draw 1 card.$$$You draw cards$Activation requirement/Effect$
25005816$Inspiration$Unlimited$TRAP$$$$$$$$$$$$Target 1 face-up monster you control; it gains 700 ATK until the end of this turn.$$$$Effect$
