Passcode$Name$Status$Attribute$type$link$link_arrows$rank$pendulum_scale$level$attack$defense$spell_attribute$summoning_condition$pendulum_condition$card_text$card_supports$card_anti_supports$card_actions$effect_types$
91691605$Destiny HERO - Drilldark$Unlimited$DARK$[Warrior/Effect]$$$$$4$1600$1200$$$$If this card is Normal or Special Summoned: You can Special Summon 1 "Destiny HERO" monster from your hand with ATK less than or equal to this card's ATK on the field. You can only use this effect of "Destiny HERO - Drilldark" once per turn. If this card attacks a Defense Position monster, inflict piercing battle damage to your opponent.$Supports archetypes /Destiny HERO$$Activates upon Normal Summon/Activates upon Special Summon$Trigger/Condition/Continuous$
37780349$Destiny HERO - Dynatag$Unlimited$DARK$[Warrior/Effect]$$$$$5$1000$1000$$$$During damage calculation, when you would take battle damage (Quick Effect): You can discard this card; make yourself take no battle damage from that battle, and if you do, each player takes 1000 damage. You can banish this card from your GY, then target 1 "Destiny HERO" monster you control; it gains 1000 ATK until the end of your opponent's next turn.$Supports archetypes /Destiny HERO$$Discards itself for cost/Activates from your hand/Activates from your Graveyard$Quick/Ignition$
64184058$Destiny HERO - Decider$Unlimited$DARK$[Warrior/Effect]$$$$$4$1600$1000$$$$Level 6 or higher monsters your opponent controls cannot target this card for attacks. You can only use each of the following effects of "Destiny HERO - Decider" once per Duel.●If this card is Normal or Special Summoned: You can add 1 "HERO" monster from your GY to your hand during the End Phase of this turn.●When a card or effect is activated that would inflict damage to you, while this card is in your GY (Quick Effect): Return this card to your hand, and if you do, make that effect damage to you 0.$Supports archetypes /HERO$$Activates upon Normal Summon/Activates upon Special Summon/Adds from Deck to hand/Activates from your Graveyard/Adds from Graveyard to hand$Continuous/Condition/Trigger/Quick$
90579153$Destiny HERO - Dystopia$Unlimited$DARK$[Warrior/Fusion/Effect]$$$$$8$2800$2400$$2 "Destiny HERO" monsters$$If this card is Special Summoned: You can target 1 Level 4 or lower "Destiny HERO" monster in your GY; inflict damage to your opponent equal to that target's ATK. If this card's current ATK is different from its original ATK (except during the Damage Step) (Quick Effect): You can target 1 card on the field; destroy it, and if you do, this card's ATK becomes equal to this card's original ATK. You can only use each effect of "Destiny HERO - Dystopia" once per turn.$Supports archetypes /Destiny HERO$$$Trigger/Quick/Condition$
26964762$Destiny HERO - Dark Angel$Unlimited$DARK$[Warrior/Effect]$$$$$1$0$0$$$$If you have 3 or more "Destiny HERO" monsters in your GY: You can discard this card, then target 1 "Destiny HERO" monster in your GY; Special Summon it to your opponent's field in Defense Position. When a Spell Card or effect you activate resolves, negate that effect, and if you do, or if it did not have an effect, destroy that card. During your Standby Phase: You can banish this card and 1 "Destiny HERO" monster from your GY; each player chooses 1 Normal Spell from their Deck, and places it on top of their Deck.$Supports archetypes /Destiny HERO$$Activates from your hand/Discards itself for cost/Activates from your Graveyard/Changes your Deck order/Changes your opponent's Deck order/Places cards from your Deck on the top of the Deck/Places cards from the opponent's Deck on the top of the Deck$Ignition/Continuous/Trigger$
63362460$Destiny HERO - Celestial$Unlimited$DARK$[Warrior/Effect]$$$$$4$1600$1400$$$$When this card declares an attack: You can target 1 face-up Spell your opponent controls; destroy it, and if you do, inflict 500 damage to your opponent. While you have no cards in your hand, except the turn this card was sent to the GY: You can banish this card and 1 "Destiny HERO" monster from your GY; draw 2 cards. You can only use this effect of "Destiny HERO - Celestial" once per turn.$Supports archetypes /Destiny HERO$$Activates upon attack declaration/Activates from your Graveyard/You draw cards$Trigger/Ignition/Condition$
99357565$D Cubed$Unlimited$DARK$[Machine/Effect]$$$$$1$0$0$$$$If this card is Normal Summoned: It is also treated as a "Destiny HERO" monster while face-up on the field. You can only use each of the following effects of "D Cubed" once per turn.●You can discard up to 2 cards; Special Summon "D Cubed" from your hand, Deck, and/or GY, equal to the number discarded, also for the rest of this turn, you cannot Normal or Special Summon other monsters, except "Destiny HERO" monsters.●If this card is destroyed by battle or card effect: You can send 1 "Destiny HERO" monster from your Deck to the GY.$Supports archetypes /Destiny HERO$$Activates upon Normal Summon/Discards for cost/Activates from your Graveyard/Sends from your Deck to your Graveyard$Trigger/Condition/Ignition$
26841274$D-Fusion$Unlimited$TRAP$$$$$$$$$$$$Fusion Summon 1 Fusion Monster from your Extra Deck, using monsters you control as Fusion Material, and if you do, it cannot be destroyed by battle or card effects this turn. Only "Destiny HERO" monsters can be used as Fusion Material for a Fusion Summon using this card's effect.$Supports archetypes /Destiny HERO$$Uses cards on the player's field as Fusion Materials$Effect/Condition$
13093792$Destiny HERO - Diamond Dude$Unlimited$DARK$[Warrior/Effect]$$$$$4$1400$1600$$$$Once per turn: You can excavate the top card of your Deck, and if it is a Normal Spell, send it to the GY, otherwise place it on the bottom of your Deck. During the Main Phase of your next turn, you can activate the effect of that Spell in your GY (even if you no longer control this face-up card).$Normal Spell Card$$Excavates from the player's Deck/Sends excavated cards to the Graveyard/Sends from the top of your Deck to your Graveyard/Changes your Deck order/Places excavated cards on the bottom of the Deck/Places cards from the Deck on the bottom of the Deck$Ignition/Condition$
09411399$Destiny HERO - Malicious$Semi-Limited$DARK$[Warrior/Effect]$$$$$6$800$800$$$$You can banish this card from your GY; Special Summon 1 "Destiny HERO - Malicious" from your Deck.$$$Activates from your Graveyard$Ignition$
17132130$Destiny HERO - Dogma$Unlimited$DARK$[Warrior/Effect]$$$$$8$3400$2400$$$$Cannot be Normal Summoned/Set. Must be Special Summoned (from your hand) by Tributing 3 monsters, including at least 1 "Destiny HERO" monster. Once per turn, if you still control this face-up card during your opponent's next Standby Phase after you Special Summoned it this way: Halve your opponent's LP.$Supports archetypes /Destiny HERO$$Tributes for cost$Summon/Trigger$
83965310$Destiny HERO - Plasma$Unlimited$DARK$[Warrior/Effect]$$$$$8$1900$600$$$$Cannot be Normal Summoned/Set. Must be Special Summoned (from your hand) by Tributing 3 monsters. Negate the effects of face-up monsters while your opponent controls them. Once per turn: You can target 1 monster your opponent controls; equip that target to this card (max. 1). Gains ATK equal to half the original ATK of the monster equipped to it by this effect.$$$Tributes for cost/Equips monsters from the opponent's field to itself$Summon/Continuous/Ignition$
76263644$Destiny End Dragoon$Unlimited$DARK$[Warrior/Fusion/Effect]$$$$$10$3000$3000$$"Destiny HERO - Plasma" + "Destiny HERO - Dogma"$$A Fusion Summon of this card can only be done with the above Fusion Materials. Once per turn: You can target 1 monster your opponent controls; destroy that target, and if it was face-up, inflict damage to your opponent equal to the ATK it had on the field. You cannot conduct your Battle Phase the turn you activate this effect. Once per turn, during your Standby Phase, if this card is in your GY: You can banish 1 "Destiny HERO" card from your GY; Special Summon this card.$Supports archetypes /Destiny HERO$$Cannot conduct Battle Phase/Activates from your Graveyard$Summon/Ignition/Trigger$
45809008$Destiny Draw$Unlimited$SPELL$$$$$$$$$$$$Discard 1 "Destiny HERO" card; draw 2 cards.$Supports archetypes /Destiny HERO$$You draw cards/Discards for cost$Cost/Effect$
72204747$Over Destiny$Unlimited$SPELL$$$$$$$$$$$$Target 1 "Destiny HERO" monster in your GY; Special Summon 1 "Destiny HERO" monster from your Deck whose Level is less than or equal to half of that target's Level, but destroy it during the End Phase of this turn.$Supports archetypes /Destiny HERO$$$Effect$
52240819$Abyss Actor - Evil Heel$Unlimited$DARK$[Fiend/Pendulum/Effect]$$$$1$8$3000$2000$$$Once per turn: You can Tribute 1 "Abyss Actor" monster, then target 1 face-up monster your opponent controls; it loses ATK equal to the original ATK of the Tributed monster, until the end of this turn (even if this card leaves the field).$If this card is Normal or Special Summoned: You can target 1 face-up monster your opponent controls; it loses 1000 ATK for each "Abyss Actor" monster you currently control, until the end of this turn. When this card destroys an opponent's monster by battle: You can target 1 "Abyss Script" Spell Card in your Graveyard; Set that card.$Supports archetypes /Abyss Actor/Abyss Script$$Activates upon Normal Summon/Activates upon Special Summon/Tributes for cost/Sets from your Graveyard$Pendulum Effect /Ignition-like/Monster Effect/Trigger$
99634927$Abyss Actor - Funky Comedian$Unlimited$DARK$[Fiend/Pendulum/Effect]$$$$8$1$300$200$$$Once per turn: You can Tribute 1 "Abyss Actor" monster, then target 1 "Abyss Actor" monster you control; it gains ATK equal to the original ATK of the Tributed monster, until the end of this turn (even if this card leaves the field).$If this card is Normal or Special Summoned: You can make this card gain 300 ATK for each "Abyss Actor" monster you currently control, until the end of this turn. You can target 1 other "Abyss Actor" monster you control; it gains ATK equal to this card's current ATK, until the end of this turn. This card cannot attack the turn this effect is activated. You can only use this effect of "Abyss Actor - Funky Comedian" once per turn.$Supports archetypes /Abyss Actor$$Activates upon Normal Summon/Activates upon Special Summon/Tributes for cost$Pendulum Effect /Ignition-like/Monster Effect/Trigger/Ignition/Condition$
25629622$Abyss Actor - Superstar$Unlimited$DARK$[Fiend/Pendulum/Effect]$$$$3$7$2500$1800$$$Once per turn: You can Tribute 1 "Abyss Actor" monster, then target 1 "Abyss Script" Spell in your GY; add it to your hand.$When Normal or Special Summoned, your opponent's Spell/Trap Cards and effects cannot be activated. Once per turn: You can Set 1 "Abyss Script" Spell directly from your Deck, but it is sent to the GY during the End Phase.$Supports archetypes /Abyss Actor/Abyss Script$$Tributes for cost/Adds from Graveyard to hand/Sets from your Deck/Sends from your field to your Graveyard$Pendulum Effect /Ignition-like/Monster Effect/Continuous/Ignition$
51028231$Abyss Actor - Sassy Rookie$Unlimited$DARK$[Fiend/Pendulum/Effect]$$$$2$4$1700$1000$$$If an "Abyss Actor" monster(s) you control would be destroyed by battle or an opponent's card effect, you can destroy this card instead.$The first time this card would be destroyed by battle or card effect each turn, it is not destroyed. If this card is destroyed by battle, or if this card in its owner's Monster Zone is destroyed by an opponent's card effect: You can Special Summon 1 Level 4 or lower "Abyss Actor" monster from your Deck, except "Abyss Actor - Sassy Rookie". If this card in the Pendulum Zone is destroyed: You can target 1 Level 4 or lower monster your opponent controls; destroy it.$Supports archetypes /Abyss Actor$$Activates from your Extra Deck$Pendulum Effect /Continuous-like/Monster Effect/Continuous/Trigger$
88412339$Abyss Actor - Extras$Unlimited$DARK$[Fiend/Pendulum/Effect]$$$$3$1$100$100$$$If your opponent controls a monster: You can Special Summon this card from your Pendulum Zone. You can only use this effect of "Abyss Actor - Extras" once per turn.$You can Tribute this card; place 1 "Abyss Actor" Pendulum Monster from your Deck in your Pendulum Zone, also for the rest of this turn, you cannot Special Summon monsters, except "Abyss Actor" monsters, nor activate the Pendulum Effect of "Abyss Actor - Extras". You can only use this effect of "Abyss Actor - Extras" once per turn.$Supports archetypes /Abyss Actor$$Tributes itself for cost/Places from Deck to Pendulum Zone$Pendulum Effect /Ignition-like/Condition/Monster Effect/Ignition$
24907044$Abyss Actor - Leading Lady$Unlimited$DARK$[Fiend/Pendulum/Effect]$$$$2$4$1500$1000$$$Once per turn, when you take battle damage from an opponent's attacking monster: You can activate 1 of these effects;●That opponent's monster loses ATK equal to the damage you took (even if this card leaves the field).●Add 1 face-up "Abyss Actor" Pendulum Monster from your Extra Deck to your hand with ATK less than or equal to the damage you took.$Once per turn, when battle damage is inflicted: You can target 1 face-up monster your opponent controls; it loses ATK equal to that battle damage. When this card is destroyed by battle, or if this card in its owner's Monster Zone is destroyed by an opponent's card effect: You can Set 1 "Abyss Script" Spell directly from your Deck.$Supports archetypes /Abyss Actor/Abyss Script$$Adds from Extra Deck to hand/Activates if destroyed by battle/Activates if destroyed by card effect/Sets from your Deck$Pendulum Effect /Trigger-like/Monster Effect/Trigger$
51391183$Abyss Actor - Wild Hope$Unlimited$DARK$[Fiend/Pendulum/Effect]$$$$2$4$1600$1200$$$Once per turn: You can target 1 "Abyss Actor" card in your other Pendulum Zone; its Pendulum Scale becomes 9 until the end of this turn, also you cannot Special Summon monsters for the rest of this turn, except "Abyss Actor" monsters (even if this card leaves the field).$Once per turn: You can make this card gain 100 ATK for each "Abyss Actor" monster you currently control with different names, until the end of this turn. If this card is destroyed by battle or card effect: You can add 1 "Abyss Actor" card from your Deck to your hand, except "Abyss Actor - Wild Hope". You can only use this effect of "Abyss Actor - Wild Hope" once per turn.$Supports archetypes /Abyss Actor$$Activates if other Pendulum Zone is occupied by specific card/Activates from your Extra Deck/Adds from Deck to hand$Pendulum Effect /Ignition-like/Monster Effect/Ignition/Trigger/Condition$
87390798$Abyss Script - Fantasy Magic$Unlimited$SPELL$$$$$$$$$$$$Target 1 "Abyss Actor" monster you control; this turn, every monster that battles it, but is not destroyed, returns to the hand at the end of the Damage Step. If this Set card in its owner's control is destroyed by an opponent's card effect, and you have a face-up "Abyss Actor" Pendulum Monster in your Extra Deck: You can target 1 card your opponent controls; place it on top of the Deck.$Supports archetypes /Abyss Actor$$Returns from your opponent's field to your opponent's hand/Activates if destroyed while Set/Activates from your Graveyard/Returns from your opponent's field to your opponent's Deck$Effect/Trigger-like$
23784496$Abyss Script - Opening Ceremony$Unlimited$SPELL$$$$$$$$$$$$Gain 500 LP for each "Abyss Actor" monster you control. If this Set card in its owner's control is destroyed by an opponent's card effect, and you have a face-up "Abyss Actor" Pendulum Monster in your Extra Deck: You can draw until you have 5 cards in your hand. You can only use each effect of "Abyss Script - Opening Ceremony" once per turn.$Supports archetypes /Abyss Actor$$Activates if destroyed while Set/Activates from your Graveyard/You draw cards$Effect/Trigger-like/Condition$
50179591$Abyss Script - Fire Dragon's Lair$Unlimited$SPELL$$$$$$$$$$$$Target 1 "Abyss Actor" monster you control; if it destroys your opponent's monster by battle this turn, your opponent banishes 3 monsters from their Extra Deck (their choice). If this Set card in its owner's control is destroyed by an opponent's card effect, and you have a face-up "Abyss Actor" Pendulum Monster in your Extra Deck: You can look at your opponent's Extra Deck, also banish 1 monster from their Extra Deck. You can only use this effect of "Abyss Script - Fire Dragon's Lair" once per turn.$Supports archetypes /Abyss Actor$$Activates if destroyed while Set/Activates from your Graveyard/Reveals your opponent's Extra Deck$Effect/Trigger-like/Condition$
86578200$Abyss Prop - Wild Wagon$Unlimited$SPELL$$$$$$$$$Continuous$$$The first time each "Abyss Actor" monster you control would be destroyed by battle each turn, it is not destroyed. Once per turn: You can target 1 "Abyss Actor" monster you control; your opponent cannot target it with card effects until the end of their turn (even if this card leaves the field). If this Set card in its owner's control is destroyed by an opponent's card effect, and you have a face-up "Abyss Actor" Pendulum Monster in your Extra Deck: You can return all cards your opponent controls to the hand.$Supports archetypes /Abyss Actor$$Activates from your Graveyard/Returns from your opponent's field to your opponent's hand$Continuous-like/Ignition-like/Trigger-like$
13662809$Abyss Script - Rise of the Abyss King$Unlimited$SPELL$$$$$$$$$$$$Target face-up cards on the field, up to the number of Attack Position "Abyss Actor" monsters with different names you control; destroy them. If you control a Level 7 or higher "Abyss Actor" monster, your opponent cannot activate cards or effects in response to this card's activation. If this Set card in its owner's control is destroyed by an opponent's card effect, and you have a face-up "Abyss Actor" Pendulum Monster in your Extra Deck: You can add up to 2 "Abyss Actor" cards and/or "Abyss Script" Spells with different names from your Deck to your hand.$Supports archetypes /Abyss Actor/Abyss Script$$Activates if destroyed while Set/Activates from your Graveyard/Adds from Deck to hand$Effect/Condition/Trigger-like$
59057953$Abyss Actors Back Stage$Unlimited$TRAP$$$$$$$$$$$$If you have 2 "Abyss Actor" cards in your Pendulum Zones: Add 2 "Abyss Actor" Pendulum Monsters with different names from your Deck to your Extra Deck face-up. You can only activate 1 "Abyss Actors Back Stage" per turn.$Supports archetypes /Abyss Actor$$Adds from Deck to Extra Deck$Activation requirement/Effect/Condition$
25451652$Darklord Morningstar$Unlimited$DARK$[Fairy/Effect]$$$$$11$3000$3000$$$$Cannot be Special Summoned. If this card is Tribute Summoned: You can Special Summon "Darklord" monsters from your hand and/or Deck, up to the number of Effect Monsters your opponent controls. While you control another "Darklord" monster, your opponent cannot target this card with card effects. Once per turn: You can send cards from the top of your Deck to the GY, equal to the number of "Darklord" monsters on the field, and if you do, gain 500 LP for each "Darklord" card sent to the GY by this effect.$Supports archetypes /Darklord$$Activates upon Tribute Summon/Sends from the top of your Deck to your Graveyard$Summon/Trigger/Continuous/Ignition$
52840267$Darklord Ixchel$Unlimited$DARK$[Fairy/Effect]$$$$$10$2500$2900$$$$You can discard this card and 1 "Darklord" card; draw 2 cards. (Quick Effect): You can pay 1000 LP, then target 1 "Darklord" Spell/Trap in your GY; apply that target's effect, then shuffle that target into the Deck. You can only use each effect of "Darklord Ixchel" once per turn. You can only Special Summon "Darklord Ixchel(s)" once per turn.$Supports archetypes /Darklord$$Activates from your hand/Discards itself for cost/Discards for cost/You draw cards/Resolves as another card's effect/Returns from Graveyard to Deck$Ignition/Quick/Condition$
88234365$Darklord Tezcatlipoca$Unlimited$DARK$[Fairy/Effect]$$$$$9$2800$2100$$$$If a "Darklord" monster(s) you control would be destroyed by battle or card effect, you can discard this card instead. During either player's turn: You can pay 1000 LP, then target 1 "Darklord" Spell/Trap Card in your Graveyard; apply that target's effect, then shuffle that target into the Deck. You can only use this effect of "Darklord Tezcatlipoca" once per turn. You can only Special Summon "Darklord Tezcatlipoca(s)" once per turn.$Supports archetypes /Darklord$$Discards itself/Resolves as another card's effect/Returns from your Graveyard to your Deck$Unclassified/Quick/Condition$
25339070$Darklord Nasten$Unlimited$DARK$[Fairy/Effect]$$$$$7$2600$2600$$$$You can discard 2 other "Darklord" cards; Special Summon this card from your hand. (Quick Effect): You can pay 1000 LP, then target 1 "Darklord" Spell/Trap in your GY; apply that target's effect, then shuffle that target into the Deck. You can only use this effect of "Darklord Nasten" once per turn. You can only Special Summon "Darklord Nasten(s)" once per turn.$Supports archetypes /Darklord$$Activates from your hand/Discards for cost/Resolves as another card's effect/Returns from Graveyard to Deck$Ignition/Quick/Condition$
51728779$Darklord Amdusc$Unlimited$DARK$[Fairy/Effect]$$$$$6$1800$2800$$$$You can discard this card and 1 "Darklord" card, then target 1 "Darklord" card in your Graveyard; add it to your hand. During either player's turn: You can pay 1000 LP, then target 1 "Darklord" Spell/Trap Card in your Graveyard; apply that target's effect, then shuffle that target into the Deck. You can only use each effect of "Darklord Amdusc" once per turn. You can only Special Summon "Darklord Amdusc(s)" once per turn.$Supports archetypes /Darklord$$Discards for cost/Discards itself for cost/Adds from Graveyard to hand/Returns from Graveyard to Deck/Resolves as another card's effect$Ignition/Quick/Condition$
87112784$Banishment of the Darklords$Unlimited$SPELL$$$$$$$$$$$$Add 1 "Darklord" card from your Deck to your hand, except "Banishment of the Darklords". You can only activate 1 "Banishment of the Darklords" per turn.$Supports archetypes /Darklord$$Adds from Deck to hand$Effect/Condition$
14517422$Darklord Contact$Unlimited$SPELL$$$$$$$$$$$$Special Summon 1 "Darklord" monster from your GY in Defense Position. You can only activate 1 "Darklord Contact" per turn.$Supports archetypes /Darklord$$$Effect/Condition$
50501121$Darklord Rebellion$Unlimited$TRAP$$$$$$$$$$$$Send 1 "Darklord" monster from your hand or face-up field to the GY; destroy 1 card on the field. You can only activate 1 "Darklord Rebellion" per turn.$Supports archetypes /Darklord$$Sends from hand to Graveyard for cost/Sends from field to Graveyard for cost$Cost/Effect/Condition$
87990236$Darklord Enchantment$Unlimited$TRAP$$$$$$$$$$$$Send 1 "Darklord" monster from your hand or face-up field to the GY; take control of 1 face-up monster your opponent controls until the End Phase. You can only activate 1 "Darklord Enchantment" per turn.$Supports archetypes /Darklord$$Sends from hand to Graveyard for cost/Sends from field to Graveyard for cost/Changes control$Cost/Effect/Condition$
85771019$Darklord Asmodeus$Unlimited$DARK$[Fairy/Effect]$$$$$8$3000$2500$$$$Cannot be Special Summoned from the Deck or Graveyard. Once per turn: You can send 1 Fairy-Type monster from your Deck to the Graveyard. If this card you control is destroyed and sent to your Graveyard: Special Summon 1 "Asmo Token" (Fairy-Type/DARK/Level 5/ATK 1800/DEF 1300) and 1 "Deus Token" (Fairy-Type/DARK/Level 3/ATK 1200/DEF 1200). "Asmo Token" cannot be destroyed by card effects. "Deus Token" cannot be destroyed by battle.$Fairy$$Sends from your Deck to your Graveyard/Activates from your Graveyard$Summon/Ignition/Trigger/Condition$
11260714$Darklord Superbia$Unlimited$DARK$[Fairy/Effect]$$$$$8$2900$2400$$$$When this card is Special Summoned from the Graveyard: You can target 1 Fairy-Type monster in your Graveyard, except "Darklord Superbia"; Special Summon that target.$Fairy$$Activates upon Special Summon$Trigger$
47664723$Darklord Edeh Arae$Unlimited$DARK$[Fairy/Effect]$$$$$5$2300$2000$$$$If this card is Special Summoned from the Graveyard, it gains this effect.●If this card attacks a Defense Position monster, inflict piercing battle damage to your opponent.$$$$Continuous$
40921744$Darklord Zerato$Unlimited$DARK$[Fairy/Effect]$$$$$8$2800$2300$$$$If you have 4 or more DARK monsters with different names in your Graveyard, you can Tribute Summon this card by Tributing 1 DARK monster. You can send 1 DARK monster from your hand to the Graveyard; destroy all monsters your opponent controls. Once per turn, during the End Phase, if this effect was activated this turn: Destroy this card.$DARK$$Sends from hand to Graveyard for cost$Summon/Ignition/Trigger$
53129443$Dark Hole$Unlimited$SPELL$$$$$$$$$$$$Destroy all monsters on the field.$$$$Effect$
46173679$Fires of Doomsday$Unlimited$SPELL$$$$$$$$$Quick-Play$$$Special Summon 2 "Doomsday Tokens" (Fiend/DARK/Level 1/ATK 0/DEF 0) in Defense Position. They cannot be Tributed for a Tribute Summon, unless it is for a DARK monster. You cannot Summon other monsters the turn you activate this card (but you can Normal Set).$DARK$$$Effect/Lingering/Condition$
01475311$Allure of Darkness$Unlimited$SPELL$$$$$$$$$$$$Draw 2 cards, then banish 1 DARK monster from your hand, or, if you do not have any in your hand, send your entire hand to the GY.$DARK$$You draw cards/Sends from hand to Graveyard$Effect$
31550470$Escape from the Dark Dimension$Unlimited$TRAP$$$$$$$$$Continuous$$$Target 1 of your banished DARK monsters; Special Summon that target. When this card leaves the field, destroy that target, and if you do, banish it. When that target is destroyed, destroy this card.$DARK$$$Effect/Continuous-like$
$Darklord Marie (Updated from: Marie the Fallen One)$$DARK$[Fiend/Effect]$$$$$5$1700$1200$$$$Once per turn, during your Standby Phase: You gain 200 LP. This card must be in the Graveyard to activate and to resolve this effect.$$$$$
82213171$Prometheus, King of the Shadows$Unlimited$DARK$[Fiend/Effect]$$$$$4$1200$800$$$$If this card is Normal Summoned: Banish 1 or more DARK monsters from your GY, and if you do, this card gains 400 ATK for each, until the end of this turn.$DARK$$Activates upon Normal Summon$Trigger$
$Darklord Nurse Reficule (Updated from: Nurse Reficule the Fallen One)$$DARK$[Fairy/Effect]$$$$$4$1400$600$$$$Any effect that would make your opponent gain LP inflicts the same amount of damage to them, instead.$$$$$
64379430$Doomsday Horror$Unlimited$DARK$[Fiend/Effect]$$$$$4$?$?$$$$This card's ATK and DEF are equal to the number of banished DARK monsters x 300. If this card is destroyed and sent to the Graveyard: Return all banished DARK monsters to the Graveyards.$DARK$$Activates from your Graveyard/Returns the player's banished cards to the Graveyard/Returns the opponent's banished cards to the Graveyard$Continuous/Trigger$
59509952$Archlord Kristya$Unlimited$LIGHT$[Fairy/Effect]$$$$$8$2800$2300$$$$If you have exactly 4 Fairy monsters in your GY, you can Special Summon this card (from your hand). If Summoned this way: Target 1 Fairy monster in your GY; add that target to your hand. Neither player can Special Summon monsters. If this face-up card would be sent from the field to the GY, place it on top of the Deck, instead.$Fairy$$Activates from your hand/Adds from Graveyard to hand/Returns itself from field to Deck/Returns to the Deck cards that would be sent to the Graveyard$Unclassified/Trigger/Continuous$
38120068$Trade-In$Unlimited$SPELL$$$$$$$$$$$$Discard 1 Level 8 monster; draw 2 cards.$$$Discards for cost/You discard/You draw cards$Cost/Effect$
90434926$Veil of Darkness$Unlimited$SPELL$$$$$$$$$Continuous$$$During your Draw Phase, if you draw a DARK monster(s): You can reveal any number of them; send them to the GY, then you can draw 1 more card.$DARK$$Reveals your hand for cost/Sends from hand to Graveyard for cost/Sends from your hand to your Graveyard/You draw cards$Trigger-like$
73680966$The Beginning of the End$Unlimited$SPELL$$$$$$$$$$$$If you have 7 or more DARK monsters in your GY: Banish 5 DARK monsters from your GY; draw 3 cards.$DARK$$You draw cards$Activation requirement/Cost/Effect$
00674561$Dark Eruption$Unlimited$SPELL$$$$$$$$$$$$Target 1 DARK monster with 1500 or less ATK in your GY; add that target to your hand.$DARK$$Adds from Graveyard to hand$Effect$
01353770$Valhalla, Hall of the Fallen$Unlimited$SPELL$$$$$$$$$Continuous$$$Once per turn: You can Special Summon 1 Fairy monster from your hand. You must control no monsters to activate and to resolve this effect.$Fairy$$$Ignition-like/Condition$
51630558$Advance Draw$Unlimited$SPELL$$$$$$$$$$$$Tribute 1 face-up Level 8 or higher monster you control; draw 2 cards.$$$Tributes for cost/You draw cards$Cost/Effect$
41722932$Dark Mambele$Unlimited$SPELL$$$$$$$$$$$$If you control 3 or more DARK monsters: Target 1 face-up card on the field; banish that target.$DARK$$$Activation requirement/Effect$
78811937$Creeping Darkness$Unlimited$SPELL$$$$$$$$$$$$Banish 2 DARK monsters from your GY; add 1 Level 4 DARK monster from your Deck to your hand.$DARK$$Adds from Deck to hand$Cost/Effect$
35464895$Destiny Signal$Unlimited$TRAP$$$$$$$$$$$$When a monster you control is destroyed by battle and sent to the GY: Special Summon 1 Level 4 or lower "Destiny HERO" monster from your hand or Deck.$Supports archetypes /Destiny HERO$$$Activation requirement/Effect$
05562461$Dark Illusion$Unlimited$TRAP$$$$$$$$$Counter$$$When a Spell/Trap Card, or monster effect, is activated that targets a DARK monster on the field: Negate the activation, and if you do, destroy that card.$DARK$$$Activation requirement/Effect$
