Passcode$Name$Status$Attribute$type$link$link_arrows$rank$pendulum_scale$level$attack$defense$spell_attribute$summoning_condition$pendulum_condition$card_text$card_supports$card_anti_supports$card_actions$effect_types$
93124273$Samurai Cavalry of Reptier$Unlimited$EARTH$[Dinosaur/Pendulum/Effect]$$$$3$4$1800$1200$$$$At the start of the Damage Step, if this card attacks an opponent's face-up monster that is not a Pendulum Monster: You can destroy that monster.$$$$Trigger$
15978426$Performapal Secondonkey$Unlimited$EARTH$[Beast/Effect]$$$$$4$1000$2000$$$$When this card is Normal or Special Summoned: You can send 1 "Performapal" monster from your Deck to the Graveyard, except "Performapal Secondonkey". If you have 2 cards in your Pendulum Zones, you can add it to your hand instead.$Supports archetypes /Performapal$$Activates upon Normal Summon/Activates upon Special Summon/Sends from your Deck to your Graveyard/Adds from Deck to hand$Trigger$
52963531$Performapal Splashmammoth$Unlimited$WATER$[Beast/Pendulum/Effect]$$$$4$6$1900$2300$$$Once per turn, when a Fusion Monster(s) is Special Summoned to your side of the field (except during the Damage Step): You can Special Summon 1 face-up "Odd-Eyes" Pendulum Monster from your Extra Deck.$During your Main Phase: You can Fusion Summon 1 Dragon-Type Fusion Monster from your Extra Deck, using monsters you control as Fusion Materials. You can only use this effect of "Performapal Splashmammoth" once per Duel.$Supports archetypes /Odd-Eyes$$Activates upon Special Summon/Sends from your field to your Graveyard/Uses cards on the player's field as Fusion Materials$Pendulum Effect /Trigger-like/Monster Effect/Ignition/Condition$
88358139$Performapal Helpprincess$Unlimited$DARK$[Warrior/Effect]$$$$$4$1200$1200$$$$When you Normal or Special Summon a "Performapal" monster(s), except "Performapal Helpprincess" (except during the Damage Step): You can Special Summon this card from your hand.$Supports archetypes /Performapal$$$Trigger$
14756848$Superheavy Samurai Thief$Unlimited$EARTH$[Machine/Effect]$$$$$10$1000$1000$$$$If you have no Spell/Trap Cards in your Graveyard, you can Special Summon this card (from your hand). After this card was Special Summoned this way, you cannot Special Summon monsters for the rest of this turn, except "Superheavy Samurai" monsters. You can Tribute this card, then activate 1 of these effects;●Destroy 1 card in your opponent's Spell & Trap Zone, then you can Set the destroyed Spell/Trap Card on your side of the field.●Destroy 1 card in your opponent's Pendulum Zone, then you can place the destroyed card in your Pendulum Zone.$Supports archetypes /Superheavy Samurai$Pendulum Monster$Tributes itself for cost/Exchanges cards/Sets from your opponent's Graveyard$Summon/Unclassified/Ignition$
41141943$Superheavy Samurai Transporter$Unlimited$EARTH$[Machine/Effect]$$$$$5$1200$1800$$$$If you have no Spell/Trap Cards in your Graveyard, you can Special Summon this card (from your hand). After this card was Special Summoned this way, you cannot Special Summon monsters for the rest of this turn, except "Superheavy Samurai" monsters. If you have no Spell/Trap Cards in your Graveyard: You can Tribute this card; Special Summon up to 2 monsters from your hand to your opponent's side of the field in Defense Position, then draw cards equal to the number of monsters Special Summoned by this effect. You can only use this effect of "Superheavy Samurai Transporter" once per turn.$Supports archetypes /Superheavy Samurai$$Tributes for cost/You draw cards$Summon/Unclassified/Ignition/Condition$
87535691$Superheavy Samurai Drum$Unlimited$EARTH$[Machine/Tuner/Effect]$$$$$1$300$300$$$$If this card on the field is destroyed and sent to the Graveyard: You can target 1 "Superheavy Samurai" monster in your Graveyard, except "Superheavy Samurai Drum"; Special Summon it. You can only use this effect of "Superheavy Samurai Drum" once per turn.$Supports archetypes /Superheavy Samurai$$Activates from your Graveyard$Trigger/Condition$
14624296$Superheavy Samurai Soulhorns$Unlimited$EARTH$[Machine/Effect]$$$$$1$0$300$$$$You can target 1 "Superheavy Samurai" monster you control; equip this monster from your hand or your side of the field to that target. It can make a second attack during each Battle Phase. While this card is equipped to a monster by this card's effect: You can Special Summon this card. You can only use this effect of "Superheavy Samurai Soulhorns" once per turn.$Supports archetypes /Superheavy Samurai$$Activates from your hand/Equips self from hand/Equips self from field/Activates from your Graveyard$Ignition/Continuous-like/Ignition-like/Condition$
40028305$Superheavy Samurai Soulclaw$Unlimited$EARTH$[Machine/Effect]$$$$$2$500$500$$$$You can target 1 "Superheavy Samurai" monster you control; equip this monster from your hand or your side of the field to that target. It gains 500 ATK and DEF, also it cannot be destroyed by battle. While this card is equipped to a monster by this card's effect: You can Special Summon this card. You can only use this effect of "Superheavy Samurai Soulclaw" once per turn.$Supports archetypes /Superheavy Samurai$$Activates from your hand/Equips self from hand/Equips self from field$Ignition/Continuous-like/Ignition-like/Condition$
72413000$Fluffal Wings$Unlimited$LIGHT$[Fairy/Effect]$$$$$1$100$100$$$$If this card is in your Graveyard and you control "Toy Vendor": You can banish this card from your Graveyard, then target 1 "Fluffal" monster in your Graveyard; banish it, and if you do, draw 1 card, then you can send 1 "Toy Vendor" you control to the Graveyard, and if you do, draw 1 card. You can only use this effect of "Fluffal Wings" once per turn.$Supports archetypes /Fluffal$$Activates from your Graveyard/You draw cards/Sends from your field to your Graveyard$Ignition/Condition$
19808608$D/D Berfomet$Unlimited$DARK$[Fiend/Effect]$$$$$4$1400$1800$$$$Once per turn: You can target 1 "D/D" monster you control that has a Level, except "D/D Berfomet", and declare a Level from 1 to 8; it becomes that Level until the end of this turn, also you cannot Special Summon monsters for the rest of this turn, except "D/D" monsters.$Supports archetypes /D/D$$Declares a Level$Ignition$
45206713$D/D Swirl Slime$Unlimited$DARK$[Fiend/Effect]$$$$$2$200$200$$$$If this card is in your hand: You can Fusion Summon 1 "D/D/D" Fusion Monster from your Extra Deck, using monsters from your hand as Fusion Materials, including this card. You can banish this card from your GY; Special Summon 1 "D/D" monster from your hand. You can only use each effect of "D/D Swirl Slime" once per turn.$Supports archetypes /D/D/D/D/D$$Activates from your hand/Uses cards in the hand as Fusion Materials/Uses itself as a Fusion Material/Activates from your Graveyard$Ignition/Condition$
72291412$D/D Necro Slime$Unlimited$DARK$[Fiend/Effect]$$$$$1$300$300$$$$If this card is in your GY: You can Fusion Summon 1 "D/D/D" Fusion Monster from your Extra Deck, by banishing Fusion Materials mentioned on it from your GY, including this card. You can only use this effect of "D/D Necro Slime" once per turn.$Supports archetypes /D/D/D$$Activates from your Graveyard/Uses cards in the player's Graveyard as Fusion Materials/Uses itself as a Fusion Material$Ignition/Condition$
08785161$Raidraptor - Wild Vulture$Unlimited$DARK$[Winged Beast/Effect]$$$$$6$1600$2000$$$$During your Main Phase, if this card was Normal or Special Summoned this turn: You can Tribute this card; Special Summon 2 "Raidraptor" monsters from your hand and/or Graveyard whose total Levels equal 6.$Supports archetypes /Raidraptor$$Tributes itself for cost$Ignition$
45184165$Raidraptor - Skull Eagle$Unlimited$DARK$[Winged Beast/Effect]$$$$$3$1000$500$$$$If this card is detached from an Xyz Monster and sent to the Graveyard to activate that monster's effect: You can banish this card from your Graveyard, then target 1 "Raidraptor" card in your Graveyard; add it to your hand. You can only use this effect of "Raidraptor - Skull Eagle" once per turn. An Xyz Monster that was Summoned using this card on the field as Xyz Material gains this effect.●If it is Xyz Summoned: It gains 300 ATK.$Supports archetypes /Raidraptor$$Activates from your Graveyard/Adds from Deck to hand/Grants effect as Xyz Material/Activates upon Xyz Summon$Trigger/Condition/Unclassified$
71578874$Performage Mirror Conductor$Unlimited$LIGHT$[Spellcaster/Pendulum/Effect]$$$$3$4$600$1400$$$Once per turn: You can target 1 face-up Special Summoned monster on the field; its ATK and DEF become equal to its current ATK or DEF (whichever is lower) until the end of this turn (even if this card leaves the field).$Once per turn, during either player's turn: You can target 1 face-up monster on the field; switch its current ATK and DEF, then take 500 damage. This ATK and DEF change lasts until the end of this turn.$$$$Pendulum Effect /Ignition-like/Monster Effect/Quick$
07563579$Performage Plushfire$Forbidden(OCG)$FIRE$[Spellcaster/Pendulum/Effect]$$$$5$4$1000$1000$$$If a "Performage" monster(s) you control is destroyed by battle or card effect: You can Special Summon this card from your Pendulum Zone, then take 500 damage. You can only use this effect of "Performage Plushfire" once per turn.$If this card on the field is destroyed by battle or card effect: You can Special Summon 1 "Performage" monster from your hand or Deck, except "Performage Plushfire".$Supports archetypes /Performage$$Activates from your Graveyard$Pendulum Effect /Trigger-like/Condition/Monster Effect/Trigger$
44968687$The Legendary Fisherman III$Unlimited$WATER$[Warrior/Effect]$$$$$7$2500$2000$$$$Cannot be Normal Summoned/Set. Must be Special Summoned (from your hand) by Tributing 1 "The Legendary Fisherman". When this card is Special Summoned: You can banish all monsters your opponent controls, also this card cannot attack this turn. Cannot be destroyed by battle or card effects, also unaffected by Spell/Trap effects. Once per turn: You can return as many of your opponent's banished cards as possible to their GY, and if you do, the first battle or effect damage your opponent takes this turn becomes doubled.$The Legendary Fisherman$$Activates upon Special Summon/Returns the opponent's banished cards to the Graveyard$Summon/Trigger/Continuous/Ignition$
70456282$Assault Blackwing - Kunai the Drizzle$Unlimited$DARK$[Winged Beast/Effect]$$$$$5$2100$1600$$$$You can Special Summon this card (from your hand) by Tributing 1 "Blackwing" monster. If Summoned this way, this card is treated as a Tuner monster. Once per turn: You can target 1 Synchro Monster you control, and declare a Level from 1 to 8; it becomes that Level until the end of this turn.$Supports archetypes /Blackwing$$Tributes for cost$Summon/Ignition$
07841921$Charging Gaia the Fierce Knight$Unlimited$LIGHT$[Warrior/Effect]$$$$$7$2300$2100$$$$You can Normal Summon this card without Tributing. If this card is Normal Summoned without Tributing, its original ATK becomes 1900. If this card is Tributed: You can add 1 "Black Luster Soldier" monster from your Deck to your hand. You can only use this effect of "Charging Gaia the Fierce Knight" once per turn.$Supports archetypes /Black Luster Soldier $$Activates from your Graveyard/Adds from Deck to hand/Activates if Tributed$Summon/Unclassified/Trigger/Condition$
33245030$Sphere Kuriboh$Unlimited$DARK$[Fiend/Effect]$$$$$1$300$200$$$$When an opponent's monster declares an attack: You can send this card from your hand to the GY; change the attacking monster to Defense Position. When you Ritual Summon, you can banish this card from your GY as 1 of the monsters required for the Ritual Summon.$Ritual Summon$$Activates upon attack declaration/Activates from your hand/Sends itself from hand to Graveyard for cost/Changes battle positions$Trigger/Unclassified$
79234734$Super Soldier Soul$Unlimited$EARTH$[Warrior/Effect]$$$$$1$0$0$$$$You can send 1 "Black Luster Soldier" monster from your hand to the Graveyard; until your opponent's next End Phase, this card's ATK becomes 3000, and this card's name becomes "Black Luster Soldier". You can banish this card from your Graveyard; add 1 "Beginning Knight" or "Evening Twilight Knight" from your Deck to your hand. You can only use each effect of "Super Soldier Soul" once per turn.$Supports archetypes /Black Luster Soldier $$Sends from hand to Graveyard for cost/Activates from your Graveyard$Ignition/Condition$
06628343$Beginning Knight$Unlimited$LIGHT$[Warrior/Effect]$$$$$4$500$2000$$$$A "Black Luster Soldier" monster Ritual Summoned using this card gains these effects. You can only use this effect of "Beginning Knight" once per turn.●Once per turn: You can target 1 monster your opponent controls; banish it.●When this card destroys an opponent's monster by battle and sends it to the Graveyard: You can activate this effect; this card can make a second attack in a row.If this card is banished from the Graveyard: You can add 1 Ritual Spell Card from your Deck to your hand. You can only use this effect of "Beginning Knight" once per turn.$Supports archetypes /Black Luster Soldier $$Grants effect when used for a Ritual Summon/Adds from Deck to hand$Unclassified/Condition/Ignition/Trigger$
32013448$Evening Twilight Knight$Unlimited$DARK$[Warrior/Effect]$$$$$4$500$2000$$$$A "Black Luster Soldier" monster Ritual Summoned using this card gains these effects. You can only use this effect of "Evening Twilight Knight" once per turn.●Once per turn: You can target 1 monster your opponent controls; banish it.●Once per turn: You can banish 1 random card from your opponent's hand face-down, until your opponent's next End Phase.If this card is banished from your Graveyard: You can add 1 Ritual Monster from your Deck to your hand. You can only use this effect of "Evening Twilight Knight" once per turn.$Supports archetypes /Black Luster Soldier $$Grants effect when used for a Ritual Summon/Adds from Deck to hand/Returns the opponent's banished cards to the hand$Unclassified/Condition/Ignition/Trigger$
69512157$Vector Pendulum, the Dracoverlord$Unlimited$DARK$[Dragon/Pendulum/Normal]$$$$3$4$1850$0$$$Negate all card effects in your opponent's Pendulum Zones.$This Overlord overran an entire world with his army of Dracofiends, using his Dragon Alchemy to convert all life into his terrible minions. The source of this power is unidentified, and probably extra-dimensional.$$$$Pendulum Effect /Continuous-like$
05506791$Majespecter Cat - Nekomata$Unlimited$WIND$[Spellcaster/Pendulum/Effect]$$$$2$3$100$1800$$$$When this card is Normal or Special Summoned: You can add 1 "Majespecter" card from your Deck to your hand during the End Phase of this turn. You can only use this effect of "Majespecter Cat - Nekomata" once per turn. Cannot be targeted or destroyed by your opponent's card effects.$Supports archetypes /Majespecter$$Activates upon Normal Summon/Activates upon Special Summon/Adds from Deck to hand$Trigger/Condition/Continuous$
31991800$Majespecter Raccoon - Bunbuku$Unlimited$WIND$[Spellcaster/Pendulum/Effect]$$$$5$3$1200$900$$$$When this card is Normal or Special Summoned: You can add 1 "Majespecter" monster from your Deck to your hand. You can only use this effect of "Majespecter Raccoon - Bunbuku" once per turn. Cannot be targeted or destroyed by your opponent's card effects.$Supports archetypes /Majespecter$$Activates upon Normal Summon/Activates upon Special Summon/Adds from Deck to hand$Trigger/Condition/Continuous$
68395509$Majespecter Crow - Yata$Unlimited$WIND$[Spellcaster/Pendulum/Effect]$$$$5$4$1000$1500$$$$When this card is Normal or Special Summoned: You can add 1 "Majespecter" Spell Card from your Deck to your hand. You can only use this effect of "Majespecter Crow - Yata" once per turn. Cannot be targeted or destroyed by your opponent's card effects.$Supports archetypes /Majespecter$$Activates upon Normal Summon/Activates upon Special Summon/Adds from Deck to hand$Trigger/Condition/Continuous$
94784213$Majespecter Fox - Kyubi$Unlimited$WIND$[Spellcaster/Pendulum/Effect]$$$$2$4$1500$1000$$$$When this card is Normal or Special Summoned: You can add 1 "Majespecter" Trap Card from your Deck to your hand. You can only use this effect of "Majespecter Fox - Kyubi" once per turn. Cannot be targeted or destroyed by your opponent's card effects.$Supports archetypes /Majespecter$$Activates upon Normal Summon/Activates upon Special Summon/Adds from Deck to hand$Trigger/Condition/Continuous$
31178212$Majespecter Unicorn - Kirin$Forbidden(OCG)$WIND$[Spellcaster/Pendulum/Effect]$$$$2$6$2000$2000$$$$During either player's turn: You can target 1 Pendulum Monster in your Monster Zone and 1 monster your opponent controls; return them to the hand(s). You can only use this effect of "Majespecter Unicorn - Kirin" once per turn. Cannot be targeted or destroyed by your opponent's card effects.$Pendulum Monster$$Returns from field to hand$Quick/Condition/Continuous$
67273917$Igknight Cavalier$Unlimited$FIRE$[Warrior/Pendulum/Normal]$$$$2$5$2400$1200$$$If you have an "Igknight" card in your other Pendulum Zone: You can destroy both cards in your Pendulum Zones, and if you do, add 1 FIRE Warrior-Type monster from your Deck or Graveyard to your hand.$The vaunted weapons of this pink Igknight have inflicted as much damage to her enemies as to her own troops, but she gets results so very few complain.$Supports archetypes /Igknight$$Activates if other Pendulum Zone is occupied by specific card/Adds from Deck to hand/Adds from Graveyard to hand$Pendulum Effect /Ignition-like$
93662626$Igknight Veteran$Unlimited$FIRE$[Warrior/Pendulum/Normal]$$$$7$6$1300$2700$$$If you have an "Igknight" card in your other Pendulum Zone: You can destroy both cards in your Pendulum Zones, and if you do, add 1 FIRE Warrior-Type monster from your Deck or Graveyard to your hand.$This grizzled leader of the bodyguards division acts as chaperone to the Cavalier, and is one of the few complainers about her recklessness (mostly to the Gallant, the only one who understands him).$Supports archetypes /Igknight$$Activates if other Pendulum Zone is occupied by specific card/Adds from Deck to hand/Adds from Graveyard to hand$Pendulum Effect /Ignition-like$
20056760$Graydle Slime$Unlimited$WATER$[Aqua/Tuner/Effect]$$$$$5$0$2000$$$$If this card is in your hand or Graveyard: You can target 2 "Graydle" cards you control; destroy them, and if you do, Special Summon this card. You can only use this effect of "Graydle Slime" once per turn. When Summoned this way: You can target 1 "Graydle" monster in your Graveyard; Special Summon that target in Defense Position.$Supports archetypes /Graydle$$Activates from your Graveyard/Activates from your hand$Ignition/Condition/Trigger$
66451379$Graydle Alligator$Unlimited$WATER$[Aqua/Effect]$$$$$3$500$1500$$$$If this card in your Monster Zone is destroyed by battle or Spell effect and sent to your Graveyard: You can target 1 face-up monster your opponent controls; equip this card to that target. While this card is equipped to a monster by this effect, take control of that monster. When this card leaves the field, destroy the equipped monster.$$$Activates if destroyed by battle/Activates if destroyed by card effect/Activates from your Graveyard/Equips self from Graveyard/Takes control of equipped/Activates when it leaves the field$Trigger/Continuous-like$
93445074$Graydle Cobra$Unlimited$WATER$[Aqua/Effect]$$$$$3$1000$1000$$$$If this card in your Monster Zone is destroyed by battle or Trap effect and sent to your Graveyard: You can target 1 face-up monster your opponent controls; equip this card to that target. While this card is equipped to a monster by this effect, take control of that monster. When this card leaves the field, destroy the equipped monster.$$$Activates if destroyed by battle/Activates if destroyed by card effect/Activates from your Graveyard/Equips self from Graveyard/Takes control of equipped/Activates when it leaves the field$Trigger/Continuous-like$
29834183$Graydle Eagle$Unlimited$WATER$[Aqua/Effect]$$$$$3$1500$500$$$$If this card in your Monster Zone is destroyed by battle or monster effect and sent to your Graveyard: You can target 1 face-up monster your opponent controls; equip this card to that target. While this card is equipped to a monster by this effect, take control of that monster. When this card leaves the field, destroy the equipped monster.$$$Activates if destroyed by battle/Activates if destroyed by card effect/Activates from your Graveyard/Equips self from Graveyard/Takes control of equipped/Activates when it leaves the field$Trigger/Continuous-like$
65338781$Skilled Red Magician$Unlimited$DARK$[Spellcaster/Effect]$$$$$4$1600$1600$$$$Each time a Spell Card is activated, place 1 Spell Counter on this card when that Spell Card resolves (max. 3). You can Tribute this card with 3 Spell Counters on it; Special Summon 1 "Archfiend" monster from your hand, Deck, or GY. You can banish this card from your GY, then target 1 card you control that you can place a Spell Counter on; place 1 Spell Counter on it.$Supports archetypes /Archfiend$$Tributes itself for cost/Activates from your Graveyard$Continuous/Ignition$
92723496$Giant Pairfish$Unlimited$WATER$[Wyrm/Effect]$$$$$6$2000$1200$$$$You can discard 1 monster; Special Summon 1 Level 4 or lower Wyrm-Type monster from your Deck. You can only use this effect of "Giant Pairfish" once per turn.$Wyrm$$Discards for cost$Ignition/Condition$
28112535$Toon Barrel Dragon$Unlimited$DARK$[Machine/Toon/Effect]$$$$$7$2600$2200$$$$Cannot attack the turn it is Summoned. While you control "Toon World" and your opponent controls no Toon monsters, this card can attack your opponent directly. Once per turn: You can target 1 card on the field; toss a coin 3 times and destroy it if at least 2 of the results are heads.$Toon World/Toon monster$$$Continuous/Ignition$
55106249$Deskbot 006$Unlimited$EARTH$[Machine/Pendulum/Effect]$$$$1$6$500$500$$$You cannot Pendulum Summon monsters, except "Deskbot" monsters. This effect cannot be negated.$If this card is Normal or Special Summoned: You can target 1 monster on the field; change its battle position. This card gain 500 ATK for each face-up "Deskbot" monster in your Extra Deck. If this card in the Pendulum Zone is destroyed: You can target 1 "Deskbot" card in your Graveyard; add that target to your hand. You can only use this effect of "Deskbot 006" once per turn.$Supports archetypes /Deskbot$$Activates upon Normal Summon/Activates upon Special Summon/Effect that cannot be negated/Changes battle positions/Activates from your Extra Deck/Adds from Deck to hand$Pendulum Effect /Continuous-like/Condition/Monster Effect/Trigger/Continuous$
91501248$Pot of The Forbidden$Unlimited$EARTH$[Rock/Flip/Effect]$$$$$9$2000$3000$$$$FLIP: You can activate 1 of these effects;●Draw 2 cards.●Return all Spell and Trap Cards on the field to the hand.●Destroy all monsters your opponent controls.●Look at your opponent's hand, also shuffle 1 card from their hand into the Deck.You can only use this effect of "Pot of The Forbidden" once per turn.$$$You draw cards/Returns from field to hand/Reveals your opponent's hand/Returns from your opponent's hand to your opponent's Deck$Trigger/Condition$
27995943$Dr. Frankenderp$Unlimited$DARK$[Psychic/Effect]$$$$$3$300$300$$$$If this card is Normal or Special Summoned: You can pay 500 LP; look at the top card of your Deck, then place it on the bottom of your Deck, OR reveal it and add it to your hand, but skip your next Draw Phase if added to the hand. You can only use this effect of "Dr. Frankenderp" once per turn.$$$Activates upon Normal Summon/Activates upon Special Summon/Looks at cards from the top of your Deck/Reveals cards from your Deck/Changes your Deck order/Places cards from your Deck on the bottom of the Deck/Reveals from the top of your Deck/Adds from Deck to hand/Skips Draw Phase$Trigger/Condition$
54484652$Black Luster Soldier - Super Soldier$Unlimited$EARTH$[Warrior/Ritual/Effect]$$$$$8$3000$2500$$$$You can Ritual Summon this card with "Super Soldier Ritual". If this card destroys an opponent's monster by battle and sends it to the Graveyard: Inflict damage to your opponent equal to its ATK in the Graveyard. If this card is destroyed by battle and sent to the Graveyard, or if this card in your possession is destroyed by an opponent's card effect and sent to your Graveyard: You can Special Summon 1 "Gaia The Fierce Knight" monster from your hand, Deck, or Graveyard. You can only Special Summon "Black Luster Soldier - Super Soldier(s)" once per turn.$Supports archetypes /Gaia The Fierce Knight $$Activates when it destroys a monster by battle/Activates if destroyed by battle/Activates if destroyed by card effect/Activates from your Graveyard$Summon/Trigger/Condition$
80889750$Frightfur Sabre-Tooth$Unlimited$DARK$[Fiend/Fusion/Effect]$$$$$8$2400$2000$$1 "Frightfur" Fusion Monster + 1+ "Fluffal" and/or "Edge Imp" monsters$$When this card is Fusion Summoned: You can target 1 "Frightfur" monster in your GY; Special Summon it. All "Frightfur" monsters you control gain 400 ATK. If this card was Fusion Summoned using 3 or more Fusion Materials, it cannot be destroyed by battle or card effects.$Supports archetypes /Frightfur/Fluffal/Edge Imp$$Activates upon Fusion Summon$Trigger/Continuous$
27873305$D/D/D Wave Oblivion King Caesar Ragnarok$Unlimited$DARK$[Fiend/Fusion/Effect]$$$$$10$3200$3000$$2 "D/D/D" monsters$$Once per turn, when an attack is declared involving this card: You can target 1 other "D/D" or "Dark Contract" card you control; return it to the hand, and if you do, equip 1 face-up monster your opponent controls to this card, except the battling monster. This card gains ATK equal to the combined original ATK of the monsters equipped to it by this effect.$Supports archetypes /D/D/D/D/D/Dark Contract$$Activates upon attack declaration/Returns from field to hand/Equips monsters from the opponent's field to itself$Trigger/Continuous$
53262004$Odd-Eyes Vortex Dragon$Unlimited$WIND$[Dragon/Fusion/Effect]$$$$$7$2500$3000$$1 "Odd-Eyes" monster + 1 Pendulum Monster$$When this card is Special Summoned: You can target 1 opponent's face-up Attack Position monster; return it to the hand. When a Spell/Trap Card or another monster's effect is activated (Quick Effect): You can shuffle 1 face-up Pendulum Monster from your Extra Deck into the Deck, negate the activation, and if you do, destroy that card. You can only use each effect of "Odd-Eyes Vortex Dragon" once per turn.$Supports archetypes /Odd-Eyes$$Activates upon Special Summon/Returns from your opponent's field to your opponent's hand/Returns from your Extra Deck to your Main Deck$Trigger/Quick/Condition$
80666118$Scarlight Red Dragon Archfiend$Unlimited$DARK$[Dragon/Synchro/Effect]$$$$$8$3000$2500$$1 Tuner + 1+ non-Tuner monsters$$This card's name becomes "Red Dragon Archfiend" while it is on the field or in the GY. Once per turn: You can destroy as many Special Summoned Effect Monsters on the field as possible with ATK less than or equal to this card's (other than this card), then inflict 500 damage to your opponent for each monster destroyed.$Red Dragon Archfiend$$$Unclassified/Ignition$
16051717$Assault Blackwing - Raikiri the Rain Shower$Unlimited$DARK$[Winged Beast/Synchro/Effect]$$$$$7$2600$2000$$1 Tuner + 1 or more non-Tuner monsters$$If this card is Synchro Summoned using a "Blackwing" monster as Material, it is treated as a Tuner monster while face-up on the field. Once per turn: You can target cards your opponent controls, up to the number of other "Blackwing" monsters you control; destroy them.$Supports archetypes /Blackwing$$$Unclassified/Ignition$
52145422$Graydle Dragon$Unlimited$WATER$[Aqua/Synchro/Effect]$$$$$8$3000$2000$$1 Aqua-Type Tuner + 1 or more non-Tuner monsters$$When this card is Synchro Summoned: You can target cards your opponent controls, up to the number of WATER monsters used for the Synchro Summon of this card; destroy them. If this card is destroyed by battle or card effect and sent to the Graveyard: You can target 1 other WATER monster in your Graveyard; Special Summon it, but its effects are negated. You can only use each effect of "Graydle Dragon" once per turn.$Aqua/WATER$$Activates upon Synchro Summon/Activates if destroyed by battle/Activates if destroyed by card effect/Activates from your Graveyard$Trigger/Condition$
89544521$Deskbot Jet$Unlimited$EARTH$[Machine/Synchro/Effect]$$$$$10$500$500$$1 Tuner + 1 or more non-Tuner monsters$$This card gains 500 ATK and DEF for each "Deskbot" card on the field. You can only use 1 of the following effects of "Deskbot Jet" per turn, and only once that turn.●You can target 1 "Deskbot" card you control; destroy it, and if you do, Special Summon 1 "Deskbot" monster from your Deck.●You can target 1 "Deskbot" card you control and 1 face-up card on the field; destroy them.$Supports archetypes /Deskbot$$$Continuous/Condition/Ignition$
15939229$D/D/D Duo-Dawn King Kali Yuga$Unlimited$DARK$[Fiend/Xyz/Effect]$$$8$$$3500$3000$$2 Level 8 "D/D" monsters$$After this card is Xyz Summoned, for the rest of this turn, other cards and their effects cannot be activated on the field, and other cards' effects on the field are negated. Once per turn (Quick Effect): You can detach 1 material from this card; destroy all Spells and Traps on the field. You can detach 1 material from this card, then target 1 "Dark Contract" Spell/Trap in your GY; Set that target.$Supports archetypes /D/D/Dark Contract$$Sets from your Graveyard$Unclassified/Quick/Ignition$
52323874$Raidraptor - Fiend Eagle$Unlimited$DARK$[Winged Beast/Xyz/Effect]$$$3$$$1000$0$$2 Level 3 "Raidraptor" monsters$$You can detach 1 Xyz Material from this card, then target 1 face-up Special Summoned monster your opponent controls; inflict damage to your opponent equal to its original ATK on the field. You can only use this effect of "Raidraptor - Fiend Eagle" once per turn.$Supports archetypes /Raidraptor$$$Ignition/Condition$
88722973$Majester Paladin, the Ascending Dracoslayer$Unlimited$WIND$[Dragon/Xyz/Effect]$$$4$$$1850$2000$$2 Level 4 Pendulum Monsters$$When this card is Xyz Summoned: You can add 1 Pendulum Monster from your Deck to your hand during the End Phase of this turn. Once per turn: You can detach 1 material from this card; Special Summon 1 face-up "Dracoslayer" Pendulum Monster from your Extra Deck, but it cannot be used as material for an Xyz Summon.$Supports archetypes /Dracoslayer$$Activates upon Xyz Summon/Adds from Deck to hand$Trigger/Ignition$
14816688$Shuffle Reborn$Unlimited$SPELL$$$$$$$$$$$$If you control no monsters: Target 1 monster in your GY; Special Summon it, but it has its effects negated, also banish it during the End Phase. You can banish this card from your GY, then target 1 card you control; shuffle it into the Deck, then draw 1 card, also during the End Phase of this turn, banish 1 card from your hand. You can only use this effect of "Shuffle Reborn" once per turn.$$$Activates from your Graveyard/Returns from field to Deck/You draw cards$Activation requirement/Effect/Ignition-like/Condition$
41201386$Rank-Up-Magic Raid Force$Unlimited$SPELL$$$$$$$$$$$$Target 1 face-up Xyz Monster you control; Special Summon from your Extra Deck, 1 "Raidraptor" monster that is 1 Rank higher than that target, by using that target as the Xyz Material. (This Special Summon is treated as an Xyz Summon. Xyz Materials attached to that target also become Xyz Materials on the Summoned monster.) You can banish this card from your Graveyard and 1 "Raidraptor" card from your hand, then target 1 "Rank-Up-Magic" Spell Card in your Graveyard, except "Rank-Up-Magic Raid Force"; add it to your hand.$Supports archetypes /Raidraptor/Rank-Up-Magic$$Transfers/Activates from your Graveyard/Adds from Graveyard to hand$Effect/Ignition-like$
87609391$Raptor's Ultimate Mace$Unlimited$SPELL$$$$$$$$$Equip$$$Equip only to a "Raidraptor" monster. It gains 1000 ATK. When the equipped monster is targeted for an attack by a monster whose ATK is higher than the equipped monster: You can add 1 "Rank-Up-Magic" Spell Card from your Deck to your hand, and if you do, you take no battle damage from that battle.$Supports archetypes /Raidraptor/Rank-Up-Magic$$Adds from Deck to hand$Condition/Continuous-like/Trigger-like$
14094090$Super Soldier Ritual$Unlimited$SPELL$$$$$$$$$Ritual$$$This card can be used to Ritual Summon any "Black Luster Soldier" Ritual Monster. You must also Tribute monsters from your hand or field whose total Levels exactly equal 8. During your Main Phase, except the turn this card was sent to the Graveyard: You can banish this card, 1 LIGHT monster, and 1 DARK monster from your Graveyard; Special Summon 1 "Black Luster Soldier" Ritual Monster from your hand, ignoring its Summoning conditions. You can only use this effect of "Super Soldier Ritual" once per turn.$Supports archetypes /Black Luster Soldier $$Tributes as an effect/Activates from your Graveyard$Condition/Effect/Ignition-like$
40089744$Gateway to Chaos$Unlimited$SPELL$$$$$$$$$Field$$$When this card is activated: Add 1 "Black Luster Soldier" Ritual Monster or 1 "Gaia The Fierce Knight" monster from your Deck to your hand. Each time a Monster Card(s) is sent from the hand or field to the GY, place 1 Spell Counter on this card for each of those cards (max. 6). Once per turn: You can remove 3 Spell Counters from this card; add 1 Ritual Spell from your Deck to your hand. You can only activate 1 "Gateway to Chaos" per turn.$Supports archetypes /Black Luster Soldier /Gaia The Fierce Knight $$Adds from Deck to hand$Effect/Continuous-like/Ignition-like/Condition$
76473843$Majesty's Pegasus$Unlimited$SPELL$$$$$$$$$Field$$$All "Majespecter" monsters on the field gain 300 ATK and DEF. You can Tribute 1 WIND Spellcaster-Type monster; Special Summon 1 Level 4 or lower "Majespecter" monster from your Deck. You can only use this effect of "Majesty's Pegasus" once per turn.$Supports archetypes /Majespecter$$Tributes for cost$Continuous-like/Ignition-like/Condition$
13972452$Majespecter Storm$Unlimited$SPELL$$$$$$$$$$$$Tribute 1 WIND Spellcaster-Type monster, then target 1 monster your opponent controls; shuffle it into the Deck.$WIND/Spellcaster$$Tributes for cost/Returns from your opponent's field to your opponent's Deck$Cost/Effect$
49366157$Majespecter Cyclone$Unlimited$SPELL$$$$$$$$$Quick-Play$$$Tribute 1 WIND Spellcaster-Type monster, then target 1 monster your opponent controls; destroy it.$WIND/Spellcaster$$Tributes for cost$Cost/Effect$
76751255$Igknight Reload$Unlimited$SPELL$$$$$$$$$Quick-Play$$$Reveal any number of Pendulum Monsters from your hand and shuffle them into the Deck, then draw cards equal to the number of cards you shuffled into the Deck +1. For the rest of this turn after this card resolves, you cannot draw cards by card effects. You can only activate 1 "Igknight Reload" per turn.$Pendulum Monster$$Reveals your hand for effect/Returns from your hand to your Deck/You draw cards$Effect/Condition$
02759860$Graydle Impact$Unlimited$SPELL$$$$$$$$$Continuous$$$You can target 1 other "Graydle" card you control and 1 card your opponent controls; destroy them. During your End Phase: You can add 1 "Graydle" card from your Deck to your hand. You can only use 1 "Graydle Impact" effect per turn, and only once that turn.$Supports archetypes /Graydle$$Adds from Deck to hand$Ignition-like/Trigger-like/Condition$
48144509$Odd-Eyes Fusion$Unlimited$SPELL$$$$$$$$$$$$Fusion Summon 1 Dragon Fusion Monster from your Extra Deck, using monsters from your hand or field as Fusion Materials. If your opponent controls 2 or more monsters and you control no monsters, you can also use up to 2 "Odd-Eyes" monsters in your Extra Deck as Fusion Materials. You can only activate 1 "Odd-Eyes Fusion" per turn.$Supports archetypes /Odd-Eyes$$Sends from your hand to your Graveyard/Sends from your field to your Graveyard/Uses cards in the hand as Fusion Materials/Uses cards on the player's field as Fusion Materials/Sends from Extra Deck to Graveyard/Uses cards in the player's Extra Deck as Fusion Materials/Uses Spell Cards as Fusion Materials$Effect/Condition$
75539614$Psychic Blade$Unlimited$SPELL$$$$$$$$$Equip$$$Pay LP in multiples of 100 (max. 2000); equip this card to a monster. It gains that much ATK and DEF. You can only activate 1 "Psychic Blade" per turn.$$$$Cost/Continuous-like/Condition$
01033312$Painful Decision$Unlimited$SPELL$$$$$$$$$$$$Send 1 Level 4 or lower Normal Monster from your Deck to the GY, and if you do, add 1 monster with the same name from your Deck to your hand. You can only activate 1 "Painful Decision" per turn.$Normal Monster$$Sends from your Deck to your Graveyard/Adds from Deck to hand$Effect/Condition$
48422921$Super Rush Headlong$Unlimited$SPELL$$$$$$$$$Quick-Play$$$Target 1 face-up monster you control and declare 1 Attribute; if that target battles an opponent's monster with that Attribute this turn, destroy that opponent's monster at the start of the Damage Step.$$$Declares an Attribute$Cost/Effect$
74416026$Frightfur March$Unlimited$TRAP$$$$$$$$$Counter$$$When an opponent's Spell/Trap Card, or monster effect, is activated that targets a "Frightfur" monster(s) you control: Negate the activation, and if you do, destroy that card, then you can send 1 of the targeted "Frightfur" monsters to the Graveyard, and if you do, Special Summon 1 Level 8 or higher "Frightfur" Fusion Monster from your Extra Deck. (This Special Summon is treated as a Fusion Summon.) During your next End Phase, banish the monster Special Summoned by this effect.$Supports archetypes /Frightfur$$Sends from your field to your Graveyard$Activation requirement/Effect/Lingering$
00811734$D/D/D Contract Change$Unlimited$TRAP$$$$$$$$$$$$When an opponent's monster declares an attack: Activate 1 of these effects;●Banish 1 "D/D/D" monster from your Graveyard, and if you do, the attacking monster loses ATK equal to the banished monster's ATK.●Add 1 Level 4 or lower "D/D" Pendulum Monster from your Deck to your hand.$Supports archetypes /D/D/D/D/D$$Activates upon attack declaration/Adds from Deck to hand$Activation requirement/Effect$
37209439$Dark Contract with Errors$Unlimited$TRAP$$$$$$$$$Continuous$$$Once per turn, if you control a "D/D" monster: You can negate all Trap Card effects on the field (other than this card's) for the rest of this turn (even if this card leaves the field). Once per turn, during your Standby Phase: Take 1000 damage.$Supports archetypes /D/D$$$Quick-like/Trigger-like$
73694478$Super Soldier Rebirth$Unlimited$TRAP$$$$$$$$$$$$Target 1 "Black Luster Soldier" monster you control; send it to the Graveyard, and if you do, Special Summon 1 "Black Luster Soldier" monster from your hand with a different name from that monster, ignoring its Summoning conditions. During your Main Phase, except the turn this card was sent to the Graveyard: You can banish this card from your Graveyard, then target 1 "Black Luster Soldier" monster in your Graveyard; add it to your hand. You can only activate 1 "Super Soldier Rebirth" per turn.$Supports archetypes /Black Luster Soldier $$Sends from your field to your Graveyard for cost/Activates from your Graveyard/Adds from Graveyard to hand$Effect/Quick-like/Condition$
00799183$Super Soldier Shield$Unlimited$TRAP$$$$$$$$$Counter$$$When a Spell/Trap Card, or monster effect, is activated that targets a monster(s) on the field, while you control a "Black Luster Soldier" monster: Negate the activation, and if you do, destroy that card. If this card is in your Graveyard: You can remove 1 Spell Counter from your side of the field; Set this card, but banish it when it leaves the field.$Supports archetypes /Black Luster Soldier $$Activates from your Graveyard/Sets itself from your Graveyard$Activation requirement/Effect/Quick-like$
36183881$Majespecter Tornado$Unlimited$TRAP$$$$$$$$$$$$Tribute 1 WIND Spellcaster-Type monster, then target 1 monster your opponent controls; banish it.$WIND/Spellcaster$$Tributes for cost$Cost/Effect$
02572890$Majespecter Tempest$Unlimited$TRAP$$$$$$$$$Counter$$$When a monster(s) would be Special Summoned, or a monster effect is activated: Tribute 1 WIND Spellcaster-Type monster; negate the Summon or activation, and if you do, destroy that card.$WIND/Spellcaster$$Tributes for cost$Activation requirement/Cost/Effect$
49966595$Graydle Parasite$Unlimited$TRAP$$$$$$$$$Continuous$$$When an opponent's monster declares a direct attack: You can Special Summon 1 "Graydle" monster from your Deck in Attack Position, if you control no monsters. When a "Graydle" monster you control declares a direct attack: You can target 1 monster in your opponent's Graveyard; Special Summon that target to their side of the field, if they control no monsters. You can only use each effect of "Graydle Parasite" once per turn.$Supports archetypes /Graydle$$Activates upon attack declaration$Trigger-like/Condition$
75361204$Graydle Split$Unlimited$TRAP$$$$$$$$$$$$Target 1 face-up monster you control; equip this card to it. It gains 500 ATK. During your Main Phase: You can send this card equipped to a monster by this effect to the Graveyard; destroy the monster this card was equipped to, and if you do, Special Summon 2 "Graydle" monsters with different names from your Deck, but destroy them during the End Phase. You can only use this effect of "Graydle Split" once per turn.$Supports archetypes /Graydle$$Equips self from field/Sends itself from field to Graveyard for cost$Effect/Continuous-like/Quick-like/Condition$
75249652$Blazing Mirror Force$Unlimited$TRAP$$$$$$$$$$$$When an opponent's monster declares an attack: Destroy as many Attack Position monsters your opponent controls as possible, and if you do, take damage equal to half the combined original ATK of those destroyed monsters, then inflict damage to your opponent equal to the damage you took.$$$Activates upon attack declaration$Activation requirement/Effect$
02359348$Pendulum Area$Unlimited$TRAP$$$$$$$$$$$$If all monsters you control are Pendulum Monsters (min. 1): Target 2 cards in your Pendulum Zones; destroy both cards, and if you do, neither player can Special Summon for the rest of this turn, except by Pendulum Summon.$Pendulum Monster$$$Activation requirement/Effect$
38844957$Urgent Ritual Art$Unlimited$TRAP$$$$$$$$$$$$If you control no Ritual Monsters: Banish 1 Ritual Spell from your hand or GY; this card's effect becomes that card's effect that Ritual Summons a monster when the card is activated.$Ritual Spell Card$$Resolves as another card's effect$Activation requirement/Cost/Effect$
01637760$Grand Horn of Heaven$Unlimited$TRAP$$$$$$$$$Counter$$$During your opponent's Main Phase, when they would Special Summon a monster(s): Negate the Summon, and if you do, destroy that monster, then your opponent draws 1 card, then end the Main Phase.$$$Your opponent draws cards/Ends the Main Phase$Activation requirement/Effect$
33622465$First-Aid Squad$Unlimited$TRAP$$$$$$$$$$$$Target 1 Normal Monster in your Graveyard; add it to your hand. When a Normal Monster is destroyed by battle: You can Special Summon this card from your Graveyard in Defense Position as a Normal Monster (Warrior-Type/EARTH/Level 3/ATK 1200/DEF 400). (This card is NOT treated as a Trap Card.) You can only use this effect of "First-Aid Squad" once per turn. If Summoned this way, banish this card when it leaves the field.$Normal Monster$$Adds from Deck to hand/Activates from your Graveyard$Effect/Trigger-like/Condition$
20513882$Painful Escape$Unlimited$TRAP$$$$$$$$$$$$Tribute 1 monster; add 1 monster with the same original Type, Attribute, and Level, but with a different original name, from your Deck or Graveyard to your hand.$$$Tributes for cost/Adds from Deck to hand/Adds from Graveyard to hand$Cost/Effect$
56907986$Kozmo Strawman$Unlimited$LIGHT$[Psychic/Effect]$$$$$2$500$1800$$$$During either player's turn: You can banish this card; Special Summon 1 Level 3 or higher "Kozmo" monster from your hand. You can only use this effect of "Kozmo Strawman" once per turn. Once per turn: You can pay 500 LP, then target 1 of your banished "Kozmo" monsters; Special Summon it, but its effects are negated, also destroy it during the End Phase.$Supports archetypes /Kozmo$$$Quick/Condition/Ignition$
93302695$Kozmoll Wickedwitch$Unlimited$DARK$[Psychic/Effect]$$$$$4$1900$300$$$$During either player's turn: You can banish this card; Special Summon 1 Level 5 or higher "Kozmo" monster from your hand. You can only use this effect of "Kozmoll Wickedwitch" once per turn. Once per turn, during either player's turn: You can pay 1000 LP; this turn, this card cannot be destroyed by battle or card effects.$Supports archetypes /Kozmo$$$Quick/Condition$
29491334$Kozmo DOG Fighter$Unlimited$DARK$[Machine/Effect]$$$$$6$2000$2400$$$$Once per turn, during the Standby Phase: You can Special Summon 1 "DOG Fighter Token" (Machine-Type/DARK/Level 6/ATK 2000/DEF 2400). If this card is destroyed by battle or card effect and sent to the Graveyard: You can banish this card from your Graveyard; Special Summon 1 Level 5 or lower "Kozmo" monster from your Deck.$Supports archetypes /Kozmo$$Activates from your Graveyard$Trigger$
55885348$Kozmo Dark Destroyer$Unlimited$DARK$[Machine/Effect]$$$$$8$3000$1800$$$$If this card is Normal or Special Summoned: You can target 1 monster on the field; destroy it. Your opponent cannot target this card with card effects. If this card is destroyed by battle or card effect and sent to the GY: You can banish this card from your GY; Special Summon 1 Level 7 or lower "Kozmo" monster from your Deck.$Supports archetypes /Kozmo$$Activates if destroyed by battle/Activates if destroyed by card effect/Activates from your Graveyard$Trigger/Continuous$
82270047$Kozmo Lightsword$Unlimited$SPELL$$$$$$$$$Equip$$$Equip only to a Psychic-Type "Kozmo" monster. It gains 500 ATK and DEF, it can make up to 2 attacks on monsters during each Battle Phase, also if it attacks a Defense Position monster, inflict piercing battle damage to your opponent. If this card is sent from the field to the Graveyard: You can pay 800 LP; add this card to your hand. You can only use this effect of "Kozmo Lightsword" once per turn.$Supports archetypes /Kozmo$$Activates from your Graveyard/Returns itself from Graveyard to hand$Condition/Continuous-like/Trigger-like$
28674152$Radian, the Multidimensional Kaiju$Unlimited$DARK$[Fiend/Effect]$$$$$7$2800$2500$$$$You can Special Summon this card (from your hand) to your opponent's field in Attack Position, by Tributing 1 monster they control. If your opponent controls a "Kaiju" monster, you can Special Summon this card (from your hand) in Attack Position. You can only control 1 "Kaiju" monster. Once per turn: You can remove 2 Kaiju Counters from anywhere on the field; Special Summon 1 "Radian Token" (Fiend/DARK/Level 7/ATK 2800/DEF 0), but it cannot be used as Synchro Material.$$Anti-supports archetypes /Kaiju$Activates from your hand/Tributes opponent's monsters$Unclassified/Ignition$
55063751$Gameciel, the Sea Turtle Kaiju$Unlimited$WATER$[Aqua/Effect]$$$$$8$2200$3000$$$$You can Special Summon this card (from your hand) to your opponent's field in Attack Position, by Tributing 1 monster they control. If your opponent controls a "Kaiju" monster, you can Special Summon this card (from your hand) in Attack Position. You can only control 1 "Kaiju" monster. When your opponent activates a card or effect, except "Gameciel, the Sea Turtle Kaiju" (Quick Effect): You can remove 2 Kaiju Counters from anywhere on the field; negate the activation, and if you do, banish that card.$$Anti-supports archetypes /Kaiju$Activates from your hand/Tributes opponent's monsters$Unclassified/Quick$
81057455$Kaiju Capture Mission$Unlimited$TRAP$$$$$$$$$Continuous$$$Once per turn, if there are less than 3 Kaiju Counters on this card: You can target 1 "Kaiju" monster on the field; change it to face-down Defense Position, then place 1 Kaiju Counter on this card (max. 3). If this card in your possession is destroyed by an opponent's card and sent to your GY: You can draw 2 cards. You can only use this effect of "Kaiju Capture Mission" once per turn.$Supports archetypes /Kaiju$$Activates if destroyed by card effect/Changes battle positions/Flips monsters face-down/Activates from your Graveyard/You draw cards$Quick-like/Trigger-like/Condition$
03758046$D/D/D Wave King Caesar$Unlimited$WATER$[Fiend/Xyz/Effect]$$$4$$$2400$1200$$2 Level 4 Fiend-Type monsters$$During either player's turn: You can detach 1 Xyz Material from this card; at the end of the Battle Phase, Special Summon from your Graveyard as many monsters destroyed this turn as possible, but during the next Standby Phase, take 1000 damage for each monster Special Summoned by this effect. If this card is sent from the field to the Graveyard: You can add 1 "Dark Contract" card from your Deck to your hand. You can only use each effect of "D/D/D Wave King Caesar" once per turn.$Supports archetypes /Dark Contract$$Activates from your Graveyard$Quick/Trigger/Condition$
74605254$D/D Savant Galilei$Unlimited$DARK$[Fiend/Pendulum/Effect]$$$$1$10$0$0$$$You cannot Pendulum Summon monsters, except "D/D" monsters. This effect cannot be negated. Once per turn, during your Standby Phase: Increase this card's Pendulum Scale by 2 (max. 10), then destroy all monsters you control with a Level less than or equal to this card's Pendulum Scale, except "D/D" monsters.$During either player's turn: You can discard this card, then target 1 "D/D" or "Dark Contract" card you control; return it to the hand. You can only use this effect of "D/D Savant Galilei" once per turn.$Supports archetypes /D/D/Dark Contract$$Effect that cannot be negated/Discards itself for cost/Returns from field to hand$Pendulum Effect /Continuous-like/Condition/Trigger-like/Monster Effect/Quick$
11609969$D/D Savant Kepler$Unlimited$DARK$[Fiend/Pendulum/Effect]$$$$10$1$0$0$$$You cannot Pendulum Summon monsters, except "D/D" monsters. This effect cannot be negated. Once per turn, during your Standby Phase: Reduce this card's Pendulum Scale by 2 (min. 1), then destroy all monsters you control with a Level greater than or equal to this card's Pendulum Scale, except "D/D" monsters.$If this card is Normal or Special Summoned: You can activate 1 of these effects. You can only use this effect of "D/D Savant Kepler" once per turn.●Target 1 other "D/D" card you control; return it to the hand.●Add 1 "Dark Contract" card from your Deck to your hand.$Supports archetypes /D/D/Dark Contract$$Effect that cannot be negated/Activates upon Normal Summon/Activates upon Special Summon/Returns from field to hand/Adds from Deck to hand$Pendulum Effect /Continuous-like/Condition/Trigger-like/Monster Effect/Trigger$
46372010$Dark Contract with the Gate$Unlimited$SPELL$$$$$$$$$Continuous$$$During your Main Phase: You can add 1 "D/D" monster from your Deck to your hand. You can only use this effect of "Dark Contract with the Gate" once per turn. Once per turn, during your Standby Phase: Take 1000 damage.$Supports archetypes /D/D$$Adds from Deck to hand$Ignition-like/Condition/Trigger-like$
73360025$Dark Contract with the Swamp King$Unlimited$SPELL$$$$$$$$$Continuous$$$During your Main Phase: You can Fusion Summon 1 Fiend Fusion Monster from your Extra Deck, using monsters from your hand or field as material. You can only use this effect of "Dark Contract with the Swamp King" once per turn. If Summoning a "D/D" Fusion Monster this way, you can also banish monsters from your GY as material. Once per turn, during your Standby Phase: Take 1000 damage.$Supports archetypes /D/D$$Uses cards in the hand as Fusion Materials/Uses cards on the player's field as Fusion Materials/Uses cards in the player's Graveyard as Fusion Materials$Ignition-like/Condition/Trigger-like$
09765723$Dark Contract with the Witch$Unlimited$TRAP$$$$$$$$$Continuous$$$You can send 1 "D/D" or "Dark Contract" card from your hand to the Graveyard, then target 1 card on the field; destroy it. You can only use this effect of "Dark Contract with the Witch" once per turn. All Fiend-Type monsters you control gain 1000 ATK during your opponent's turn only. Once per turn, during your Standby Phase: Take 1000 damage.$Supports archetypes /D/D/Dark Contract$$Sends from hand to Graveyard for cost$Quick-like/Condition/Continuous-like/Trigger-like$
46259438$Contract Laundering$Unlimited$TRAP$$$$$$$$$$$$Destroy as many "Dark Contract" cards in your Spell & Trap Zone as possible, and if you do, draw the same number of cards you destroyed, then gain 1000 LP for each card you drew with this effect.$Supports archetypes /Dark Contract$$You draw cards$Effect$
72648577$D/D/D Human Resources$Unlimited$TRAP$$$$$$$$$$$$Shuffle 3 cards into the Deck (any combination of "D/D" monsters in your hand, field, or Graveyard, and/or "D/D" cards in your Pendulum Zone), then you can add 2 "D/D" monsters from your Deck to your hand.$Supports archetypes /D/D$$Returns from your field to your Deck/Returns from your hand to your Deck/Returns from your Graveyard to your Deck/Adds from Deck to hand$Effect$
92536468$D/D/D Rebel King Leonidas$Unlimited$DARK$[Fiend/Pendulum/Effect]$$$$3$7$2600$1200$$$When you take effect damage (except during the Damage Step): You can destroy this card, and if you do, any effect that would inflict damage to a player this turn increases their LP by the same amount, instead.$When you take effect damage (except during the Damage Step): You can Special Summon this card from your hand, and if you do, gain LP equal to the damage you took. You take no effect damage.$$$$Pendulum Effect /Trigger-like/Monster Effect/Trigger/Continuous$
74069667$D/D/D Oblivion King Abyss Ragnarok$Unlimited$DARK$[Fiend/Pendulum/Effect]$$$$5$8$2200$3000$$$If you Special Summon a "D/D" monster(s), except during the Damage Step: You can target 1 "D/D" monster in your Graveyard; any battle damage your opponent takes becomes halved for the rest of this turn, also Special Summon that monster, and if you do, take 1000 damage. You can only use this effect of "D/D/D Oblivion King Abyss Ragnarok" once per turn.$If this card is Normal or Special Summoned: You can target 1 "D/D/D" monster in your Graveyard; Special Summon it. You can only use this effect of "D/D/D Oblivion King Abyss Ragnarok" once per turn. Once per turn: You can Tribute 1 other "D/D" monster, then target 1 monster your opponent controls; banish it.$Supports archetypes /D/D/D/D/D$$Activates upon Normal Summon/Activates upon Special Summon/Tributes for cost$Pendulum Effect /Trigger-like/Condition/Monster Effect/Trigger/Ignition$
