Passcode$Name$Status$Attribute$type$link$link_arrows$rank$pendulum_scale$level$attack$defense$spell_attribute$summoning_condition$pendulum_condition$card_text$card_supports$card_anti_supports$card_actions$effect_types$
82946847$Petiteranodon$Unlimited$EARTH$[Dinosaur/Effect]$$$$$2$500$500$$$$If this card is destroyed by a card effect and sent to the Graveyard: Special Summon 1 Level 4 or higher Dinosaur-Type monster from your Deck, but it cannot attack this turn.$Dinosaur$$Activates from your Graveyard$Trigger$
18940556$Ultimate Conductor Tyranno$Unlimited$LIGHT$[Dinosaur/Effect]$$$$$10$3500$3200$$$$Cannot be Normal Summoned/Set. Must first be Special Summoned (from your hand) by banishing 2 Dinosaur monsters from your GY. Once per turn, during the Main Phase (Quick Effect): You can destroy 1 monster in your hand or field, and if you do, change all face-up monsters your opponent controls to face-down Defense Position. This card can attack all monsters your opponent controls, once each. At the start of the Damage Step, if this card attacks a Defense Position monster: You can inflict 1000 damage to your opponent, and if you do, send that Defense Position monster to the GY.$Dinosaur$$Flips monsters face-down/Changes battle positions/Sends from your opponent's field to your opponent's Graveyard$Summon/Quick/Continuous/Trigger$
44335251$Souleating Oviraptor$Unlimited$DARK$[Dinosaur/Effect]$$$$$4$1800$500$$$$If this card is Normal or Special Summoned: You can take 1 Dinosaur monster from your Deck, and either add it to your hand or send it to the GY. You can target 1 other Level 4 or lower Dinosaur monster on the field; destroy it, then Special Summon 1 Dinosaur monster from your GY in Defense Position. You can only use each effect of "Souleating Oviraptor" once per turn.$Dinosaur$Dinosaur$Activates upon Normal Summon/Activates upon Special Summon/Adds from Deck to hand/Sends from your Deck to your Graveyard$Trigger/Ignition/Condition$
81823360$Megalosmasher X$Unlimited$WATER$[Dinosaur/Normal]$$$$$4$2000$0$$$$With its sound-baffling armor and gargantuan jaws, this primeval predator's phosphorescence was the only possible pardon for its primitive prey.$$$$$
37265642$Sabersaurus$Unlimited$EARTH$[Dinosaur/Normal]$$$$$4$1900$500$$$$This normally gentle dinosaur enjoys relaxing in its nest in the prairies. If it becomes angered, it turns terribly ferocious.$$$$$
85520851$Super Conductor Tyranno$Unlimited$LIGHT$[Dinosaur/Effect]$$$$$8$3300$1400$$$$Once per turn: You can Tribute 1 monster; inflict 1000 damage to your opponent. This card cannot declare an attack the turn this effect is activated.$$$Tributes for cost$Ignition/Condition$
15894048$Ultimate Tyranno$Unlimited$EARTH$[Dinosaur/Effect]$$$$$8$3000$2200$$$$This card can attack all monsters your opponent controls, once each. During your Battle Phase, if you control an "Ultimate Tyranno" that can attack, monsters other than "Ultimate Tyranno" cannot attack.$$$$Continuous$
06849042$Super-Ancient Dinobeast$Unlimited$EARTH$[Dinosaur/Effect]$$$$$8$2700$1400$$$$You can Tribute Summon this card in face-up Attack Position by Tributing 1 Dinosaur monster. When a Dinosaur monster(s) is Special Summoned from your GY while this monster is on the field (except during the Damage Step): You can draw 1 card.$Dinosaur$$You draw cards$Summon/Trigger$
41753322$Sauropod Brachion$Unlimited$EARTH$[Dinosaur/Effect]$$$$$8$1500$3000$$$$Cannot be Special Summoned from the Deck. You can Tribute Summon this card face-up by Tributing 1 Dinosaur-Type monster. Once per turn: You can change this card to face-down Defense Position. If this card is Flip Summoned: Change all other monsters on the field to face-down Defense Position. If this card is attacked, any battle damage your opponent takes from that battle is doubled.$Dinosaur$$Flips itself face-down/Changes battle positions/Activates upon Flip Summon$Summon/Ignition/Trigger/Continuous$
83235263$Tyranno Infinity$Unlimited$EARTH$[Dinosaur/Effect]$$$$$4$?$0$$$$The original ATK of this card is the number of your banished Dinosaur-Type monsters x 1000.$Dinosaur$$$Continuous$
50896944$Black Brachios$Unlimited$EARTH$[Dinosaur/Effect]$$$$$4$1800$1100$$$$When this card is Normal Summoned: You can target 1 monster on the field; change that target to face-up Defense Position.$$$Activates upon Normal Summon/Changes battle positions/Flips monsters face-up$Trigger$
63259351$Miracle Jurassic Egg$Unlimited$EARTH$[Dinosaur/Effect]$$$$$4$0$2000$$$$While face-up on the field, this card cannot be banished. Each time a Dinosaur-Type monster(s) is sent to your Graveyard, place 2 counters on this card. You can Tribute this card; Special Summon 1 Dinosaur-Type monster from your Deck whose Level is less than or equal to the number of counters that were on this card.$Dinosaur$$Tributes itself for cost$Continuous/Ignition$
45894482$Gilasaurus$Unlimited$EARTH$[Dinosaur/Effect]$$$$$3$1400$400$$$$You can Special Summon this card (from your hand). If Summoned this way: Activate this effect; your opponent can Special Summon 1 monster from their GY.$$$$Unclassified/Trigger$
36042004$Babycerasaurus$Unlimited$EARTH$[Dinosaur/Effect]$$$$$2$500$500$$$$If this card is destroyed by card effect and sent to the GY: Special Summon 1 Level 4 or lower Dinosaur monster from your Deck.$Dinosaur$$Activates if destroyed by card effect/Activates from your Graveyard$Trigger$
38572779$Miscellaneousaurus$Unlimited(OCG)$FIRE$[Dinosaur/Effect]$$$$$4$1800$1000$$$$During the Main Phase (Quick Effect): You can send this card from your hand to the GY; during this Main Phase, Dinosaur monsters you control are unaffected by your opponent's activated effects. You can banish any number of Dinosaur monsters from your GY, including this card; Special Summon 1 Dinosaur monster from your Deck with a Level equal to the total number of monsters banished to activate this effect, but destroy it during the End Phase. You can only use this effect of "Miscellaneousaurus" once per turn.$Dinosaur$$Activates from your hand/Sends itself from hand to Graveyard for cost/Activates from your Graveyard$Quick/Ignition/Condition$
04058065$Evilswarm Salamandra$Unlimited$DARK$[Dinosaur/Effect]$$$$$4$1850$950$$$$Up to twice per turn: You can banish 1 monster from your GY; this card gains 300 ATK until the end of your opponent's turn.$$$$Ignition$
99733359$Stegocyber$Unlimited$DARK$[Dinosaur/Effect]$$$$$6$1200$2400$$$$During damage calculation, if your opponent's monster attacks while this card is in your Graveyard: You can pay 1000 LP; Special Summon this card, and if you do, you take no battle damage from that battle, but banish this card when it leaves the field (this is a Quick Effect). You can only use this effect of "Stegocyber" once per turn.$$$$Quick/Condition$
12275533$Trifortressops$Unlimited$DARK$[Machine/Effect]$$$$$6$1600$2800$$$$During either player's turn, if your opponent Summoned 3 or more monsters this turn: You can Special Summon this card from your hand. If Summoned this way, it is unaffected by other cards' effects, but loses 500 DEF during each player's Standby Phase.$$$$Quick/Continuous$
89362180$Skelesaurus$Unlimited$DARK$[Zombie/Gemini/Effect]$$$$$4$1700$1400$$$$This card is treated as a Normal Monster while face-up on the field or in the Graveyard. While this card is a Normal Monster on the field, you can Normal Summon it to have it become an Effect Monster with these effects.●This card becomes EARTH Dinosaur-Type. When this card destroys an opponent's monster by battle and sends it to the Graveyard: You can Special Summon that monster to your field in Defense Position, and if you do, it becomes Zombie-Type.$$$Activates when it destroys a monster by battle$Unclassified/Condition/Continuous/Trigger$
07392745$Chewbone$Unlimited$EARTH$[Zombie/Flip/Effect]$$$$$3$300$300$$$$FLIP: Special Summon 3 "Chewbone Jr. Tokens" (Zombie-Type/EARTH/Level 1/ATK 100/DEF 300) to your opponent's field in Defense Position.$$$$Flip$
85138716$Rescue Rabbit$Unlimited$EARTH$[Beast/Effect]$$$$$4$300$100$$$$Cannot be Special Summoned from the Deck. You can banish this card you control; Special Summon 2 Level 4 or lower Normal Monsters with the same name from your Deck, but destroy them during the End Phase. You can only use this effect of "Rescue Rabbit" once per turn.$Normal Monster$$$Summon/Ignition$
17228908$Lost World$Unlimited$SPELL$$$$$$$$$Field$$$All monsters on the field lose 500 ATK/DEF, except Dinosaur monsters. Once per turn, if a Dinosaur monster is Normal or Special Summoned (except during the Damage Step): You can Special Summon 1 "Jurraegg Token" (Dinosaur/EARTH/Level 1/ATK 0/DEF 0) to your opponent's field in Defense Position. While your opponent controls a Token, they cannot target monsters on the field with card effects, except Tokens. Once per turn, if a Normal Monster(s) on the field would be destroyed by battle or card effect, you can destroy that many Dinosaur monsters in your hand and/or Deck instead.$Dinosaur/Normal Monster$$Activates upon Normal Summon/Activates upon Special Summon$Continuous-like/Trigger-like$
47325505$Fossil Dig$Unlimited$SPELL$$$$$$$$$$$$Add 1 Level 6 or lower Dinosaur monster from your Deck to your hand.$Dinosaur$$Adds from Deck to hand$Effect$
84808313$Big Evolution Pill$Unlimited$SPELL$$$$$$$$$$$$After this card's activation, it remains on the field, but destroy it during your opponent's 3rd End Phase. Tribute 1 Dinosaur-Type monster to activate this card; while this card is face-up on the field, you can Normal Summon Level 5 or higher Dinosaur-Type monsters without Tributing.$Dinosaur$$Tributes for cost$Condition/Cost/Continuous-like$
43898403$Twin Twisters$Unlimited$SPELL$$$$$$$$$Quick-Play$$$Discard 1 card, then target up to 2 Spells/Traps on the field; destroy them.$$$Discards for cost$Cost/Effect$
48976825$Burial from a Different Dimension$Unlimited$SPELL$$$$$$$$$Quick-Play$$$Target up to 3 banished monsters; return them to the GY.$$$Returns the player's banished cards to the Graveyard/Returns the opponent's banished cards to the Graveyard$Effect$
12923641$Swords of Concealing Light$Unlimited$SPELL$$$$$$$$$Continuous$$$Destroy this card during your 2nd Standby Phase after activation. When this card resolves, change all monsters your opponent controls to face-down Defense Position. Monsters your opponent controls cannot change their battle positions.$$$Flips monsters face-down/Changes battle positions/Prevents battle position changes$Condition/Effect/Continuous-like$
01033312$Painful Decision$Unlimited$SPELL$$$$$$$$$$$$Send 1 Level 4 or lower Normal Monster from your Deck to the GY, and if you do, add 1 monster with the same name from your Deck to your hand. You can only activate 1 "Painful Decision" per turn.$Normal Monster$$Sends from your Deck to your Graveyard/Adds from Deck to hand$Effect/Condition$
00911883$Unexpected Dai$Unlimited$SPELL$$$$$$$$$$$$If you control no monsters: Special Summon 1 Level 4 or lower Normal Monster from the Deck.$Normal Monster$$$Activation requirement/Effect$
73628505$Terraforming$Limited$SPELL$$$$$$$$$$$$Add 1 Field Spell from your Deck to your hand.$Field Spell Card$$Adds from Deck to hand$Effect$
44612603$Survival's End$Unlimited$TRAP$$$$$$$$$$$$Destroy as many Normal Monsters on the field as possible, and if you do, Special Summon Level 4 or lower Dinosaur-Type monsters from your Deck, up to the number destroyed, but destroy them during the End Phase. You can banish this card from your Graveyard, then target 1 Dinosaur-Type monster you control and 1 card your opponent controls; destroy them.$Normal Monster/Dinosaur$Normal Monster$Activates from your Graveyard$Effect/Quick-like$
58272005$Survival of the Fittest$Unlimited$TRAP$$$$$$$$$$$$Target 1 Dinosaur-Type monster you control; equip this card to that target. It gains 1000 ATK. When that attacking monster destroys an opponent's monster by battle and sends it to the Graveyard: You can activate this effect; the equipped monster can make a second attack on an opponent's monster in a row.$Dinosaur$$Equips self from field/Activates when it destroys a monster by battle$Effect/Continuous-like/Trigger-like$
23869735$Fossil Excavation$Unlimited$TRAP$$$$$$$$$Continuous$$$Activate this card by discarding 1 card, then target 1 Dinosaur-Type monster in your Graveyard; Special Summon that target. Negate the effects of that monster on the field. When this card leaves the field, destroy that monster. When that monster is destroyed, destroy this card.$Dinosaur$$Discards for cost$Cost/Effect/Continuous-like$
95676943$Extinction on Schedule$Unlimited$TRAP$$$$$$$$$$$$During the Main Phase: Pay 2000 LP; make both players send all cards they control to the Graveyard at the end of the 3rd Battle Phase after this card's activation.$$$Sends from your field to your Graveyard/Sends from your opponent's field to your opponent's Graveyard$Activation requirement/Cost/Effect$
29843091$Ojama Trio$Unlimited$TRAP$$$$$$$$$$$$Special Summon 3 "Ojama Tokens" (Beast-Type/LIGHT/Level 2/ATK 0/DEF 1000) to your opponent's field in Defense Position. They cannot be Tributed for a Tribute Summon, and each time 1 is destroyed, its controller takes 300 damage.$$$$Effect/Lingering$
42956963$Nightmare Archfiends$Unlimited$TRAP$$$$$$$$$$$$Tribute 1 monster; Special Summon 3 "Nightmare Archfiend Tokens" (Fiend-Type/DARK/Level 6/ATK 2000/DEF 2000) to your opponent's field in Attack Position. Each time 1 is destroyed, its controller takes 800 damage.$$$Tributes for cost$Cost/Effect/Lingering$
40838625$Quaking Mirror Force$Unlimited$TRAP$$$$$$$$$$$$When an opponent's monster declares an attack: Change all your opponent's Attack Position monsters to face-down Defense Position. Monsters changed to face-down Defense Position by this effect cannot change their battle positions.$$$Activates upon attack declaration/Changes battle positions/Flips monsters face-down/Prevents battle position changes$Activation requirement/Effect$
01637760$Grand Horn of Heaven$Unlimited$TRAP$$$$$$$$$Counter$$$During your opponent's Main Phase, when they would Special Summon a monster(s): Negate the Summon, and if you do, destroy that monster, then your opponent draws 1 card, then end the Main Phase.$$$Your opponent draws cards/Ends the Main Phase$Activation requirement/Effect$
18252559$Secret Blast$Unlimited$TRAP$$$$$$$$$$$$Inflict 300 damage to your opponent for each card they control. If this card you control is destroyed by an opponent's card and sent to your Graveyard: Inflict 1000 damage to your opponent.$$$Activates from your Graveyard$Effect/Trigger-like$
