Passcode$Name$Status$Attribute$type$link$link_arrows$rank$pendulum_scale$level$attack$defense$spell_attribute$summoning_condition$pendulum_condition$card_text$card_supports$card_anti_supports$card_actions$effect_types$
53315891$Timaeus the Knight of Destiny$Unlimited$LIGHT$[Warrior/Fusion/Effect]$$$$$10$?$?$$"Legendary Knight Timaeus" + "Legendary Knight Critias" + "Legendary Knight Hermos"$$Must be Special Summoned (from your Extra Deck) by sending the above cards you control to the GY. (You do not use "Polymerization".) Unaffected by other cards' effects. Once per battle, if this card battles, during damage calculation (Quick Effect): You can make this card's ATK/DEF become equal to the ATK of the monster on the field with the highest ATK (your choice, if tied). When this card is destroyed by battle: You can Special Summon 3 "Legendary Knight" monsters from your hand, Deck, and/or GY, ignoring their Summoning conditions.$Supports archetypes /Legendary Knight$$Sends Fusion Materials for Contact Fusion to Graveyard/Activates if destroyed by battle$Summon/Continuous/Quick/Trigger$
85800949$Legendary Knight Critias$Unlimited$LIGHT$[Warrior/Effect]$$$$$8$2800$1800$$$$Cannot be Normal Summoned/Set. Must be Special Summoned with "Legend of Heart". When this card is Special Summoned: You can target 1 face-up Spell/Trap on the field; banish that target. When this card is targeted for an attack: You can target 1 Trap in your GY; Set that target. It can be activated this turn.$Legend of Heart$$Sets from your Graveyard$Summon/Trigger$
22804644$Doom Virus Dragon$Unlimited$DARK$[Dragon/Fusion/Effect]$$$$$4$1900$1500$$$$Must be Special Summoned with "The Fang of Critias", using "Crush Card Virus". If this card is Special Summoned: Look at your opponent's hand, all monsters they control, and all cards they draw until the end of their 3rd turn after this effect's activation, and destroy all those monsters with 1500 or more ATK.$The Fang of Critias/Crush Card Virus$$Activates upon Special Summon/Reveals your opponent's hand/Shows the opponent's drawn cards/Reveals face-down cards$Summon/Trigger$
58293343$Tyrant Burst Dragon$Unlimited$LIGHT$[Dragon/Fusion/Effect]$$$$$8$2900$2500$$$$Must be Special Summoned with "The Fang of Critias", using "Tyrant Wing". This card can attack all your opponent's monsters, once each. You can target 1 face-up monster you control; equip this monster to that target. It gains 400 ATK/DEF, also it can make 3 attacks during each Battle Phase.$The Fang of Critias/Tyrant Wing$$Equips self from field$Summon/Continuous/Ignition/Continuous-like$
84687358$Mirror Force Dragon$Unlimited$LIGHT$[Dragon/Fusion/Effect]$$$$$8$2800$1200$$$$Must be Special Summoned with "The Fang of Critias", using "Mirror Force". When a monster(s) you control is targeted for an attack or by an opponent's card effect (except during the Damage Step): You can destroy all cards your opponent controls.$The Fang of Critias/Mirror Force$$$Summon/Trigger$
11082056$The Fang of Critias$Unlimited$SPELL$$$$$$$$$$$$(This card is also always treated as "Legendary Dragon Critias".)Send 1 Trap from your hand or field to the GY, that is listed on a Fusion Monster that can only be Special Summoned with "The Fang of Critias" (if that card is Set, reveal it), then Special Summon that Fusion Monster from your Extra Deck. You can only activate 1 "The Fang of Critias" per turn.$Fusion Monster$$Sends from your hand to your Graveyard/Sends from your field to your Graveyard/Reveals face-down cards$Condition/Effect$
57470761$Tyrant Wing$Unlimited$TRAP$$$$$$$$$$$$Target 1 Dragon monster on the field; equip this card to it. It gains 400 ATK/DEF, also it can make up to 2 attacks on monsters during each Battle Phase. Once per turn, during the End Phase, if the monster equipped with this card by this effect attacked an opponent's monster this turn: Destroy this card.$Dragon$$Equips self from field$Effect/Continuous-like/Trigger-like$
84565800$Legendary Knight Hermos$Unlimited$LIGHT$[Warrior/Effect]$$$$$8$2800$1800$$$$Cannot be Normal Summoned/Set. Must be Special Summoned with "Legend of Heart". When this card is Special Summoned: You can target 1 face-up Spell/Trap on the field; banish that target. Once per turn, when this card is targeted for an attack: You can target 1 Effect Monster in your GY; until the End Phase of your next turn, this card's name becomes that target's original name, and replace this effect with that target's original effects.$Legend of Heart$$Activates upon Special Summon$Summon/Trigger$
10960419$Time Magic Hammer$Unlimited$LIGHT$[Spellcaster/Fusion/Effect]$$$$$2$500$400$$$$Must be Special Summoned with "The Claw of Hermos", using a Spellcaster monster. If this card is Special Summoned: Target 1 other face-up monster on the field; equip this card to it. At the start of the Damage Step, if it battles an opponent's monster: You can roll a six-sided die, and banish that opponent's monster until the Standby Phase of the Nth turn after this effect's activation (N = the result).$The Claw of Hermos/Spellcaster$$Activates upon Special Summon/Equips self from field/Returns banished cards to the field$Summon/Trigger/Trigger-like$
46354113$Rocket Hermos Cannon$Unlimited$LIGHT$[Warrior/Fusion/Effect]$$$$$4$1500$1300$$$$Must be Special Summoned with "The Claw of Hermos", using a Warrior monster. If this card is Special Summoned: Target 1 other face-up monster on the field; equip this card to it. It can make a second attack during each Battle Phase, also, if it attacks a Defense Position monster, inflict piercing battle damage to your opponent.$The Claw of Hermos/Warrior$$Activates upon Special Summon/Equips self from field$Summon/Trigger/Continuous-like$
83743222$Goddess Bow$Unlimited$LIGHT$[Warrior/Fusion/Effect]$$$$$4$1500$1600$$$$Must be Special Summoned with "The Claw of Hermos", using a Warrior monster. If this card is Special Summoned: Target 1 other face-up monster on the field; equip this card to it. While this card is equipped to a monster by this effect, negate the first effect activated by your opponent during each Battle Phase, also, after that, the equipped monster can make a second attack during this Battle Phase.$The Claw of Hermos/Warrior$$Activates upon Special Summon/Equips self from field$Summon/Trigger/Continuous-like$
19747827$Red-Eyes Black Dragon Sword$Unlimited$DARK$[Dragon/Fusion/Effect]$$$$$7$2400$2000$$$$Must be Special Summoned with "The Claw of Hermos", using a Dragon monster. If this card is Special Summoned: Target 1 other face-up monster on the field; equip this card to it. It gains 1000 ATK, and 500 ATK/DEF for each Dragon monster on the field and in the GYs.$The Claw of Hermos/Dragon$Dragon$Equips self from field$Summon/Trigger/Continuous-like$
46232525$The Claw of Hermos$Unlimited$SPELL$$$$$$$$$$$$(This card is also always treated as "Legendary Dragon Hermos".)Send 1 monster from your hand or field to the GY, of the Type that is listed on a Fusion Monster that can only be Special Summoned with "The Claw of Hermos" (if that card is Set, reveal it), then Special Summon that Fusion Monster from your Extra Deck. You can only activate 1 "The Claw of Hermos" per turn.$Fusion Monster$$Sends from your hand to your Graveyard/Sends from your field to your Graveyard/Reveals face-down cards$Condition/Effect$
36708764$Roulette Spider$Unlimited$SPELL$$$$$$$$$Quick-Play$$$When an opponent's monster declares an attack: Roll a six-sided die and apply the result.1: Halve your LP.2: Make that attack a direct attack.3: Choose 1 monster you control, change the attack target to it, and perform damage calculation.4: Choose 1 other monster your opponent controls, change the attack target to it, and perform damage calculation.5: Negate the attack, and if you do, inflict damage to your opponent equal to that monster's ATK.6: Destroy that opponent's monster.$$$Activates upon attack declaration$Activation requirement/Effect$
72621670$Double Magical Arm Bind$Unlimited$TRAP$$$$$$$$$$$$Tribute 2 monsters, then target 2 face-up monsters your opponent controls; take control of both targets until your End Phase.$$$Tributes for cost/Changes control$Cost/Effect$
19025379$Lord of the Red$Unlimited$FIRE$[Dragon/Ritual/Effect]$$$$$8$2400$2100$$$$You can Ritual Summon this card with "Red-Eyes Transmigration". Once per turn, when a card or effect is activated, except "Lord of the Red" (Quick Effect): You can target 1 monster on the field; destroy it. Once per turn, when a card or effect is activated, except "Lord of the Red" (Quick Effect): You can target 1 Spell/Trap on the field; destroy it.$$$$Summon/Quick$
45410988$Red-Eyes Transmigration$Unlimited$SPELL$$$$$$$$$Ritual$$$This card is used to Ritual Summon "Lord of the Red". You must also Tribute monsters from your hand or field, and/or banish "Red-Eyes" monsters from your GY, whose total Levels equal 8 or more.$Supports archetypes /Red-Eyes$$Tributes as an effect$Effect$
71408082$Paladin of Dark Dragon$Unlimited$DARK$[Dragon/Ritual/Effect]$$$$$4$1900$1200$$$$You can Ritual Summon this card with "Dark Dragon Ritual". At the start of the Damage Step, if this card attacks a Defense Position monster: Destroy that monster. You can Tribute this card; Special Summon 1 "Red-Eyes" monster from your hand or Deck. You can only use this effect of "Paladin of Dark Dragon" once per turn.$Supports archetypes /Red-Eyes$$Tributes itself for cost$Summon/Trigger/Ignition/Condition$
18803791$Dark Dragon Ritual$Unlimited$SPELL$$$$$$$$$Ritual$$$This card is used to Ritual Summon "Paladin of Dark Dragon". You must also Tribute monsters from your hand or field whose total Levels equal 4 or more. During your Main Phase, except the turn this card was sent to the GY: You can banish this card from your GY; add 1 "Red-Eyes" Spell/Trap from your Deck to your hand.$Supports archetypes /Red-Eyes$$Tributes as an effect/Activates from your Graveyard/Adds from Deck to hand$Effect/Ignition-like$
44397496$Red-Eyes Spirit$Unlimited$TRAP$$$$$$$$$$$$Target 1 "Red-Eyes" monster in your GY; Special Summon it.$Supports archetypes /Red-Eyes$$$Effect$
71782404$Red-Eyes Burn$Unlimited$TRAP$$$$$$$$$$$$If a face-up "Red-Eyes" monster(s) you control is destroyed by battle or card effect: Target 1 of those monsters; both players take damage equal to its original ATK. You can only activate 1 "Red-Eyes Burn" per turn.$Supports archetypes /Red-Eyes$$Activates if destroyed by battle/Activates if destroyed by card effect$Activation requirement/Effect/Condition$
07171149$Toon Ancient Gear Golem$Unlimited$EARTH$[Machine/Toon/Effect]$$$$$8$3000$3000$$$$Cannot attack the turn it is Summoned. While you control "Toon World" and your opponent controls no Toon monsters, this card can attack your opponent directly. If this card attacks a Defense Position monster, inflict piercing battle damage to your opponent. If this card attacks, your opponent cannot activate any Spell/Trap until the end of the Damage Step.$Toon World/Toon monster$$$Continuous$
43175858$Toon Kingdom$Unlimited$SPELL$$$$$$$$$Field$$$When this card is activated: Banish 3 cards from the top of your Deck, face-down. This card's name becomes "Toon World" while in the Field Zone. Your opponent cannot target Toon monsters you control with card effects. If a Toon monster(s) you control would be destroyed by battle or card effect, you can banish 1 card from the top of your Deck, face-down, for each of those monster(s) instead.$Toon World/Toon monster$$$Effect/Continuous-like$
70560957$Toon Rollback$Unlimited$SPELL$$$$$$$$$$$$Target 1 Toon monster you control; it can make a second attack during each Battle Phase this turn.$Toon monster$$$Effect$
06958551$Shadow Toon$Unlimited$SPELL$$$$$$$$$$$$If you control "Toon World": Target 1 face-up monster your opponent controls; inflict damage to your opponent equal to the ATK of that face-up monster. You can only activate 1 "Shadow Toon" per turn.$Toon World$$$Activation requirement/Effect/Condition$
33453260$Comic Hand$Unlimited$SPELL$$$$$$$$$Equip$$$If you control "Toon World", equip to an opponent's monster. Take control of it. It is treated as a Toon monster. If your opponent controls no Toon monsters, it can attack your opponent directly. If "Toon World" is not on the field, destroy this card.$Toon World/Toon monster$$Takes control of equipped$Condition/Continuous-like$
88032456$Mimicat$Unlimited$SPELL$$$$$$$$$$$$If you control "Toon World" and a Toon monster: Target 1 card in your opponent's GY; if it is a monster, Special Summon it to your field, or if it is a Spell/Trap, Set it to your field. You can only activate 1 "Mimicat" per turn.$Toon World/Toon monster$$Sets from your opponent's Graveyard/Exchanges cards$Activation requirement/Effect/Condition$
79447365$Toon Mask$Unlimited$TRAP$$$$$$$$$$$$If you control "Toon World": Target 1 face-up monster your opponent controls; Special Summon 1 Toon monster from your hand or Deck, whose Level is less than or equal to the Level/Rank of that monster, ignoring its Summoning conditions.$Toon World/Toon monster$$$Activation requirement/Effect$
05832914$Toon Briefcase$Unlimited$TRAP$$$$$$$$$$$$When your opponent Summons a monster(s) while you control a Toon monster: Shuffle that monster(s) into the Deck.$Toon monster$$Activates upon Normal Summon/Activates upon Flip Summon/Activates upon Special Summon/Returns from field to Deck$Effect$
32231618$Prediction Princess Coinorma$Unlimited$EARTH$[Fairy/Flip/Effect]$$$$$3$800$1400$$$$FLIP: You can Special Summon 1 Level 3 or higher Flip monster from your hand or Deck in face-down Defense Position, also you cannot activate monster effects for the rest of this turn, except "Prediction Princess" monsters'.$Supports archetypes /Prediction Princess$$Activates upon being flipped face-up$Flip$
68625727$Prediction Princess Petalelf$Unlimited$EARTH$[Fairy/Flip/Effect]$$$$$3$800$700$$$$FLIP: You can change all face-up Attack Position monsters your opponent controls to face-up Defense Position. Monsters changed to Defense Position by this effect cannot change their battle positions.$$$Activates upon being flipped face-up/Changes battle positions/Prevents Battle Position changes$Flip$
05010422$Prediction Princess Astromorrigan$Unlimited$DARK$[Fairy/Flip/Effect]$$$$$3$1300$0$$$$FLIP: During the End Phase of this turn, destroy as many Defense Position monsters your opponent controls as possible, and if you do, inflict 500 damage to your opponent for each monster destroyed.$$$Activates upon being flipped face-up$Flip$
31118030$Prediction Princess Arrowsylph$Unlimited$WIND$[Fairy/Flip/Effect]$$$$$4$1000$1400$$$$FLIP: You can add 1 Ritual Spell from your Deck or GY to your hand.$Ritual Spell Card$$Activates upon being flipped face-up/Adds from Deck to hand/Adds from Graveyard to hand$Flip$
67503139$Prediction Princess Crystaldine$Unlimited$WATER$[Fairy/Flip/Effect]$$$$$5$1400$2200$$$$FLIP: You can add 1 Ritual Monster from your Deck or GY to your hand.$Ritual Monster$$Activates upon being flipped face-up/Adds from Deck to hand/Adds from Graveyard to hand$Flip$
94997874$Prediction Princess Tarotrei$Unlimited$LIGHT$[Fairy/Ritual/Effect]$$$$$9$2700$1200$$$$You can Ritual Summon this card with "Prediction Ritual". Once per turn, during your End Phase: You can Special Summon 1 Flip monster from your hand or GY in face-down Defense Position. You can only use 1 of the following effects of "Prediction Princess Tarotrei" per turn, and only once that turn.●(Quick Effect): You can target 1 face-down monster on the field; change it to face-up Attack Position.●(Quick Effect): You can target 1 face-up monster on the field; change it to face-down Defense Position.$Flip monster$$Flips monsters face-up/Changes battle positions/Flips monsters face-down$Summon/Trigger/Condition/Quick$
30392583$Prediction Ritual$Unlimited$SPELL$$$$$$$$$Ritual$$$This card is used to Ritual Summon "Prediction Princess Tarotrei". You must also Tribute monsters from your hand or field whose total Levels equal 9 or more. During your Main Phase, except the turn this card was sent to the GY: You can banish this card from your GY; add 1 "Prediction Princess" monster from your Deck to your hand.$Supports archetypes /Prediction Princess$$Tributes as an effect/Activates from your Graveyard/Adds from Deck to hand$Effect/Ignition-like$
67381587$Black Cat-astrophe$Unlimited$TRAP$$$$$$$$$$$$During your opponent's Battle Phase, if you control 2 or more face-down Defense Position monsters: End the Battle Phase. You can banish this card from your GY, then target 2 face-up monsters on the field, including at least 1 "Prediction Princess" monster; change them to face-down Defense Position.$Supports archetypes /Prediction Princess$$Ends the Battle Phase/Activates from your Graveyard/Flips monsters face-down/Changes battle positions$Activation requirement/Effect/Quick-like$
93775296$Reverse Reuse$Unlimited$TRAP$$$$$$$$$$$$Target up to 2 Flip monsters in your GY; Special Summon them to your opponent's field, in face-up or face-down Defense Position.$Flip monster$$$Effect$
39260991$Aquaactress Tetra$Unlimited$WATER$[Aqua/Effect]$$$$$1$300$300$$$$Once per turn: You can add 1 "Aquarium" card from your Deck to your hand.$Supports archetypes /Aquarium$$Adds from Deck to hand$Ignition$
66668900$Aquaactress Guppy$Unlimited$WATER$[Aqua/Effect]$$$$$2$600$600$$$$Once per turn: You can Special Summon 1 "Aquaactress" monster from your hand.$Supports archetypes /Aquaactress$$$Ignition$
92053608$Aquaactress Arowana$Unlimited$WATER$[Aqua/Effect]$$$$$6$2000$2000$$$$Once per turn: You can add 1 "Aquaactress" monster from your Deck to your hand.$Supports archetypes /Aquaactress$$Adds from Deck to hand$Ignition$
29047353$Aquarium Stage$Unlimited$SPELL$$$$$$$$$Continuous$$$WATER monsters you control cannot be destroyed by battle with a non-WATER monster. "Aquaactress" monsters you control are unaffected by your opponent's monster effects. If this card is sent from the field to the GY: You can target 1 Aqua monster in your GY; Special Summon it, also you cannot Special Summon monsters for the rest of this turn, except Aqua monsters.$Supports archetypes /Aquaactress$$Activates from your Graveyard$Continuous-like/Trigger-like$
65446452$Aquarium Set$Unlimited$SPELL$$$$$$$$$Continuous$$$All WATER monsters you control gain 300 ATK/DEF. All "Aquaactress" monsters you control gain 300 ATK/DEF. If this card is sent from the field to the GY: You can target 1 Aqua monster in your GY; Special Summon it, also you cannot Special Summon monsters for the rest of this turn, except Aqua monsters.$Supports archetypes /Aquaactress$$Activates from your Graveyard$Continuous-like/Trigger-like$
91831066$Aquarium Lighting$Unlimited$SPELL$$$$$$$$$Continuous$$$If an "Aquaactress" monster you control battles an opponent's monster, during damage calculation: Your battling monster's ATK/DEF each become double its current ATK/DEF during that damage calculation only. If this card is sent from the field to the GY: You can target 1 Aqua monster in your GY; Special Summon it, also you cannot Special Summon monsters for the rest of this turn, except Aqua monsters. You can only control 1 "Aquarium Lighting".$Supports archetypes /Aquaactress$$Activates from your Graveyard$Trigger-like/Unclassified$
28325165$Aqua Story - Urashima$Unlimited$TRAP$$$$$$$$$$$$If you have an "Aquaactress" monster in your GY: Target 1 monster on the field; until the end of this turn, its effects are negated, its ATK/DEF become 100, also it is unaffected by your opponent's card effects.$Supports archetypes /Aquaactress$$$Activation requirement/Effect$
