Passcode$Name$Status$Attribute$type$link$link_arrows$rank$pendulum_scale$level$attack$defense$spell_attribute$summoning_condition$pendulum_condition$card_text$card_supports$card_anti_supports$card_actions$effect_types$
33365932$Volcanic Shell$Unlimited$FIRE$[Pyro/Effect]$$$$$1$100$0$$$$Once per turn: You can pay 500 LP; add 1 "Volcanic Shell" from your Deck to your hand. This card must be in the GY to activate and to resolve this effect.$$$Activates from your Graveyard/Adds from Deck to hand/Adds copies of itself to hand$Ignition/Condition$
69884162$Elemental HERO Neos Alius$Unlimited$LIGHT$[Warrior/Gemini/Effect]$$$$$4$1900$1300$$$$This card is treated as a Normal Monster while face-up on the field or in the GY. While this card is a Normal Monster on the field, you can Normal Summon it to have it become an Effect Monster with this effect.●This card's name becomes "Elemental HERO Neos" while on the field.$Elemental HERO Neos$$$Unclassified/Condition/Continuous$
20932152$Quickdraw Synchron$Unlimited$WIND$[Machine/Tuner/Effect]$$$$$5$700$1400$$$$You can Special Summon this card (from your hand) by sending 1 monster from your hand to the GY. For a Synchro Summon, you can substitute this card for any 1 "Synchron" Tuner. Cannot be used as a Synchro Material, except for the Synchro Summon of a monster that mentions a "Synchron" Tuner as material.$Supports archetypes /Synchron$$Activates from your hand/Sends from your hand to your Graveyard$Summon/Condition$
36687247$T.G. Rush Rhino$Unlimited$EARTH$[Beast/Effect]$$$$$4$1600$800$$$$If this card attacks, it gains 400 ATK during the Damage Step only. Once per turn, during the End Phase, if this card is in the GY because it was destroyed on the field and sent there this turn: You can add 1 "T.G." monster from your Deck to your hand, except "T.G. Rush Rhino".$Supports archetypes /T.G.$$Activates from your Graveyard/Adds from Deck to hand$Continuous/Trigger$
63676256$Buster Blaster$Unlimited$EARTH$[Machine/Union/Effect]$$$$$1$0$0$$$$Once per turn, you can either: Target 1 face-up monster you control; equip this card to that target, OR: Unequip this card and Special Summon it in face-up Attack Position. While equipped by this effect, the equipped monster loses 500 ATK and DEF. If the equipped monster destroys an opponent's monster by battle: Destroy all face-up monsters on the field with the same Monster Type as the destroyed monster. (A monster can only be equipped with 1 Union Monster at a time. If the equipped monster would be destroyed, destroy this card instead.)$$Union monster$Equips self from field/Activates when it destroys a monster by battle$Ignition/Ignition-like/Continuous-like/Trigger-like/Condition$
12958919$Phantom Skyblaster$Unlimited(OCG)$DARK$[Fiend/Effect]$$$$$4$1100$800$$$$When this card is Normal or Flip Summoned: You can Special Summon any number of "Skyblaster Tokens" (Fiend/DARK/Level 4/ATK 500/DEF 500), up to the number of monsters you control. Once per turn, during your Standby Phase: You can inflict 300 damage to your opponent for each "Skyblaster" monster you control. "Skyblaster" monsters you control cannot declare an attack during the turn you activate this effect.$Supports archetypes /Skyblaster$Anti-supports archetypes /Skyblaster$Activates upon Normal Summon/Activates upon Flip Summon$Trigger$
83039729$Grandmaster of the Six Samurai$Unlimited$EARTH$[Warrior/Effect]$$$$$5$2100$800$$$$You can only control 1 "Grandmaster of the Six Samurai". If you control a "Six Samurai" monster, you can Special Summon this card (from your hand). If this card in your possession is destroyed by an opponent's card effect: Target 1 "Six Samurai" monster in your GY; add that target to your hand.$Supports archetypes /Six Samurai$$Activates from your hand/Activates if destroyed by card effect/Returns from your Graveyard to your hand$Unclassified/Trigger$
14536035$Dark Grepher$Unlimited(OCG)$DARK$[Warrior/Effect]$$$$$4$1700$1600$$$$You can Special Summon this card (from your hand) by discarding 1 Level 5 or higher DARK monster. Once per turn: You can discard 1 DARK monster; send 1 DARK monster from your Deck to the GY.$DARK$$Discards for cost/Sends from Deck to Graveyard$Unclassified/Ignition$
61831093$Greenkappa$Unlimited$DARK$[Warrior/Effect]$$$$$3$650$900$$$$FLIP: Target 2 Set Spell/Trap Cards on the field; destroy those targets.$$$$Flip$
93920745$Penguin Soldier$Unlimited$WATER$[Aqua/Flip/Effect]$$$$$2$750$500$$$$FLIP: You can target up to 2 monsters on the field; return those targets to the hand.$$$Returns from field to hand/Returns from your field to your hand/Returns from your opponent's field to your opponent's hand$Flip$
24317029$Gravekeeper's Spy$Unlimited$DARK$[Spellcaster/Flip/Effect]$$$$$4$1200$2000$$$$FLIP: Special Summon 1 "Gravekeeper's" monster with 1500 or less ATK from your Deck.$Supports archetypes /Gravekeeper's$$Activates upon being flipped face-up$Flip$
25773409$Legendary Jujitsu Master$Unlimited$EARTH$[Rock/Effect]$$$$$3$1300$1800$$$$If this Defense Position card battled a monster, at the end of the Damage Step: Place that monster on the top of the Deck.$$$Returns from field to Deck/Returns from your opponent's field to your opponent's Deck$Trigger$
00759393$Hiita the Fire Charmer$Unlimited$FIRE$[Spellcaster/Flip/Effect]$$$$$3$500$1500$$$$FLIP: Target 1 FIRE monster your opponent controls; take control of that target while this card is face-up on the field.$$FIRE$Changes control$Flip/Continuous$
38033121$Dark Magician Girl$Unlimited$DARK$[Spellcaster/Effect]$$$$$6$2000$1700$$$$Gains 300 ATK for every "Dark Magician" or "Magician of Black Chaos" in the GYs.$Dark Magician/Magician of Black Chaos$$$Continuous$
18318842$Abyss Soldier$Unlimited$WATER$[Aqua/Effect]$$$$$4$1800$1300$$$$Once per turn: You can discard 1 WATER monster to the Graveyard to target 1 card on the field; return it to the hand.$WATER$$Discards for cost/Returns from field to hand$Ignition$
27408609$Golden Homunculus$Unlimited$LIGHT$[Warrior/Effect]$$$$$6$1500$1500$$$$This card gains 300 ATK and DEF for each of your banished cards.$$$$Continuous$
19163116$Gem-Knight Obsidian$Unlimited$EARTH$[Rock/Effect]$$$$$3$1500$1200$$$$If this card is sent from the hand to your Graveyard: You can target 1 Level 4 or lower Normal Monster in your Graveyard; Special Summon that target.$Normal Monster$$Activates from your Graveyard$Trigger$
45662855$Gem-Knight Iolite$Unlimited$EARTH$[Aqua/Gemini/Effect]$$$$$4$1300$2000$$$$This card is treated as a Normal Monster while face-up on the field or in the Graveyard. While this card is face-up on the field, you can Normal Summon it to have it become an Effect Monster with this effect.●Once per turn: You can banish 1 "Gem-" monster from your Graveyard to target 1 "Gem-Knight" card in your Graveyard; add that target to your hand.$Supports archetypes /Gem-/Gem-Knight$$Adds from Graveyard to hand$Unclassified/Condition/Ignition$
72056560$Gem-Knight Amber$Unlimited$EARTH$[Thunder/Gemini/Effect]$$$$$4$1600$1400$$$$This card is treated as a Normal Monster while face-up on the field or in the Graveyard. While this card is face-up on the field, you can Normal Summon it to have it become an Effect Monster with this effect.●Once per turn: You can send 1 "Gem-Knight" card from your hand to the Graveyard to target 1 of your banished monsters; add that target to your hand.$Supports archetypes /Gem-Knight$$Sends from hand to Graveyard for cost/Adds banished cards to the hand$Unclassified/Condition/Ignition$
08041569$Laval Lakeside Lady$Unlimited$FIRE$[Pyro/Tuner/Effect]$$$$$3$200$200$$$$If this card is in your Graveyard and you have 3 or more "Laval" monsters with different names in your Graveyard: You can banish this card and 1 other "Laval" monster from your Graveyard to target 1 Set card your opponent controls; destroy that target.$Supports archetypes /Laval$$Activates from your Graveyard$Ignition$
45439263$Laval Coatl$Unlimited$FIRE$[Pyro/Tuner/Effect]$$$$$2$1300$700$$$$If you have 3 or more "Laval" monsters with different names in your Graveyard, you can Special Summon this card (from your hand).$Supports archetypes /Laval$$$Summon$
11834972$Laval Blaster$Unlimited$FIRE$[Warrior/Effect]$$$$$4$1200$800$$$$When this card is Normal Summoned, if you have a "Laval" monster in your Graveyard other than "Laval Blaster": You can choose a number from 1 to 5, then send that many cards from the top of your Deck to the Graveyard; this card gains 200 ATK for each "Laval" monster sent to the Graveyard to activate this effect.$Supports archetypes /Laval$$Activates upon Normal Summon/Sends from the top of your Deck to your Graveyard for cost$Trigger$
47228077$Vylon Pentachloro$Unlimited$LIGHT$[Machine/Union/Effect]$$$$$4$500$400$$$$Once per turn, you can either: Target 1 face-up "Vylon" monster you control; equip this card to that target, OR: Unequip this card and Special Summon it in face-up Attack Position. While equipped by this effect, if the equipped monster destroys an opponent's monster by battle: You can target 1 card your opponent controls; destroy that target. (A monster can only be equipped with 1 Union Monster at a time. If the equipped monster would be destroyed, destroy this card instead.)$Supports archetypes /Vylon$Union monster$Equips self from field/Activates when it destroys a monster by battle$Ignition/Ignition-like/Trigger-like/Condition/Continuous-like$
84313685$Vylon Tesseract$Unlimited$LIGHT$[Machine/Union/Effect]$$$$$4$800$600$$$$Once per turn, you can either: Target 1 face-up "Vylon" monster you control; equip this card to that target, OR: Unequip this card and Special Summon it in face-up Attack Position. While equipped by this effect, if the equipped monster destroys an opponent's monster by battle: You can target 1 Level 4 or lower "Vylon" monster in your Graveyard; Special Summon that target. (A monster can only be equipped with 1 Union Monster at a time. If the equipped monster would be destroyed, destroy this card instead.)$Supports archetypes /Vylon$Union monster$Equips self from field/Activates when it destroys a monster by battle$Ignition/Ignition-like/Trigger-like/Condition/Continuous-like$
10712320$Vylon Stigma$Unlimited$LIGHT$[Fairy/Effect]$$$$$4$1600$1000$$$$Once per turn, during either player's turn: You can target 1 face-up "Vylon" Equip Card you control and 1 appropriate face-up monster; equip the first target to the second target.$Supports archetypes /Vylon$$Moves Equip Cards$Quick$
47106439$Gishki Vision$Unlimited$WATER$[Sea Serpent/Effect]$$$$$2$700$500$$$$If you Ritual Summon exactly 1 WATER Ritual Monster with a card effect that requires use of monsters, this card can be used as the entire requirement. You can discard this card; add 1 "Gishki" Ritual Monster from your Deck to your hand.$Supports archetypes /Gishki$$Discards itself for cost/Adds from Deck to hand$Unclassified/Ignition$
73551138$Gishki Emilia$Unlimited$WATER$[Spellcaster/Spirit/Effect]$$$$$4$1600$800$$$$Cannot be Special Summoned. During the End Phase of the turn this card is Normal Summoned or flipped face-up: Return it to the hand. When this card is Normal Summoned or flipped face-up: Negate all Trap Card effects on the field, until the End Phase. You must control another face-up "Gishki" monster to activate and to resolve this effect.$Supports archetypes /Gishki$$Returns itself from field to hand/Activates upon Normal Summon$Summon/Trigger$
19959742$Gishki Mollusk$Unlimited$WATER$[Aqua/Effect]$$$$$4$1700$900$$$$When this card is sent to the Graveyard by a card effect: Look at the top 3 cards of your Deck, then return them all to the top or to the bottom of the Deck, in any order.$$$Activates from your Graveyard/Looks at cards from the top of your Deck/Changes your Deck order/Places cards from your Deck on the top of the Deck/Places cards from your Deck on the bottom of the Deck$Trigger$
46044841$Gusto Falco$Unlimited$WIND$[Winged Beast/Tuner/Effect]$$$$$2$600$1400$$$$When this face-up card on the field is sent to the Graveyard, except by battle: You can Special Summon 1 "Gusto" monster from your Deck in face-down Defense Position.$Supports archetypes /Gusto$$Activates from your Graveyard$Trigger$
72439556$Kamui, Hope of Gusto$Unlimited$WIND$[Psychic/Effect]$$$$$2$200$1000$$$$FLIP: Special Summon 1 "Gusto" Tuner monster from your Deck.$Supports archetypes /Gusto$$$Flip$
09837195$Musto, Oracle of Gusto$Unlimited$WIND$[Psychic/Effect]$$$$$4$1800$900$$$$Once per turn: You can target 1 "Gusto" monster in your Graveyard and 1 face-up monster on the field; shuffle the first target into the Deck, and if you do, negate the second target's effects until the End Phase.$Supports archetypes /Gusto$$Returns from your Graveyard to your Deck$Ignition$
45222299$Evigishki Gustkraken$Unlimited$WATER$[Aqua/Ritual/Effect]$$$$$6$2400$1000$$$$You can Ritual Summon this card with any "Gishki" Ritual Spell Card. When this card is Ritual Summoned: Look at up to 2 random cards in your opponent's hand, then shuffle 1 of them into the Deck.$Supports archetypes /Gishki$$Activates upon Ritual Summon/Reveals your opponent's hand/Returns from your opponent's hand to your opponent's Deck$Summon/Trigger$
71616908$Gem-Knight Amethyst$Unlimited$EARTH$[Aqua/Fusion/Effect]$$$$$7$1950$2450$$1 "Gem-Knight" monster + 1 Aqua-Type monster$$Must first be Fusion Summoned. When this card is sent from the field to the Graveyard: Return all Set Spell and Trap Cards on the field to the hand.$Supports archetypes /Gem-Knight$$Activates from your Graveyard/Returns from field to hand$Summon/Trigger$
08611007$Lavalval Dragun$Unlimited$FIRE$[Dragon/Synchro/Effect]$$$$$6$2500$1200$$1 Tuner + 1 or more non-Tuner FIRE monsters$$Once per turn: You can add 1 "Laval" monster from your Deck to your hand, then send 1 "Laval" monster from your hand to the Graveyard.$Supports archetypes /Laval$$Adds from Deck to hand/Sends from your hand to your Graveyard$Ignition$
34109611$Daigusto Falcos$Unlimited$WIND$[Psychic/Synchro/Effect]$$$$$4$1400$1200$$1 Tuner + 1 or more non-Tuner "Gusto" monsters$$When this card is Synchro Summoned: All "Gusto" monsters currently on the field gain 600 ATK.$Supports archetypes /Gusto$$Activates upon Synchro Summon$Trigger$
71594310$Gem-Knight Pearl$Unlimited$EARTH$[Rock/Xyz]$$$4$$$2600$1900$$$$2 Level 4 monsters$$$$$
03989465$Lavalval Ignis$Unlimited$FIRE$[Warrior/Xyz/Effect]$$$3$$$1800$1400$$2 Level 3 monsters$$If this card attacks or is attacked, during the Damage Step (in either player's turn): You can detach 1 Xyz Material from this card once per battle; this card gains 500 ATK until the end of this turn.$$$$Quick$
39987164$Vylon Disigma$Unlimited$LIGHT$[Fairy/Xyz/Effect]$$$4$$$2500$2100$$3 Level 4 monsters$$Once per turn: You can detach 1 Xyz Material from this card to target 1 face-up Attack Position Effect Monster your opponent controls; equip that target to this card. At the start of the Damage Step, if this card battles a monster whose Attribute is the same as a card equipped by this effect: Destroy that monster.$$Effect Monster$Equips monsters from the opponent's field to itself$Ignition/Trigger$
76372778$Evigishki Merrowgeist$Unlimited$WATER$[Aqua/Xyz/Effect]$$$4$$$2100$1600$$2 Level 4 monsters$$After damage calculation, if this card destroys an opponent's monster by battle: You can detach 1 Xyz Material from this card; shuffle the destroyed monster into the Deck instead of sending it to the Graveyard.$$$Returns from your opponent's field to your opponent's Deck$Trigger$
02766877$Daigusto Phoenix$Unlimited$WIND$[Pyro/Xyz/Effect]$$$2$$$1500$1100$$2 Level 2 monsters$$Once per turn: You can detach 1 Xyz Material from this card to target 1 face-up WIND monster you control; this turn, it can attack twice during each Battle Phase.$WIND$$$Ignition$
43422537$Double Summon$Unlimited$SPELL$$$$$$$$$$$$You can conduct 2 Normal Summons/Sets this turn, not just 1.$$$$Effect$
32441317$De-Synchro$Unlimited$SPELL$$$$$$$$$$$$Target 1 Synchro Monster on the field; return that target to the Extra Deck, then, if all of the monsters that were used for the Synchro Summon of that monster are in your Graveyard, you can Special Summon all of them.$Synchro Monster$Synchro Monster$Returns from field to Extra Deck$Effect$
39261576$Particle Fusion$Unlimited$SPELL$$$$$$$$$$$$Send, from your side of the field to the Graveyard, the Fusion Material Monsters that are listed on a "Gem-Knight" Fusion Monster Card, then Special Summon that Fusion Monster from your Extra Deck. (This Special Summon is treated as a Fusion Summon.) When you do: Banish this card from the Graveyard to target 1 "Gem-Knight" Fusion Material Monster used for the Fusion Summon; the Fusion Summoned monster gains that monster's ATK until the End Phase.$Supports archetypes /Gem-Knight$$Sends from your field to your Graveyard/Uses cards on the player's field as Fusion Materials/Activates from your Graveyard$Effect/Trigger-like$
65659181$Vylon Polytope$Unlimited$SPELL$$$$$$$$$Quick-Play$$$Target any number of "Vylon" Monster Cards you control that are Equip Cards; Special Summon them in face-up Defense Position. Banish them when they leave the field.$Supports archetypes /Vylon$$$Effect$
01644289$Vylon Segment$Unlimited$SPELL$$$$$$$$$Equip$$$Equip only to a "Vylon" monster. It cannot be targeted by the opponent's monster effects or Trap effects. If this face-up card on the field is sent to the Graveyard: You can add 1 "Vylon" Spell Card from your Deck to your hand.$Supports archetypes /Vylon$$Adds from Deck to hand/Activates from your Graveyard$Condition/Continuous-like/Trigger-like$
30241314$Macro Cosmos$Unlimited(OCG)$TRAP$$$$$$$$$Continuous$$$When this card resolves: You can Special Summon 1 "Helios - The Primordial Sun" from your hand or Deck. While this card is face-up on the field, any card sent to the Graveyard is banished instead.$Helios - The Primordial Sun$$$Effect/Continuous-like$
28649820$Embodiment of Apophis$Unlimited$TRAP$$$$$$$$$Continuous$$$During the Main Phase: Special Summon this card as a Normal Monster (Reptile/EARTH/Level 4/ATK 1600/DEF 1800). (This card is also still a Trap.)$$$$Activation requirement/Effect/Condition$
38049934$Dustflame Blast$Unlimited$TRAP$$$$$$$$$$$$Banish all "Laval" monsters from your Graveyard; destroy any number of cards on the field, up to the number of monsters banished for this card's activation.$Supports archetypes /Laval$$$Cost/Effect$
64437633$Aquamirror Illusion$Unlimited$TRAP$$$$$$$$$$$$Special Summon 1 "Gishki" Ritual Monster from your hand. It cannot attack, and is returned to the hand during the End Phase.$Supports archetypes /Gishki$$Returns from your field to your hand$Effect$
91822647$Whirlwind of Gusto$Unlimited$TRAP$$$$$$$$$$$$If you control no monsters: Target 2 "Gusto" monsters in your Graveyard; shuffle both targets into the Deck, then Special Summon 1 "Gusto" monster with 1000 or less DEF from your Deck.$Supports archetypes /Gusto$$Returns from your Graveyard to your Deck$Activation requirement/Effect$
