Passcode$Name$Status$Attribute$type$link$link_arrows$rank$pendulum_scale$level$attack$defense$spell_attribute$summoning_condition$pendulum_condition$card_text$card_supports$card_anti_supports$card_actions$effect_types$
89631139$Blue-Eyes White Dragon$Unlimited$LIGHT$[Dragon/Normal]$$$$$8$3000$2500$$$$This legendary dragon is a powerful engine of destruction. Virtually invincible, very few have faced this awesome creature and lived to tell the tale.$$$$$
46986414$Dark Magician$Unlimited$DARK$[Spellcaster/Normal]$$$$$7$2500$2100$$$$The ultimate wizard in terms of attack and defense.$$$$$
74677422$Red-Eyes Black Dragon$Unlimited$DARK$[Dragon/Normal]$$$$$7$2400$2000$$$$A ferocious dragon with a deadly attack.$$$$$
42941100$Ojama Yellow$Unlimited$LIGHT$[Beast/Normal]$$$$$2$0$1000$$$$He's one of the Ojama Trio. It's said that he butts in by any means necessary. It's also said that when the three are together, something happens.$$$$$
89943723$Elemental HERO Neos$Unlimited$LIGHT$[Warrior/Normal]$$$$$7$2500$2000$$$$A new Elemental HERO has arrived from Neo-Space! When he initiates a Contact Fusion with a Neo-Spacian his unknown powers are unleashed.$$$$$
78193831$Buster Blader$Unlimited$EARTH$[Warrior/Effect]$$$$$7$2600$2300$$$$Gains 500 ATK for each Dragon monster your opponent controls or is in their GY.$$Dragon$$Continuous$
40640057$Kuriboh$Unlimited$DARK$[Fiend/Effect]$$$$$1$300$200$$$$During damage calculation, if your opponent's monster attacks (Quick Effect): You can discard this card; you take no battle damage from that battle.$$$Activates from your hand/Discards itself for cost$Quick$
57116033$Winged Kuriboh$Unlimited$LIGHT$[Fairy/Effect]$$$$$1$300$200$$$$If this card on the field is destroyed and sent to the GY: For the rest of this turn, you take no battle damage.$$$Activates if destroyed by battle/Activates if destroyed by card effect/Activates from your Graveyard$Trigger$
70095154$Cyber Dragon$Unlimited$LIGHT$[Machine/Effect]$$$$$5$2100$1600$$$$If only your opponent controls a monster, you can Special Summon this card (from your hand).$$$Activates from your hand$Unclassified$
68005187$Soul Exchange$Unlimited$SPELL$$$$$$$$$$$$Target 1 monster your opponent controls; this turn, if you Tribute a monster, you must Tribute that target, as if you controlled it. You cannot conduct your Battle Phase the turn you activate this card.$$$Tributes opponent's monsters/Cannot conduct Battle Phase$Effect/Condition$
99597615$Malevolent Nuzzler$Unlimited$SPELL$$$$$$$$$Equip$$$The equipped monster gains 700 ATK. When this card is sent from the field to the Graveyard: You can pay 500 LP; place this card on the top of your Deck.$$$Activates from your Graveyard/Returns itself from Graveyard to Deck$Continuous-like/Trigger-like$
17449108$Nobleman of Extermination$Unlimited$SPELL$$$$$$$$$$$$Target 1 face-down Spell/Trap on the field; destroy that target, and if you do, banish it, then, if it was a Trap, each player reveals their Main Deck, then banishes all cards from it with that card's name.$$$Reveals cards from your Deck/Reveals your opponent's Deck$Effect$
17655904$Burst Stream of Destruction$Unlimited$SPELL$$$$$$$$$$$$If you control "Blue-Eyes White Dragon": Destroy all monsters your opponent controls. "Blue-Eyes White Dragon" you control cannot attack the turn you activate this card.$Blue-Eyes White Dragon$$$Activation requirement/Effect/Condition$
02314238$Dark Magic Attack$Unlimited$SPELL$$$$$$$$$$$$If you control "Dark Magician": Destroy all Spells and Traps your opponent controls.$Dark Magician$$$Activation requirement/Effect$
52684508$Inferno Fire Blast$Unlimited$SPELL$$$$$$$$$$$$Target 1 "Red-Eyes Black Dragon" in your Monster Zone; inflict damage to your opponent equal to the original ATK of that "Red-Eyes Black Dragon". "Red-Eyes Black Dragon" cannot attack the turn you activate this card.$Red-Eyes Black Dragon$$$Effect/Condition$
60082869$Dust Tornado$Unlimited$TRAP$$$$$$$$$$$$Target 1 Spell/Trap your opponent controls; destroy that target, then you can Set 1 Spell/Trap from your hand.$$$Sets from your hand$Effect$
57882509$Mask of Weakness$Unlimited$TRAP$$$$$$$$$$$$Target 1 attacking monster; that target loses 700 ATK until the end of this turn.$$$Activates upon attack declaration$Effect$
77414722$Magic Jammer$Unlimited$TRAP$$$$$$$$$Counter$$$When a Spell Card is activated: Discard 1 card; negate the activation, and if you do, destroy it.$$$Discards for cost$Activation requirement/Cost/Effect$
17814387$Reinforcements$Unlimited$TRAP$$$$$$$$$$$$Target 1 face-up monster on the field; it gains 500 ATK until the end of this turn.$$$$Effect$
14315573$Negate Attack$Unlimited$TRAP$$$$$$$$$Counter$$$When an opponent's monster declares an attack: Target the attacking monster; negate the attack, then end the Battle Phase.$$$Activates upon attack declaration/Ends the Battle Phase$Activation requirement/Effect$
96182448$Nitro Synchron$Unlimited$FIRE$[Machine/Tuner/Effect]$$$$$2$300$100$$$$If this card is sent to the Graveyard for the Synchro Summon of a "Nitro" Synchro Monster: Draw 1 card.$Supports archetypes /Nitro$$Activates from your Graveyard/You draw cards$Trigger$
59965151$Ghost Gardna$Unlimited$DARK$[Warrior/Effect]$$$$$4$0$1900$$$$When a face-up monster you control is selected as an attack target, you can change the target to this card. When this card is destroyed and sent to the Graveyard, 1 face-up monster your opponent controls loses 1000 ATK, until the End Phase.$$$Activates upon attack declaration/Activates if destroyed by battle/Activates if destroyed by card effect/Activates from your Graveyard$Trigger$
25247218$Big Piece Golem$Unlimited$EARTH$[Rock/Effect]$$$$$5$2100$0$$$$If your opponent controls a monster and you control no monsters, you can Normal Summon this card without Tributes.$$$$Summon$
97021916$Dark Resonator$Unlimited$DARK$[Fiend/Tuner/Effect]$$$$$3$1300$300$$$$The first time this card would be destroyed by battle each turn, it is not destroyed.$$$$Continuous$
97904474$Handcuffs Dragon$Unlimited$WIND$[Dragon/Effect]$$$$$5$1800$1800$$$$When this card is destroyed by battle with an attacking monster your opponent controls and is sent to the Graveyard, you can equip this card to that monster. The equipped monster loses 1800 ATK. When it is destroyed and this card is sent to the Graveyard, you can Special Summon this card.$$$Activates from your Graveyard/Equips self from Graveyard$Trigger/Continuous-like$
16589042$Swift Gaia the Fierce Knight$Unlimited$DARK$[Warrior/Effect]$$$$$7$2300$2100$$$$If this is the only card in your hand, you can Normal Summon this card without Tributing.$$$$Summon$
91932350$Harpie Lady 1$Unlimited$WIND$[Winged Beast/Effect]$$$$$4$1300$1400$$$$(This card's name is always treated as "Harpie Lady".)All WIND monsters gain 300 ATK.$WIND$$$Condition/Continuous$
07093411$Crystal Beast Sapphire Pegasus$Unlimited$WIND$[Beast/Effect]$$$$$4$1800$1200$$$$When this card is Summoned: You can place 1 "Crystal Beast" monster from your hand, Deck, or GY, face-up in your Spell & Trap Zone as a Continuous Spell. If this face-up card is destroyed in a Monster Zone, you can place it face-up in your Spell & Trap Zone as a Continuous Spell, instead of sending it to the GY.$Supports archetypes /Crystal Beast$$Activates upon Normal Summon/Activates upon Flip Summon/Activates upon Special Summon/Places cards from hand in Spell & Trap Zone/Places cards from Deck in Spell & Trap Zone/Places cards from Graveyard in Spell & Trap Zone/Activates if destroyed by battle/Activates if destroyed by card effect/Places itself in Spell & Trap Zone/Places destroyed cards in Spell & Trap Zone$Trigger/Unclassified$
18013090$Nitro Warrior$Unlimited$FIRE$[Warrior/Synchro/Effect]$$$$$7$2800$1800$$"Nitro Synchron" + 1 or more non-Tuner monsters$$Once during each of your turns, if you activate a Spell Card, this card gains 1000 ATK during the next attack this turn involving this card, during damage calculation only. If this attacking card destroys an opponent's monster by battle, after damage calculation: You can target 1 face-up Defense Position monster your opponent controls; change that target to Attack Position, then this card can make a second attack in a row, on that monster.$$$Changes battle positions$Continuous/Trigger$
07391448$Goyo Guardian$Unlimited$EARTH$[Warrior/Synchro/Effect]$$$$$6$2800$2000$$1 EARTH Tuner + 1+ non-Tuner monsters$$When this card destroys an opponent's monster by battle and sends it to the GY: You can Special Summon that monster to your field in Defense Position.$EARTH$$Activates when it destroys a monster by battle$Trigger$
26593852$Ally of Justice Catastor$Unlimited$DARK$[Machine/Synchro/Effect]$$$$$5$2200$1200$$1 Tuner + 1+ non-Tuner monsters$$At the start of the Damage Step, if this card battles a face-up non-DARK monster: Destroy that monster.$DARK$$$Trigger$
