Passcode$Name$Status$Attribute$type$link$link_arrows$rank$pendulum_scale$level$attack$defense$spell_attribute$summoning_condition$pendulum_condition$card_text$card_supports$card_anti_supports$card_actions$effect_types$
89631139$Blue-Eyes White Dragon$Unlimited$LIGHT$[Dragon/Normal]$$$$$8$3000$2500$$$$This legendary dragon is a powerful engine of destruction. Virtually invincible, very few have faced this awesome creature and lived to tell the tale.$$$$$
76184692$Hitotsu-Me Giant$Unlimited$EARTH$[Beast-Warrior/Normal]$$$$$4$1200$1000$$$$A one-eyed behemoth with thick, powerful arms made for delivering punishing blows.$$$$$
30113682$Judge Man$Unlimited$EARTH$[Warrior/Normal]$$$$$6$2200$1500$$$$This club-wielding warrior battles to the end and will never surrender.$$$$$
50005633$Swordstalker$Unlimited$DARK$[Warrior/Normal]$$$$$6$2000$1600$$$$A monster formed by the vengeful souls of those who passed away in battle.$$$$$
97590747$La Jinn the Mystical Genie of the Lamp$Unlimited$DARK$[Fiend/Normal]$$$$$4$1800$1000$$$$A genie of the lamp that is at the beck and call of its master.$$$$$
66602787$Saggi the Dark Clown$Unlimited$DARK$[Spellcaster/Normal]$$$$$3$600$1500$$$$This clown appears from nowhere and executes very strange moves to avoid enemy attacks.$$$$$
62651957$X-Head Cannon$Unlimited$LIGHT$[Machine/Normal]$$$$$4$1800$1500$$$$A monster with a mighty cannon barrel, it is able to integrate its attacks. It attacks in many ways by combining and separating with other monsters.$$$$$
14898066$Vorse Raider$Unlimited$DARK$[Beast-Warrior/Normal]$$$$$4$1900$1200$$$$This wicked Beast-Warrior does every horrid thing imaginable, and loves it! His axe bears the marks of his countless victims.$$$$$
17985575$Lord of D.$Unlimited$DARK$[Spellcaster/Effect]$$$$$4$1200$1100$$$$Neither player can target Dragon monsters on the field with card effects.$Dragon$$$Continuous$
34124316$Cyber Jar$Forbidden(OCG)$DARK$[Rock/Effect]$$$$$3$900$900$$$$FLIP: Destroy all monsters on the field, then both players reveal the top 5 cards from their Decks, then Special Summon all revealed Level 4 or lower monsters in face-up Attack Position or face-down Defense Position, also add any remaining cards to their hand. (If either player has less than 5 cards in their Deck, reveal as many as possible.)$$$Excavates from the player's Deck/Excavates from the opponent's Deck/Adds excavated cards to the hand/Adds from Deck to hand$Flip$
65622692$Y-Dragon Head$Unlimited$LIGHT$[Machine/Union/Effect]$$$$$4$1500$1600$$$$Once per turn, you can either: Target 1 "X-Head Cannon" you control; equip this card to that target, OR: Unequip this card and Special Summon it. A monster equipped with this card gains 400 ATK/DEF, also if the equipped monster would be destroyed by battle or card effect, destroy this card instead.$X-Head Cannon$$Equips self from field$Ignition/Ignition-like/Continuous-like$
64500000$Z-Metal Tank$Unlimited$LIGHT$[Machine/Union/Effect]$$$$$4$1500$1300$$$$Once per turn, you can either: Target 1 "X-Head Cannon" or "Y-Dragon Head" you control; equip this card to that target, OR: Unequip this card and Special Summon it. A monster equipped with this card gains 600 ATK/DEF, also if the equipped monster would be destroyed by battle or card effect, destroy this card instead.$X-Head Cannon/Y-Dragon Head$$Equips self from field$Ignition/Ignition-like/Continuous-like$
53839837$Vampire Lord$Unlimited$DARK$[Zombie/Effect]$$$$$5$2000$1500$$$$If this card inflicts battle damage to your opponent: Declare 1 type of card (Monster, Spell, or Trap); your opponent sends 1 card of that type from their Deck to the GY. Once per turn, during your next Standby Phase after this card in your possession was destroyed and sent to your GY by an opponent's card effect: Special Summon this card from the GY.$$$Activates when it inflicts battle damage/Declares a card type/Sends from your opponent's Deck to your opponent's Graveyard/Activates if destroyed by card effect/Activates from your Graveyard$Trigger$
50939127$Different Dimension Dragon$Unlimited$LIGHT$[Dragon/Effect]$$$$$5$1200$1500$$$$This card cannot be destroyed by the effect of a Spell or Trap Card that does not target it. This card cannot be destroyed by battle with a monster that has 1900 ATK or less.$$$$Continuous$
52824910$Kaiser Glider$Unlimited$LIGHT$[Dragon/Effect]$$$$$6$2400$2200$$$$Cannot be destroyed by battle with a monster that has the same ATK. If this card is destroyed and sent to the GY: Target 1 monster on the field; return that target to the hand.$$$Activates from your Graveyard/Returns from field to hand$Continuous/Trigger$
82301904$Chaos Emperor Dragon - Envoy of the End$Unlimited$DARK$[Dragon/Effect]$$$$$8$3000$2500$$$$Cannot be Normal Summoned/Set. Must be Special Summoned (from your hand) by banishing 1 LIGHT and 1 DARK monster from your GY. Once per turn: You can pay 1000 LP; send as many cards in both players' hands and on the field as possible to the GY, then inflict 300 damage to your opponent for each card sent to the opponent's GY by this effect. You cannot activate other cards or effects during the turn you activate this card's effect.$LIGHT/DARK$$Sends from hand to Graveyard/Sends from field to Graveyard$Summon/Ignition$
17444133$Kaiser Sea Horse$Unlimited$LIGHT$[Sea Serpent/Effect]$$$$$4$1700$1650$$$$This card can be treated as 2 Tributes for the Tribute Summon of a LIGHT monster.$LIGHT$$$Unclassified$
76909279$Enraged Battle Ox$Unlimited$EARTH$[Beast-Warrior/Effect]$$$$$4$1700$1000$$$$If your Beast, Beast-Warrior, or Winged Beast monster attacks a Defense Position monster, inflict piercing battle damage.$Beast/Beast-Warrior/Winged Beast$$$Continuous$
52624755$Peten the Dark Clown$Unlimited$DARK$[Spellcaster/Effect]$$$$$3$500$1200$$$$When this card is sent to the GY: You can banish this card from your GY; Special Summon 1 "Peten the Dark Clown" from your hand or Deck.$$$Activates from your Graveyard$Trigger$
89731911$Familiar Knight$Unlimited$DARK$[Warrior/Effect]$$$$$3$1200$1400$$$$When this card is destroyed by battle and sent to the Graveyard, each player can Special Summon 1 Level 4 monster from their hand.$$$Activates if destroyed by battle/Activates from your Graveyard$Trigger$
54912977$Ancient Lamp$Unlimited$WIND$[Spellcaster/Effect]$$$$$3$900$1400$$$$During your Main Phase: You can Special Summon "La Jinn the Mystical Genie of the Lamp" from your hand. This card must be face-up on the field to activate and to resolve this effect. Before damage calculation, if this card is being attacked by an opponent's monster, and was face-down at the start of the Damage Step: You can target 1 monster your opponent controls, except the attacking monster; the attacking monster attacks it instead, and you proceed to damage calculation.$La Jinn the Mystical Genie of the Lamp$$$Ignition/Condition/Trigger$
79814787$The White Stone of Legend$Unlimited$LIGHT$[Dragon/Tuner/Effect]$$$$$1$300$250$$$$If this card is sent to the GY: Add 1 "Blue-Eyes White Dragon" from your Deck to your hand.$Blue-Eyes White Dragon$$Activates from your Graveyard/Adds from Deck to hand$Trigger$
09433350$Malefic Blue-Eyes White Dragon$Unlimited$DARK$[Dragon/Effect]$$$$$8$3000$2500$$$$Cannot be Normal Summoned/Set. Must first be Special Summoned (from your hand) by banishing 1 "Blue-Eyes White Dragon" from your Deck. There can only be 1 "Malefic" monster on the field. Other monsters you control cannot declare an attack. If there is no face-up Field Spell on the field, destroy this card.$Blue-Eyes White Dragon/Field Spell Card$Anti-supports archetypes /Malefic$$Summon/Unclassified/Continuous$
73398797$Paladin of White Dragon$Unlimited$LIGHT$[Dragon/Ritual/Effect]$$$$$4$1900$1200$$$$You can Ritual Summon this card with "White Dragon Ritual". At the start of the Damage Step, if this card attacks a face-down Defense Position monster: Destroy that face-down monster. You can Tribute this card; Special Summon 1 "Blue-Eyes White Dragon" from your hand or Deck, but "Blue-Eyes White Dragon" cannot attack for the rest of this turn.$Blue-Eyes White Dragon$$$Summon/Trigger/Ignition$
91998119$XYZ-Dragon Cannon$Unlimited$LIGHT$[Machine/Fusion/Effect]$$$$$8$2800$2600$$"X-Head Cannon" + "Y-Dragon Head" + "Z-Metal Tank"$$Must first be Special Summoned (from your Extra Deck) by banishing the above cards you control. (You do not use "Polymerization".) Cannot be Special Summoned from the GY. You can discard 1 card, then target 1 card your opponent controls; destroy that target.$$$Discards for cost$Summon/Ignition$
23995346$Blue-Eyes Ultimate Dragon$Unlimited$LIGHT$[Dragon/Fusion]$$$$$12$4500$3800$$$$"Blue-Eyes White Dragon" + "Blue-Eyes White Dragon" + "Blue-Eyes White Dragon"$$$$$
62873545$Dragon Master Knight$Unlimited$LIGHT$[Dragon/Fusion/Effect]$$$$$12$5000$5000$$"Black Luster Soldier" + "Blue-Eyes Ultimate Dragon"$$Must be Fusion Summoned. This card gains 500 ATK for each Dragon monster you control, except this card.$Dragon$$$Summon/Continuous$
24094653$Polymerization$Unlimited$SPELL$$$$$$$$$$$$Fusion Summon 1 Fusion Monster from your Extra Deck, using monsters from your hand or field as Fusion Material.$Fusion Monster$$Sends from your hand to your Graveyard/Sends from your field to your Graveyard/Uses cards on the player's field as Fusion Materials/Uses cards in the hand as Fusion Materials$Effect$
55144522$Pot of Greed$Forbidden(OCG)$SPELL$$$$$$$$$$$$Draw 2 cards.$$$You draw cards$Effect$
43973174$The Flute of Summoning Dragon$Unlimited$SPELL$$$$$$$$$$$$Special Summon up to 2 Dragon monsters from your hand. "Lord of D." must be on the field to activate and to resolve this effect.$Lord of D./Dragon$$$Effect/Condition$
61844784$Magic Reflector$Unlimited$SPELL$$$$$$$$$$$$Select 1 Spell Card that remains face-up on the field and put 1 counter on it. If the selected card would be destroyed, the counter is removed instead.$Spell Card$$$Effect/Condition$
09786492$White Dragon Ritual$Unlimited$SPELL$$$$$$$$$Ritual$$$This card is used to Ritual Summon "Paladin of White Dragon". You must also Tribute monsters from your hand or field whose total Levels equal 4 or more.$$$Tributes as an effect$Effect$
23265313$Cost Down$Unlimited$SPELL$$$$$$$$$$$$Discard 1 card; for the rest of this turn, reduce the Levels of all monsters in your hand by 2 (even after they are Summoned).$$$Discards for cost$Cost/Effect$
58641905$Ring of Defense$Unlimited$SPELL$$$$$$$$$Quick-Play$$$When a Trap effect that inflicts damage is activated: Make that effect damage 0.$$$$Activation requirement/Effect$
24874630$Fiend's Sanctuary$Unlimited$SPELL$$$$$$$$$$$$Special Summon 1 "Metal Fiend Token" (Fiend/DARK/Level 1/ATK 0/DEF 0). It cannot attack. Your opponent takes any battle damage you would have taken from battles involving it. Once per turn, during your Standby Phase, pay 1000 LP or destroy this Token.$$$$Effect/Lingering/Maintenance cost$
83555666$Ring of Destruction$Unlimited$TRAP$$$$$$$$$$$$During your opponent's turn: Target 1 face-up monster your opponent controls whose ATK is less than or equal to their LP; destroy that face-up monster, and if you do, take damage equal to its original ATK, then inflict damage to your opponent, equal to the damage you took. You can only activate 1 "Ring of Destruction" per turn.$$$$Activation requirement/Effect/Condition$
36261276$Interdimensional Matter Transporter$Unlimited$TRAP$$$$$$$$$$$$Target 1 face-up monster you control; banish that target until the End Phase.$$$Returns banished cards to the field$Effect$
27174286$Return from the Different Dimension$Forbidden(OCG)$TRAP$$$$$$$$$$$$Pay half your Life Points. Special Summon as many of your removed from play monsters as possible. During the End Phase, remove from play all monsters that were Special Summoned by this effect.$$$$Activation requirement/Effect/Lingering$
57728570$Crush Card Virus$Unlimited$TRAP$$$$$$$$$$$$Tribute 1 DARK monster with 1000 or less ATK; your opponent takes no damage until the end of the next turn after this card resolves, also, you look at your opponent's hand and all monsters they control, and if you do, destroy the monsters among them with 1500 or more ATK, then your opponent can destroy up to 3 monsters with 1500 or more ATK in their Deck.$DARK$$Tributes for cost/Reveals face-down cards/Reveals your opponent's hand$Cost/Effect$
86871614$Cloning$Unlimited$TRAP$$$$$$$$$$$$When your opponent Normal or Flip Summons a monster that has a Level: Target that face-up monster; Special Summon 1 "Clone Token", with the same original Type, Attribute, Level, ATK, and DEF as that target. When that target is destroyed and sent to the GY, destroy this Token.$$$$Activation requirement/Effect/Condition$
