Passcode$Name$Status$Attribute$type$link$link_arrows$rank$pendulum_scale$level$attack$defense$spell_attribute$summoning_condition$pendulum_condition$card_text$card_supports$card_anti_supports$card_actions$effect_types$
72992744$Jester Lord$Unlimited$DARK$[Spellcaster/Effect]$$$$$1$0$0$$$$While this card is the only monster on the field, it gains 1000 ATK for each card in the Spell & Trap Card Zones.$$$$Continuous$
41230939$Cyberdark Horn$Unlimited$DARK$[Machine/Effect]$$$$$4$800$800$$$$If this card is Normal Summoned: Target 1 Level 3 or lower Dragon monster in your GY; equip that Dragon monster to this card. Gains ATK equal to the original ATK of the monster equipped to it by this effect. If this card attacks a Defense Position monster, inflict piercing battle damage. If this card would be destroyed by battle, destroy that equipped monster, instead.$Dragon$$Activates upon Normal Summon/Equips monsters from the player's Graveyard to itself$Trigger/Continuous$
39507162$Blade Knight$Unlimited$LIGHT$[Warrior/Effect]$$$$$4$1600$1000$$$$Gains 400 ATK while you have 1 or less cards in your hand. If you control no other monsters, the effects of Flip monsters destroyed by battle with this card are negated.$$Flip monster$$Continuous$
50939127$Different Dimension Dragon$Unlimited$LIGHT$[Dragon/Effect]$$$$$5$1200$1500$$$$This card cannot be destroyed by the effect of a Spell or Trap Card that does not target it. This card cannot be destroyed by battle with a monster that has 1900 ATK or less.$$$$Continuous$
81306586$Nightmare Penguin$Unlimited$WATER$[Aqua/Effect]$$$$$4$900$1800$$$$All face-up WATER monsters you control gain 200 ATK. When this card is flipped face-up: Target 1 card your opponent controls; return that target to the hand.$WATER$$Returns from your opponent's field to your opponent's hand$Continuous/Trigger$
05438492$Warrior Lady of the Wasteland$Unlimited$EARTH$[Warrior/Effect]$$$$$4$1100$1200$$$$When this card is destroyed by battle and sent to the GY: You can Special Summon 1 EARTH Warrior monster with 1500 or less ATK from your Deck, in Attack Position.$EARTH/Warrior$$Activates if destroyed by battle/Activates from your Graveyard$Trigger$
89252153$Elemental HERO Necroshade$Unlimited$DARK$[Warrior/Effect]$$$$$5$1600$1800$$$$Once, while this card is in the GY, you can Normal Summon 1 Level 5 or higher "Elemental HERO" monster without Tributing.$Supports archetypes /Elemental HERO$$Activates from your Graveyard$Unclassified$
39180960$Rigorous Reaver$Unlimited$FIRE$[Plant/Effect]$$$$$3$1600$100$$$$FLIP: Each player discards 1 card.If this card is destroyed by battle: The monster that destroyed it loses 500 ATK and DEF.$$$Activates upon being flipped face-up/You discard/Your opponent discards/Discards for effect/Activates if destroyed by battle$Flip/Trigger$
20546916$Botanical Lion$Unlimited$EARTH$[Plant/Effect]$$$$$4$1600$2000$$$$This card gains 300 ATK for each Plant-Type monster you control. Control of this face-up card on the field cannot switch.$Plant$$Cannot change control$Continuous$
79473793$White Night Dragon$Unlimited$WATER$[Dragon/Effect]$$$$$8$3000$2500$$$$During either player's turn, when a Spell/Trap Card that targets this card is activated: Negate the activation, and if you do, destroy it. When another face-up monster you control is targeted for an attack: You can send 1 Spell/Trap Card you control to the Graveyard; change the attack target to this card.$$$Sends from your hand to your Graveyard/Sends from hand to Graveyard for cost$Quick/Trigger$
57238939$Genex Ally Remote$Unlimited$DARK$[Machine/Tuner/Effect]$$$$$3$500$1800$$$$Once per turn, you can select 1 face-up Tuner monster on the field. The selected monster's name is treated as "Genex Controller" until the End Phase.$Tuner monster/Genex Controller$$$Ignition$
94622638$Genex Ally Powercell$Unlimited$DARK$[Machine/Effect]$$$$$4$1700$0$$$$Other face-up monsters you control with the same Attribute as this card gain 500 ATK.$DARK$$$Continuous$
20127343$Genex Ally Changer$Unlimited$DARK$[Machine/Effect]$$$$$3$1200$1800$$$$Once per turn, you can select 1 face-up monster on the field and declare 1 Attribute. The selected monster's Attribute becomes the declared Attribute until the End Phase.$$$Declares an Attribute$Ignition$
56511382$Genex Ally Volcannon$Unlimited$DARK$[Machine/Effect]$$$$$4$1700$600$$$$Once per turn, you can send 1 face-up FIRE "Genex" monster you control to the Graveyard to select 1 face-up monster your opponent controls, destroy it, and inflict damage to your opponent equal to the Level of the destroyed monster x 400.$Supports archetypes /Genex$$Sends from field to Graveyard for cost$Ignition$
83500096$Genex Ally Solid$Unlimited$DARK$[Machine/Effect]$$$$$2$500$1200$$$$Once per turn, you can send 1 face-up WATER "Genex" monster you control to the Graveyard to draw 2 cards.$Supports archetypes /Genex$$Sends from field to Graveyard for cost/You draw cards$Ignition$
29905795$The Fabled Chawa$Unlimited$LIGHT$[Beast/Tuner/Effect]$$$$$1$200$100$$$$During your Main Phase: You can activate this effect; discard 1 "Fabled" monster, and if you do, Special Summon this card from your hand.$Supports archetypes /Fabled$$Discards for effect$Ignition$
56399890$The Fabled Catsith$Unlimited$LIGHT$[Beast/Tuner/Effect]$$$$$1$800$600$$$$If this card is discarded to the GY: Target 1 face-up card on the field; destroy that target.$$$$Trigger$
82888408$The Fabled Cerburrel$Unlimited$LIGHT$[Beast/Tuner/Effect]$$$$$2$1000$400$$$$If this card is discarded to the GY: Special Summon it.$$$Activates from your Graveyard$Trigger$
18282103$The Fabled Ganashia$Unlimited$LIGHT$[Beast/Effect]$$$$$3$1600$1000$$$$If this card is discarded to the GY: Special Summon it. If Summoned this way, it gains 200 ATK, but banish it when it leaves the field.$$$Activates from your Graveyard$Trigger/Condition$
55277252$The Fabled Nozoochee$Unlimited$LIGHT$[Beast/Effect]$$$$$2$1200$800$$$$During your Main Phase: You can discard 1 "Fabled" monster, and if you do, Special Summon this card from your hand. When this card is Special Summoned this way: You can Special Summon 1 Level 2 or lower "Fabled" monster from your hand.$Supports archetypes /Fabled$$Activates from your hand/Discards for cost/Activates upon Special Summon$Ignition/Trigger$
81661951$Dragunity Militum$Unlimited$WIND$[Winged Beast/Effect]$$$$$4$1700$1200$$$$Once per turn: You can target 1 "Dragunity" card in your Spell & Trap Zone; Special Summon it.$Supports archetypes /Dragunity$$$Ignition$
18060565$Dragunity Primus Pilus$Unlimited$WIND$[Winged Beast/Effect]$$$$$5$2200$1600$$$$When this card is Normal or Special Summoned: You can target 1 Winged Beast "Dragunity" monster you control; equip it with 1 Level 3 or lower Dragon "Dragunity" monster from your Deck.$Supports archetypes /Dragunity$$Places cards from Deck in Spell & Trap Zone‎$Trigger$
54455664$Dragunity Brandistock$Unlimited$WIND$[Dragon/Tuner/Effect]$$$$$1$600$400$$$$While this card is equipped to a monster, that monster can make a second attack during each Battle Phase.$$$$Continuous-like$
80549379$Dragunity Javelin$Unlimited$WIND$[Dragon/Tuner/Effect]$$$$$2$1200$800$$$$If this face-up card is destroyed while in a Monster Zone, you can equip it to 1 Winged Beast "Dragunity" monster you control, instead of sending it to the GY.$Supports archetypes /Dragunity$$Equips self from field/Places destroyed cards in Spell & Trap Zone$Continuous$
17948378$Jurrac Dino$Unlimited$FIRE$[Dinosaur/Tuner/Effect]$$$$$3$1700$800$$$$Once during each player's End Phase, if this card destroyed an opponent's monster by battle this turn, you can Tribute 1 "Jurrac" monster to draw 2 cards.$Supports archetypes /Jurrac$$Activates when it destroys a monster by battle/Tributes for cost/You draw cards$Trigger$
43332022$Jurrac Gallim$Unlimited$FIRE$[Dinosaur/Tuner/Effect]$$$$$2$1200$0$$$$When this card is destroyed by battle and sent to the Graveyard: Your opponent can discard 1 card to negate this card's effect, otherwise destroy the monster that destroyed this card.$$$Activates if destroyed by battle/Activates from your Graveyard/Discards for effect/Your opponent discards$Trigger$
80727721$Jurrac Aeolo$Unlimited$FIRE$[Dinosaur/Tuner/Effect]$$$$$1$200$200$$$$You can Tribute this card to select 1 Level 4 or lower "Jurrac" monster in your Graveyard, except "Jurrac Aeolo". Special Summon that monster from the Graveyard.$Supports archetypes /Jurrac$$Tributes itself for cost$Ignition$
16111820$Jurrac Herra$Unlimited$FIRE$[Dinosaur/Effect]$$$$$6$2300$1500$$$$When a Defense Position "Jurrac" monster you control, except "Jurrac Herra", is destroyed by battle and sent to the GY: You can Special Summon this card from your hand or GY.$Supports archetypes /Jurrac$$Activates if destroyed by battle/Activates from your hand/Activates from your Graveyard$Trigger$
42110434$Naturia Butterfly$Unlimited$EARTH$[Insect/Tuner/Effect]$$$$$3$500$1200$$$$Once per turn, when your opponent's monster declares an attack: You can send the top card of your Deck to the GY, and if you do, negate that attack.$$$Activates upon attack declaration/Sends from the top of your Deck to your Graveyard$Trigger$
19605133$Naturia Ladybug$Unlimited$EARTH$[Insect/Effect]$$$$$1$100$100$$$$When you Synchro Summon a "Naturia" monster: You can Special Summon this card from your GY. During your Main Phase: You can Tribute this card, then target 1 "Naturia" monster you control; it gains 1000 ATK until the end of this turn.$Supports archetypes /Naturia$$Tributes itself for cost/Activates from your Graveyard$Trigger/Ignition$
55099248$Naturia Strawberry$Unlimited$EARTH$[Plant/Effect]$$$$$4$1600$1200$$$$Once per turn, if your opponent Normal or Special Summons a monster(s): Target 1 of those monsters; this card gains 100 ATK x the Level of that monster, until the end of this turn.$$$Activates upon Normal Summon/Activates upon Special Summon$Trigger$
82498947$Defender of the Ice Barrier$Unlimited$WATER$[Aqua/Tuner/Effect]$$$$$3$200$1600$$$$While you control another "Ice Barrier" monster, monsters your opponent controls cannot declare an attack if their ATK is greater than or equal to this card's DEF.$Supports archetypes /Ice Barrier$$$Continuous$
18482591$Warlock of the Ice Barrier$Unlimited$WATER$[Spellcaster/Effect]$$$$$3$400$1000$$$$While you control another "Ice Barrier" monster, both players must Set Spell Cards before activating them, and cannot activate them until their next turn.$Supports archetypes /Ice Barrier$$$Continuous$
44877690$Sacred Spirit of the Ice Barrier$Unlimited$WATER$[Zombie/Spirit/Effect]$$$$$4$1600$1200$$$$Cannot be Special Summoned. Once per turn, during the End Phase, if this card was Normal Summoned or flipped face-up this turn: Return this card to the hand. If you control another "Ice Barrier" monster, this card's End Phase effect instead becomes "Target 1 monster your opponent controls; return it to the hand".$Supports archetypes /Ice Barrier$$Returns itself from field to hand/Returns from your opponent's field to your opponent's hand$Summon/Trigger$
81275309$General Raiho of the Ice Barrier$Unlimited$WATER$[Warrior/Effect]$$$$$6$2100$2300$$$$When your opponent's monster effect activated on the field resolves, they must discard 1 card or the effect is negated (their choice).$$$Discards for effect/Your opponent discards$Continuous$
41517968$Elemental HERO Darkbright$Unlimited$DARK$[Warrior/Fusion/Effect]$$$$$6$2000$1000$$"Elemental HERO Sparkman" + "Elemental HERO Necroshade"$$Must be Fusion Summoned. If this card attacks a Defense Position monster, inflict piercing battle damage. If this card attacks, change it to Defense Position at the end of the Damage Step. If this card is destroyed: Target 1 monster your opponent controls; destroy that target.$$$Changes battle positions/Activates from your Graveyard$Summon/Continuous/Trigger$
06150044$Arcana Knight Joker$Unlimited$LIGHT$[Warrior/Fusion/Effect]$$$$$9$3800$2500$$"Queen's Knight" + "Jack's Knight" + "King's Knight"$$A Fusion Summon of this card can only be done with the above materials. Once per turn, when a Spell/Trap Card, or monster effect, is activated that targets this face-up card on the field (Quick Effect): You can discard the same type of card (Monster, Spell, or Trap); negate the effect.$Queen's Knight/Jack's Knight/King's Knight$$Discards for cost$Summon/Quick$
17760003$Genex Ally Triarm$Unlimited$DARK$[Machine/Synchro/Effect]$$$$$6$2400$1600$$"Genex Controller" + 1 or more non-Tuner monsters$$This card's effects depend on the Attribute(s) of its non-Tuner Synchro Material Monsters. Once per turn, you can discard 1 card to activate one of its effects:●WIND: Send 1 random card from your opponent's hand to the Graveyard.●WATER: Select 1 Spell/Trap Card on the field, and destroy it.●DARK: Select 1 face-up LIGHT monster on the field, destroy it and draw 1 card.$WIND/WATER/DARK$LIGHT$Discards for cost/Sends from your opponent's hand to your opponent's Graveyard/You draw cards$Ignition$
44155002$The Fabled Unicore$Unlimited$LIGHT$[Beast/Synchro/Effect]$$$$$4$2300$1000$$1 "Fabled" Tuner + 1+ non-Tuner monsters$$While you and your opponent have the same number of cards in hand, negate all cards and effects activated by your opponent, and if you do, destroy those cards.$Supports archetypes /Fabled$$$Continuous$
80159717$Dragunity Knight - Trident$Unlimited$WIND$[Dragon/Synchro/Effect]$$$$$7$2400$1700$$1 Dragon Tuner + 1+ non-Tuner Winged Beast monsters$$Once per turn: You can send up to 3 cards you control to the GY; look at your opponent's Extra Deck, and if you do, send an equal number of cards from there to the GY.$Dragon/Winged Beast$$Sends from field to Graveyard for cost/Sends from your opponent's Extra Deck to the Graveyard/Reveals your opponent's Extra Deck$Ignition$
17548456$Jurrac Meteor$Unlimited$FIRE$[Dinosaur/Synchro/Effect]$$$$$10$2800$2000$$1 "Jurrac" Tuner + 2 or more non-Tuner Dinosaur-Type monsters$$When this card is Synchro Summoned, destroy all cards on the field. Then, you can Special Summon 1 Tuner monster from your Graveyard.$Supports archetypes /Jurrac$$Activates upon Synchro Summon$Trigger$
43932460$Naturia Landoise$Unlimited$EARTH$[Rock/Synchro/Effect]$$$$$7$2350$1600$$1 EARTH Tuner + 1+ non-Tuner EARTH monsters$$When a monster effect is activated (Quick Effect): You can send 1 Spell from your hand to the GY; negate the activation, and if you do, destroy that monster. This card must be face-up on the field to activate and to resolve this effect.$EARTH/Spell Card$$Sends from your hand to your Graveyard/Sends from hand to Graveyard for cost$Quick$
24094653$Polymerization$Unlimited$SPELL$$$$$$$$$$$$Fusion Summon 1 Fusion Monster from your Extra Deck, using monsters from your hand or field as Fusion Material.$Fusion Monster$$Sends from your hand to your Graveyard/Sends from your field to your Graveyard/Uses cards on the player's field as Fusion Materials/Uses cards in the hand as Fusion Materials$Effect$
22046459$Megamorph$Unlimited$SPELL$$$$$$$$$Equip$$$While your LP is lower than your opponent's, the equipped monster's ATK becomes double its original ATK. While your LP is higher, the equipped monster's ATK becomes half its original ATK.$$$$Continuous-like$
23171610$Limiter Removal$Unlimited$SPELL$$$$$$$$$Quick-Play$$$Double the ATK of all Machine monsters you currently control, until the end of this turn. During the End Phase of this turn, destroy those monsters.$Machine$$$Effect/Lingering$
20065322$The Flute of Summoning Kuriboh$Unlimited$SPELL$$$$$$$$$Quick-Play$$$Take 1 "Kuriboh" or 1 "Winged Kuriboh" from your Deck, and either add it to your hand or Special Summon it.$Kuriboh/Winged Kuriboh$$Adds from Deck to hand$Effect$
46480475$Discord$Unlimited$TRAP$$$$$$$$$Continuous$$$Neither player can Synchro Summon. Send this card to the Graveyard during your 3rd End Phase after activation.$$Synchro Monster$Sends itself from field to Graveyard$Continuous-like$
93016201$Royal Oppression$Forbidden(OCG)$TRAP$$$$$$$$$Continuous$$$Either player can pay 800 Life Points to negate the Special Summon of a monster(s), and/or an effect that Special Summons a monster(s), and destroy those cards.$$$$Quick-like$
53567095$Icarus Attack$Unlimited$TRAP$$$$$$$$$$$$Tribute 1 Winged Beast monster, then target 2 cards on the field; destroy them.$Winged Beast$$Tributes for cost$Cost/Effect$
49010598$Divine Wrath$Unlimited$TRAP$$$$$$$$$Counter$$$When a monster effect is activated: Discard 1 card; negate the activation, and if you do, destroy that monster.$$$Discards for cost$Activation requirement/Cost/Effect$
84290642$Snipe Hunter$Unlimited$DARK$[Fiend/Effect]$$$$$4$1500$600$$$$You can discard 1 card, then target 1 card on the field; roll a six-sided die, and destroy that target unless you roll a 1 or 6.$$$Discards for cost$Ignition$
56209279$Infernity Necromancer$Unlimited$DARK$[Fiend/Effect]$$$$$3$0$2000$$$$When this card is Normal Summoned, it is changed to Defense Position. If you have no cards in your hand, this card gains the following effect: Once per turn, you can select 1 "Infernity" monster in your Graveyard, except "Infernity Necromancer", and Special Summon it.$Supports archetypes /Infernity$$Activates upon Normal Summon/Changes battle positions$Trigger/Continuous/Ignition$
77625948$Cyberdark Edge$Unlimited$DARK$[Machine/Effect]$$$$$4$800$800$$$$If this card is Normal Summoned: Target 1 Level 3 or lower Dragon monster in your GY; equip that Dragon monster to this card. Gains ATK equal to the original ATK of the monster equipped to it by this effect. This card can attack directly. If it does using this effect, its ATK is halved during damage calculation only. If this card would be destroyed by battle, destroy that equipped monster, instead.$Dragon$$Activates upon Normal Summon/Equips monsters from the player's Graveyard to itself$Trigger/Continuous$
48343627$Grave Squirmer$Unlimited$DARK$[Fiend/Effect]$$$$$1$0$0$$$$If this card is destroyed by battle and sent to the GY: Target 1 card on the field; destroy that target.$$$Activates if destroyed by battle/Activates from your Graveyard$Trigger$
79109599$King of the Swamp$Unlimited$WATER$[Aqua/Effect]$$$$$3$500$1100$$$$This card in your hand, field, or GY can be used as a substitute for any 1 Fusion Material whose name is mentioned on the Fusion Monster Card, but the other materials must be correct. You can discard this card to the GY; add 1 "Polymerization" from your Deck to your hand.$Polymerization/Fusion Monster$$Discards itself for cost/Adds from Deck to hand$Unclassified/Ignition$
39191307$Masked Dragon$Unlimited$FIRE$[Dragon/Effect]$$$$$3$1400$1100$$$$When this card is destroyed by battle and sent to the Graveyard: You can Special Summon 1 Dragon-Type monster with 1500 or less ATK from your Deck.$Dragon$$Activates from your Graveyard$Trigger$
13945283$Wall of Illusion$Unlimited$DARK$[Fiend/Effect]$$$$$4$1000$1850$$$$If this card is attacked by a monster, after damage calculation: Return that monster to the hand.$$$Returns from field to hand/Returns from your opponent's field to your opponent's hand/Returns battling monster to hand after damage calculation$Trigger$
75434695$Elemental HERO Woodsman$Unlimited$EARTH$[Warrior/Effect]$$$$$4$1000$2000$$$$Once per turn, during your Standby Phase: You can add 1 "Polymerization" from your Deck or Graveyard to your hand.$Polymerization$$Adds from Deck to hand/Adds from Graveyard to hand$Trigger$
20586572$Exploder Dragon$Unlimited$EARTH$[Dragon/Effect]$$$$$3$1000$0$$$$If this card is destroyed by battle and sent to the GY: Destroy the monster that destroyed it. Neither player takes any battle damage from attacks involving this attacking card.$$$Activates if destroyed by battle/Activates from your Graveyard$Trigger/Continuous$
88264978$Red-Eyes Darkness Metal Dragon$Unlimited$DARK$[Dragon/Effect]$$$$$10$2800$2400$$$$You can Special Summon this card (from your hand) by banishing 1 face-up Dragon monster you control. You can only Special Summon "Red-Eyes Darkness Metal Dragon" once per turn this way. During your Main Phase: You can Special Summon 1 Dragon monster from your hand or GY, except "Red-Eyes Darkness Metal Dragon". You can only use this effect of "Red-Eyes Darkness Metal Dragon" once per turn.$Dragon$$$Summon/Ignition$
66378485$Neo Flamvell Origin$Unlimited$FIRE$[Pyro/Tuner/Effect]$$$$$2$500$200$$$$If you control a "Flamvell" monster, except "Neo Flamvell Origin", and your opponent has 3 or less cards in their GY, you can Special Summon this card (from your hand).$Supports archetypes /Flamvell$$$Summon$
02377034$Neo Flamvell Hedgehog$Unlimited$FIRE$[Pyro/Tuner/Effect]$$$$$3$800$200$$$$If this card is destroyed by battle: Target 1 card in your opponent's GY; banish it. If this card on the field is destroyed by card effect: Target 1 FIRE monster with 200 or less DEF in your GY, except "Neo Flamvell Hedgehog"; add that target to your hand.$FIRE$$Adds from Graveyard to hand$Trigger$
39761138$Neo Flamvell Shaman$Unlimited$FIRE$[Pyro/Effect]$$$$$3$1700$200$$$$If this card destroys an opponent's monster by battle, and you have 3 or more "Flamvell" monsters in your GY: Target 1 card in your opponent's GY; banish it, then if your opponent had no Spells in their GY when this effect was activated, inflict 500 damage to your opponent.$Supports archetypes /Flamvell$$Activates when it destroys a monster by battle$Trigger$
65156847$Neo Flamvell Garuda$Unlimited$FIRE$[Pyro/Effect]$$$$$3$1200$1800$$$$Once per turn, during your End Phase, if you control another "Flamvell" monster: Target 1 card in your opponent's GY; banish it.$Supports archetypes /Flamvell$$$Trigger$
91554542$Neo Flamvell Sabre$Unlimited$FIRE$[Pyro/Effect]$$$$$4$1500$200$$$$While your opponent has 4 or less cards in their GY, this card gains 600 ATK. While your opponent has 8 or more cards in their GY, this card loses 300 ATK.$$$$Continuous$
38049541$Genex Ally Chemistrer$Unlimited$DARK$[Machine/Tuner/Effect]$$$$$2$200$500$$$$You can declare 1 Attribute and discard this card to select 1 face-up "Genex" monster you control. That monster becomes that Attribute. This effect can be activated during either player's turn.$Supports archetypes /Genex$$Declares an Attribute/Discards itself for cost$Quick$
64034255$Genex Ally Birdman$Unlimited(OCG)$DARK$[Machine/Tuner/Effect]$$$$$3$1400$400$$$$You can return 1 face-up monster you control to the hand; Special Summon this card from your hand, but banish it when it leaves the field, also it gains 500 ATK if the returned monster was WIND on the field.$WIND$$Activates from your hand/Returns from field to hand for cost/Returns from your field to your hand$Ignition$
91438994$Genex Ally Bellflame$Unlimited$DARK$[Machine/Effect]$$$$$4$1700$1000$$$$Each time a monster(s) you control is sent to the Graveyard, place 1 Genex Counter on this card. Each time a card(s) in your opponent's Graveyard is banished, place 2 Genex Counters on this card. This card gains 100 ATK for each Genex Counter on the field. If this card is destroyed by battle and sent to the Graveyard: Inflict 300 damage to your opponent for each Genex Counter that was on this card.$$$Activates if destroyed by battle/Activates from your Graveyard$Continuous/Trigger$
27827903$Genex Ally Crusher$Unlimited$DARK$[Machine/Effect]$$$$$4$1000$2000$$$$Once per turn, when a monster with the same Attribute as this card is Normal Summoned to your side of the field, you can select 1 card your opponent controls, and destroy it.$$$$Trigger$
63211608$Genex Ally Reliever$Unlimited$DARK$[Machine/Effect]$$$$$5$2200$1000$$$$If you negate the activation of a Spell Card, Trap Card, or Effect Monster's effect activated by your opponent, you can Special Summon this card from your hand.$$$$Trigger$
90616316$The Fabled Peggulsus$Unlimited$LIGHT$[Beast/Tuner/Effect]$$$$$1$100$1600$$$$When this card is discarded to the GY: You can Special Summon it in face-down Defense Position. When this card is flipped face-up: You can reveal 1 "Fabled" monster in your hand; send 1 "Fabled" monster from your Deck to the GY.$Supports archetypes /Fabled$$Sends from your Deck to your Graveyard/Reveals your hand for cost/Activates from your Graveyard$Trigger$
26704411$The Fabled Kokkator$Unlimited$LIGHT$[Beast/Effect]$$$$$4$1700$1500$$$$When this card destroys an opponent's monster by battle and sends it to the GY: You can discard 1 "Fabled" monster; draw 1 card.$Supports archetypes /Fabled$$Sends from hand to Graveyard for cost/Discards for cost/You draw cards$Trigger$
53199020$Fabled Dianaira$Unlimited$LIGHT$[Fiend/Effect]$$$$$8$2800$100$$$$You can Tribute Summon this card in face-up Attack Position by Tributing 1 "Fabled" monster. Once per turn, the first opponent's Normal Spell Card effect to resolve becomes "Your opponent discards 1 card".$Supports archetypes /Fabled$Normal Spell Card$Discards for effect/Your opponent discards/Overwrites card effects$Summon/Continuous$
99594764$Dragunity Corsesca$Unlimited$WIND$[Dragon/Tuner/Effect]$$$$$1$800$700$$$$When a monster equipped with this card destroys an opponent's monster by battle: You can add 1 Level 4 or lower monster from your Deck to your hand with the same Type and Attribute as the monster this card is equipped to.$$$Adds from Deck to hand$Condition/Trigger-like$
25988873$Dragunity Partisan$Unlimited$WIND$[Dragon/Tuner/Effect]$$$$$2$1200$800$$$$When this card is Normal Summoned: You can Special Summon 1 Winged Beast "Dragunity" monster from your hand, then equip it with this card. While this card is equipped to a monster, that monster is treated as a Tuner.$Supports archetypes /Dragunity$$Activates upon Normal Summon/Equips self from field$Trigger/Continuous-like$
52977572$Dragunity Pilum$Unlimited$WIND$[Dragon/Tuner/Effect]$$$$$3$1400$1000$$$$When this card is Normal Summoned: You can Special Summon 1 Winged Beast "Dragunity" monster from your hand, then equip it with this card. While this card is equipped to a monster, that monster can attack your opponent directly, but when it does so using this effect, the battle damage inflicted to your opponent is halved.$Supports archetypes /Dragunity$$Equips self from field$Trigger/Continuous-like$
88361177$Dragunity Angusticlavii$Unlimited$WIND$[Winged Beast/Effect]$$$$$5$2100$1000$$$$If this card attacks a Defense Position monster while equipped with a Dragon "Dragunity" monster, inflict piercing battle damage.$Supports archetypes /Dragunity$$$Continuous$
25866285$Naturia Stinkbug$Unlimited$EARTH$[Insect/Tuner/Effect]$$$$$3$200$500$$$$When a "Naturia" monster you control is targeted for an attack (Quick Effect): You can send this card from the field to the GY; negate that attack, then end the Battle Phase.$Supports archetypes /Naturia$$Sends itself from field to Graveyard for cost/Ends the Battle Phase$Quick$
51254980$Naturia Mantis$Unlimited$EARTH$[Insect/Effect]$$$$$4$1700$1500$$$$When your opponent Normal Summons a monster: You can send 1 "Naturia" monster from your hand to the GY; destroy that Summoned monster.$Supports archetypes /Naturia$$Sends from your hand to your Graveyard/Sends from hand to Graveyard for cost$Trigger$
87649699$Naturia Ragweed$Unlimited$EARTH$[Plant/Effect]$$$$$3$1200$2000$$$$When your opponent draws a card(s) (except during the Draw Phase or Damage Step): You can send this card from the field to the GY; draw 2 cards.$$$Sends itself from field to Graveyard for cost/You draw cards$Trigger$
24644634$Naturia White Oak$Unlimited$EARTH$[Plant/Effect]$$$$$4$1800$1400$$$$When your opponent activates a card or effect that targets this card (Quick Effect): You can send this card from the field to the GY; Special Summon 2 Level 4 or lower "Naturia" monsters from your Deck, but they cannot declare an attack, also destroy them during your End Phase.$Supports archetypes /Naturia$$$Quick$
50032342$Strategist of the Ice Barrier$Unlimited$WATER$[Spellcaster/Effect]$$$$$4$1600$1600$$$$Once per turn: You can send 1 "Ice Barrier" monster from your hand to the GY; draw 1 card.$Supports archetypes /Ice Barrier$$Sends from hand to Graveyard for cost/Sends from your hand to your Graveyard/You draw cards$Ignition$
27527047$Secret Guards of the Ice Barrier$Unlimited$WATER$[Aqua/Effect]$$$$$2$100$1600$$$$Your opponent cannot target "Ice Barrier" monsters you control with monster effects.$Supports archetypes /Ice Barrier$Effect Monster$$Continuous$
53921056$General Gantala of the Ice Barrier$Unlimited$WATER$[Warrior/Effect]$$$$$7$2700$2000$$$$Once per turn, during your End Phase: You can target 1 "Ice Barrier" monster in your GY, except "General Gantala of the Ice Barrier"; Special Summon it.$Supports archetypes /Ice Barrier$$$Trigger$
99916754$Naturia Exterio$Unlimited$EARTH$[Beast/Fusion/Effect]$$$$$10$2800$2400$$"Naturia Beast" + "Naturia Barkion"$$A Fusion Summon of this card can only be done with the above Fusion Materials. When a Spell/Trap Card is activated (Quick Effect): You can banish 1 card from your GY, then send the top card of your Deck to the GY; negate the activation, and if you do, destroy that card. This card must be face-up on the field to activate and to resolve this effect.$Synchro Monster$$Sends from the top of your Deck to your Graveyard for cost$Summon/Quick$
03366982$Alligator's Sword Dragon$Unlimited$WIND$[Dragon/Fusion/Effect]$$$$$5$1700$1500$$"Baby Dragon" + "Alligator's Sword"$$This card can attack your opponent directly if the only face-up monsters they control are EARTH, WATER, or FIRE.$$EARTH/FIRE/WATER$$Continuous$
74711057$Elemental HERO Terra Firma$Unlimited$EARTH$[Warrior/Fusion/Effect]$$$$$8$2500$2000$$"Elemental HERO Ocean" + "Elemental HERO Woodsman"$$Must be Fusion Summoned and cannot be Special Summoned by other ways. You can Tribute 1 face-up "Elemental HERO" monster; this card gains ATK equal to the Tributed monster's ATK, until the End Phase.$Supports archetypes /Elemental HERO$$Tributes for cost$Summon/Ignition$
26304459$Ancient Flamvell Deity$Unlimited$FIRE$[Pyro/Synchro/Effect]$$$$$7$2500$200$$1 FIRE Tuner + 1+ non-Tuner Pyro monsters$$If this card is Synchro Summoned: Banish cards from your opponent's GY, up to the number of cards in their hand, and if you do, this card gains 200 ATK for each card banished by this effect.$FIRE/Pyro$$Activates upon Synchro Summon$Trigger$
52709508$Genex Ally Triforce$Unlimited$DARK$[Machine/Synchro/Effect]$$$$$7$2500$2100$$1 "Genex" Tuner + 1 or more non-Tuner monsters$$This card's effects depend on the Attribute(s) of its non-Tuner Synchro Material Monsters.●EARTH: If this card attacks, your opponent cannot activate Spell/Trap Cards until the end of the Damage Step.●FIRE: If this card destroys a monster by battle, inflict damage to your opponent equal to the ATK of the destroyed monster.●LIGHT: Once per turn, you can select 1 LIGHT monster in your Graveyard and Special Summon it in face-down Defense Position.$Supports archetypes /Genex$$$Condition/Continuous/Trigger/Ignition$
89194103$The Fabled Kudabbi$Unlimited$LIGHT$[Beast/Synchro/Effect]$$$$$4$2200$1100$$1 "Fabled" Tuner + 1+ non-Tuner monsters$$This card gains the following effect based on the number of cards in your hand.●0: Cannot be destroyed by battle or card effects.●3+: Once per turn, during the End Phase: Destroy this card.$Supports archetypes /Fabled$$$Condition/Continuous/Trigger$
25682811$Dragunity Knight - Barcha$Unlimited$WIND$[Dragon/Synchro/Effect]$$$$$8$2000$1200$$1 Dragon Tuner + 1+ non-Tuner Winged Beast monsters$$When this card is Synchro Summoned: You can target any number of Dragon "Dragunity" monsters in your GY; equip those Dragon monsters to this card. This card gains 300 ATK for each "Dragunity" card equipped to it.$Supports archetypes /Dragunity$$Activates upon Synchro Summon/Equips monsters from the player's Graveyard to itself$Trigger/Continuous$
52687916$Trishula, Dragon of the Ice Barrier$Unlimited$WATER$[Dragon/Synchro/Effect]$$$$$9$2700$2000$$1 Tuner + 2+ non-Tuner monsters$$When this card is Synchro Summoned: You can banish up to 1 card each from your opponent's hand, field, and GY. (The card in the hand is chosen at random.)$$$Activates upon Synchro Summon$Trigger$
01845204$Instant Fusion$Limited$SPELL$$$$$$$$$$$$Pay 1000 LP; Special Summon 1 Level 5 or lower Fusion Monster from your Extra Deck, but it cannot attack, also it is destroyed during the End Phase. (This is treated as a Fusion Summon.) You can only activate 1 "Instant Fusion" per turn.$Fusion Monster$$$Cost/Effect/Condition$
95286165$De-Fusion$Unlimited$SPELL$$$$$$$$$Quick-Play$$$Target 1 Fusion Monster on the field; return that target to the Extra Deck, then, if all the materials that were used for its Fusion Summon are in your GY, you can Special Summon all of them.$Fusion Monster$Fusion Monster$Returns from field to Extra Deck/Returns from your field to your Extra Deck/Returns from your opponent's field to your opponent's Extra Deck$Effect$
74848038$Monster Reincarnation$Unlimited$SPELL$$$$$$$$$$$$Discard 1 card, then target 1 monster in your GY; add it to your hand.$$$Adds from Graveyard to hand/Discards for cost$Cost/Effect$
88190790$Assault Armor$Unlimited$SPELL$$$$$$$$$Equip$$$Equip only to a Warrior-Type monster that is the only monster you control. It gains 300 ATK. During your Main Phase 1, you can send this equipped card to the Graveyard to allow the equipped monster to attack twice during each Battle Phase this turn.$Warrior$$Sends itself from field to Graveyard for cost$Condition/Continuous-like/Ignition-like$
93895605$Hate Buster$Unlimited$TRAP$$$$$$$$$$$$When a Fiend-Type monster you control is targeted for an attack: Target the opponent's attacking monster and that monster you control; destroy both targets, and if you do, inflict damage to your opponent equal to the original ATK of the opponent's destroyed monster.$Fiend$$$Activation requirement/Effect$
64697231$Trap Dustshoot$Forbidden(OCG)$TRAP$$$$$$$$$$$$Activate only if your opponent has 4 or more cards in their hand. Look at your opponent's hand, select 1 Monster Card in it, and return that card to its owner's Deck.$$$Reveals your opponent's hand/Returns from your opponent's hand to your opponent's Deck$Activation requirement/Effect$
63356631$Phoenix Wing Wind Blast$Unlimited$TRAP$$$$$$$$$$$$Discard 1 card, then target 1 card your opponent controls; place that target on the top of the Deck.$$$Discards for cost/Returns from your opponent's field to your opponent's Deck$Cost/Effect$
58921041$Anti-Spell Fragrance$Unlimited$TRAP$$$$$$$$$Continuous$$$Both players must Set Spell Cards before activating them, and cannot activate them until their next turn after Setting them.$$$$Continuous-like$
