Passcode$Name$Status$Attribute$type$link$link_arrows$rank$pendulum_scale$level$attack$defense$spell_attribute$summoning_condition$pendulum_condition$card_text$card_supports$card_anti_supports$card_actions$effect_types$
45815891$Scrap Archfiend$Unlimited$EARTH$[Fiend/Synchro]$$$$$7$2700$1800$$$$1 Tuner + 1 or more non-Tuner monsters$$$$$
61864793$Earthquake Giant$Unlimited$EARTH$[Rock/Effect]$$$$$5$1600$2100$$$$Once per turn, when the battle position of this card is changed, you can select 1 monster your opponent controls and change its battle position.$$$Activates if battle positions change/Changes battle positions$Trigger$
97268402$Effect Veiler$Unlimited$LIGHT$[Spellcaster/Tuner/Effect]$$$$$1$0$0$$$$During your opponent's Main Phase (Quick Effect): You can send this card from your hand to the GY, then target 1 Effect Monster your opponent controls; negate the effects of that face-up monster your opponent controls, until the end of this turn.$$$Activates from your hand/Sends itself from hand to Graveyard for cost$Quick$
34257001$Dash Warrior$Unlimited$WIND$[Warrior/Effect]$$$$$3$600$1200$$$$If this card attacks, it gains 1200 ATK during the Damage Step only.$$$$Continuous$
60741115$Damage Eater$Unlimited$DARK$[Fiend/Effect]$$$$$2$100$800$$$$During your opponent's turn, when your opponent activates a card or effect that would inflict damage, you can remove from play this card in your Graveyard to change that effect so it increases Life Points by the same amount instead.$$$Activates from your Graveyard$Quick$
96146814$A/D Changer$Unlimited$LIGHT$[Warrior/Effect]$$$$$1$100$100$$$$You can banish this card from your Graveyard, then target 1 monster on the field; change its battle position.$$$Activates from your Graveyard/Changes battle positions$Ignition$
23535429$Stronghold Guardian$Unlimited$EARTH$[Warrior/Effect]$$$$$4$0$1500$$$$If a Defense Position monster you control is attacked, you can send this card from your hand to the Graveyard during the Damage Step to have your attacked monster gain 1500 DEF until the End Phase.$$$Sends itself from hand to Graveyard for cost$Quick$
69529567$Playful Possum$Unlimited$EARTH$[Beast/Effect]$$$$$2$800$600$$$$During your Main Phase: You can destroy this face-up card on the field. Your opponent must control a monster with a higher ATK than this card for you to activate and to resolve this effect. During your Standby Phase, if this card was destroyed by this effect: You can Special Summon this card from the Graveyard.$$$Activates from your Graveyard$Ignition/Condition/Trigger$
96914272$Egotistical Ape$Unlimited$EARTH$[Beast/Tuner/Effect]$$$$$5$1200$1200$$$$This card cannot be Normal Summoned or Set. This card can only be Special Summoned by sending 1 Beast-Type monster from your hand to the Graveyard. When this card is Special Summoned this way, you can activate 1 of these effects:●Increase the Level of this card by the Level of the Beast-Type monster.●Decrease the Level of this card by the Level of the Beast-Type monster.$Beast$$Sends from hand to Graveyard for cost/Activates upon Special Summon$Summon/Trigger$
22318971$Uni-Horned Familiar$Unlimited$LIGHT$[Beast/Tuner/Effect]$$$$$2$0$1000$$$$When this face-up Defense Position card is selected as an attack target, you can remove from play 1 monster you control other than this card to remove this card from play. The attacking monster must attack. During your next Standby Phase, if this card was removed from play by this effect, this card returns to the field.$$$Returns itself to the field while banished$Trigger$
58807980$Monoceros$Unlimited$LIGHT$[Beast/Effect]$$$$$3$1000$1000$$$$This card cannot be Normal Summoned or Set. This card can only be Special Summoned by removing from play 1 Spell Card from your hand. When you Synchro Summon using this card and a Beast-Type Tuner monster as the Synchro Material Monsters, you can select 1 Beast-Type Tuner monster used for the Synchro Summon and Special Summon it from the Graveyard.$Beast/Tuner monster$$Activates if used as Synchro Material$Summon/Trigger$
95291684$D.D. Unicorn Knight$Unlimited$LIGHT$[Warrior/Effect]$$$$$4$1800$900$$$$This card cannot be Normal Summoned or Set. This card can only be Special Summoned if your opponent controls a monster(s) and you control a face-up Tuner monster(s). When this card is Special Summoned this way, you can select 1 of your removed from play Level 3 or lower non-Tuner monsters and Special Summon it. Its effect(s) are negated. You cannot Normal Summon or Set the turn you Special Summon this card.$Tuner monster$$Activates upon Special Summon$Summon/Trigger$
21296383$Unibird$Unlimited$WIND$[Winged Beast/Effect]$$$$$2$100$600$$$$You can remove from play this card, and 1 face-up monster you control, to select 1 Synchro Monster in your Graveyard with a Level less than or equal to the combined original Levels of the other 2 monsters. Special Summon that Synchro Monster.$Synchro Monster$$$Ignition$
58685438$Bicorn Re'em$Unlimited$DARK$[Beast/Effect]$$$$$4$800$1600$$$$If this card is sent to the Graveyard as a Synchro Material Monster for a Synchro Summon, send the top 2 cards from your opponent's Deck to the Graveyard.$$$Activates from your Graveyard/Activates if used as Synchro Material/Sends from the top of your opponent's Deck to your opponent's Graveyard$Trigger$
94079037$Mine Mole$Unlimited$EARTH$[Beast/Effect]$$$$$3$1000$1200$$$$The first time this card would be destroyed by battle each turn, it is not destroyed. If this card is sent to the GY for the Synchro Summon of a Beast monster: Draw 1 card. If this face-up card you control leaves the field by your opponent's card effect, banish it.$Beast$$Activates from your Graveyard/Activates if used as Synchro Material/You draw cards$Continuous/Trigger$
20474741$Trident Warrior$Unlimited$LIGHT$[Warrior/Effect]$$$$$4$1800$1200$$$$When this card is Normal Summoned: You can Special Summon 1 Level 3 monster from your hand.$$$Activates upon Normal Summon$Trigger$
57568840$Delta Flyer$Unlimited$WIND$[Dragon/Tuner/Effect]$$$$$3$1500$900$$$$Once per turn, you can select 1 other face-up monster you control and increase its Level by 1.$$$$Ignition$
83957459$Rhinotaurus$Unlimited$FIRE$[Beast-Warrior/Effect]$$$$$4$1800$600$$$$If 2 or more of your opponent's monsters are destroyed by battle with your monsters during the same Battle Phase, this card can make a second attack during that Battle Phase.$$$$Continuous$
20351153$Hypnocorn$Unlimited$DARK$[Beast/Effect]$$$$$4$1400$600$$$$When this card is Normal Summoned, if your opponent controls a monster and you control no other monsters: You can target 1 Set Spell/Trap Card on the field; destroy that target.$$$Activates upon Normal Summon$Trigger$
56746202$Scrap Chimera$Unlimited$EARTH$[Beast/Effect]$$$$$4$1700$500$$$$Cannot be used as Synchro Material, except for the Synchro Summon of a "Scrap" monster, and all other materials must be "Scrap" monsters. When this card is Normal Summoned: You can target 1 "Scrap" Tuner in your GY; Special Summon that target.$Supports archetypes /Scrap$$Activates upon Normal Summon$Condition/Trigger$
83135907$Scrap Goblin$Unlimited$EARTH$[Beast-Warrior/Tuner/Effect]$$$$$3$0$500$$$$This card cannot be destroyed by battle. If this face-up Defense Position card is selected as an attack target, destroy this card at the end of the Battle Phase. If this card is destroyed by the effect of a "Scrap" card and sent to the Graveyard, you can select 1 "Scrap" monster in your Graveyard, except "Scrap Goblin", and add it to your hand.$Supports archetypes /Scrap$Anti-supports archetypes /Scrap$Activates from your Graveyard/Adds from Graveyard to hand$Continuous/Trigger$
19139516$Scrap Beast$Unlimited$EARTH$[Beast/Tuner/Effect]$$$$$4$1600$1300$$$$If this face-up Defense Position card is targeted for an attack, at the end of the Battle Phase: Destroy this card. If this card is destroyed by the effect of a "Scrap" card and sent to the Graveyard: You can target 1 "Scrap" monster in your Graveyard, except "Scrap Beast"; add that target to your hand.$Supports archetypes /Scrap$Anti-supports archetypes /Scrap$Activates from your Graveyard/Adds from Graveyard to hand$Trigger$
55624610$Scrap Hunter$Unlimited$EARTH$[Machine/Effect]$$$$$3$1600$400$$$$Once per turn, you can select 1 face-up "Scrap" monster you control, except this card, destroy it, and send 1 Tuner monster from your Deck to the Graveyard.$Supports archetypes /Scrap$$Sends from your Deck to your Graveyard$Ignition$
82012319$Scrap Golem$Unlimited$EARTH$[Rock/Effect]$$$$$5$2300$1400$$$$Once per turn: You can target 1 Level 4 or lower "Scrap" monster in your GY; Special Summon that target to either player's field.$Supports archetypes /Scrap$$$Ignition$
18407024$Wattbetta$Unlimited$LIGHT$[Thunder/Tuner/Effect]$$$$$2$100$0$$$$When this card inflicts Battle Damage to your opponent by a direct attack, your opponent discards 1 card of their choice.$$$Your opponent discards$Trigger$
45801022$Wattlemur$Unlimited$LIGHT$[Thunder/Effect]$$$$$2$800$100$$$$If this card in its owner's possession is destroyed by your opponent's card (either by battle or by card effect): Your opponent cannot conduct their Battle Phase during their next turn.$$$Cannot conduct Battle Phase$Trigger$
81896771$Wattpheasant$Unlimited$LIGHT$[Thunder/Effect]$$$$$4$1000$800$$$$This card can attack your opponent directly. When this card inflicts Battle Damage to your opponent by a direct attack, select 1 face-up monster on the field and remove it from play until the End Phase of this turn.$$$Returns banished cards to the field$Continuous/Trigger$
17285476$Naturia Mosquito$Unlimited$EARTH$[Insect/Effect]$$$$$1$200$300$$$$While you control another face-up "Naturia" monster(s), your opponent cannot select this card as an attack target. Your opponent takes any Battle Damage you would have taken from battles involving a face-up "Naturia" monster you control, except this card.$Supports archetypes /Naturia$$$Continuous$
44789585$Naturia Beans$Unlimited$EARTH$[Plant/Effect]$$$$$2$100$1200$$$$Once per turn, this card cannot be destroyed by battle. When this face-up card is selected as an attack target, inflict 500 damage to your opponent.$$$$Continuous/Trigger$
20174189$Naturia Bamboo Shoot$Unlimited$EARTH$[Plant/Effect]$$$$$5$2000$2000$$$$While you control this face-up card that was Tribute Summoned by Tributing a "Naturia" monster, your opponent cannot activate Spell/Trap Cards.$Supports archetypes /Naturia$$$Continuous$
53162898$Amazoness Sage$Unlimited$EARTH$[Warrior/Effect]$$$$$4$1400$700$$$$At the end of the Damage Step, if this card attacked and is still on the field: Target 1 Spell/Trap your opponent controls; destroy that target.$$$$Trigger$
89567993$Amazoness Trainee$Unlimited$EARTH$[Warrior/Effect]$$$$$4$1500$1300$$$$Monsters destroyed by battle with this card are returned to the bottom of the Deck instead of going to the GY. If this card destroys an opponent's monster by battle: It gains 200 ATK.$$$Returns from your opponent's field to your opponent's Deck/Returns to the Deck cards that would be sent to the Graveyard$Continuous/Trigger$
15951532$Amazoness Queen$Unlimited$EARTH$[Warrior/Effect]$$$$$6$2400$1800$$$$"Amazoness" monsters you control cannot be destroyed by battle.$Supports archetypes /Amazoness$$$Continuous$
52346240$Lock Cat$Unlimited$EARTH$[Beast/Effect]$$$$$3$1200$1000$$$$When this card is Normal Summoned, you can select 1 Level 1 Beast-Type monster in your Graveyard and Special Summon it in face-up Defense Position. Its effects are negated.$Beast$$Activates upon Normal Summon$Trigger$
88845345$Elephun$Unlimited$EARTH$[Beast/Tuner/Effect]$$$$$2$500$300$$$$When this card is destroyed by battle and sent to the Graveyard, you can select 1 of your Level 3 or lower Beast-Type, Beast-Warrior-Type or Winged Beast-Type monsters that is removed from play, and add it to your hand.$Beast/Beast-Warrior/Winged Beast$$Activates from your Graveyard/Adds banished cards to the hand$Trigger$
15839054$Synchro Fusionist$Unlimited$DARK$[Spellcaster/Effect]$$$$$2$800$600$$$$If this card is sent to the Graveyard as a Synchro Material Monster, you can add 1 Spell Card from your Deck to your hand with "Polymerization" or "Fusion" in the card name, except "Diffusion Wave-Motion".$Supports archetypes /Fusion /Polymerization $$Activates from your Graveyard/Activates if used as Synchro Material/Adds from Deck to hand$Trigger$
41224658$Ambitious Gofer$Unlimited$DARK$[Fiend/Effect]$$$$$6$2400$100$$$$Once per turn: You can target up to 2 monsters your opponent controls; your opponent can reveal 1 monster in their hand to negate this card's effect, otherwise destroy those monsters.$$$Reveals your opponent's hand$Ignition$
87622767$Final Psychic Ogre$Unlimited$EARTH$[Psychic/Effect]$$$$$5$2200$1700$$$$If this card destroys an opponent's monster by battle, you can pay 800 Life Points to select 1 Psychic-Type monster in your Graveyard, and add it to your hand.$Psychic$$Activates when it destroys a monster by battle/Adds from Graveyard to hand$Trigger$
14017402$Dragon Knight Draco-Equiste$Unlimited$WIND$[Dragon/Fusion/Effect]$$$$$10$3200$2000$$1 Dragon Synchro Monster + 1 Warrior monster$$Must first be Fusion Summoned. Once per turn: You can target 1 Dragon Synchro Monster in the GY; banish that target, and if you do, until the End Phase, this card's name becomes that monster's, and replace this effect with that monster's original effects. While this card is in Attack Position, your opponent takes any effect damage you would have taken from their card effects, instead.$Dragon/Synchro Monster/Warrior$$$Summon/Ignition/Continuous$
40101111$Ultimate Axon Kicker$Unlimited$LIGHT$[Psychic/Fusion/Effect]$$$$$10$2900$1700$$1 Psychic-Type Synchro Monster + 1 Psychic-Type monster$$This monster can only be Special Summoned by Fusion Summon from the Extra Deck. This card cannot be destroyed by card effects. During battle between this attacking card and a Defense Position monster whose DEF is lower than the ATK of this card, inflict the difference as Battle Damage to your opponent. When this card destroys an opponent's monster by battle and sends it to the Graveyard, you gain Life Points equal to the destroyed monster's ATK.$Psychic/Synchro Monster$$Activates when it destroys a monster by battle$Summon/Continuous/Trigger$
77506119$Thunder Unicorn$Unlimited$LIGHT$[Beast/Synchro/Effect]$$$$$5$2200$1800$$1 Beast-Type Tuner + 1 or more non-Tuner monsters$$Once per turn, during your Main Phase, you can select 1 face-up monster your opponent controls. It loses 500 ATK for each monster you control, until the End Phase. During the turn this effect is activated, no other monsters can attack, except this card.$Beast$$$Ignition$
13995824$Voltic Bicorn$Unlimited$LIGHT$[Beast/Synchro/Effect]$$$$$7$2500$2000$$1 Beast-Type Tuner + 1 or more non-Tuner monsters$$If this card is destroyed by your opponent's card (either by battle or by card effect), both players send the top 7 cards of their Deck to the Graveyard.$Beast$$Activates if destroyed by battle/Activates if destroyed by card effect/Sends from your Deck to your Graveyard/Sends from your opponent's Deck to your opponent's Graveyard$Trigger$
49389523$Lightning Tricorn$Unlimited$LIGHT$[Beast/Synchro/Effect]$$$$$8$2800$2000$$1 Tuner + 1 or more non-Tuner Beast-Type monsters$$If this card is destroyed by your opponent's card (either by battle or by card effect), you can select 1 "Thunder Unicorn" or "Voltic Bicorn" in your Graveyard and Special Summon it.$Beast/Thunder Unicorn/Voltic Bicorn$$Activates if destroyed by battle/Activates if destroyed by card effect$Trigger$
76774528$Scrap Dragon$Unlimited$EARTH$[Dragon/Synchro/Effect]$$$$$8$2800$2000$$1 Tuner + 1+ non-Tuner monsters$$Once per turn: You can target 1 card you control and 1 card your opponent controls; destroy them. When this card in your possession is destroyed by your opponent's card and sent to your GY: Target 1 non-Synchro "Scrap" monster in your GY; Special Summon that target.$Supports archetypes /Scrap$$Activates from your Graveyard$Ignition/Trigger$
02772236$Wattchimera$Unlimited$LIGHT$[Thunder/Synchro/Effect]$$$$$6$1400$1200$$1 "Watt" Tuner + 1 or more non-Tuner Thunder-Type monsters$$This card can attack your opponent directly. When this card inflicts Battle Damage to your opponent by a direct attack, place 1 random card from your opponent's hand on top of their Deck.$Supports archetypes /Watt$$Activates when it inflicts battle damage/Returns from your opponent's hand to your opponent's Deck$Continuous/Trigger$
49267971$Blind Spot Strike$Unlimited$SPELL$$$$$$$$$Quick-Play$$$Select 1 face-up Defense Position monster your opponent controls and 1 face-up Attack Position monster you control. The monster you control gains ATK equal to the opponent's monster's DEF, until the End Phase.$$$$Effect$
75652080$Double Cyclone$Unlimited$SPELL$$$$$$$$$Quick-Play$$$Target 1 Spell/Trap you control and 1 Spell/Trap your opponent controls; destroy them.$$$$Effect$
01050684$Scrapyard$Unlimited$SPELL$$$$$$$$$$$$Add 1 "Scrap" Tuner monster from your Deck to your hand.$Supports archetypes /Scrap$$Adds from Deck to hand$Effect$
48445393$Scrapstorm$Unlimited$SPELL$$$$$$$$$Quick-Play$$$Target 1 "Scrap" monster you control; send 1 "Scrap" monster from your Deck to the Graveyard, then draw 1 card, then destroy that monster.$Supports archetypes /Scrap$$Sends from your Deck to your Graveyard/You draw cards$Effect$
74439492$Scrap Sheen$Unlimited$SPELL$$$$$$$$$Quick-Play$$$Select 1 face-up "Scrap" monster you control and destroy it. All face-up "Scrap" monsters you control gain 1000 ATK until the End Phase.$Supports archetypes /Scrap$$$Activation requirement/Effect$
01834107$Wattcine$Unlimited$SPELL$$$$$$$$$Continuous$$$When a Thunder-Type monster you control inflicts Battle Damage to your opponent, gain Life Points equal to the damage inflicted.$Thunder$$$Trigger-like$
37322745$Naturia Forest$Unlimited$SPELL$$$$$$$$$Field$$$If you negate the activation of a card your opponent controls, you can add 1 Level 3 or lower "Naturia" monster from your Deck to your hand.$Supports archetypes /Naturia$$Adds from Deck to hand$Trigger-like$
74717840$Landoise's Luminous Moss$Unlimited$SPELL$$$$$$$$$$$$Activate only if you control a face-up "Naturia" monster. The opponent's Effect Monsters cannot activate their effects this turn.$Supports archetypes /Naturia$$$Activation requirement/Effect$
00712559$Amazoness Village$Unlimited$SPELL$$$$$$$$$Field$$$All "Amazoness" monsters gain 200 ATK. Once per turn, when an "Amazoness" monster is destroyed by battle or card effect and sent to the GY: You can Special Summon 1 "Amazoness" monster from your Deck with a Level less than or equal to that "Amazoness" monster in the GY.$Supports archetypes /Amazoness$Anti-supports archetypes /Amazoness$Activates if destroyed by battle$Continuous-like/Trigger-like$
36100154$Amazoness Fighting Spirit$Unlimited$SPELL$$$$$$$$$Continuous$$$If an "Amazoness" monster attacks a monster with higher ATK, the attacking monster gains 1000 ATK during damage calculation only.$Supports archetypes /Amazoness$$$Continuous-like$
63595262$Unicorn Beacon$Unlimited$SPELL$$$$$$$$$$$$Select 1 removed from play Level 5 or lower Beast-Type or Winged Beast-Type monster. Remove from play 1 card in your hand and Special Summon the selected monster in Attack Position.$Beast/Winged Beast$$$Activation requirement/Effect$
09999961$Beast Rage$Unlimited$SPELL$$$$$$$$$$$$All monsters you control gain 200 ATK for each of your removed from play Beast-Type and Winged Beast-Type monsters.$Beast/Winged Beast$$$Effect$
36484016$Miracle Synchro Fusion$Unlimited$SPELL$$$$$$$$$$$$Fusion Summon 1 Fusion Monster from your Extra Deck that lists a Synchro Monster as material, by banishing Fusion Materials listed on it from your field or GY. If this Set card is destroyed by your opponent's card effect and sent to your GY: Draw 1 card.$Fusion Monster/Synchro Monster$$Uses cards on the player's field as Fusion Materials/Uses cards in the player's Graveyard as Fusion Materials/Activates if destroyed while Set/Activates from your Graveyard/You draw cards$Effect/Trigger-like$
62472614$Pestilence$Unlimited$SPELL$$$$$$$$$Equip$$$Equip only to a Warrior-Type, Beast-Warrior-Type, or Spellcaster-Type monster. Its ATK becomes 0. During each of your Standby Phases, inflict 500 damage to the controller of the equipped monster.$$Warrior/Beast-Warrior/Spellcaster$$Condition/Continuous-like/Trigger-like$
98867329$Cursed Armaments$Unlimited$SPELL$$$$$$$$$Equip$$$The equipped monster loses 600 ATK for each monster you control. When this card is sent from the field to the Graveyard: You can target 1 face-up monster your opponent controls; equip it with this card.$$$Activates from your Graveyard/Equips self from Graveyard$Continuous-like/Trigger-like$
35262428$Wiseman's Chalice$Unlimited$SPELL$$$$$$$$$$$$If you control no monsters, select 1 monster in your opponent's Graveyard. Special Summon it. It cannot be Tributed, or used as a Synchro Material Monster. During the End Phase of this turn, give control of that Special Summoned monster to your opponent.$$$Cannot be Tributed$Activation requirement/Effect/Lingering$
61650133$Summoning Curse$Unlimited$SPELL$$$$$$$$$Continuous$$$If a monster(s) is Special Summoned: The current controller of that monster(s) banishes 1 card from their hand. Once per turn, during your End Phase, pay 500 LP or destroy this card.$$$Activates upon Special Summon$Trigger-like/Maintenance cost$
98645731$Pot of Duality$Unlimited$SPELL$$$$$$$$$$$$Excavate the top 3 cards of your Deck, add 1 of them to your hand, also, after that, shuffle the rest back into your Deck. You can only activate 1 "Pot of Duality" per turn. You cannot Special Summon during the turn you activate this card.$$$Excavates from the player's Deck/Adds from Deck to hand/Adds excavated cards to the hand/Shuffles excavated cards into the Deck$Effect/Condition$
34149830$Desperate Tag$Unlimited$TRAP$$$$$$$$$Continuous$$$If a face-up Attack Position monster you control is destroyed by battle, during damage calculation, you can reduce the Battle Damage from this battle to 0 and Special Summon 1 Level 4 or lower Warrior-Type monster from your hand at the end of the Damage Step.$Warrior$$$Trigger-like$
60534585$Battle Instinct$Unlimited$TRAP$$$$$$$$$$$$Activate only when your opponent declares a direct attack and you control no monsters. Special Summon 1 Level 4 or lower Beast-Type monster from your hand, in face-up Attack Position.$Beast$$Activates upon attack declaration$Activation requirement/Effect$
97922283$Howl of the Wild$Unlimited$TRAP$$$$$$$$$Continuous$$$If your monster destroys an opponent's monster by battle and sends it to the GY: Inflict 300 damage to your opponent for each Beast monster you control.$Beast$$Activates when it destroys a monster by battle$Trigger-like$
23327298$Parallel Selection$Unlimited$TRAP$$$$$$$$$$$$Activate only when a Synchro Monster you control is destroyed by your opponent's card (either by battle or by card effect) and sent to the Graveyard. Select 1 of your removed from play Spell Cards and add it to your hand.$Synchro Monster/Spell Card$$Activates if destroyed by battle/Activates if destroyed by card effect/Adds banished cards to the hand$Activation requirement/Effect$
60312997$Reanimation Wave$Unlimited$TRAP$$$$$$$$$$$$Activate only when your opponent's monster declares a direct attack. Select 1 Synchro Monster in your Graveyard with a Level less than or equal to the attacking monster's. The Battle Damage you take from that attack is halved. At the end of the Damage Step, Special Summon the selected Synchro Monster from the Graveyard.$Synchro Monster$$Activates upon attack declaration$Activation requirement/Effect/Lingering$
96700602$Barrier Wave$Unlimited$TRAP$$$$$$$$$$$$Activate by Tributing 1 Synchro Monster when an opponent's monster declares an attack. Change all Attack Position monsters your opponent controls to Defense Position. Then, inflict damage to your opponent equal to the attacking monster's DEF.$Synchro Monster$$Tributes for cost/Activates upon attack declaration/Changes battle positions$Cost/Activation requirement/Effect$
22205600$Chain Whirlwind$Unlimited$TRAP$$$$$$$$$$$$Activate only when a card on the field is destroyed by a card effect. Select 2 Spell/Trap Cards on the field and destroy them.$$$$Activation requirement/Effect$
59699355$Scrap Rage$Unlimited$TRAP$$$$$$$$$$$$Activate only during damage calculation, if a Defense Position "Scrap" monster on the field is being attacked. It gains 2000 DEF and is destroyed at the end of the Battle Phase.$Supports archetypes /Scrap$$$Activation requirement/Effect$
95084054$Wattcannon$Unlimited$TRAP$$$$$$$$$Continuous$$$Once per turn, when a Level 4 or lower Thunder-Type monster(s) is Normal or Special Summoned to the field, inflict 600 damage to your opponent.$Thunder$$$Trigger-like$
22082163$Amazoness Willpower$Unlimited$TRAP$$$$$$$$$Continuous$$$Select 1 "Amazoness" monster in your Graveyard and Special Summon it in Attack Position. It cannot change its battle position and must attack if able. When this card is removed from the field, destroy that monster. When that monster is destroyed, destroy this card.$Supports archetypes /Amazoness$$Prevents Battle Position changes$Effect/Continuous-like$
58477767$Queen's Pawn$Unlimited$TRAP$$$$$$$$$$$$Activate only when an "Amazoness" monster you control destroys an opponent's monster by battle and sends it to the Graveyard. Special Summon 1 Level 4 or lower "Amazoness" monster from your Deck.$Supports archetypes /Amazoness$$$Activation requirement/Effect$
84962466$Beast Rising$Unlimited$TRAP$$$$$$$$$Continuous$$$Once per turn, you can remove from play 1 face-up Beast-Type or Beast-Warrior-Type monster you control to select 1 other face-up Beast-Type or Beast-Warrior-Type monster you control. The selected monster gains the original ATK of the monster removed from play for this effect.$Beast/Beast-Warrior$$$Quick-like$
21350571$Horn of the Phantom Beast$Unlimited$TRAP$$$$$$$$$$$$Target 1 Beast or Beast-Warrior monster you control; equip this card to that target. It gains 800 ATK. If the equipped monster destroys your opponent's monster by battle and sends it to the GY: Draw 1 card.$Beast/Beast-Warrior$$Equips self from field/Activates when it destroys a monster by battle/You draw cards$Effect/Continuous-like/Trigger-like$
57355219$Paradox Fusion$Unlimited$TRAP$$$$$$$$$Counter$$$When a monster(s) would be Special Summoned, OR a Spell/Trap Card is activated: Banish 1 face-up Fusion Monster you control; negate the Special Summon or activation, and if you do, destroy that card, also during your 2nd End Phase, return the banished Fusion Monster to your field in face-up Attack Position.$Fusion Monster$$Returns banished cards to the field$Cost/Effect/Lingering$
84749824$Solemn Warning$Unlimited$TRAP$$$$$$$$$Counter$$$When a monster(s) would be Summoned, OR when a Spell/Trap Card, or monster effect, is activated that includes an effect that Special Summons a monster(s): Pay 2000 LP; negate the Summon or activation, and if you do, destroy it.$$$$Activation requirement/Cost/Effect$
20138923$Anti-Magic Prism$Unlimited$TRAP$$$$$$$$$$$$When your opponent activates a Quick-Play Spell Card, select 1 card on the field and destroy it.$$Quick-Play Spell Card$$Activation requirement/Effect$
56532632$Chivalry$Unlimited$TRAP$$$$$$$$$Counter$$$Activate only during the Battle Phase, when the effect of an opponent's Effect Monster is activated. Negate the activation and destroy that card.$$$$Activation requirement/Effect$
$Light of Destruction$$TRAP$$$$$$$$$Continuous$$$When an opponent's card effect sends a card(s) from their Deck to the Graveyard, send the top 3 cards of their Deck to the Graveyard.$$$$$
71209500$Amazoness Scouts$Unlimited$EARTH$[Warrior/Effect]$$$$$2$500$1100$$$$During either player's turn: You can Tribute this card; this turn, face-up "Amazoness" monsters you currently control cannot be targeted by monster effects, and cannot be destroyed by card effects.$Supports archetypes /Amazoness$Effect Monster$Tributes itself for cost$Quick$
07304544$Naturia Pineapple$Unlimited$EARTH$[Plant/Effect]$$$$$2$100$100$$$$All face-up monsters you control become Plant monsters. Once per turn, during your Standby Phase, if you do not control a face-up "Naturia Pineapple", and have no monsters in your GY except Plant or Beast: You can Special Summon this card from your GY. You must control no Spells or Traps to activate and resolve this effect.$Plant/Beast$$Activates from your Graveyard$Continuous/Trigger$
44792253$D.D. Destroyer$Unlimited$EARTH$[Warrior/Effect]$$$$$4$1000$1000$$$$When this card on the field is removed from play, you can select 1 face-up card your opponent controls and destroy it.$$$$Trigger$
70187958$Dark Desertapir$Unlimited$EARTH$[Beast/Effect]$$$$$2$1100$300$$$$When this card is removed from play, you can select 1 Level 4 or lower Beast-Type monster in your Graveyard and Special Summon it.$Beast$$Activates while banished$Trigger$
07582066$Psychic Nightmare$Unlimited$WIND$[Psychic/Synchro/Effect]$$$$$6$2400$1800$$1 Tuner + 1 or more non-Tuner Psychic-Type monsters$$Once per turn, during your Main Phase, you can pick 1 random card in your opponent's hand and call what type of card it is (Monster, Spell or Trap). If you call it right, this card gains 1000 ATK until your opponent's End Phase.$Psychic$$Declares a card type$Ignition$
33970665$Guts of Steel$Unlimited$SPELL$$$$$$$$$$$$Select 3 "Scrap" monsters in your Graveyard. Your opponent picks 1 of them, you Special Summon it to either player's side of the field, and remove the rest from play.$Supports archetypes /Scrap$$$Effect$
79965360$Amazoness Heirloom$Unlimited$SPELL$$$$$$$$$Equip$$$Equip only to an "Amazoness" monster. Once per turn, that monster cannot be destroyed by battle. After damage calculation, if the equipped monster attacks a monster: Destroy the attacked monster.$Supports archetypes /Amazoness$$$Condition/Continuous-like/Trigger-like$
06459419$Amazoness Shamanism$Unlimited$TRAP$$$$$$$$$$$$Destroy all "Amazoness" monsters you control, then, you can Special Summon Level 4 or lower "Amazoness" monsters from your GY in face-up Defense Position, up to the number of monsters destroyed by this effect.$Supports archetypes /Amazoness$$$Effect$
32854013$Super Rush Recklessly$Unlimited$TRAP$$$$$$$$$$$$Target 1 Beast monster you control and 1 monster your opponent controls; destroy the first target, and if you do, shuffle the second target into the Deck.$Beast$$Returns from your opponent's field to your opponent's Deck$Effect$
35563539$Mystical Refpanel$Unlimited$TRAP$$$$$$$$$$$$Activate only when a Spell Card that targets 1 player is activated. The effect of that Spell Card is applied to the other player instead.$$$$Activation requirement/Effect$
47217354$Fabled Raven$Unlimited$LIGHT$[Fiend/Tuner/Effect]$$$$$2$1300$1000$$$$Once per turn: You can discard any number of cards, and if you do, this card gains 1 Level and 400 ATK for each discarded card, until the end of this turn.$$$Discards for effect$Ignition$
45586855$Ally of Justice Cyclone Creator$Unlimited$DARK$[Machine/Tuner/Effect]$$$$$3$1400$1200$$$$Once per turn, you can discard 1 card from your hand to return Spell/Trap Cards from the field to the hand equal to the number of face-up Tuner monsters on the field.$Tuner monster$Tuner monster$Discards for cost/Returns from field to hand$Ignition$
21636650$Miracle's Wake$Unlimited$TRAP$$$$$$$$$$$$Target 1 monster that was destroyed by battle and sent to your GY this turn; Special Summon it.$$$$Effect$
28332833$Flamvell Poun$Unlimited$FIRE$[Pyro/Effect]$$$$$1$200$200$$$$When this card is destroyed by battle and sent to the Graveyard: You can add 1 monster with 200 DEF from your Deck to your hand.$200 DEF Monster Cards$$Activates if destroyed by battle/Activates from your Graveyard/Adds from Deck to hand$Trigger$
54326448$Flamvell Archer$Unlimited$FIRE$[Pyro/Tuner/Effect]$$$$$3$1000$200$$$$Once per turn, you can Tribute 1 face-up Pyro-Type monster you control to have all "Flamvell" monsters on the field gain 800 ATK until the End Phase.$Supports archetypes /Flamvell$$Tributes for cost$Ignition$
91711547$Flamvell Fiend$Unlimited$FIRE$[Fiend/Effect]$$$$$5$2100$1200$$$$When this card inflicts Battle Damage to your opponent, inflict 200 damage to your opponent for each Pyro-Type monster in your Graveyard.$Pyro$$$Trigger$
93882364$Genex Worker$Unlimited$WIND$[Machine/Effect]$$$$$3$1200$1200$$$$You can Tribute this card to Special Summon 1 "Genex" monster from your hand.$Supports archetypes /Genex$$Tributes itself for cost$Ignition$
30399511$Genex Power Planner$Unlimited$LIGHT$[Spellcaster/Effect]$$$$$1$300$200$$$$When this card is Normal Summoned, you can add 1 Level 3 "Genex" Effect Monster from your Deck to your hand.$Supports archetypes /Genex$$Activates upon Normal Summon/Adds from Deck to hand$Trigger$
13521194$Stygian Street Patrol$Unlimited$DARK$[Fiend/Effect]$$$$$4$1600$1200$$$$If this card destroys a monster by battle and sends it to the GY: Inflict damage to your opponent equal to the original Level of that monster in the GY x 100. You can banish this card from your GY; Special Summon 1 Fiend monster with 2000 or less ATK from your hand.$Fiend$$Activates when it destroys a monster by battle/Activates from your Graveyard$Trigger/Ignition$
