Passcode$Name$Status$Attribute$type$link$link_arrows$rank$pendulum_scale$level$attack$defense$spell_attribute$summoning_condition$pendulum_condition$card_text$card_supports$card_anti_supports$card_actions$effect_types$
64319467$Double Fin Shark$Unlimited$WATER$[Fish/Effect]$$$$$4$1000$1200$$$$When this card is Normal Summoned: You can target 1 Level 3 or 4 WATER Fish monster in your GY; Special Summon that target in Defense Position, but negate its effects. You cannot Special Summon any monsters during the turn you activate this effect, except WATER monsters.$WATER/Fish$$Activates upon Normal Summon$Trigger/Condition$
90303176$Silent Angler$Unlimited$WATER$[Fish/Effect]$$$$$4$800$1400$$$$If you control a WATER monster, you can Special Summon this card (from your hand), but you cannot Special Summon monsters from your hand for the rest of this turn.$WATER$$$Summon$
37798171$Depth Shark$Unlimited$WATER$[Fish/Effect]$$$$$5$1400$0$$$$If you control no monsters, you can Normal Summon this card without Tributing. Once per turn, during your opponent's Standby Phase: This card's ATK becomes double its current ATK until the end of this turn.$$$$Unclassified/Trigger$
63193879$Saber Shark$Unlimited$WATER$[Fish/Effect]$$$$$4$1600$1200$$$$Cannot be used as a Synchro Material. Twice per turn: You can target 1 Fish monster on the field, then activate 1 of these effects.●Increase its Level by 1.●Reduce its Level by 1.You cannot Special Summon any monsters during the turn you activate this effect, except WATER monsters.$Fish/WATER$$$Condition/Ignition$
99581584$Guard Penguin$Unlimited$WATER$[Winged Beast/Effect]$$$$$4$0$1200$$$$When you take damage from a card effect (except during the Damage Step): You can Special Summon this card from your hand, and if you do, gain LP equal to the damage you took.$$$$Trigger$
62070231$Number 94: Crystalzero$Unlimited$WATER$[Warrior/Xyz/Effect]$$$5$$$2200$1600$$2 Level 5 WATER monsters$$During either player's turn: You can detach 1 Xyz Material from this card, then target 1 face-up monster on the field; its ATK becomes half its current ATK until the end of your turn.$WATER$$$Quick$
99469936$Full Armored Crystalzero Lancer$Unlimited$WATER$[Warrior/Xyz/Effect]$$$6$$$2200$1600$$3 Level 6 WATER monsters$$You can also Xyz Summon this card by using a Rank 5 WATER Xyz Monster you control as the Xyz Material. (Xyz Materials attached to that monster also become Xyz Materials on this card.) This card gains 500 ATK for each Xyz Material attached to it. If this face-up card would be destroyed, you can detach 1 Xyz Material from this card instead. Once per turn: You can detach 1 Xyz Material from this card; all face-up monsters your opponent controls have their effects negated until the end of this turn.$WATER/Xyz Monster$$Transfers/Detaches Xyz Materials for effect$Summon/Continuous/Ignition$
25853045$Full Armored Black Ray Lancer$Unlimited$WATER$[Beast-Warrior/Xyz/Effect]$$$4$$$2100$600$$3 Level 4 WATER monsters$$You can also Xyz Summon this card by using a Rank 3 WATER Xyz Monster you control that has no material. Gains 200 ATK for each material attached to it. If this card on the field would be destroyed by battle or card effect, you can detach all materials from this card instead. When this card destroys an opponent's monster by battle: You can target 1 Spell/Trap your opponent controls; destroy that target.$WATER/Xyz Monster$$Does not have effects which detach Xyz Materials for cost/Detaches Xyz Materials for effect/Detaches multiple Xyz Materials for effect/Activates when it destroys a monster by battle$Summon/Continuous/Trigger$
61258740$Sea Lord's Amulet$Unlimited$SPELL$$$$$$$$$Continuous$$$Send this card to the Graveyard during your opponent's 3rd End Phase after activation. WATER monsters you control cannot be destroyed by your opponent's card effects.$WATER$$Sends itself from field to Graveyard$Condition/Continuous-like$
98643358$Diamond Dust$Unlimited$TRAP$$$$$$$$$$$$Destroy as many WATER monsters on the field as possible, then inflict 500 damage to your opponent for each WATER monster destroyed and sent to the Graveyard by this effect.$WATER$WATER$$Effect$
90812044$Chain Summon$Unlimited$SPELL$$$$$$$$$$$$If you control 2 or more face-up Xyz Monsters: Target the one with the lowest Rank (your choice, if tied); Special Summon 1 Xyz Monster from your Extra Deck, whose Rank is lower than that Xyz Monster, but the Special Summoned monster cannot attack directly, also return it to the Extra Deck during the End Phase.$Xyz Monster$$Returns from your field to your Extra Deck$Activation requirement/Effect$
27217742$Brohunder$Unlimited$LIGHT$[Thunder/Effect]$$$$$4$900$400$$$$When this card is Normal Summoned: You can add 1 Level 4 LIGHT Thunder-Type monster from your Deck to your hand, except "Brohunder".$LIGHT/Thunder$$Activates upon Normal Summon/Adds from Deck to hand$Trigger$
53701457$Number 28: Titanic Moth$Unlimited$FIRE$[Insect/Xyz/Effect]$$$7$$$2400$2200$$2 Level 7 monsters$$If you control no other monsters, this card can attack directly, but when it does so using this effect, the battle damage inflicted to your opponent is halved. When this card inflicts battle damage to your opponent: You can detach 1 Xyz Material from this card; inflict 500 damage to your opponent for each card in their hand.$$$$Continuous/Trigger$
80796456$Number 70: Malevolent Sin$Unlimited$DARK$[Insect/Xyz/Effect]$$$4$$$2400$1200$$2 Level 4 monsters$$Once per turn: You can detach 1 Xyz Material from this card, then target 1 monster your opponent controls; banish it until your opponent's next Standby Phase. At the end of the Damage Step, if this card attacked: You can make this card gain 300 ATK, and if you do, increase its Rank by 3.$$$Returns banished cards to the field$Ignition/Trigger$
26194151$Necroid Synchro$Unlimited$SPELL$$$$$$$$$$$$Banish 1 Tuner and up to 2 non-Tuner monsters from your Graveyard, and if you do, Special Summon 1 "Stardust" Synchro Monster from your Extra Deck whose Level equals the total Levels of those banished monsters, but it has its effects negated. (This Special Summon is treated as a Synchro Summon.)$Supports archetypes /Stardust $$$Effect$
52589809$Wandering King Wildwind$Unlimited$DARK$[Fiend/Effect]$$$$$4$1700$1300$$$$If you control a Fiend Tuner with 1500 or less ATK, you can Special Summon this card (from your hand). If Summoned this way, you cannot Special Summon monsters from the Extra Deck for the rest of this turn, except Synchro Monsters. During your Main Phase, except the turn this card was sent to the GY: You can banish this card from your GY; add 1 Fiend Tuner with 1500 or less ATK from your Deck to your hand.$Fiend/Tuner monster/Synchro Monster$$Activates from your Graveyard/Adds from Deck to hand$Unclassified/Ignition$
89974904$Synchro Call$Unlimited$TRAP$$$$$$$$$$$$Target 1 monster in your Graveyard; Special Summon it, but it has its effects negated (if any), and if you do, immediately after this effect resolves, Synchro Summon 1 DARK Dragon or Fiend-Type Synchro Monster using only monsters you control as Materials, including the Summoned monster.$DARK/Dragon/Fiend/Synchro Monster$$$Effect$
25472513$Celestial Double Star Shaman$Unlimited$LIGHT$[Fairy/Synchro/Tuner/Effect]$$$$$2$100$800$$1 Tuner + 1 non-Tuner monster$$When this card is Synchro Summoned: You can Special Summon up to 4 Level 2 non-Tuner monsters from your hand and/or Graveyard in Defense Position, but they have their effects negated, also you cannot Special Summon monsters from the Extra Deck for the rest of this turn, except Synchro Monsters. You can only use this effect of "Celestial Double Star Shaman" once per turn.$Synchro Monster$$Activates upon Synchro Summon$Trigger/Condition$
25614410$Legacy of a HERO$Unlimited$SPELL$$$$$$$$$$$$Return 2 Fusion Monsters from your Graveyard to the Extra Deck that list a "HERO" monster as Material; draw 3 cards. You can only activate 1 "Legacy of a HERO" per turn.$Supports archetypes /HERO$$Returns from your Graveyard to your Extra Deck/You draw cards$Cost/Effect/Condition$
52467217$Gozuki$Unlimited$EARTH$[Zombie/Effect]$$$$$4$1700$800$$$$During your Main Phase: You can send 1 Zombie monster from your Deck to the GY. If this card is sent to the GY: You can banish 1 Zombie monster from your GY, except "Gozuki"; Special Summon 1 Zombie monster from your hand. You can only use each effect of "Gozuki" once per turn.$Zombie$$Sends from your Deck to your Graveyard/Activates from your Graveyard$Ignition/Trigger/Condition$
27780618$Vision HERO Vyon$Unlimited$DARK$[Warrior/Effect]$$$$$4$1000$1200$$$$If this card is Normal or Special Summoned: You can send 1 "HERO" monster from your Deck to the GY. You can only use this effect of "Vision HERO Vyon" once per turn. Once per turn: You can banish 1 "HERO" monster from your GY; add 1 "Polymerization" from your Deck to your hand.$Supports archetypes /HERO$$Activates upon Normal Summon/Activates upon Special Summon/Sends from your Deck to your Graveyard/Adds from Deck to hand$Trigger/Condition/Ignition$
92807548$Darklord Ukoback$Unlimited$DARK$[Fairy/Effect]$$$$$3$700$1000$$$$If this card is Normal or Special Summoned: You can send 1 "Darklord" card from your Deck to the Graveyard. You can only use this effect of "Darklord Ukoback" once per turn.$Supports archetypes /Darklord$$Activates upon Normal Summon/Activates upon Special Summon/Sends from your Deck to your Graveyard$Trigger/Condition$
58787301$Darklord Descent$Unlimited$TRAP$$$$$$$$$$$$Pay half your LP; Special Summon up to 2 "Darklord" monsters from your Graveyard in Defense Position, with the same Level as 1 face-up monster your opponent controls.$Supports archetypes /Darklord$$$Cost/Effect$
88851326$Legacy of the Duelist$Unlimited$SPELL$$$$$$$$$Continuous$$$When your monster declares an attack: You can target 1 Spell/Trap Card your opponent controls; negate the attack, and if you do, destroy that card. Each player can only Set 1 Spell/Trap Card from their hand per turn. Monsters cannot attack the turn they were Special Summoned from the Extra Deck. During your Draw Phase, before your draw: You can give up your normal draw this turn, and if you do, add 1 monster from your Graveyard to your hand.$$$Activates upon attack declaration/Prevents your Sets/Prevents your opponent's Sets/Replaces normal draw/Adds from Graveyard to hand$Trigger-like/Continuous-like$
15256925$Chaos Scepter Blast$Unlimited$SPELL$$$$$$$$$Quick-Play$$$If you control a Level 8 or higher Spellcaster-Type monster: Banish 1 card on the field face-down. If this card in its owner's Spell & Trap Zone is destroyed by an opponent's card effect: You can Special Summon 1 "Magician of Black Chaos" or "Dark Magician of Chaos" from your Deck, ignoring its Summoning conditions.$Spellcaster/Magician of Black Chaos/Dark Magician of Chaos$$Activates if destroyed by card effect$Activation requirement/Effect/Trigger-like$
51644030$Diabound Kernel$Unlimited$DARK$[Fiend/Effect]$$$$$5$1800$1200$$$$When this card declares an attack: It gains 600 ATK. (Quick Effect): You can target 1 face-up monster your opponent controls; it loses ATK equal to this card's current ATK until the end of this turn, then banish this card until the Standby Phase of the next turn. You can only use this effect of "Diabound Kernel" once per turn.$$$Activates upon attack declaration$Trigger/Quick/Condition$
87639778$Harpie's Feather Storm$Unlimited$TRAP$$$$$$$$$$$$If you control a WIND Winged Beast monster: Until the end of this turn, negate any monster effects your opponent activates. If you control a "Harpie" monster, you can activate this card from your hand. If this card in its owner's Spell & Trap Zone is destroyed by an opponent's card effect: You can add 1 "Harpie's Feather Duster" from your Deck or GY to your hand.$Supports archetypes /Harpie$$Activates if destroyed by card effect/Adds from Deck to hand/Activates from your Graveyard$Activation requirement/Effect/Condition/Trigger-like$
14124483$Elemental HERO Honest Neos$Unlimited$LIGHT$[Warrior/Effect]$$$$$7$2500$2000$$$$(Quick Effect): You can discard this card, then target 1 "HERO" monster on the field; it gains 2500 ATK until the end of this turn. (Quick Effect): You can discard 1 "HERO" monster; this card gains ATK equal to the discarded monster's ATK until the end of this turn. You can only use each effect of "Elemental HERO Honest Neos" once per turn.$Supports archetypes /HERO$$Activates from your hand/Discards itself for cost/Discards for cost$Quick/Condition$
40522482$Skydive Scorcher$Unlimited$SPELL$$$$$$$$$$$$Target 1 "Elemental HERO" Fusion Monster you control; destroy as many monsters your opponent controls as possible, with ATK higher than that monster's, then inflict damage to your opponent equal to the highest original ATK among those destroyed monsters in the Graveyard (your choice, if tied). If a "Skyscraper" Field Spell Card is in your Field Zone, inflict damage to your opponent equal to the combined original ATK of those destroyed monsters in the Graveyard, instead.$Supports archetypes /Elemental HERO/Skyscraper $$$Effect$
87917187$Dark Summoning Beast$Unlimited$DARK$[Fiend/Effect]$$$$$5$0$0$$$$You can Tribute this card; Special Summon 1 "Uria, Lord of Searing Flames", "Hamon, Lord of Striking Thunder", or "Raviel, Lord of Phantasms" from your hand or Deck, ignoring its Summoning conditions, also monsters you control cannot attack for the rest of this turn. You can only use this effect of "Dark Summoning Beast" once per turn. You can banish this card from your GY; add 1 "Uria, Lord of Searing Flames", "Hamon, Lord of Striking Thunder", or "Raviel, Lord of Phantasms" from your Deck to your hand.$Uria, Lord of Searing Flames/Hamon, Lord of Striking Thunder/Raviel, Lord of Phantasms$$Tributes itself for cost$Ignition/Condition$
13301895$Fallen Paradise$Unlimited$SPELL$$$$$$$$$Field$$$Your opponent cannot target "Uria, Lord of Searing Flames", "Hamon, Lord of Striking Thunder", "Raviel, Lord of Phantasms", or "Armityle the Chaos Phantasm" in your Monster Zones with card effects, also those monsters cannot be destroyed by your opponent's card effects while you control them. If you control "Uria, Lord of Searing Flames", "Hamon, Lord of Striking Thunder", "Raviel, Lord of Phantasms" or "Armityle the Chaos Phantasm" in your Monster Zone: You can draw 2 cards. You can only use this effect of "Fallen Paradise" once per turn.$Uria, Lord of Searing Flames/Hamon, Lord of Striking Thunder/Raviel, Lord of Phantasms/Armityle the Chaos Phantasm$$You draw cards$Continuous-like/Ignition-like/Condition$
49306994$White Veil$Unlimited$SPELL$$$$$$$$$Equip$$$While the equipped monster battles, your opponent cannot activate any Spell/Trap Cards until the end of the Damage Step. When an attack is declared involving the equipped monster: Face-up Spell/Trap Cards your opponent controls have their effects negated until the end of the Damage Step (even if this card leaves the field). When the equipped monster destroys an opponent's monster by battle: You can destroy all Spell and Trap Cards your opponent controls. When this face-up card in a player's Spell & Trap Zone leaves the field, that player takes 3000 damage.$$$Activates upon attack declaration$Continuous-like/Trigger-like$
76403456$Power Wall$Unlimited$TRAP$$$$$$$$$$$$During damage calculation, when you would take battle damage from an opponent's attacking monster: Send 1 card from the top of your Deck to the GY for every 500 damage (round up) you would take, instead.$$$Sends from your Deck to your Graveyard$Activation requirement/Effect$
21123811$Cosmic Blazar Dragon$Unlimited$WIND$[Dragon/Synchro/Effect]$$$$$12$4000$4000$$1 Tuner Synchro Monster + 2+ non-Tuner Synchro Monsters$$Must be Synchro Summoned. (Quick Effect): You can banish this card until the End Phase to activate 1 of these effects;●When your opponent activates a card or effect: Negate the activation, and if you do, destroy that card.●When your opponent would Summon a monster(s): Negate the Summon, and if you do, destroy that monster(s).●When an opponent's monster declares an attack: Negate the attack, then end the Battle Phase.$$$Returns banished cards to the field/Activates upon attack declaration$Summon/Quick$
58518520$Clear Effector$Unlimited$LIGHT$[Spellcaster/Effect]$$$$$2$0$900$$$$If this card is sent to the Graveyard as a Synchro Material: Draw 1 card. A Synchro Monster that used this card as a Synchro Material cannot be destroyed by card effects.$Synchro Monster$$Activates from your Graveyard/Applies effect when used as Synchro Material/You draw cards$Trigger/Unclassified$
84012625$Cosmic Flare$Unlimited$SPELL$$$$$$$$$Quick-Play$$$Target 1 "Stardust" Synchro Monster you control; this turn, if that Synchro Monster you control battles an opponent's monster, shuffle that opponent's monster into the Deck at the start of the Damage Step. If a "Stardust" Synchro Monster you control would Tribute itself to activate its effect, you can banish this card from your GY instead.$Supports archetypes /Stardust $$Returns from your opponent's field to your opponent's Deck/Activates from your Graveyard/Reduces costs$Effect/Unclassified$
20007374$Converging Wishes$Unlimited$TRAP$$$$$$$$$$$$If you have 5 or more Dragon Synchro Monsters with different names in your GY: Special Summon 1 "Stardust Dragon" from your Extra Deck (this is treated as a Synchro Summon), and equip it with this card, but banish it during the End Phase. That equipped monster gains ATK equal to the combined ATK of all Dragon Synchro Monsters in your GY. Each time that equipped monster destroys an opponent's monster by battle: You can banish 1 Dragon Synchro Monster from your GY; that equipped monster can attack an opponent's monster again in a row.$Dragon/Synchro Monster/Stardust Dragon$$Equips self from field$Activation requirement/Effect/Continuous-like/Trigger-like$
57496978$Clashing Souls$Unlimited$SPELL$$$$$$$$$Quick-Play$$$During damage calculation, if your Attack Position monster battles an opponent's Attack Position monster with higher ATK: The controller of the battling monster with lower ATK can pay 500 LP for that monster to gain 500 ATK during damage calculation only, then keep repeating this effect until a player chooses not to pay LP. Neither player takes any battle damage from that battle, also, after damage calculation, if any player's monster would be destroyed by that battle, send all cards that player controls to the Graveyard instead.$$$Sends from field to Graveyard$Effect$
83880087$Light Wing Shield$Unlimited$SPELL$$$$$$$$$Quick-Play$$$When a monster's attack is negated: Activate 1 of these effects;●It becomes the End Phase of this turn.●Target 1 "Utopia" Xyz Monster you control; its ATK becomes double its original ATK until the end of this turn.If a "Utopia" Xyz Monster you control would detach exactly 1 Xyz Material to activate its effect, you can banish this card from your Graveyard instead.$Supports archetypes /Utopia $$Ends your turn/Ends your opponent's turn/Activates from your Graveyard/Replaces detaching own Xyz Materials for cost$Effect/Unclassified$
20285786$Halfway to Forever$Unlimited$TRAP$$$$$$$$$$$$Target 2 monsters in your GY; Special Summon both, but negate their effects (if any), and if you do, immediately after this effect resolves, Xyz Summon 1 LIGHT "Utopia" or "Utopic" Xyz Monster using only those 2 monsters.$Supports archetypes /Utopic/Utopia $$$Effect$
56673480$Contract with Don Thousand$Unlimited$SPELL$$$$$$$$$Continuous$$$When this card is activated: Both players lose 1000 LP, and if they do, each draws 1 card. All cards that are drawn while this card's effect is applied must remain revealed. While a player's Spell Card in their hand is revealed by this effect, that player cannot Normal Summon/Set monsters. You can only activate 1 "Contract with Don Thousand" per turn.$$$You draw cards/Your opponent draws cards/Shows the player's drawn cards/Shows the opponent's drawn cards/Reveals your hand for effect/Reveals your opponent's hand$Effect/Continuous-like/Condition$
19162134$Dueltaining$Unlimited$SPELL$$$$$$$$$Field$$$For each player, the first time they do each of the following per turn, they draw 2 cards.●Special Summon 5 monsters with different Levels at the same time.●1 monster they control battles 5 times.●Activate a card or effect as Chain Link 5 or higher.●Roll 1 six-sided die, or toss a coin, 5 times.●Take damage that made their LP 500 or less.$Die roll/Coin toss$$Activates upon Special Summon/Activates if you take battle damage/Activates if you take effect damage/You draw cards/Your opponent draws cards$Continuous-like$
89631139$Blue-Eyes White Dragon$Unlimited$LIGHT$[Dragon/Normal]$$$$$8$3000$2500$$$$This legendary dragon is a powerful engine of destruction. Virtually invincible, very few have faced this awesome creature and lived to tell the tale.$$$$$
31560081$Magician of Faith$Unlimited$LIGHT$[Spellcaster/Flip/Effect]$$$$$1$300$400$$$$FLIP: Target 1 Spell in your GY; add that target to your hand.$Spell Card$$Returns from Graveyard to hand$Flip$
77585513$Jinzo$Unlimited$DARK$[Machine/Effect]$$$$$6$2400$1500$$$$Trap Cards, and their effects on the field, cannot be activated. Negate all Trap effects on the field.$$$$Continuous$
87910978$Brain Control$Unlimited$SPELL$$$$$$$$$$$$Pay 800 LP, then target 1 face-up monster your opponent controls that can be Normal Summoned/Set; take control of that target until the End Phase.$$$Changes control$Cost/Effect$
51452091$Royal Decree$Unlimited$TRAP$$$$$$$$$Continuous$$$Negate all other Trap effects on the field.$$$$Continuous-like$
44095762$Mirror Force$Unlimited$TRAP$$$$$$$$$$$$When an opponent's monster declares an attack: Destroy all your opponent's Attack Position monsters.$$$Activates upon attack declaration$Activation requirement/Effect$
61740673$Imperial Order$Forbidden(OCG)$TRAP$$$$$$$$$Continuous$$$Negate all Spell effects on the field. Once per turn, during the Standby Phase, you must pay 700 LP (this is not optional), or this card is destroyed.$$$$Continuous-like/Maintenance cost$
47355498$Necrovalley$Unlimited$SPELL$$$$$$$$$Field$$$All "Gravekeeper's" monsters gain 500 ATK/DEF. Cards in the GY cannot be banished. Negate any card effect that would move a card in the GY to a different place. Negate any card effect that changes Types or Attributes in the GY.$Supports archetypes /Gravekeeper's$$$Continuous-like$
07572887$D.D. Warrior Lady$Unlimited$LIGHT$[Warrior/Effect]$$$$$4$1500$1600$$$$After damage calculation, when this card battles an opponent's monster: You can banish that monster, also banish this card.$$$$Trigger$
34853266$Tsukuyomi$Unlimited$DARK$[Spellcaster/Spirit/Effect]$$$$$4$1100$1400$$$$Cannot be Special Summoned. If this card is Normal Summoned or flipped face-up: Target 1 face-up monster on the field; change that target to face-down Defense Position. Once per turn, during the End Phase, if this card was Normal Summoned or flipped face-up this turn: Return it to the hand.$$$Returns itself from field to hand/Activates upon Normal Summon/Changes battle positions/Flips monsters face-down$Summon/Trigger$
72989439$Black Luster Soldier - Envoy of the Beginning$Unlimited$LIGHT$[Warrior/Effect]$$$$$8$3000$2500$$$$Cannot be Normal Summoned/Set. Must first be Special Summoned (from your hand) by banishing 1 LIGHT and 1 DARK monster from your GY. Once per turn, you can activate 1 of these effects.●Target 1 monster on the field; banish it. This card cannot attack the turn this effect is activated.●If this attacking card destroys an opponent's monster by battle: It can make a second attack in a row.$LIGHT/DARK$$Activates when it destroys a monster by battle$Summon/Condition/Ignition/Trigger$
40737112$Dark Magician of Chaos$Unlimited$DARK$[Spellcaster/Effect]$$$$$8$2800$2600$$$$During the End Phase, if this card was Normal or Special Summoned this turn: You can target 1 Spell in your GY; add it to your hand. You can only use this effect of "Dark Magician of Chaos" once per turn. If this card destroys an opponent's monster by battle, after damage calculation: Banish that opponent's monster. If this face-up card would leave the field, banish it instead.$Spell Card$$Adds from Graveyard to hand/Activates when it destroys a monster by battle$Trigger/Condition/Unclassified$
43040603$Monster Gate$Unlimited(OCG)$SPELL$$$$$$$$$$$$Tribute 1 monster; excavate cards from the top of your Deck until you excavate a monster that can be Normal Summoned/Set. Special Summon it, also send the other excavated cards to the GY.$$$Tributes for cost/Excavates from the player's Deck/Sends excavated cards to the Graveyard/Sends from the top of your Deck to your Graveyard$Cost/Effect$
78700060$Doomcaliber Knight$Unlimited$DARK$[Fiend/Effect]$$$$$4$1900$1800$$$$Cannot be Special Summoned. If a monster effect is activated (Quick Effect): Tribute this face-up card; negate the activation, and if you do, destroy that monster.$$Effect Monster$Tributes itself for cost$Summon/Quick$
70095154$Cyber Dragon$Unlimited$LIGHT$[Machine/Effect]$$$$$5$2100$1600$$$$If only your opponent controls a monster, you can Special Summon this card (from your hand).$$$Activates from your hand$Unclassified$
12538374$Treeborn Frog$Unlimited$WATER$[Aqua/Effect]$$$$$1$100$100$$$$Once per turn, during your Standby Phase, if this card is in your Graveyard and you do not control "Treeborn Frog": You can Special Summon this card. You must control no Spell/Trap Cards to activate and to resolve this effect.$$$Activates from your Graveyard$Trigger/Condition$
15341821$Dandylion$Forbidden(OCG)$EARTH$[Plant/Effect]$$$$$3$300$300$$$$If this card is sent to the Graveyard: Special Summon 2 "Fluff Tokens" (Plant-Type/WIND/Level 1/ATK 0/DEF 0) in Defense Position. These Tokens cannot be Tributed for a Tribute Summon during the turn they are Special Summoned.$$$Activates from your Graveyard$Trigger/Condition$
81674782$Dimensional Fissure$Unlimited(OCG)$SPELL$$$$$$$$$Continuous$$$Any monster sent to the Graveyard is banished instead.$$$$Continuous-like$
80344569$Neo-Spacian Grand Mole$Unlimited$EARTH$[Rock/Effect]$$$$$3$900$300$$$$At the start of the Damage Step, if this card battles an opponent's monster: You can return both the opponent's monster and this card to the hand.$$$Returns from your opponent's field to your opponent's hand/Returns itself from field to hand$Trigger$
77565204$Future Fusion$Unlimited$SPELL$$$$$$$$$Continuous$$$During your 1st Standby Phase after this card's activation: Show 1 Fusion Monster in your Extra Deck and send the Fusion Materials listed on it from your Main Deck to the GY. During your 2nd Standby Phase after this card's activation: Fusion Summon 1 Fusion Monster from your Extra Deck with the same name as the monster you showed, and target it with this card. When this card leaves the field, destroy that target. When that target is destroyed, destroy this card.$Fusion Monster$$Reveals your Extra Deck/Sends from your Deck to your Graveyard/Uses cards in the player's Deck as Fusion Materials$Trigger-like/Continuous-like$
46052429$Advanced Ritual Art$Unlimited$SPELL$$$$$$$$$Ritual$$$This card is used to Ritual Summon any 1 Ritual Monster. You must also send Normal Monsters from your Deck to the GY whose total Levels equal the Level of that Ritual Monster.$Ritual Monster/Normal Monster$$Sends from Deck to Graveyard$Effect$
92826944$Mezuki$Unlimited$EARTH$[Zombie/Effect]$$$$$4$1700$800$$$$You can banish this card from your GY, then target 1 Zombie monster in your GY; Special Summon that target.$Zombie$$Activates from your Graveyard$Ignition$
79229522$Chimeratech Fortress Dragon$Unlimited$DARK$[Machine/Fusion/Effect]$$$$$8$0$0$$"Cyber Dragon" + 1+ Machine monsters$$Cannot be used as Fusion Material. Must first be Special Summoned (from your Extra Deck) by sending the above cards from either field to the GY. The original ATK of this card becomes 1000 x the number of materials used for its Special Summon.$Machine$Cyber Dragon/Machine$Sends Fusion Materials for Contact Fusion to Graveyard$Condition/Summon/Continuous$
42009836$Fossil Dyna Pachycephalo$Unlimited$EARTH$[Rock/Effect]$$$$$4$1200$1300$$$$If this card is flipped face-up: Destroy all Special Summoned monsters on the field. Neither player can Special Summon monsters.$$Special Summon$$Trigger/Continuous$
65192027$Dark Armed Dragon$Unlimited$DARK$[Dragon/Effect]$$$$$7$2800$1000$$$$Cannot be Normal Summoned/Set. Must be Special Summoned (from your hand) by having exactly 3 DARK monsters in your GY. You can banish 1 DARK monster from your GY, then target 1 card on the field; destroy that target.$DARK$$$Summon/Ignition$
88264978$Red-Eyes Darkness Metal Dragon$Unlimited$DARK$[Dragon/Effect]$$$$$10$2800$2400$$$$You can Special Summon this card (from your hand) by banishing 1 face-up Dragon monster you control. You can only Special Summon "Red-Eyes Darkness Metal Dragon" once per turn this way. During your Main Phase: You can Special Summon 1 Dragon monster from your hand or GY, except "Red-Eyes Darkness Metal Dragon". You can only use this effect of "Red-Eyes Darkness Metal Dragon" once per turn.$Dragon$$$Summon/Ignition$
37742478$Honest$Unlimited$LIGHT$[Fairy/Effect]$$$$$4$1100$1900$$$$During your Main Phase: You can return this face-up card from the field to the hand. During the Damage Step, when a LIGHT monster you control battles (Quick Effect): You can send this card from your hand to the GY; that monster gains ATK equal to the ATK of the opponent's monster it is battling, until the end of this turn.$LIGHT$$Returns itself from field to hand/Sends itself from hand to Graveyard for cost$Ignition/Quick$
57774843$Judgment Dragon$Unlimited$LIGHT$[Dragon/Effect]$$$$$8$3000$2600$$$$Cannot be Normal Summoned/Set. Must be Special Summoned (from your hand) by having 4 or more "Lightsworn" monsters with different names in your GY. You can pay 1000 LP; destroy all other cards on the field. Once per turn, during your End Phase: Send the top 4 cards of your Deck to the GY.$Supports archetypes /Lightsworn$$Sends from the top of your Deck to your Graveyard$Summon/Ignition/Trigger$
48156348$Gladiator Beast Gyzarus$Unlimited$DARK$[Winged Beast/Fusion/Effect]$$$$$6$2400$1500$$"Gladiator Beast Bestiari" + 1 "Gladiator Beast" monster$$Must first be Special Summoned (from your Extra Deck) by shuffling the above cards you control into the Deck. (You do not use "Polymerization".) When this card is Special Summoned: You can target up to 2 cards on the field; destroy those targets. At the end of the Battle Phase, if this card battled: You can return it to the Extra Deck; Special Summon 2 "Gladiator Beast" monsters from your Deck, except "Gladiator Beast Bestiari".$Supports archetypes /Gladiator Beast$$Returns Fusion Materials for Contact Fusion to Deck/Activates upon Special Summon/Returns itself from field to Extra Deck for cost$Summon/Trigger$
14878871$Rescue Cat$Unlimited$EARTH$[Beast/Effect]$$$$$4$300$100$$$$You can send this card to the GY; Special Summon 2 Level 3 or lower Beast monsters from your Deck, but their effects are negated, also they are destroyed during the End Phase. You can only use this effect of "Rescue Cat" once per turn.$Beast$$Sends itself from field to Graveyard for cost$Ignition/Condition$
50321796$Brionac, Dragon of the Ice Barrier$Unlimited$WATER$[Sea Serpent/Synchro/Effect]$$$$$6$2300$1400$$1 Tuner + 1+ non-Tuner monsters$$You can discard any number of cards to the GY, then target the same number of cards your opponent controls; return those cards to the hand. You can only use this effect of "Brionac, Dragon of the Ice Barrier" once per turn.$$$Discards for cost/Returns from field to hand$Ignition/Condition$
63977008$Junk Synchron$Unlimited$DARK$[Warrior/Tuner/Effect]$$$$$3$1300$500$$$$When this card is Normal Summoned: You can target 1 Level 2 or lower monster in your GY; Special Summon that target in Defense Position, but negate its effects.$$$Activates upon Normal Summon$Trigger$
07391448$Goyo Guardian$Unlimited$EARTH$[Warrior/Synchro/Effect]$$$$$6$2800$2000$$1 EARTH Tuner + 1+ non-Tuner monsters$$When this card destroys an opponent's monster by battle and sends it to the GY: You can Special Summon that monster to your field in Defense Position.$EARTH$$Activates when it destroys a monster by battle$Trigger$
33420078$Plaguespreader Zombie$Unlimited$DARK$[Zombie/Tuner/Effect]$$$$$2$400$200$$$$If this card is in your GY: You can place 1 card from your hand on the top of the Deck; Special Summon this card, but banish it when it leaves the field.$$$Returns from hand to Deck for cost/Activates from your Graveyard$Ignition$
73580471$Black Rose Dragon$Unlimited$FIRE$[Dragon/Synchro/Effect]$$$$$7$2400$1800$$1 Tuner + 1+ non-Tuner monsters$$When this card is Synchro Summoned: You can destroy all cards on the field. Once per turn: You can banish 1 Plant monster from your GY, then target 1 Defense Position monster your opponent controls; change that target to face-up Attack Position, and if you do, its ATK becomes 0 until the end of this turn.$Plant$$Activates upon Synchro Summon/Changes battle positions$Trigger/Ignition$
02009101$Blackwing - Gale the Whirlwind$Unlimited$DARK$[Winged Beast/Tuner/Effect]$$$$$3$1300$400$$$$If you control a "Blackwing" monster other than "Blackwing - Gale the Whirlwind", you can Special Summon this card (from your hand). Once per turn: You can target 1 face-up monster your opponent controls; that target's ATK and DEF become half its current ATK and DEF.$Supports archetypes /Blackwing$$$Summon/Ignition$
78868119$Deep Sea Diva$Unlimited$WATER$[Sea Serpent/Tuner/Effect]$$$$$2$200$400$$$$When this card is Normal Summoned: You can Special Summon 1 Level 3 or lower Sea Serpent monster from your Deck.$Sea Serpent$$Activates upon Normal Summon$Trigger$
19665973$Battle Fader$Unlimited$DARK$[Fiend/Effect]$$$$$1$0$0$$$$When an opponent's monster declares a direct attack: You can Special Summon this card from your hand, then end the Battle Phase. If Summoned this way, banish it when it leaves the field.$$$Activates from your hand/Activates upon attack declaration/Ends the Battle Phase$Trigger/Condition$
52687916$Trishula, Dragon of the Ice Barrier$Unlimited$WATER$[Dragon/Synchro/Effect]$$$$$9$2700$2000$$1 Tuner + 2+ non-Tuner monsters$$When this card is Synchro Summoned: You can banish up to 1 card each from your opponent's hand, field, and GY. (The card in the hand is chosen at random.)$$$Activates upon Synchro Summon$Trigger$
66957584$Infernity Launcher$Limited$SPELL$$$$$$$$$Continuous$$$Once per turn: You can send 1 "Infernity" monster from your hand to the Graveyard. You can send this card to the Graveyard, then target up to 2 "Infernity" monsters in your Graveyard; Special Summon them. You must have no cards in your hand to activate and to resolve this effect.$Supports archetypes /Infernity$$Sends from your hand to your Graveyard/Sends itself from field to Graveyard for cost$Ignition-like$
97268402$Effect Veiler$Unlimited$LIGHT$[Spellcaster/Tuner/Effect]$$$$$1$0$0$$$$During your opponent's Main Phase (Quick Effect): You can send this card from your hand to the GY, then target 1 Effect Monster your opponent controls; negate the effects of that face-up monster your opponent controls, until the end of this turn.$$$Activates from your hand/Sends itself from hand to Graveyard for cost$Quick$
98645731$Pot of Duality$Unlimited$SPELL$$$$$$$$$$$$Excavate the top 3 cards of your Deck, add 1 of them to your hand, also, after that, shuffle the rest back into your Deck. You can only activate 1 "Pot of Duality" per turn. You cannot Special Summon during the turn you activate this card.$$$Excavates from the player's Deck/Adds from Deck to hand/Adds excavated cards to the hand/Shuffles excavated cards into the Deck$Effect/Condition$
84749824$Solemn Warning$Unlimited$TRAP$$$$$$$$$Counter$$$When a monster(s) would be Summoned, OR when a Spell/Trap Card, or monster effect, is activated that includes an effect that Special Summons a monster(s): Pay 2000 LP; negate the Summon or activation, and if you do, destroy it.$$$$Activation requirement/Cost/Effect$
50091196$Formula Synchron$Unlimited$LIGHT$[Machine/Synchro/Tuner/Effect]$$$$$2$200$1500$$1 Tuner + 1 non-Tuner monster$$When this card is Synchro Summoned: You can draw 1 card. Once per Chain, during your opponent's Main Phase, you can (Quick Effect): Immediately after this effect resolves, Synchro Summon using this card you control.$$$Activates upon Synchro Summon/You draw cards/Uses itself as a Synchro Material$Trigger/Quick$
08949584$A Hero Lives$Unlimited$SPELL$$$$$$$$$$$$If you control no face-up monsters: Pay half your LP; Special Summon 1 Level 4 or lower "Elemental HERO" monster from your Deck.$Supports archetypes /Elemental HERO$$$Activation requirement/Cost/Effect$
74294676$Evolzar Laggia$Unlimited$FIRE$[Dragon/Xyz/Effect]$$$4$$$2400$2000$$2 Level 4 Dinosaur monsters$$When a monster(s) would be Normal or Special Summoned, OR a Spell/Trap Card is activated (Quick Effect): You can detach 2 materials from this card; negate the Summon or activation, and if you do, destroy it.$Dinosaur$$Detaches multiple Xyz Materials as cost$Quick$
38495396$Constellar Ptolemy M7$Unlimited$LIGHT$[Machine/Xyz/Effect]$$$6$$$2700$2000$$2 Level 6 monsters$$You can also Xyz Summon this card by using a "Constellar" Xyz Monster you control as material, other than "Constellar Ptolemy M7". (Transfer its materials to this card.) If Summoned this way, the following effect cannot be activated this turn. Once per turn: You can detach 1 material from this card, then target 1 monster on the field or in either GY; return that target to the hand.$Supports archetypes /Constellar$$Transfers/Returns from field to hand/Adds from Graveyard to hand$Summon/Condition/Ignition$
91279700$Evilswarm Ophion$Unlimited$DARK$[Dragon/Xyz/Effect]$$$4$$$2550$1650$$2 Level 4 "lswarm" monsters$$While this card has Xyz Material, Level 5 or higher monsters cannot be Special Summoned. Once per turn: You can detach 1 Xyz Material from this card; add 1 "Infestation" Spell/Trap Card from your Deck to your hand.$Supports archetypes /lswarm/Infestation$$Applies effects if Xyz Material is attached/Adds from Deck to hand$Continuous/Ignition$
10802915$Tour Guide From the Underworld$Unlimited$DARK$[Fiend/Effect]$$$$$3$1000$600$$$$When this card is Normal Summoned: You can Special Summon 1 Level 3 Fiend monster from your hand or Deck, but negate its effects, also it cannot be used as Synchro Material.$Fiend$$Activates upon Normal Summon$Trigger$
54447022$Soul Charge$Forbidden(OCG)$SPELL$$$$$$$$$$$$Target any number of monsters in your GY; Special Summon them, and if you do, you lose 1000 LP for each monster Special Summoned by this effect. You cannot conduct your Battle Phase the turn you activate this card. You can only activate 1 "Soul Charge" per turn.$$$$Effect/Condition$
82633039$Castel, the Skyblaster Musketeer$Unlimited$WIND$[Winged Beast/Xyz/Effect]$$$4$$$2000$1500$$2 Level 4 monsters$$You can detach 1 material from this card, then target 1 face-up monster on the field; change it to face-down Defense Position. You can detach 2 materials from this card, then target 1 other face-up card on the field; shuffle it into the Deck. You can only use 1 "Castel, the Skyblaster Musketeer" effect per turn, and only once that turn.$$$Changes battle positions/Flips monsters face-down/Detaches multiple Xyz Materials as cost/Returns from field to Deck$Ignition/Condition$
58481572$Masked HERO Dark Law$Unlimited$DARK$[Warrior/Fusion/Effect]$$$$$6$2400$1800$$$$Must be Special Summoned by "Mask Change". Any card sent to your opponent's GY is banished instead. Once per turn, if your opponent adds a card(s) from their Deck to their hand (except during the Draw Phase or the Damage Step): You can banish 1 random card from your opponent's hand.$Mask Change$$$Summon/Continuous/Trigger$
04423206$M-X-Saber Invoker$Forbidden(OCG)$EARTH$[Warrior/Xyz/Effect]$$$3$$$1600$500$$2 Level 3 monsters$$Once per turn: You can detach 1 material from this card; Special Summon 1 Level 4 EARTH Warrior or Beast-Warrior monster from your Deck, in Defense Position, but destroy it during the End Phase.$EARTH/Warrior/Beast-Warrior$$$Ignition$
06007213$Uria, Lord of Searing Flames$Unlimited$FIRE$[Pyro/Effect]$$$$$10$0$0$$$$Cannot be Normal Summoned/Set. Must be Special Summoned (from your hand) by sending 3 face-up Traps you control to the GY. This card gains 1000 ATK for each Continuous Trap in your GY. Once per turn: You can target 1 Set Spell/Trap your opponent controls; destroy that target. Neither player can activate Spell/Trap Cards in response to this effect's activation.$Continuous Trap Card$$Sends from field to Graveyard for cost$Summon/Continuous/Ignition/Condition$
32491822$Hamon, Lord of Striking Thunder$Unlimited$LIGHT$[Thunder/Effect]$$$$$10$4000$4000$$$$Cannot be Normal Summoned/Set. Must be Special Summoned (from your hand) by sending 3 face-up Continuous Spells you control to the GY. If this card destroys an opponent's monster by battle and sends it to the GY: Inflict 1000 damage to your opponent. While this card is in face-up Defense Position, monsters your opponent controls cannot target monsters for attacks, except this one.$Continuous Spell Card$$Sends from field to Graveyard for cost/Activates when it destroys a monster by battle$Summon/Trigger/Continuous$
69890967$Raviel, Lord of Phantasms$Unlimited$DARK$[Fiend/Effect]$$$$$10$4000$4000$$$$Cannot be Normal Summoned/Set. Must be Special Summoned (from your hand) by Tributing 3 Fiend monsters. Each time your opponent Normal Summons a monster: Special Summon 1 "Phantasm Token" (Fiend/DARK/Level 1/ATK 1000/DEF 1000), but it cannot declare an attack. Once per turn: You can Tribute 1 monster; this card gains ATK equal to the Tributed monster's original ATK, until the end of this turn.$Fiend$$Tributes for cost$Summon/Trigger/Ignition$
$Armityle the Chaos Phantasm (Updated from: Armityle the Chaos Phantom)$$DARK$[Fiend/Fusion/Effect]$$$$$12$0$0$$"Uria, Lord of Searing Flames" + "Hamon, Lord of Striking Thunder" + "Raviel, Lord of Phantasms"$$Must first be Special Summoned (from your Extra Deck) by banishing the above cards you control. (You do not use "Polymerization".) Cannot be destroyed by battle. Gains 10,000 ATK during your turn only.$$$$$
46986414$Dark Magician$Unlimited$DARK$[Spellcaster/Normal]$$$$$7$2500$2100$$$$The ultimate wizard in terms of attack and defense.$$$$$
