Passcode$Name$Status$Attribute$type$link$link_arrows$rank$pendulum_scale$level$attack$defense$spell_attribute$summoning_condition$pendulum_condition$card_text$card_supports$card_anti_supports$card_actions$effect_types$
14898066$Vorse Raider$Unlimited$DARK$[Beast-Warrior/Normal]$$$$$4$1900$1200$$$$This wicked Beast-Warrior does every horrid thing imaginable, and loves it! His axe bears the marks of his countless victims.$$$$$
49003716$Blackwing - Bora the Spear$Unlimited$DARK$[Winged Beast/Effect]$$$$$4$1700$800$$$$If you control a "Blackwing" monster other than "Blackwing - Bora the Spear", you can Special Summon this card (from your hand). If this card attacks a Defense Position monster, inflict piercing battle damage.$Supports archetypes /Blackwing$$$Summon/Continuous$
63977008$Junk Synchron$Unlimited$DARK$[Warrior/Tuner/Effect]$$$$$3$1300$500$$$$When this card is Normal Summoned: You can target 1 Level 2 or lower monster in your GY; Special Summon that target in Defense Position, but negate its effects.$$$Activates upon Normal Summon$Trigger$
71625222$Time Wizard$Unlimited$LIGHT$[Spellcaster/Effect]$$$$$2$500$400$$$$Once per turn: You can toss a coin and call it. If you call it right, destroy all monsters your opponent controls. If you call it wrong, destroy as many monsters you control as possible, and if you do, take damage equal to half the total ATK those destroyed monsters had while face-up on the field.$$$$Ignition$
04335645$Newdoria$Unlimited$DARK$[Fiend/Effect]$$$$$4$1200$800$$$$If this card is destroyed by battle and sent to the GY: Target 1 monster on the field; destroy that target.$$$Activates if destroyed by battle/Activates from your Graveyard$Trigger$
00102380$Lava Golem$Unlimited$FIRE$[Fiend/Effect]$$$$$8$3000$2500$$$$Cannot be Normal Summoned/Set. Must first be Special Summoned (from your hand) to your opponent's field by Tributing 2 monsters they control. You cannot Normal Summon/Set the turn you Special Summon this card. Once per turn, during your Standby Phase: Take 1000 damage.$$$Tributes opponent's monsters$Summon/Condition/Trigger$
89312388$Elemental HERO Prisma$Unlimited$LIGHT$[Warrior/Effect]$$$$$4$1700$1100$$$$Once per turn: You can reveal 1 Fusion Monster from your Extra Deck, then send 1 of the Fusion Materials whose name is specifically listed on that card from your Deck to the Graveyard; this card's name becomes the sent monster's until the End Phase.$Fusion Monster$$Reveals your Extra Deck for cost/Sends from Deck to Graveyard for cost$Ignition$
73040500$Fabled Urustos$Unlimited$LIGHT$[Fiend/Effect]$$$$$4$1500$200$$$$While you have 2 or less cards in your hand, all face-up "Fabled" monsters you control gain 400 ATK.$Supports archetypes /Fabled$$$Continuous$
19439119$Fabled Krus$Unlimited$LIGHT$[Fiend/Effect]$$$$$2$1000$800$$$$If this card is discarded to the GY: Target 1 other Level 4 or lower "Fabled" monster in your GY; Special Summon that target.$Supports archetypes /Fabled$$$Trigger$
46833854$Fabled Topi$Unlimited$LIGHT$[Fiend/Effect]$$$$$1$500$200$$$$If your opponent has 2 or more cards in their hand than you do: You can reveal 1 "Fabled" monster in your hand and Tribute this face-up card, then target 2 Spell/Trap Cards your opponent controls; destroy those targets.$Supports archetypes /Fabled$$Reveals your hand for cost/Tributes itself for cost$Ignition$
72328962$Fabled Soulkius$Unlimited$LIGHT$[Fiend/Effect]$$$$$6$2200$2100$$$$If this card is in your GY: You can send 2 cards from your hand to the GY, except "Fabled Soulkius"; Special Summon this card.$$$Sends from hand to Graveyard for cost/Sends from your hand to your Graveyard/Activates from your Graveyard$Ignition$
08316661$Fabled Miztoji$Unlimited$LIGHT$[Fiend/Tuner/Effect]$$$$$2$400$200$$$$You can send this card from your hand to the GY, then target 1 non-Tuner "Fabled" monster you control; that monster is treated as a Tuner while face-up on the field.$Supports archetypes /Fabled$$Activates from your hand/Sends itself from hand to Graveyard for cost$Ignition$
45711266$Jurrac Ptera$Unlimited$FIRE$[Dinosaur/Effect]$$$$$3$800$1500$$$$If this card is attacked, return the attacking monster to the hand after damage calculation and this card gains DEF equal to the returned monster's Level x 100.$$$Returns from your opponent's field to your opponent's hand/Returns battling monster to hand after damage calculation$Trigger$
71106375$Jurrac Iguanon$Unlimited$FIRE$[Dinosaur/Effect]$$$$$4$1700$700$$$$If this card destroys an opponent's monster by battle, you can select 1 Set card your opponent controls, and return it to the hand.$$$Activates when it destroys a monster by battle/Returns from your opponent's field to your opponent's hand$Trigger$
08594079$Jurrac Brachis$Unlimited$FIRE$[Dinosaur/Tuner/Effect]$$$$$3$1000$1000$$$$While another face-up "Jurrac" monster is on the field, this card cannot be destroyed by battle.$Supports archetypes /Jurrac$$$Continuous$
44689688$Jurrac Spinos$Unlimited$FIRE$[Dinosaur/Effect]$$$$$7$2600$1700$$$$If this card destroys an opponent's monster by battle and sends it to the GY: Special Summon 1 "Spinos Token" (Dinosaur/FIRE/Level 1/ATK 300/DEF 0) in Attack Position to your opponent's field.$$$Activates when it destroys a monster by battle$Trigger$
70083723$Naturia Dragonfly$Unlimited$EARTH$[Insect/Effect]$$$$$4$1200$400$$$$Cannot be destroyed by battle with a monster that has 2000 or more ATK. Gains 200 ATK for each "Naturia" monster in your GY.$Supports archetypes /Naturia$$$Continuous$
07478431$Naturia Sunflower$Unlimited$EARTH$[Plant/Effect]$$$$$2$500$0$$$$When your opponent's monster effect is activated (Quick Effect): You can Tribute 1 "Naturia" monster and this card; negate the activation, and if you do, destroy that card.$Supports archetypes /Naturia$$Tributes for cost/Tributes itself for cost$Quick$
33866130$Naturia Cliff$Unlimited$EARTH$[Rock/Effect]$$$$$4$1500$1000$$$$When this card is sent from the field to the GY: You can Special Summon 1 Level 4 or lower "Naturia" monster from your Deck in Attack Position.$Supports archetypes /Naturia$$Activates from your Graveyard$Trigger$
70261145$Naturia Tulip$Unlimited$EARTH$[Plant/Tuner/Effect]$$$$$2$600$1500$$$$Each time your opponent activates a Spell/Trap Card, for the rest of this turn all "Naturia" monsters you control will gain 500 ATK.$Supports archetypes /Naturia$$$Continuous$
06256844$R-Genex Turbo$Unlimited$WIND$[Machine/Effect]$$$$$4$1500$1300$$$$When this card is Normal Summoned, you can add 1 Level 1 "Genex" monster from your Deck to your hand.$Supports archetypes /Genex$$Adds from Deck to hand$Trigger$
32744558$R-Genex Overseer$Unlimited$DARK$[Spellcaster/Tuner/Effect]$$$$$2$200$100$$$$When this card is Normal or Special Summoned, you can Special Summon 1 Level 3 or lower "Genex" monster from your hand.$Supports archetypes /Genex$$$Trigger$
65149697$R-Genex Crusher$Unlimited$EARTH$[Machine/Effect]$$$$$2$800$800$$$$When this card is Normal Summoned, you can add 1 Level 4 "R-Genex" monster from your Deck to your hand.$Supports archetypes /R-Genex$$Adds from Deck to hand$Trigger$
01533292$R-Genex Magma$Unlimited$FIRE$[Pyro/Effect]$$$$$3$1000$200$$$$When this card is Normal Summoned, you can add 1 Level 2 "R-Genex" monster from your Deck to your hand.$Supports archetypes /R-Genex$$Adds from Deck to hand$Trigger$
38528901$Shock Troops of the Ice Barrier$Unlimited$WATER$[Spellcaster/Effect]$$$$$3$1500$800$$$$You can Tribute this card, then target 1 WATER monster on the field; destroy it, and if you do, add 1 "Ice Barrier" monster from your Deck to your hand.$Supports archetypes /Ice Barrier$WATER$Tributes itself for cost/Adds from Deck to hand$Ignition$
64926005$Samurai of the Ice Barrier$Unlimited$WATER$[Warrior/Effect]$$$$$4$1800$1500$$$$If this face-up Attack Position card is changed to face-up Defense Position: Destroy this card, and if you do, draw 1 card.$$$You draw cards/Activates if battle positions change$Trigger$
90311614$Dewdark of the Ice Barrier$Unlimited$WATER$[Aqua/Tuner/Effect]$$$$$2$1200$800$$$$If the only face-up monsters you control are Level 2 or lower, this card can attack your opponent directly.$$$$Continuous$
37806313$Caravan of the Ice Barrier$Unlimited$WATER$[Sea Serpent/Effect]$$$$$1$500$200$$$$Once per turn: You can target 2 "Ice Barrier" monsters in your GY; shuffle both into the Deck, then each player draws 1 card.$Supports archetypes /Ice Barrier$$Returns from Graveyard to Deck/You draw cards/Your opponent draws cards$Ignition$
03204467$Worm Solid$Unlimited$LIGHT$[Reptile/Effect]$$$$$4$1000$1600$$$$This card gains 100 DEF for each Reptile-Type "Worm" monster in your Graveyard. If your opponent takes Battle Damage from attacking this card, at the end of the Damage Step select 1 Spell or Trap Card your opponent controls, and destroy it.$Supports archetypes /Worm$$Activates when it inflicts battle damage$Continuous/Trigger$
30299166$Worm Tentacles$Unlimited$LIGHT$[Reptile/Effect]$$$$$4$1700$700$$$$Once per turn, you can remove from play 1 Reptile-Type "Worm" monster in your Graveyard to allow this card to attack twice during the same Battle Phase.$Supports archetypes /Worm$$$Ignition$
76683171$Worm Ugly$Unlimited$LIGHT$[Reptile/Effect]$$$$$1$100$100$$$$When you Tribute Summon a Reptile-Type "Worm" monster by Tributing this card, you can Special Summon this card from your Graveyard to your opponent's side of the field, in face-up Attack Position.$Supports archetypes /Worm$$Activates if Tributed/Activates from your Graveyard$Trigger$
02088870$Worm Victory$Unlimited$LIGHT$[Reptile/Effect]$$$$$7$0$2500$$$$FLIP: Destroy all face-up monsters on the field, except Reptile-Type "Worm" monsters. This card gains 500 ATK for each Reptile-Type "Worm" monster in your Graveyard.$Supports archetypes /Worm$$Activates upon being flipped face-up$Flip/Continuous$
12652643$Ultimate Ancient Gear Golem$Unlimited$EARTH$[Machine/Fusion/Effect]$$$$$10$4400$3400$$"Ancient Gear Golem" + 2 "Ancient Gear" monsters$$Must be Fusion Summoned. If this card attacks a Defense Position monster, inflict piercing battle damage. If this card attacks, your opponent cannot activate Spell/Trap Cards until the end of the Damage Step. If this card is destroyed: You can target 1 "Ancient Gear Golem" in your GY; Special Summon it, ignoring its Summoning conditions.$Supports archetypes /Ancient Gear$$Activates if destroyed by battle/Activates if destroyed by card effect$Summon/Continuous/Trigger$
98502113$Dark Paladin$Unlimited$DARK$[Spellcaster/Fusion/Effect]$$$$$8$2900$2400$$"Dark Magician" + "Buster Blader"$$Must be Fusion Summoned. When a Spell Card is activated (Quick Effect): You can discard 1 card; negate the activation, and if you do, destroy it. This card must be face-up on the field to activate and to resolve this effect. Gains 500 ATK for each Dragon monster on the field and in the GY.$Dragon$Dragon$Discards for cost$Summon/Quick/Condition/Continuous$
35809262$Elemental HERO Flame Wingman$Unlimited$WIND$[Warrior/Fusion/Effect]$$$$$6$2100$1200$$"Elemental HERO Avian" + "Elemental HERO Burstinatrix"$$Must be Fusion Summoned. When this card destroys a monster by battle and sends it to the GY: Inflict damage to your opponent equal to the ATK of the destroyed monster in the GY.$$$Activates when it destroys a monster by battle$Summon/Trigger$
39477584$Fabled Leviathan$Unlimited$LIGHT$[Fiend/Synchro/Effect]$$$$$10$3000$2000$$1 "Fabled" Tuner + 1+ non-Tuner monsters$$When this card on the field is destroyed and sent to the GY: You can target up to 3 "Fabled" monsters in your GY; add them to your hand.$Supports archetypes /Fabled$$Activates if destroyed by battle/Activates if destroyed by card effect/Activates from your Graveyard/Adds from Graveyard to hand$Trigger$
65961683$Jurrac Velphito$Unlimited$FIRE$[Dinosaur/Synchro/Effect]$$$$$5$?$?$$1 Tuner + 1 or more non-Tuner Dinosaur-Type monsters$$This card's ATK and DEF are equal to the total original ATK of the Synchro Material Monsters used for its Synchro Summon. If this card attacks a face-down Defense Position monster, you can destroy the monster immediately with this card's effect without flipping it face-up or applying damage calculation.$Dinosaur$$$Continuous/Trigger$
02956282$Naturia Barkion$Unlimited$EARTH$[Dragon/Synchro/Effect]$$$$$6$2500$1800$$1 EARTH Tuner + 1+ non-Tuner EARTH monsters$$When a Trap Card is activated (Quick Effect): You can banish 2 cards from your GY; negate the activation, and if you do, destroy that card. This card must be face-up on the field to activate and to resolve this effect.$EARTH$$$Quick/Condition$
38354937$Locomotion R-Genex$Unlimited$DARK$[Machine/Synchro/Effect]$$$$$9$2500$2000$$1 "Genex" Tuner + 1 or more non-Tuner DARK monsters$$When this card is Synchro Summoned, take control of the face-up monster your opponent controls with the highest Level. (If it's a tie, you get to choose.)$Supports archetypes /Genex$$Activates upon Synchro Summon/Changes control$Trigger$
65749035$Gungnir, Dragon of the Ice Barrier$Unlimited$WATER$[Dragon/Synchro/Effect]$$$$$7$2500$1700$$1 Tuner + 1+ non-Tuner WATER monsters$$Once per turn: You can discard up to 2 cards to the GY, then target the same number of cards your opponent controls; destroy them.$WATER$$Discards for cost$Ignition$
70046172$Rush Recklessly$Unlimited$SPELL$$$$$$$$$Quick-Play$$$Target 1 face-up monster on the field; it gains 700 ATK until the end of this turn.$$$$Effect$
71044499$Nobleman of Crossout$Unlimited$SPELL$$$$$$$$$$$$Target 1 face-down monster on the field; destroy that target, and if you do, banish it, then, if it was a Flip monster, each player reveals their Main Deck, then banishes all cards from it with that monster's name.$$Flip monster$Reveals your Deck/Reveals your opponent's Deck$Effect$
97169186$Smashing Ground$Unlimited$SPELL$$$$$$$$$$$$Destroy the 1 face-up monster your opponent controls that has the highest DEF (your choice, if tied).$$$$Effect$
48976825$Burial from a Different Dimension$Unlimited$SPELL$$$$$$$$$Quick-Play$$$Target up to 3 banished monsters; return them to the GY.$$$Returns the player's banished cards to the Graveyard/Returns the opponent's banished cards to the Graveyard$Effect$
76714458$Spell of Pain$Unlimited$SPELL$$$$$$$$$Quick-Play$$$When your opponent activates a card or effect that would inflict effect damage to you: Your opponent takes the effect damage from that card or effect, instead.$$$$Activation requirement/Effect$
94192409$Compulsory Evacuation Device$Unlimited$TRAP$$$$$$$$$$$$Target 1 monster on the field; return that target to the hand.$$$Returns from field to hand$Effect$
36361633$Threatening Roar$Unlimited$TRAP$$$$$$$$$$$$Your opponent cannot declare an attack this turn.$$$$Effect$
28378427$Damage Condenser$Unlimited$TRAP$$$$$$$$$$$$When you take battle damage: Discard 1 card; Special Summon 1 monster from your Deck with ATK less than or equal to the battle damage you took, in Attack Position.$$$Activates if you take battle damage/Discards for cost$Activation requirement/Cost/Effect$
29267084$Shadow Spell$Unlimited$TRAP$$$$$$$$$Continuous$$$Activate this card by targeting 1 face-up monster your opponent controls; it loses 700 ATK, also it cannot attack or change its battle position. When it leaves the field, destroy this card.$$$Prevents Battle Position changes$Continuous-like$
77754944$Widespread Ruin$Unlimited$TRAP$$$$$$$$$$$$When an opponent's monster declares an attack: Destroy the 1 Attack Position monster your opponent controls with the highest ATK (your choice, if tied).$$$Activates upon attack declaration$Activation requirement/Effect$
14943837$Debris Dragon$Unlimited$WIND$[Dragon/Tuner/Effect]$$$$$4$1000$2000$$$$When this card is Normal Summoned: You can target 1 monster with 500 or less ATK in your GY; Special Summon that target in Attack Position, but negate its effects. Cannot be used as Synchro Material, except for the Synchro Summon of a Dragon monster. The other Synchro Material(s) cannot be Level 4.$Dragon/Synchro Monster$$Activates upon Normal Summon$Trigger/Condition$
47432275$Kuribon$Unlimited$LIGHT$[Fairy/Effect]$$$$$1$300$200$$$$During damage calculation, if this card is attacked by your opponent's monster: You can activate this effect; you take no battle damage from that battle, your opponent gains LP equal to the attacking monster's ATK, also you return this card to your hand.$$$Returns itself from field to hand$Quick$
87102774$Golden Ladybug$Unlimited$LIGHT$[Insect/Effect]$$$$$1$0$0$$$$During your Standby Phase: You can reveal this card in your hand, and it will remain revealed until the end of this turn; gain 500 LP.$$$Reveals itself in the hand for cost$Trigger$
50287060$Archfiend of Gilfer$Unlimited$DARK$[Fiend/Effect]$$$$$6$2200$2500$$$$When this card is sent to the GY: You can target 1 face-up monster on the field; equip this card to that target. That monster loses 500 ATK while equipped with this card.$$$Activates from your Graveyard/Equips self from Graveyard$Trigger/Continuous-like$
09411399$Destiny HERO - Malicious$Semi-Limited$DARK$[Warrior/Effect]$$$$$6$800$800$$$$You can banish this card from your GY; Special Summon 1 "Destiny HERO - Malicious" from your Deck.$$$Activates from your Graveyard$Ignition$
16226786$Night Assailant$Unlimited$DARK$[Fiend/Flip/Effect]$$$$$3$200$500$$$$FLIP: Target 1 monster your opponent controls; destroy that target.If this card is sent from the hand to the GY: Target 1 Flip monster in your GY, except "Night Assailant"; add that target to your hand.$Flip monster$$Activates upon being flipped face-up/Adds from Graveyard to hand/Activates from your Graveyard$Flip/Trigger$
46668237$Green Baboon, Defender of the Forest$Unlimited$EARTH$[Beast/Effect]$$$$$7$2600$1800$$$$When a face-up Beast monster you control is destroyed and sent to the GY, while this card is in your hand or GY (except during the Damage Step): You can pay 1000 LP; Special Summon this card.$Beast$$Activates from your Graveyard$Trigger$
40044918$Elemental HERO Stratos$Unlimited$WIND$[Warrior/Effect]$$$$$4$1800$300$$$$When this card is Normal or Special Summoned: You can activate 1 of these effects.●Destroy Spells/Traps on the field, up to the number of "HERO" monsters you control, except this card.●Add 1 "HERO" monster from your Deck to your hand.$Supports archetypes /HERO$$Activates upon Normal Summon/Activates upon Special Summon/Adds from Deck to hand$Trigger$
28183605$Dragunity Dux$Unlimited$WIND$[Winged Beast/Effect]$$$$$4$1500$1000$$$$Gains 200 ATK for each "Dragunity" card you control. When this card is Normal Summoned: You can target 1 Level 3 or lower Dragon "Dragunity" monster in your GY; equip that target to this card.$Supports archetypes /Dragunity$$Equips monsters from the player's Graveyard to itself$Continuous/Trigger$
54578613$Dragunity Legionnaire$Unlimited$WIND$[Winged Beast/Effect]$$$$$3$1200$800$$$$When this card is Normal Summoned: You can target 1 Level 3 or lower Dragon "Dragunity" monster in your GY; equip that target to this card. You can send 1 "Dragunity" card from your Spell & Trap Zone to the GY, then target 1 face-up monster your opponent controls; destroy that target.$Supports archetypes /Dragunity$$Equips monsters from the player's Graveyard to itself/Sends from field to Graveyard for cost$Trigger/Ignition$
81962318$Dragunity Tribus$Unlimited$WIND$[Winged Beast/Effect]$$$$$1$500$300$$$$When this card is Normal or Special Summoned: You can send 1 Level 3 or lower Dragon monster from your Deck to the GY.$Dragon$$Sends from Deck to Graveyard/Sends from your Deck to your Graveyard$Trigger$
13361027$Dragunity Darkspear$Unlimited$WIND$[Dragon/Tuner/Effect]$$$$$3$1000$1000$$$$Once per turn: You can Tribute 1 Dragon "Dragunity" monster, then target 1 Level 4 or lower Winged Beast monster in your GY; Special Summon that target.$Supports archetypes /Dragunity$$Tributes for cost$Ignition$
59755122$Dragunity Phalanx$Unlimited$WIND$[Dragon/Tuner/Effect]$$$$$2$500$1100$$$$Once per turn, while this card is equipped to a monster: You can Special Summon this equipped card.$$$$Ignition$
86840720$Fabled Dyf$Unlimited$LIGHT$[Fiend/Effect]$$$$$3$1400$1700$$$$When a "Fabled" monster(s) is sent from the hand to your GY (except during the Damage Step): You can Tribute this card, then target 1 of those monsters; Special Summon it.$Supports archetypes /Fabled$$Tributes itself for cost$Trigger$
12235475$Fabled Ashenveil$Unlimited$LIGHT$[Fiend/Effect]$$$$$4$1600$1200$$$$Once per battle, if this card battles, during damage calculation (Quick Effect): You can send 1 card from your hand to the GY; this card gains 600 ATK during that damage calculation only.$$$Sends from hand to Graveyard for cost$Quick$
49633574$Fabled Oltro$Unlimited$LIGHT$[Fiend/Tuner/Effect]$$$$$2$800$500$$$$Once per turn: You can send 1 card from your hand to the GY; Special Summon 1 Level 3 "Fabled" monster from your hand.$Supports archetypes /Fabled$$Sends from hand to Graveyard for cost/Sends from your hand to your Graveyard$Ignition$
85028288$Jurrac Titano$Unlimited$FIRE$[Dinosaur/Effect]$$$$$9$3000$2800$$$$Cannot be Special Summoned. Cannot be targeted by Trap or monster effects. Once per turn: You can banish 1 "Jurrac" monster with 1700 or less ATK from your Graveyard; this card gains 1000 ATK until the End Phase.$Supports archetypes /Jurrac$$$Summon/Continuous/Ignition$
11012887$Jurrac Guaiba$Unlimited$FIRE$[Dinosaur/Effect]$$$$$4$1700$400$$$$If this card destroys an opponent's monster by battle: You can Special Summon 1 "Jurrac" monster with 1700 or less ATK from your Deck, but it cannot declare an attack this turn.$Supports archetypes /Jurrac$$Activates when it destroys a monster by battle$Trigger$
48411996$Jurrac Stauriko$Unlimited$FIRE$[Dinosaur/Effect]$$$$$2$500$400$$$$If this card is destroyed by battle: Special Summon 2 "Jurrac Tokens" (Dinosaur/FIRE/Level 1/ATK 0/DEF 0) in Defense Position. They cannot be Tributed for a Tribute Summon, except for a "Jurrac" monster.$Supports archetypes /Jurrac$$Activates if destroyed by battle$Trigger/Condition$
84905691$Naturia Horneedle$Unlimited$EARTH$[Insect/Effect]$$$$$4$1800$100$$$$When your opponent Special Summons a monster(s) (Quick Effect): You can Tribute 1 other face-up "Naturia" monster you control; destroy that monster(s).$Supports archetypes /Naturia$$Activates upon Special Summon/Tributes for cost$Trigger$
11390349$Naturia Fruitfly$Unlimited$EARTH$[Insect/Effect]$$$$$3$800$1500$$$$All monsters your opponent controls lose 300 ATK/DEF for each "Naturia" monster you control. Once per turn: You can target 1 monster your opponent controls with 0 DEF; take control of that target until the End Phase.$Supports archetypes /Naturia$$Changes control$Continuous/Ignition$
47795344$Naturia Hydrangea$Unlimited$EARTH$[Plant/Effect]$$$$$5$1900$2000$$$$During your turn, if the effect of a "Naturia" monster was activated on your field, you can Special Summon this card (from your hand).$Supports archetypes /Naturia$$$Summon$
73783043$R-Genex Accelerator$Unlimited$WIND$[Machine/Effect]$$$$$4$1500$1900$$$$When a "Genex" monster is added from your Deck to your hand, you can reveal that monster to Special Summon it.$Supports archetypes /Genex$$Reveals your hand for cost$Trigger$
10178757$R-Genex Oracle$Unlimited$DARK$[Spellcaster/Tuner/Effect]$$$$$1$300$300$$$$If this card is added from your Deck to your hand by the effect of a "Genex" monster, you can Special Summon this card. This card cannot be used as a Synchro Material Monster, except for the Synchro Summon of a "Genex" monster.$Supports archetypes /Genex$$$Trigger/Condition$
46572756$R-Genex Ultimum$Unlimited$EARTH$[Machine/Effect]$$$$$4$1800$1400$$$$When this face-up card on the field is destroyed and sent to the Graveyard, you can select 2 "Genex" monsters from your Graveyard, and return them to the Deck.$Supports archetypes /Genex$$Returns from your Graveyard to your Deck$Trigger$
73061465$Spellbreaker of the Ice Barrier$Unlimited$WATER$[Spellcaster/Effect]$$$$$4$1200$2000$$$$Once per turn: You can send 1 "Ice Barrier" monster from your hand to the GY; neither player can activate Spell Cards until the end of your next turn, while this monster is face-up on the field.$Supports archetypes /Ice Barrier$$Sends from hand to Graveyard for cost$Ignition$
09056100$General Grunard of the Ice Barrier$Unlimited$WATER$[Warrior/Effect]$$$$$8$2800$1000$$$$During your Main Phase, you can Normal Summon 1 "Ice Barrier" monster in addition to your Normal Summon/Set. (You can only gain this effect once per turn.)$Supports archetypes /Ice Barrier$$$Continuous$
45450218$Ally of Justice Omni-Weapon$Unlimited$DARK$[Machine/Effect]$$$$$5$2200$800$$$$If this card destroys a LIGHT monster by battle and sends it to the GY: Draw 1 card, then if you drew a Level 4 or lower DARK monster, you can reveal that card and Special Summon it.$DARK$LIGHT$Activates when it destroys a monster by battle/You draw cards/Shows the player's drawn cards$Trigger$
72845813$Ally of Justice Quarantine$Unlimited$DARK$[Machine/Effect]$$$$$4$1700$1200$$$$Neither player can Special Summon LIGHT monsters.$$LIGHT$$Continuous$
08233522$Ally of Justice Cycle Reader$Unlimited$DARK$[Machine/Tuner/Effect]$$$$$3$1000$1000$$$$(Quick Effect): You can discard this card to the GY, then target up to 2 LIGHT monsters in your opponent's GY; banish those targets.$$LIGHT$Activates from your hand/Discards itself for cost$Quick$
35638627$Worm Warlord$Unlimited$LIGHT$[Reptile/Effect]$$$$$6$2350$1800$$$$This card cannot be Special Summoned. Negate the effects of Effect Monsters destroyed by battle with this card. If this card destroys an opponent's monster by battle, it can attack once again in a row.$$$Activates when it destroys a monster by battle$Summon/Continuous/Trigger$
11722335$Worm Xex$Unlimited$LIGHT$[Reptile/Effect]$$$$$4$1800$1000$$$$When this card is Normal Summoned, you can send 1 Reptile-Type "Worm" monster form your Deck to the Graveyard. If you control a face-up "Worm Yagan", this card cannot be destroyed by battle.$Supports archetypes /Worm$$Activates upon Normal Summon/Sends from your Deck to your Graveyard$Trigger/Continuous$
47111934$Worm Yagan$Unlimited$LIGHT$[Reptile/Effect]$$$$$4$1000$1800$$$$If the only monster you control is "Worm Xex", you can Special Summon this card from your Graveyard in face-down Defense Position. If you do, remove it from play when it is removed from the field. When this card is flipped face-up, select 1 face-up monster your opponent controls, and return it to it's owner's hand.$Worm Xex$$Activates upon being flipped face-up/Returns from your opponent's field to your opponent's hand/Activates from your Graveyard$Ignition/Trigger$
74506079$Worm Zero$Unlimited$LIGHT$[Reptile/Fusion/Effect]$$$$$10$?$0$$2 or more Reptile-Type "Worm" monsters$$For each Fusion Material Monster with a different name used to Fusion Summon this card, it gains 500 ATK, and also gains these effects:●2+: Once per turn, you can select 1 Reptile-Type monster in your Graveyard, and Special Summon it in face-down Defense Position.●4+: You can remove from play 1 Reptile-Type monster from your Graveyard to send 1 monster on the field to the Graveyard.●6+: Once per turn, you can draw 1 card.$Supports archetypes /Worm$$Sends from field to Graveyard/Sends from your field to your Graveyard/Sends from your opponent's field to your opponent's Graveyard/You draw cards$Continuous/Ignition$
74157028$Cyber Twin Dragon$Unlimited$LIGHT$[Machine/Fusion/Effect]$$$$$8$2800$2100$$"Cyber Dragon" + "Cyber Dragon"$$A Fusion Summon of this card can only be done with the above Fusion Materials. This card can make a second attack during each Battle Phase.$$$$Summon/Continuous$
25366484$Elemental HERO Shining Flare Wingman$Unlimited$LIGHT$[Warrior/Fusion/Effect]$$$$$8$2500$2100$$"Elemental HERO Flame Wingman" + "Elemental HERO Sparkman"$$Must be Fusion Summoned. Gains 300 ATK for each "Elemental HERO" card in your GY. If this card destroys a monster by battle and sends it to the GY: Inflict damage to your opponent equal to that monster's original ATK in the GY.$Supports archetypes /Elemental HERO$$Activates when it destroys a monster by battle$Summon/Continuous/Trigger$
00900787$Dragunity Knight - Gae Bulg$Unlimited$WIND$[Dragon/Synchro/Effect]$$$$$6$2000$1100$$1 Dragon Tuner + 1+ non-Tuner Winged Beast monsters$$Once per battle, if this card battles, during the Damage Step (Quick Effect): You can banish 1 Winged Beast monster from your GY; this card gains that monster's original ATK until the end of this turn.$Dragon/Winged Beast$$$Quick$
47395382$Fabled Ragin$Unlimited$LIGHT$[Fiend/Synchro/Effect]$$$$$5$2300$1800$$1 "Fabled" Tuner + 1+ non-Tuner monsters$$When this card is Synchro Summoned: You can draw until you have 2 cards in your hand.$Supports archetypes /Fabled$$Activates upon Synchro Summon/You draw cards$Trigger$
73483491$Vindikite R-Genex$Unlimited$WIND$[Machine/Synchro/Effect]$$$$$8$2400$1000$$1 "Genex" Tuner + 1 or more non-Tuner WIND monsters$$Your opponent cannot select this card as an attack target. If this card destroys an opponent's monster by battle, you can add 1 "Genex" monster from your Deck to your hand.$Supports archetypes /Genex$$Adds from Deck to hand$Continuous/Trigger$
09888196$Ally of Justice Decisive Armor$Unlimited$DARK$[Machine/Synchro/Effect]$$$$$10$3300$3300$$1 Tuner + 2+ non-Tuner monsters$$Once per turn, if your opponent controls a LIGHT monster: You can activate 1 of these effects.●Target 1 Set card your opponent controls; destroy that target.●Send 1 card from your hand to the GY; destroy all Spells and Traps your opponent controls.●Send your entire hand to the GY; look at your opponent's hand and send all LIGHT monsters in their hand to the GY, then, inflict damage to your opponent equal to the total ATK of those monsters sent to the GY.$$LIGHT$Sends from hand to Graveyard for cost/Reveals your opponent's hand/Sends from your opponent's hand to your opponent's Graveyard$Ignition$
43434803$The Shallow Grave$Unlimited$SPELL$$$$$$$$$$$$Each player targets 1 monster in their own GY; each player Special Summons the target from their GY in face-down Defense Position.$$$$Effect$
56747793$United We Stand$Unlimited$SPELL$$$$$$$$$Equip$$$The equipped monster gains 800 ATK/DEF for each face-up monster you control.$$$$Continuous-like$
14087893$Book of Moon$Unlimited$SPELL$$$$$$$$$Quick-Play$$$Target 1 face-up monster on the field; change that target to face-down Defense Position.$$$Flips monsters face-down/Changes battle positions$Effect$
87910978$Brain Control$Unlimited$SPELL$$$$$$$$$$$$Pay 800 LP, then target 1 face-up monster your opponent controls that can be Normal Summoned/Set; take control of that target until the End Phase.$$$Changes control$Cost/Effect$
45809008$Destiny Draw$Unlimited$SPELL$$$$$$$$$$$$Discard 1 "Destiny HERO" card; draw 2 cards.$Supports archetypes /Destiny HERO$$You draw cards/Discards for cost$Cost/Effect$
93217231$Offering to the Snake Deity$Unlimited$TRAP$$$$$$$$$$$$Target 1 face-up Reptile monster you control and 2 cards your opponent controls; destroy all three targets.$Reptile$$$Effect$
46502013$Pixie Ring$Unlimited$TRAP$$$$$$$$$Continuous$$$While you control 2 or more face-up Attack Position monsters, your opponent cannot target your monster(s) with the lowest ATK for an attack.$$$$Continuous-like$
82732705$Skill Drain$Unlimited$TRAP$$$$$$$$$Continuous$$$Activate this card by paying 1000 LP. Negate the effects of all face-up monsters while they are face-up on the field (but their effects can still be activated).$$$$Cost/Continuous-like$
80604091$Ultimate Offering$Forbidden(OCG)$TRAP$$$$$$$$$Continuous$$$During your Main Phase or your opponent's Battle Phase: You can pay 500 Life Points; immediately after this effect resolves, Normal Summon/Set 1 monster.$$$$Quick-like/Lingering$
12607053$Waboku$Unlimited$TRAP$$$$$$$$$$$$You take no battle damage this turn. Your monsters cannot be destroyed by battle this turn.$$$$Effect$
