Passcode$Name$Status$Attribute$type$link$link_arrows$rank$pendulum_scale$level$attack$defense$spell_attribute$summoning_condition$pendulum_condition$card_text$card_supports$card_anti_supports$card_actions$effect_types$
02009101$Blackwing - Gale the Whirlwind$Unlimited$DARK$[Winged Beast/Tuner/Effect]$$$$$3$1300$400$$$$If you control a "Blackwing" monster other than "Blackwing - Gale the Whirlwind", you can Special Summon this card (from your hand). Once per turn: You can target 1 face-up monster your opponent controls; that target's ATK and DEF become half its current ATK and DEF.$Supports archetypes /Blackwing$$$Summon/Ignition$
49003716$Blackwing - Bora the Spear$Unlimited$DARK$[Winged Beast/Effect]$$$$$4$1700$800$$$$If you control a "Blackwing" monster other than "Blackwing - Bora the Spear", you can Special Summon this card (from your hand). If this card attacks a Defense Position monster, inflict piercing battle damage.$Supports archetypes /Blackwing$$$Summon/Continuous$
22835145$Blackwing - Blizzard the Far North$Unlimited$DARK$[Winged Beast/Tuner/Effect]$$$$$2$1300$0$$$$Cannot be Special Summoned. When this card is Normal Summoned: You can target 1 Level 4 or lower "Blackwing" monster in your Graveyard; Special Summon that target in Defense Position.$Supports archetypes /Blackwing$$Activates upon Normal Summon$Summon/Trigger$
58820853$Blackwing - Shura the Blue Flame$Unlimited$DARK$[Winged Beast/Effect]$$$$$4$1800$1200$$$$When this card destroys an opponent's monster by battle and sends it to the Graveyard: You can Special Summon 1 "Blackwing" monster with 1500 or less ATK from your Deck, but its effects are negated.$Supports archetypes /Blackwing$$$Trigger$
11613567$Blackwing - Elphin the Raven$Unlimited$DARK$[Winged Beast/Effect]$$$$$6$2200$1200$$$$If you control a "Blackwing" monster, you can Normal Summon this card without Tributing. When this card is Normal Summoned: You can target 1 monster your opponent controls; change that target's battle position.$Supports archetypes /Blackwing$$Changes battle positions$Summon/Trigger$
46710683$Blackwing - Mistral the Silver Shield$Unlimited$DARK$[Winged Beast/Tuner/Effect]$$$$$2$100$1800$$$$If this card on the field is destroyed and sent to the Graveyard: Reduce the next battle damage you would take this turn to 0.$$$Activates from your Graveyard$Trigger$
09109991$Blackwing - Fane the Steel Chain$Unlimited$DARK$[Winged Beast/Effect]$$$$$2$500$800$$$$This card can attack your opponent directly. If this card inflicts battle damage to your opponent by a direct attack: Target 1 Attack Position monster your opponent controls; change that target to Defense Position.$$$Changes battle positions$Continuous/Trigger$
26775203$Blackwing - Ghibli the Searing Wind$Unlimited$DARK$[Winged Beast/Effect]$$$$$3$0$1600$$$$When your opponent declares a direct attack: You can Special Summon this card from your hand. Once per turn: You can switch the original ATK and DEF of this card, until the end of this turn.$$$Activates from your hand/Activates upon attack declaration$Trigger/Ignition$
52869807$Blackwing - Gust the Backblast$Unlimited$DARK$[Winged Beast/Effect]$$$$$2$900$1400$$$$If you control no cards, you can Special Summon this card (from your hand). If your opponent's monster attacks a "Blackwing" monster you control: The attacking monster loses 300 ATK during the Damage Step only.$Supports archetypes /Blackwing$$$Summon/Continuous$
41902352$Blackwing - Kochi the Daybreak$Unlimited$DARK$[Winged Beast/Tuner/Effect]$$$$$4$700$1500$$$$If this card was Special Summoned, it cannot be used as a Synchro Material.$$$Activates upon Special Summon$Condition$
87390067$Blackwing - Jetstream the Blue Sky$Unlimited$DARK$[Winged Beast/Effect]$$$$$1$100$800$$$$During damage calculation, you can send this card from your hand to the Graveyard to prevent a "Blackwing" monster you control from being destroyed by this battle.$Supports archetypes /Blackwing$$Sends itself from hand to Graveyard for cost$Quick$
14785765$Blackwing - Zephyros the Elite$Unlimited$DARK$[Winged Beast/Effect]$$$$$4$1600$1000$$$$If this card is in your GY: You can return 1 face-up card you control to the hand; Special Summon this card, and if you do, take 400 damage. You can only use this effect of "Blackwing - Zephyros the Elite" once per Duel.$$$Activates from your Graveyard/Returns from field to hand for cost/Returns from your field to your hand$Ignition/Condition$
69031175$Blackwing Armor Master$Unlimited$DARK$[Winged Beast/Synchro/Effect]$$$$$7$2500$1500$$1 "Blackwing" Tuner + 1 or more non-Tuner monsters$$Cannot be destroyed by battle, and you take no battle damage from attacks involving this card. At the end of the Damage Step, if this card attacked a monster: You can place 1 Wedge Counter on that monster (max. 1). You can remove all Wedge Counters from your opponent's monsters; the ATK and DEF of those monsters that had Wedge Counters become 0 until the end of this turn.$Supports archetypes /Blackwing$$$Continuous/Trigger/Ignition$
76913983$Blackwing Armed Wing$Unlimited$DARK$[Winged Beast/Synchro/Effect]$$$$$6$2300$1000$$1 "Blackwing" Tuner + 1+ non-Tuner monsters$$If this card attacks a Defense Position monster, it gains 500 ATK during the Damage Step only, also inflict piercing battle damage.$Supports archetypes /Blackwing$$$Continuous$
33236860$Blackwing - Silverwind the Ascendant$Unlimited$DARK$[Winged Beast/Synchro/Effect]$$$$$8$2800$2000$$1 "Blackwing" Tuner + 2 or more non-Tuner monsters$$When this card is Synchro Summoned: You can target up to 2 face-up monsters on the field with DEF lower than this card's ATK; destroy those targets. You cannot conduct your Battle Phase the turn you activate this effect. During each of your opponent's turns, the first "Blackwing" monster you control that would be destroyed by battle, is not destroyed.$Supports archetypes /Blackwing$$Activates upon Synchro Summon/Cannot conduct Battle Phase$Trigger/Condition/Continuous$
09012916$Black-Winged Dragon$Unlimited$DARK$[Dragon/Synchro/Effect]$$$$$8$2800$1600$$1 Tuner + 1+ non-Tuner monsters$$If you would take damage from a card effect, place 1 Black Feather Counter on this card instead. This card loses 700 ATK for each Black Feather Counter on it. Once per turn: You can remove all Black Feather Counters from this card, then target 1 face-up monster your opponent controls; that target loses 700 ATK for each Black Feather Counter removed, and if it does, inflict damage to your opponent equal to the ATK lost by this effect.$$$$Continuous/Ignition$
94681654$Raptor Wing Strike$Unlimited$SPELL$$$$$$$$$$$$Shuffle 1 "Blackwing" monster you control into the Main Deck; add 1 "Blackwing" monster from your Deck to your hand.$Supports archetypes /Blackwing$$Returns from field to Deck for cost/Adds from Deck to hand$Cost/Effect$
64952266$Against the Wind$Unlimited$SPELL$$$$$$$$$$$$Select 1 "Blackwing" monster in your Graveyard. Take damage equal to the ATK of the selected monster, and add it to your hand.$Supports archetypes /Blackwing$$Adds from Graveyard to hand$Effect$
67779172$Black-Winged Strafe$Unlimited$SPELL$$$$$$$$$$$$Send 1 "Blackwing" monster from your hand to the Graveyard to select 1 Defense Position monster your opponent controls. Send that monster to the Graveyard.$Supports archetypes /Blackwing$$Sends from your hand to your Graveyard/Sends from your opponent's field to your opponent's Graveyard$Cost/Effect$
04168871$Cards for Black Feathers$Unlimited$SPELL$$$$$$$$$$$$Banish 1 "Blackwing" monster from your hand; draw 2 cards. You cannot Special Summon during the turn you activate this card. You can only activate 1 "Cards for Black Feathers" per turn.$Supports archetypes /Blackwing$$You draw cards$Cost/Effect/Condition$
88341502$Ebon Arrow$Unlimited$TRAP$$$$$$$$$$$$Select 1 face-up monster you control. Until the End Phase, it loses 500 ATK and during battle between that attacking monster and a Defense Position monster whose DEF is lower than the selected monster's ATK, inflict the difference as Battle Damage to your opponent. When the selected monster destroys a monster by battle and sends it to the Graveyard this turn, inflict damage to your opponent equal to the destroyed monster's original DEF.$$$$Effect/Trigger-like$
59839761$Delta Crow - Anti Reverse$Unlimited$TRAP$$$$$$$$$$$$If you control a "Blackwing" monster: Destroy all face-down Spells and Traps your opponent controls. If you control exactly 3 "Blackwing" monsters, you can activate this card from your hand.$Supports archetypes /Blackwing$$$Activation requirement/Effect/Condition$
86223870$Level Retuner$Unlimited$TRAP$$$$$$$$$$$$Reduce the Level of 1 face-up monster you control by up to 2.$$$$Effect$
22628574$Fake Feather$Unlimited$TRAP$$$$$$$$$$$$Send 1 "Blackwing" monster from your hand to the Graveyard and select 1 Normal Trap Card in your opponent's Graveyard. The effect of this card will be same as the selected Normal Trap Card.$Supports archetypes /Blackwing$Normal Trap Card$Sends from your hand to your Graveyard for cost/Resolves as another card's effect$Cost/Effect$
89040386$Blackwing - Backlash$Unlimited$TRAP$$$$$$$$$$$$When an opponent's monster declares a direct attack while you have 5 or more "Blackwing" monsters in your Graveyard: Destroy all monsters your opponent controls.$Supports archetypes /Blackwing$$Activates upon attack declaration$Activation requirement/Effect$
25435080$Blackwing - Bombardment$Unlimited$TRAP$$$$$$$$$$$$Tribute 1 "Blackwing" monster to select 1 face-up Synchro Monster you control. That Synchro Monster gains ATK equal to the Tributed monster's ATK, until the End Phase.$Supports archetypes /Blackwing$$Tributes for cost$Cost/Effect$
52833089$Black Thunder$Unlimited$TRAP$$$$$$$$$$$$Activate only when a "Blackwing" monster you control is destroyed by battle and sent to the Graveyard. Inflict 400 damage to your opponent for each card your opponent controls.$Supports archetypes /Blackwing$$Activates if destroyed by battle$Activation requirement/Effect$
88928798$Guard Mines$Unlimited$TRAP$$$$$$$$$$$$Activate only when a card is activated with an effect that would target and destroy 1 monster you control. Negate the effect and destroy that card. Then inflict 500 damage to your opponent.$$$$Activation requirement/Effect$
40279770$Black Feather Beacon$Unlimited$TRAP$$$$$$$$$$$$Activate only when you take damage from a card effect. Special Summon 1 Level 4 or lower "Blackwing" monster from your hand.$Supports archetypes /Blackwing$$Activates if you take effect damage$Activation requirement/Effect$
72278479$Black Return$Unlimited$TRAP$$$$$$$$$$$$When exactly 1 "Blackwing" monster (and no other monster) is Special Summoned: Target 1 face-up monster your opponent controls; gain LP equal to the ATK of that target, and if you do, return it to the hand.$Supports archetypes /Blackwing$$Activates upon Special Summon/Returns from your opponent's field to your opponent's hand$Activation requirement/Effect$
