Passcode$Name$Status$Attribute$type$link$link_arrows$rank$pendulum_scale$level$attack$defense$spell_attribute$summoning_condition$pendulum_condition$card_text$card_supports$card_anti_supports$card_actions$effect_types$
89943723$Elemental HERO Neos$Unlimited$LIGHT$[Warrior/Normal]$$$$$7$2500$2000$$$$A new Elemental HERO has arrived from Neo-Space! When he initiates a Contact Fusion with a Neo-Spacian his unknown powers are unleashed.$$$$$
60806437$UFO Turtle$Unlimited$FIRE$[Machine/Effect]$$$$$4$1400$1200$$$$When this card is destroyed by battle and sent to the GY: You can Special Summon 1 FIRE monster with 1500 or less ATK from your Deck, in Attack Position.$FIRE$$Activates from your Graveyard$Trigger$
95178994$Giant Germ$Unlimited$DARK$[Fiend/Effect]$$$$$2$1000$100$$$$When this card is destroyed by battle and sent to the Graveyard: Inflict 500 damage to your opponent, then you can Special Summon any number of "Giant Germs" from your Deck in face-up Attack Position.$$$Activates if destroyed by battle/Activates from your Graveyard$Trigger$
57839750$Mother Grizzly$Unlimited$WATER$[Beast-Warrior/Effect]$$$$$4$1400$1000$$$$When this card is destroyed by battle and sent to the Graveyard: You can Special Summon 1 WATER monster with 1500 or less ATK from your Deck, in face-up Attack Position.$WATER$$Activates from your Graveyard$Trigger$
77585513$Jinzo$Unlimited$DARK$[Machine/Effect]$$$$$6$2400$1500$$$$Trap Cards, and their effects on the field, cannot be activated. Negate all Trap effects on the field.$$$$Continuous$
73431236$Iron Blacksmith Kotetsu$Unlimited$FIRE$[Beast-Warrior/Flip/Effect]$$$$$2$500$500$$$$FLIP: Add 1 Equip Spell from your Deck to your hand.$Equip Spell Card$$Activates upon being flipped face-up/Adds from Deck to hand$Flip$
26205777$Thestalos the Firestorm Monarch$Unlimited$FIRE$[Pyro/Effect]$$$$$6$2400$1000$$$$If this card is Tribute Summoned: Discard 1 random card from your opponent's hand, then, if it was a Monster Card, inflict damage to your opponent equal to its original Level x 100.$$$Activates upon Tribute Summon/Your opponent discards$Trigger$
57116033$Winged Kuriboh$Unlimited$LIGHT$[Fairy/Effect]$$$$$1$300$200$$$$If this card on the field is destroyed and sent to the GY: For the rest of this turn, you take no battle damage.$$$Activates if destroyed by battle/Activates if destroyed by card effect/Activates from your Graveyard$Trigger$
38280762$Enishi, Shien's Chancellor$Unlimited$LIGHT$[Warrior/Effect]$$$$$6$2200$1200$$$$Cannot be Normal Summoned/Set. Must be Special Summoned (from your hand) by banishing 2 "Six Samurai" monsters from your GY. Once per turn: You can target 1 face-up monster; destroy that target. This card cannot attack the turn this effect is activated.$Supports archetypes /Six Samurai$$$Summon/Ignition/Condition$
63977008$Junk Synchron$Unlimited$DARK$[Warrior/Tuner/Effect]$$$$$3$1300$500$$$$When this card is Normal Summoned: You can target 1 Level 2 or lower monster in your GY; Special Summon that target in Defense Position, but negate its effects.$$$Activates upon Normal Summon$Trigger$
03897065$Super Vehicroid - Stealth Union$Unlimited$EARTH$[Machine/Fusion/Effect]$$$$$9$3600$3000$$"Truckroid" + "Expressroid" + "Drillroid" + "Stealthroid"$$Once per turn: You can target 1 face-up non-Machine monster on the field; equip that target to this card. While equipped with a monster by this effect, this card can attack all monsters your opponent controls, once each. If this card attacks, its original ATK is halved. If this card attacks a Defense Position monster, inflict piercing battle damage.$$$Equips monsters from the player's field to itself/Equips monsters from the opponent's field to itself$Continuous/Ignition$
60800381$Junk Warrior$Unlimited$DARK$[Warrior/Synchro/Effect]$$$$$5$2300$1300$$"Junk Synchron" + 1 or more non-Tuner monsters$$If this card is Synchro Summoned: It gains ATK equal to the total ATK of all Level 2 or lower monsters you currently control.$$$Activates upon Synchro Summon$Trigger$
44656491$Messenger of Peace$Unlimited$SPELL$$$$$$$$$Continuous$$$Monsters with 1500 or more ATK cannot declare an attack. Once per turn, during your Standby Phase, pay 100 LP or destroy this card.$$$$Continuous-like/Maintenance cost$
96947648$Salvage$Unlimited$SPELL$$$$$$$$$$$$Target 2 WATER monsters with 1500 or less ATK in your GY; add those targets to your hand.$WATER$$Adds from Graveyard to hand$Effect$
85852291$Magical Mallet$Unlimited$SPELL$$$$$$$$$$$$Shuffle any number of cards from your hand into the Deck, then draw that same number of cards.$$$Returns from your hand to your Deck/You draw cards$Effect$
76895648$Dangerous Machine Type-6$Unlimited$SPELL$$$$$$$$$Continuous$$$During each of your Standby Phases: Roll a six-sided die and apply the result.●1: Discard 1 card.●2: Your opponent discards 1 card.●3: Draw 1 card.●4: Your opponent draws 1 card.●5: Destroy 1 monster your opponent controls.●6: Destroy this card.$$$Discards for effect/You discard/Your opponent discards/You draw cards/Your opponent draws cards$Trigger-like$
28529976$Super Solar Nutrient$Unlimited$SPELL$$$$$$$$$Continuous$$$Activate this card by Tributing 1 Level 2 or lower Plant-Type monster; Special Summon 1 Plant-Type monster from your hand or Deck whose Level is less than or equal to the Level the Tributed monster had on the field +3. When this card leaves the field, destroy that monster. When that monster leaves the field, destroy this card.$Plant$$Tributes for cost$Cost/Effect/Continuous-like$
97077563$Call of the Haunted$Unlimited$TRAP$$$$$$$$$Continuous$$$Activate this card by targeting 1 monster in your GY; Special Summon that target in Attack Position. When this card leaves the field, destroy that monster. When that monster is destroyed, destroy this card.$$$$Effect/Continuous-like$
62279055$Magic Cylinder$Unlimited$TRAP$$$$$$$$$$$$When an opponent's monster declares an attack: Target the attacking monster; negate the attack, and if you do, inflict damage to your opponent equal to its ATK.$$$Activates upon attack declaration$Activation requirement/Effect$
44595286$Light of Judgment$Unlimited$TRAP$$$$$$$$$$$$If "The Sanctuary in the Sky" is on the field: Discard 1 LIGHT monster to the GY; apply 1 of the following effects.●Look at your opponent's hand and discard 1 card from their hand.●Send 1 card your opponent controls to the GY.$LIGHT/The Sanctuary in the Sky$$Discards for cost/Sends from your opponent's hand to your opponent's Graveyard/Sends from your opponent's field to your opponent's Graveyard/Reveals your opponent's hand$Activation requirement/Cost/Effect$
