Passcode$Name$Status$Attribute$type$link$link_arrows$rank$pendulum_scale$level$attack$defense$spell_attribute$summoning_condition$pendulum_condition$card_text$card_supports$card_anti_supports$card_actions$effect_types$
70781052$Summoned Skull$Unlimited$DARK$[Fiend/Normal]$$$$$6$2500$1200$$$$A fiend with dark powers for confusing the enemy. Among the Fiend-Type monsters, this monster boasts considerable force.(This card is always treated as an "Archfiend" card.)$$$$$
03019642$Cyberdark Keel$Unlimited$DARK$[Machine/Effect]$$$$$4$800$800$$$$If this card is Normal Summoned: Target 1 Level 3 or lower Dragon monster in your GY; equip that Dragon monster to this card. Gains ATK equal to the original ATK of the monster equipped to it by this effect. If this card destroys an opponent's monster by battle: Inflict 300 damage to your opponent. If this card would be destroyed by battle, destroy that equipped monster, instead.$Dragon$$Activates upon Normal Summon/Activates when it destroys a monster by battle/Equips monsters from the player's Graveyard to itself$Trigger/Continuous$
24508238$D.D. Crow$Unlimited$DARK$[Winged Beast/Effect]$$$$$1$100$100$$$$(Quick Effect): You can discard this card to the GY, then target 1 card in your opponent's GY; banish that target.$$$Discards itself for cost$Quick$
04906301$Necro Gardna$Unlimited$DARK$[Warrior/Effect]$$$$$3$600$1300$$$$During your opponent's turn: You can banish this card from your Graveyard; negate the next attack this turn from a monster your opponent controls (this is a Quick Effect).$$$Activates from your Graveyard$Quick$
57421866$Level Eater$Forbidden(OCG)$DARK$[Insect/Effect]$$$$$1$600$0$$$$If this card is in your Graveyard: You can target 1 Level 5 or higher monster you control; reduce its Level by 1, and if you do, Special Summon this card. This face-up card on the field cannot be Tributed, except for a Tribute Summon.$$$Activates from your Graveyard/Cannot be Tributed$Ignition/Continuous$
58551308$Spear Cretin$Unlimited$DARK$[Fiend/Effect]$$$$$2$500$500$$$$FLIP: When this card is sent to the Graveyard after being flipped, each player selects 1 monster from their Graveyard, and Special Summons it in face-up Attack Position or face-down Defense Position.$$$Activates from your Graveyard$Flip$
93013676$Maha Vailo$Unlimited$LIGHT$[Spellcaster/Effect]$$$$$4$1550$1400$$$$Gains 500 ATK for each Equip Card equipped to this card.$Equip Card$$$Continuous$
22567609$Nimble Momonga$Unlimited$EARTH$[Beast/Effect]$$$$$2$1000$100$$$$If this card is destroyed by battle and sent to the GY: Gain 1000 LP, then you can Special Summon any number of "Nimble Momonga" from your Deck in face-down Defense Position.$$$Activates from your Graveyard$Trigger$
01995985$Silent Swordsman LV3$Unlimited$LIGHT$[Warrior/Effect]$$$$$3$1000$1000$$$$Negate your opponent's Spell effects that target this card. During your Standby Phase: You can send this face-up card to the Graveyard; Special Summon 1 "Silent Swordsman LV5" from your hand or Deck. You cannot activate this effect the turn this card is Summoned or flipped face-up.$Silent Swordsman LV5$$Sends itself from field to Graveyard for cost$Continuous/Trigger/Condition$
37970940$Aussa the Earth Charmer$Unlimited$EARTH$[Spellcaster/Flip/Effect]$$$$$3$500$1500$$$$FLIP: Target 1 EARTH monster your opponent controls; take control of that target while this card is face-up on the field.$$EARTH$Changes control$Flip/Continuous$
78636495$Slate Warrior$Unlimited$WIND$[Fiend/Effect]$$$$$4$1900$400$$$$FLIP: This card gains 500 ATK and DEF.If this card is destroyed by battle: The monster that destroyed it loses 500 ATK and DEF.$$$Activates upon being flipped face-up/Activates if destroyed by battle$Flip/Trigger$
11662742$Gellenduo$Unlimited$LIGHT$[Fairy/Effect]$$$$$4$1700$0$$$$Cannot be destroyed by battle. If you take any damage: Destroy this face-up card. This card can be treated as 2 Tributes for the Tribute Summon of a LIGHT Fairy monster.$LIGHT/Fairy$$Activates if you take battle damage/Activates if you take effect damage$Continuous/Trigger/Unclassified$
26701483$Card Ejector$Unlimited$EARTH$[Spellcaster/Effect]$$$$$3$400$400$$$$Once per turn: You can target 1 card in your opponent's Graveyard; banish that target.$$$$Ignition$
37195861$Elemental HERO Ocean$Unlimited$WATER$[Warrior/Effect]$$$$$4$1500$1200$$$$Once per turn, during your Standby Phase: You can target 1 "HERO" monster you control or in your Graveyard; return that target to the hand.$Supports archetypes /HERO$$Returns from field to hand/Returns from Graveyard to hand$Trigger$
27769400$Tualatin$Unlimited$LIGHT$[Fairy/Effect]$$$$$8$2800$2500$$$$If it is your opponent's Battle Phase, and all monsters you controlled at the start of this Battle Phase (min. 2) have been destroyed by battle and sent to the Graveyard: You can Special Summon this card from your hand. If Summoned this way: Choose an Attribute and destroy all face-up monsters with that Attribute. Your opponent cannot Normal or Special Summon monsters with that Attribute.$$$$Trigger/Continuous$
91731841$Gem-Knight Garnet$Unlimited$EARTH$[Pyro/Normal]$$$$$4$1900$0$$$$The Gem-Knight Warrior who carries the Garnet Soul. His Flaming Iron Fist crushes all enemies.$$$$$
27126980$Gem-Knight Sapphire$Unlimited$EARTH$[Aqua/Normal]$$$$$4$0$2100$$$$His Sapphire power commands the waters to protect him from attack. His comrades trust in his silent protection.$$$$$
54620698$Gem-Knight Tourmaline$Unlimited$EARTH$[Thunder/Normal]$$$$$4$1600$1800$$$$He channels mystic energies and changes them into fighting strength through the power of Tourmaline. Many admire his way of life.$$$$$
90019393$Gem-Knight Alexandrite$Unlimited$EARTH$[Rock/Effect]$$$$$4$1800$1200$$$$You can Tribute this card; Special Summon 1 "Gem-Knight" Normal Monster from your Deck.$Supports archetypes /Gem-Knight$$Tributes itself for cost$Ignition$
27004302$Gem-Armadillo$Unlimited$EARTH$[Rock/Effect]$$$$$4$1700$500$$$$When this card is Normal Summoned: You can add 1 "Gem-Knight" monster from your Deck to your hand.$Supports archetypes /Gem-Knight$$Adds from Deck to hand$Trigger$
53408006$Gem-Merchant$Unlimited$EARTH$[Spellcaster/Effect]$$$$$3$1000$1000$$$$During the Damage Step, in either player's turn, when a face-up EARTH Normal Monster you control attacks or is attacked: You can send this card from your hand to the Graveyard; that monster gains 1000 ATK and DEF until the End Phase.$EARTH/Normal Monster$$Activates from your hand/Sends itself from hand to Graveyard for cost$Quick$
89893715$Laval Miller$Unlimited$FIRE$[Pyro/Effect]$$$$$3$300$400$$$$When this card is destroyed by battle and sent to the Graveyard: You can send 2 "Laval" monsters from your Deck to the Graveyard.$Supports archetypes /Laval$$Sends from your Deck to your Graveyard$Trigger$
26381750$Soaring Eagle Above the Searing Land$Unlimited$FIRE$[Winged Beast/Tuner/Effect]$$$$$1$100$0$$$$If this card is sent to the Graveyard for a Synchro Summon: You can Special Summon this card. You must have 3 or more "Laval" monsters with different names in your Graveyard to activate and to resolve this effect. If this card is Special Summoned with this effect, banish it when it leaves the field.$Supports archetypes /Laval$$Activates from your Graveyard$Trigger/Condition$
52786469$Laval Warrior$Unlimited$FIRE$[Warrior/Effect]$$$$$4$1800$500$$$$When this card destroys an opponent's monster by battle: Inflict damage to your opponent equal to the original ATK of the destroyed monster. You must have 4 or more "Laval" monsters with different names in your Graveyard to activate and to resolve this effect.$Supports archetypes /Laval$$$Trigger$
89770167$Prominence, Molten Swordsman$Unlimited$FIRE$[Beast-Warrior/Effect]$$$$$4$1800$600$$$$Once per turn, during either player's turn: You can banish 1 "Laval" monster from your Graveyard; this card gains 300 ATK until the End Phase.$Supports archetypes /Laval$$$Quick$
15169262$Laval Forest Sprite$Unlimited$FIRE$[Pyro/Tuner/Effect]$$$$$2$300$200$$$$When this card is sent from the field to the Graveyard: All face-up "Laval" monsters you currently control gain 200 ATK for each "Laval" monster in your Graveyard, until the End Phase.$Supports archetypes /Laval$$Activates from your Graveyard$Trigger$
51554871$Kayenn, the Master Magma Blacksmith$Unlimited$FIRE$[Rock/Effect]$$$$$3$1200$200$$$$You can banish this card from your Graveyard; all face-up "Laval" monsters you currently control gain 400 ATK.$Supports archetypes /Laval$$Activates from your Graveyard$Ignition$
88958576$Laval Burner$Unlimited$FIRE$[Pyro/Effect]$$$$$5$2100$1000$$$$If you have 3 or more "Laval" monsters with different names in your Graveyard, you can Special Summon this card (from your hand).$Supports archetypes /Laval$$$Summon$
14047624$Laval Judgment Lord$Unlimited$FIRE$[Warrior/Effect]$$$$$7$2700$1800$$$$Once per turn: You can banish 1 "Laval" monster from your Graveyard; inflict 1000 damage to your opponent. "Laval Judgment Lord" cannot declare an attack the turn this effect is activated.$Supports archetypes /Laval$$$Ignition$
41431329$Vylon Cube$Unlimited$LIGHT$[Machine/Tuner/Effect]$$$$$3$800$800$$$$If this card is sent to the Graveyard for the Synchro Summon of a LIGHT monster: You can add 1 Equip Spell Card from your Deck to your hand.$LIGHT/Equip Spell Card$$Activates from your Graveyard/Activates if used as Synchro Material/Adds from Deck to hand$Trigger$
87836938$Vylon Vanguard$Unlimited$LIGHT$[Fairy/Effect]$$$$$4$1400$1000$$$$When this card is destroyed by a card effect and sent to the Graveyard: You can draw 1 card for each Equip Card that was equipped to this card.$Equip Card$$Activates from your Graveyard/You draw cards$Trigger$
13220032$Vylon Charger$Unlimited$LIGHT$[Fairy/Effect]$$$$$4$1000$1000$$$$All face-up LIGHT monsters you control gain 300 ATK for each Equip Card equipped to this card.$Equip Card/LIGHT$$$Continuous$
40619741$Vylon Soldier$Unlimited$LIGHT$[Fairy/Effect]$$$$$4$1700$1000$$$$When this card declares an attack: You can target monsters your opponent controls, up to the number of Equip Cards equipped to this card; change those targets' battle positions.$Equip Card$$Activates upon attack declaration/Changes battle positions$Trigger$
76614340$Gem-Knight Ruby$Unlimited$EARTH$[Pyro/Fusion/Effect]$$$$$6$2500$1300$$"Gem-Knight Garnet" + 1 "Gem-Knight" monster$$Must first be Fusion Summoned with the above Fusion Material Monsters. Once per turn: You can Tribute 1 face-up "Gem-" monster; this card gains ATK equal to the Tributed monster's ATK on the field, until the End Phase. If this card attacks a Defense Position monster, inflict piercing Battle Damage to your opponent.$Supports archetypes /Gem-/Gem-Knight$$Tributes for cost$Summon/Ignition/Continuous$
13108445$Gem-Knight Aquamarine$Unlimited$EARTH$[Aqua/Fusion/Effect]$$$$$6$1400$2600$$"Gem-Knight Sapphire" + 1 "Gem-Knight" monster$$Must first be Fusion Summoned with the above Fusion Material Monsters. If this card attacks, it is changed to Defense Position at the end of the Battle Phase. When this card is sent from the field to the Graveyard: Target 1 card your opponent controls; return that target to the hand.$Supports archetypes /Gem-Knight$$Changes battle positions/Activates from your Graveyard/Returns from field to hand/Returns from your opponent's field to your opponent's hand$Summon/Continuous/Trigger$
49597193$Gem-Knight Topaz$Unlimited$EARTH$[Thunder/Fusion/Effect]$$$$$6$1800$1800$$"Gem-Knight Tourmaline" + 1 "Gem-Knight" monster$$Must first be Fusion Summoned with the above Fusion Material Monsters. This card can attack twice during each Battle Phase. When this card destroys a monster by battle and sends it to the Graveyard: Inflict damage to your opponent equal to the ATK of the destroyed monster in the Graveyard.$Supports archetypes /Gem-Knight$$$Summon/Continuous/Trigger$
75991898$Lavalval Dragon$Unlimited$FIRE$[Dragon/Synchro/Effect]$$$$$5$2000$1100$$1 Tuner + 1+ non-Tuner FIRE monsters$$You can shuffle 2 "Laval" monsters from your GY into your Main Deck, then target 1 card your opponent controls; return it to the hand.$Supports archetypes /Laval$$Returns from Graveyard to Deck for cost/Returns from your Graveyard to your Deck/Returns from your opponent's field to your opponent's hand$Ignition$
12986807$Laval the Greater$Unlimited$FIRE$[Warrior/Synchro/Effect]$$$$$6$2400$800$$1 Tuner + 1 or more non-Tuner FIRE monsters$$When this card is Synchro Summoned: Send 1 card from your hand to the Graveyard. If this card would be destroyed by a card effect, you can banish 1 "Laval" monster from your Graveyard instead.$Supports archetypes /Laval$$Activates upon Synchro Summon/Sends from your hand to your Graveyard$Trigger/Continuous$
48370501$Vylon Sigma$Unlimited$LIGHT$[Fairy/Synchro/Effect]$$$$$7$1800$1000$$1 LIGHT Tuner + 1 or more non-Tuner LIGHT monsters$$When this card declares an attack, if it is the only monster you control: You can equip 1 Equip Spell Card from your Deck to this face-up card.$LIGHT/Equip Spell Card$$Activates upon attack declaration/Places cards from Deck in Spell & Trap Zone$Trigger$
75779210$Vylon Epsilon$Unlimited$LIGHT$[Fairy/Synchro/Effect]$$$$$8$2800$1200$$1 LIGHT Tuner + 1 or more non-Tuner monsters$$Equip Cards equipped to this card cannot be targeted by cards or effects. Once per turn: You can send 1 Equip Card equipped to this card to the Graveyard to target 1 monster your opponent controls; destroy that target.$LIGHT/Equip Card$$Sends from your field to Graveyard/Sends from field to Graveyard for cost$Continuous/Ignition$
69279219$My Body as a Shield$Unlimited$SPELL$$$$$$$$$Quick-Play$$$When your opponent activates a Spell/Trap Card or monster effect that would destroy a monster(s) on the field: Pay 1500 LP; negate the activation, and if you do, destroy it.$$$$Activation requirement/Cost/Effect$
81439173$Foolish Burial$Limited$SPELL$$$$$$$$$$$$Send 1 monster from your Deck to the GY.$$$Sends from your Deck to your Graveyard$Effect$
01264319$Gem-Knight Fusion$Unlimited$SPELL$$$$$$$$$$$$Fusion Summon 1 "Gem-Knight" Fusion Monster from your Extra Deck, using monsters from your hand or your side of the field as Fusion Materials. If this card is in your Graveyard: You can banish 1 "Gem-Knight" monster from your Graveyard; add this card to your hand.$Supports archetypes /Gem-Knight$$Sends from your hand to your Graveyard/Sends from your field to your Graveyard/Uses cards in the hand as Fusion Materials/Uses cards on the player's field as Fusion Materials/Activates from your Graveyard/Returns itself from Graveyard to hand$Effect/Ignition-like$
47658964$Searing Fire Wall$Unlimited$SPELL$$$$$$$$$Quick-Play$$$Banish any number of "Laval" monsters from your Graveyard; Special Summon an equal number of "Laval Tokens" (Pyro-Type/FIRE/Level 1/ATK 0/DEF 0) in Defense Position.$Supports archetypes /Laval$$$Cost/Effect$
74657662$Vylon Material$Unlimited$SPELL$$$$$$$$$Equip$$$Equip only to a "Vylon" monster. It gains 600 ATK. If this face-up card is sent from the field to the Graveyard: You can add 1 "Vylon" Spell Card from your Deck to your hand.$Supports archetypes /Vylon$$Adds from Deck to hand/Activates from your Graveyard$Condition/Continuous-like/Trigger-like$
59616123$Trap Stun$Unlimited$TRAP$$$$$$$$$$$$Negate all other Trap effects on the field this turn.$$$$Effect$
73729209$Skill Successor$Unlimited$TRAP$$$$$$$$$$$$Target 1 face-up monster you control; it gains 400 ATK until the end of this turn. During your turn, except the turn this card was sent to the GY: You can banish this card from your GY, then target 1 face-up monster you control; that target gains 800 ATK until the end of this turn.$$$Activates from your Graveyard$Effect/Quick-like$
37390589$Kunai with Chain$Unlimited$TRAP$$$$$$$$$$$$Activate 1 or both of these effects (simultaneously).●When an opponent's monster declares an attack: Target the attacking monster; change that target to Defense Position.●Target 1 face-up monster you control; equip this card to that target. It gains 500 ATK.$$$Activates upon attack declaration/Equips self from field/Changes battle positions$Condition/Activation requirement/Effect/Continuous-like$
00041777$Gem-Enhancement$Unlimited$TRAP$$$$$$$$$$$$Tribute 1 "Gem-Knight" monster, then target 1 "Gem-Knight" monster in your Graveyard; Special Summon that target from the Graveyard.$Supports archetypes /Gem-Knight$$Tributes for cost$Cost/Effect$
37436476$Molten Whirlwind Wall$Unlimited$TRAP$$$$$$$$$Continuous$$$All face-up "Laval" monsters you control gain 100 ATK for each "Laval" monster in your Graveyard.$Supports archetypes /Laval$$$Continuous-like$
