Passcode$Name$Status$Attribute$type$link$link_arrows$rank$pendulum_scale$level$attack$defense$spell_attribute$summoning_condition$pendulum_condition$card_text$card_supports$card_anti_supports$card_actions$effect_types$
47963370$Magician of Chaos$Unlimited$DARK$[Spellcaster/Ritual/Effect]$$$$$7$2500$2100$$$$You can Ritual Summon this card with "Chaos Form". This card's name becomes "Dark Magician" while on the field or in the GY. Once per turn, when a Spell/Trap Card or effect is activated (Quick Effect): You can target 1 card on the field; destroy it. If this Ritual Summoned card is destroyed by battle or card effect: You can Special Summon 1 "Chaos" or "Black Luster Soldier" Ritual Monster from your hand, except "Magician of Chaos", ignoring its Summoning conditions.$Supports archetypes /Chaos/Black Luster Soldier $$Activates if destroyed by battle/Activates if destroyed by card effect$Summon/Unclassified/Quick/Trigger$
73452089$Dark Cavalry$Unlimited$DARK$[Spellcaster/Fusion/Effect]$$$$$8$2800$2300$$"Dark Magician" + 1 Warrior monster$$Gains 100 ATK for each Spell/Trap on the field and in the GYs. If this card attacks a Defense Position monster, inflict piercing battle damage. When a card or effect is activated that targets a card on the field (Quick Effect): You can discard 1 card; negate the activation, and if you do, destroy it.$Warrior$$Discards for cost$Continuous/Quick$
00856784$Draw of Fate$Unlimited$SPELL$$$$$$$$$$$$If your LP are lower than your opponent's and your opponent controls a monster with the highest ATK on the field (even if it's tied): Reveal 3 cards with different names from your Deck, place them on top of your Deck in random order, then draw 1 card. For the rest of this turn after this card resolves, you cannot Set Spells/Traps, also you can only activate one more card or effect. You can only activate 1 "Draw of Fate" per turn.$$$Reveals cards from your Deck/Places cards from the player's Deck on the top of the Deck/Changes Deck order/You draw cards/Prevents your Sets$Effect/Lingering/Condition$
36841733$Elemental HERO Grandmerge$Unlimited$LIGHT$[Warrior/Fusion/Effect]$$$$$6$0$0$$2 "HERO" Normal Monsters$$Must be Fusion Summoned. Gains ATK/DEF equal to the combined original Levels of the materials used for its Fusion Summon x 300. When this card destroys an opponent's monster by battle: You can Tribute this card; Special Summon 1 "Elemental HERO" Fusion Monster from your Extra Deck, ignoring its Summoning conditions, but it cannot attack monsters with an equal or lower Level than it.$Supports archetypes /Elemental HERO/HERO$$Activates when it destroys a monster by battle/Tributes itself for cost$Summon/Continuous/Trigger$
73239437$Double Hero Attack$Unlimited$SPELL$$$$$$$$$Quick-Play$$$If you control a Fusion Monster that lists "Elemental HERO Neos" as material: Target 1 "HERO" Fusion Monster in your GY; Special Summon it, ignoring its Summoning conditions. You can only activate 1 "Double Hero Attack" per turn.$Supports archetypes /HERO$$$Activation requirement/Effect/Condition$
09634146$Signal Warrior$Unlimited$LIGHT$[Warrior/Synchro/Effect]$$$$$7$2400$1000$$1 Tuner + 1+ non-Tuner monsters$$Once per turn, during the Standby Phase: Place 1 Signal Counter on each face-up card in the Field Zone, also place 1 on this card. This card with a Signal Counter(s) cannot be destroyed by battle or your opponent's card effects. Once per turn: You can remove 4, 7, or 10 Signal Counters from anywhere on the field; apply this effect, depending on the number removed.●4: Inflict 800 damage to your opponent.●7: Draw 1 card.●10: Destroy 1 card on the field.$$$You draw cards$Trigger/Continuous/Ignition$
35129241$Stardust Wish$Unlimited$TRAP$$$$$$$$$Continuous$$$Once per turn, if a "Stardust" Synchro Monster you control is Tributed to activate its own effect (except during the Damage Step): You can target that monster; Special Summon it. Your opponent cannot activate cards or effects in response to this effect's activation. Monsters Special Summoned by this effect cannot be destroyed by battle while in Attack Position.$Supports archetypes /Stardust $$$Quick-like/Continuous-like$
62517849$Number 39: Utopia Double$Unlimited$LIGHT$[Warrior/Xyz/Effect]$$$4$$$0$2500$$2 Level 4 monsters$$(Quick Effect): You can detach 1 material from this card; add 1 "Double or Nothing!" from your Deck to your hand, then Special Summon from your Extra Deck, 1 "Utopia" Xyz Monster, except "Number 39: Utopia Double", by using this face-up card you control as material, and if you do, its ATK becomes doubled, but it cannot attack directly. (This is treated as an Xyz Summon. Transfer its materials to the Summoned monster.) You can only use this effect of "Number 39: Utopia Double" once per turn.$Supports archetypes /Utopia $$Adds from Deck to hand/Transfers$Quick/Condition$
08512558$Utopic Onomatopoeia$Unlimited$LIGHT$[Warrior/Effect]$$$$$4$1500$1500$$$$(This card is always treated as a "Zubaba", "Gagaga", "Gogogo", and "Dododo" card.)During your Main Phase: You can Special Summon up to 1 each "Zubaba", "Gagaga", "Gogogo", and/or "Dododo" monster(s) from your hand in Defense Position, also you cannot Special Summon from the Extra Deck for the rest of this turn, except Xyz Monsters. You can only use this effect of "Utopic Onomatopoeia" once per turn.$Supports archetypes /Zubaba/Gagaga/Gogogo/Dododo$$$Condition/Ignition$
35906693$Shining Draw$Unlimited$SPELL$$$$$$$$$$$$To activate this card, you must draw it for your normal draw in your Draw Phase, reveal it, and keep it revealed until the Main Phase 1. During your Main Phase 1 that same turn: You can target 1 "Utopia" Xyz Monster you control, then activate 1 of these effects;●Equip any number of "ZW -" monsters with different names from your Deck/Extra Deck to it.●Special Summon from your Extra Deck, 1 "Utopia" Xyz Monster with a different name from that target, by using that target as material. (This is treated as an Xyz Summon. Transfer its materials to the Summoned monster.)$Supports archetypes /Utopia /ZW -$$Must be drawn for normal draw to be activated/Reveals itself in the hand/Places cards from Deck in Spell & Trap Zone/Places cards from Extra Deck in Spell & Trap Zone$Activation requirement/Trigger-like$
61391302$Odd-Eyes Advance Dragon$Unlimited$DARK$[Dragon/Effect]$$$$$8$3000$2500$$$$You can Tribute Summon this card by Tributing 1 Level 5 or higher monster. If this card is Tribute Summoned: You can destroy 1 monster your opponent controls, and if you do, inflict damage to your opponent equal to that monster's original ATK. When this card destroys a monster by battle: You can Special Summon 1 Level 5 or higher monster from your hand or GY in Defense Position, except "Odd-Eyes Advance Dragon". You can only use this effect of "Odd-Eyes Advance Dragon" once per turn.$$$Activates upon Tribute Summon/Activates when it destroys a monster by battle$Summon/Trigger/Condition$
07799906$Performapal Smile Sorcerer$Unlimited$LIGHT$[Spellcaster/Pendulum/Effect]$$$$1$8$2500$2000$$$If a monster(s) you control whose current ATK is higher than its original ATK is destroyed by battle or card effect: You can Special Summon this card from your Pendulum Zone. You can only use this effect of "Performapal Smile Sorcerer" once per turn.$If this card is Normal or Special Summoned: You can add 1 "Smile" Spell/Trap from your Deck to your hand. If every monster you control is a "Performapal" or "Odd-Eyes" monster, or a "Magician" Pendulum Monster, and this card's current ATK is higher than its original ATK: You can draw cards equal to the number of monsters you control whose current ATK is higher than their original ATK, also you cannot Special Summon monsters for the rest of this turn. You can only use each effect of "Performapal Smile Sorcerer" once per turn.$Supports archetypes /Magician /Performapal/Odd-Eyes/Smile$$Activates upon Normal Summon/Activates upon Special Summon/Adds from Deck to hand/You draw cards$Pendulum Effect /Trigger-like/Condition/Monster Effect/Trigger/Ignition$
34884015$Soul Pendulum$Unlimited$SPELL$$$$$$$$$Continuous$$$You can target 2 cards in your Pendulum Zones; change each target's Pendulum Scale by 1 (min. 1). You can only use this effect of "Soul Pendulum" once per turn. Each time your Pendulum Monster(s) is Pendulum Summoned, place 1 counter on this card. Pendulum Monsters on the field gain 300 ATK for each counter on this card. You can remove 3 counters from this card; during your Main Phase this turn, you can conduct 1 Pendulum Summon of a monster(s) in addition to your Pendulum Summon. (You can only gain this effect once per turn.)$Pendulum Monster$$$Ignition-like/Condition/Continuous-like$
60279710$Cyberse Enchanter$Unlimited$LIGHT$[Cyberse/Link/Effect]$3$Left/Bottom/Right$$$$2400$- $$2+ monsters$$If you control this card that was Link Summoned using "Cyberse Wizard" as material (Quick Effect): You can target 1 monster your opponent controls; change its battle position, and if you do, negate its effects until the end of the turn. If this card is destroyed by battle, or if this card in its owner's possession is destroyed by an opponent's card effect: You can Special Summon 1 "Cyberse Wizard" from your hand, Deck, or GY. You can only use each effect of "Cyberse Enchanter" once per turn.$Cyberse Wizard$$Changes battle positions/Activates from your Graveyard$Quick/Trigger/Condition$
97677329$Backup Supervisor$Unlimited$LIGHT$[Cyberse/Link/Effect]$2$Bottom/Right$$$$1200$- $$2 monsters$$If this card was Link Summoned using "Backup Secretary" as material, and your monster this card points to battled an opponent's monster, at the end of the Damage Step: You can Special Summon 1 Cyberse monster from your hand. If this card is destroyed by battle, or if this card in its owner's possession is destroyed by an opponent's card effect: You can Special Summon 1 "Backup Secretary" from your hand, Deck, or GY. You can only use each effect of "Backup Supervisor" once per turn.$Backup Secretary/Cyberse$$Activates if destroyed by battle/Activates if destroyed by card effect$Trigger/Condition$
33062423$Decode Destruction$Unlimited$SPELL$$$$$$$$$$$$Target 1 "Decode Talker" you control; apply the following effects this turn, depending on the number of monsters it currently points to.●1+: That monster gains 500 ATK for each monster it currently points to.●2+: Monsters destroyed by battle with that monster are banished after damage calculation.●3: After damage calculation, if that monster destroys your opponent's monster by battle: Destroy all cards your opponent controls.You can only activate 1 "Decode Destruction" per turn.$Decode Talker$$Activates when it destroys a monster by battle$Effect/Condition$
60709218$Bond Between Teacher and Student$Unlimited$SPELL$$$$$$$$$$$$If you control "Dark Magician": Special Summon 1 "Dark Magician Girl" from your hand, Deck, or GY, then, you can Set 1 "Dark Magic Attack", "Dark Burning Attack", "Dark Burning Magic", or "Dark Magic Twin Burst" directly from your Deck. You can only activate 1 "Bond Between Teacher and Student" per turn.$Dark Magician/Dark Magician Girl/Dark Magic Attack/Dark Burning Attack/Dark Burning Magic/Dark Magic Twin Burst$$Sets from your Deck$Effect$
70168345$Dark Magic Twin Burst$Unlimited$SPELL$$$$$$$$$$$$Target 1 "Dark Magician" you control; it gains ATK equal to the combined ATK of all "Dark Magician Girl" currently on the field and in the GYs, until the end of this turn. You can only activate 1 "Dark Magic Twin Burst" per turn.$Dark Magician/Dark Magician Girl$$$Effect$
49941059$Magic Gate of Miracles$Unlimited$SPELL$$$$$$$$$$$$If you control 2 or more Spellcaster monsters: Change 1 Attack Position monster your opponent controls to Defense Position, then take control of it, and if you do, it cannot be destroyed by battle.$Spellcaster$$Changes battle position/Changes control$Activation requirement/Effect$
23971061$Doublebyte Dragon$Unlimited$DARK$[Cyberse/Link/Effect]$2$Top/Bottom$$$$1500$- $$2 Link Monsters$$Gains ATK equal to the combined Link Ratings of the monsters used for its Link Summon x 300. Unaffected by monster effects, except Link Monsters' effects, and cannot be destroyed by battle, except by battle with a Link Monster.$Link Monster$$$Continuous$
86750474$Trickstar Foxglove Witch$Unlimited$LIGHT$[Fairy/Link/Effect]$3$Top/Left/Right$$$$2200$- $$2+ Fairy monsters$$If this card is Special Summoned: You can inflict 200 damage to your opponent for each card they control. If this Link Summoned card is destroyed by battle or effect: You can Special Summon 1 Link-2 or lower "Trickstar" monster from your Extra Deck, then inflict 200 damage to your opponent for each card they control. You can only use each effect of "Trickstar Foxglove Witch" once per turn.$Supports archetypes /Trickstar$$Activates upon Special Summon/Activates if destroyed by battle/Activates if destroyed by card effect$Trigger/Condition$
22159429$Trickstar Magical Laurel$Unlimited$SPELL$$$$$$$$$Equip$$$Activate this card by targeting 1 "Trickstar" monster in your GY; Special Summon it and equip it with this card. When this card leaves the field, destroy that monster. Once per turn, if the equipped monster inflicts battle or effect damage to your opponent: You can Special Summon 1 "Trickstar" monster from your hand. You can only activate 1 "Trickstar Magical Laurel" per turn.$Supports archetypes /Trickstar$$Equips self from field$Effect/Continuous-like/Trigger-like/Condition$
59644128$Gouki Jet Ogre$Unlimited$EARTH$[Warrior/Link/Effect]$2$Left/Bottom$$$$2000$- $$2 "Gouki" monsters$$Once per turn: You can target 1 "Gouki" card you control; destroy it, and if you do, change all monsters on the field to face-up Attack Position. If this card is sent from the field to the GY: You can make all "Gouki" monsters you currently control gain 500 ATK until the end of this turn. You can only use this effect of "Gouki Jet Ogre" once per turn.$Supports archetypes /Gouki$$Changes battle positions/Activates from your Graveyard$Ignition/Trigger/Condition$
85638822$Gouki Cage Match$Unlimited$SPELL$$$$$$$$$Field$$$When this card is activated: Place 3 counters on this card. If your "Gouki" monster destroys an opponent's monster by battle: Remove 1 counter from this card. Once per turn, at the end of the Battle Phase, if the last of these counters has been removed this way: You can Special Summon as many "Gouki" monsters as possible with different names from your hand and/or Deck, then place 3 counters on this card.$Supports archetypes /Gouki$$Activates when it destroys a monster by battle$Effect/Trigger-like$
12023931$Booster Dragon$Unlimited$DARK$[Dragon/Link/Effect]$2$Bottom-Left/Bottom-Right$$$$1900$- $$2 "Rokket" monsters$$Once per turn: You can target 1 other face-up monster on the field; it gains 500 ATK/DEF. Your opponent cannot activate cards or effects in response to this effect's activation. If this Link Summoned card is destroyed by battle or card effect and sent to the GY: You can target 1 other Dragon monster in your GY; Special Summon it. You can only use this effect of "Booster Dragon" once per turn.$Supports archetypes /Rokket$$Activates if destroyed by battle/Activates if destroyed by card effect/Activates from your Graveyard$Ignition/Condition/Trigger$
58421530$Tactical Exchanger$Unlimited$TRAP$$$$$$$$$$$$Target 1 face-up monster you control; destroy it, and if you do, Special Summon 1 "Rokket" monster with a different original name from your Deck or GY. You can only activate 1 "Tactical Exchanger" per turn.$Supports archetypes /Rokket$$$Effect/Condition$
24361622$Hieratic Seal of the Heavenly Spheres$Unlimited$LIGHT$[Dragon/Link/Effect]$2$Bottom-Left/Bottom-Right$$$$0$- $$2 Dragon monsters$$Once per opponent's turn, if this card is in the Extra Monster Zone (Quick Effect): You can Tribute 1 monster from your hand or field; return 1 face-up card on the field to the hand. If this card is Tributed: Special Summon 1 Dragon monster from your hand or Deck, and make its ATK/DEF 0. You can only use this effect of "Hieratic Seal of the Heavenly Spheres" once per turn.$Dragon$$Tributes for cost/Returns from field to hand/Activates if Tributed$Quick/Trigger/Condition$
50756327$Crowley, the First Propheseer$Unlimited$DARK$[Spellcaster/Link/Effect]$2$Bottom-Left/Bottom-Right$$$$1000$- $$2 Spellcaster monsters$$If this card is Link Summoned: You can reveal 3 "Spellbook" cards with different names from your Deck, and your opponent randomly picks 1 for you to add to your hand, also shuffle the rest into your Deck. You can only use this effect of "Crowley, the First Propheseer" once per turn. Each turn, 1 Level 5 or higher Spellcaster monster you Normal Summon can be Summoned without Tributing.$Supports archetypes /Spellbook$$Activates upon Link Summon/Reveals cards from your Deck/Adds from Deck to hand$Trigger/Condition/Continuous$
21200905$Aromaseraphy Jasmine$Unlimited$LIGHT$[Plant/Link/Effect]$2$Bottom-Left/Bottom-Right$$$$1800$- $$2 Plant monsters$$If your LP are higher than your opponent's, this card and any Plant monsters it points to cannot be destroyed by battle. You can Tribute 1 monster this card points to; Special Summon 1 Plant monster from your Deck in Defense Position. You can only use this effect of "Aromaseraphy Jasmine" once per turn. Once per turn, if you gain LP: Add 1 Plant monster from your Deck to your hand.$Plant$$Tributes for cost/Activates if you gain LP/Adds from Deck to hand$Continuous/Ignition/Condition/Trigger$
12081875$Thunder Dragon Thunderstormech$Unlimited$LIGHT$[Thunder/Link/Effect]$4$Left/Right/Bottom/Bottom-Right$$$$2800$- $$2+ Thunder monsters$$During your Main Phase, if you control this Link Summoned card: You can target 1 of your "Thunder Dragon" monsters that is banished or in your GY; apply that monster's effect that discards itself to activate, then place that monster on the top or bottom of your Deck. You can only use this effect of "Thunder Dragon Thunderstormech" once per turn. If a Thunder monster(s) you control would be destroyed by battle or card effect, you can banish 3 cards from your GY instead.$Supports archetypes /Thunder Dragon $$Resolves as another card's effect/Returns the player's banished cards to the Deck/Returns from your Graveyard to your Deck$Ignition/Condition/Continuous$
27198001$Nine-Tailed Fox$Unlimited$FIRE$[Zombie/Effect]$$$$$6$2200$2000$$$$If this card is in your hand or GY: You can Tribute 2 monsters; Special Summon this card. You can only use this effect of "Nine-Tailed Fox" once per turn. If this card that was Special Summoned from the GY attacks a Defense Position monster, inflict piercing battle damage. If this card is destroyed by battle or card effect and sent to the GY: You can Special Summon 2 "Fox Tokens" (Zombie/FIRE/Level 2/ATK 500/DEF 500).$$$Activates from your hand/Activates from your Graveyard/Tributes for cost/Activates if destroyed by battle/Activates if destroyed by card effect$Ignition/Condition/Continuous/Trigger$
60071928$Righty Driver$Unlimited$EARTH$[Machine/Tuner/Effect]$$$$$1$100$300$$$$For a Synchro Summon, you can substitute this card for any 1 "Synchron" Tuner. If this card is Normal Summoned: You can Special Summon 1 "Lefty Driver" from your hand, Deck, or GY. You can only use this effect of "Righty Driver" once per turn.$Supports archetypes /Synchron$$Activates upon Normal Summon$Condition/Trigger$
44935634$Lefty Driver$Unlimited$EARTH$[Machine/Effect]$$$$$2$300$100$$$$If this card is Special Summoned: You can make this card become Level 3 until the end of this turn. During your Main Phase, except the turn this card was sent to the GY: You can banish this card from your GY; add 1 "Righty Driver" from your Deck to your hand. You can only use this effect of "Lefty Driver" once per turn.$Righty Driver$$Activates upon Special Summon/Activates from your Graveyard/Adds from Deck to hand$Trigger/Ignition/Condition$
98881931$Photon Advancer$Unlimited$LIGHT$[Warrior/Effect]$$$$$4$1000$1000$$$$If a "Photon" monster is on the field, you can Special Summon this card (from your hand). You can only Special Summon "Photon Advancer" once per turn this way. Gains 1000 ATK if another "Photon" monster is on the field.$Supports archetypes /Photon$$$Unclassified/Condition/Continuous$
30537973$Predaplant Spider Orchid$Unlimited$DARK$[Plant/Pendulum/Effect]$$$$8$1$0$0$$$During your Main Phase, if this card was activated this turn: You can target 1 other face-up card in the Spell & Trap Zone; destroy it. You can only use this effect of "Predaplant Spider Orchid" once per turn.$During the End Phase, if this card was Normal or Special Summoned this turn: You can discard 1 Plant monster; add 1 Level 4 or lower Plant monster from your Deck to your hand. You can only use this effect of "Predaplant Spider Orchid" once per turn.$Plant$$Discards for cost/Adds from Deck to hand$Pendulum Effect /Ignition-like/Condition/Monster Effect/Trigger$
01142880$Cyber Dragon Nachster$Unlimited$LIGHT$[Machine/Effect]$$$$$1$200$200$$$$This card's name becomes "Cyber Dragon" while on the field or in the GY. You can discard 1 other monster; Special Summon this card from your hand. If this card is Normal or Special Summoned: You can target 1 Machine monster with 2100 ATK or DEF in your GY; Special Summon it, also, you cannot Special Summon monsters for the rest of this turn, except Machine monsters. You can only use each effect of "Cyber Dragon Nachster" once per turn.$Cyber Dragon/Machine$$Activates from your hand/Discards for cost/Activates upon Normal Summon/Activates upon Special Summon$Ignition/Trigger/Continuous$
99111753$Security Dragon$Unlimited$LIGHT$[Cyberse/Link/Effect]$2$Top/Bottom$$$$1100$- $$2 monsters$$Once while face-up on the field, if this card is co-linked: You can target 1 monster your opponent controls; return it to the hand. You can only use this effect of "Security Dragon" once per turn.$$$Returns from your opponent's field to your opponent's hand$Ignition/Condition$
99011763$Beat Cop from the Underworld$Unlimited$DARK$[Fiend/Link/Effect]$2$Bottom-Left/Bottom-Right$$$$1000$- $$2 monsters$$If this card is Link Summoned using 2 DARK monsters with different names as material, it gains this effect.●You can Tribute 1 monster, then target 1 face-up card on the field; place 1 Patrol Counter on it. You can only use this effect of "Beat Cop from the Underworld" once per turn. (If a card with a Patrol Counter would be destroyed by battle or card effect, remove 1 Patrol Counter from it instead.)$DARK$$Applies effects if Link Summoned using specific Link Material/Tributes for cost$Condition/Ignition$
40216089$Platinum Gadget$Unlimited$LIGHT$[Machine/Link/Effect]$2$Bottom-Left/Bottom-Right$$$$1600$- $$2 Machine monsters$$Cannot be used as Link Material the turn it is Link Summoned. During your Main Phase: You can Special Summon 1 Level 4 or lower Machine monster from your hand to your zone this card points to. If this card is destroyed by battle or card effect: You can Special Summon 1 Level 4 "Gadget" monster from your Deck. You can only use each effect of "Platinum Gadget" once per turn.$Supports archetypes /Gadget$$$Condition/Ignition/Trigger$
84433295$Quintet Magician$Unlimited$DARK$[Spellcaster/Fusion/Effect]$$$$$12$4500$4500$$5 Spellcaster monsters$$Must be Fusion Summoned. If this card is Fusion Summoned using 5 Spellcaster monsters with different names: You can destroy all cards your opponent controls. This face-up card on the field cannot be Tributed, nor used as Fusion Material, also it cannot be destroyed by card effects.$Spellcaster$$Cannot be Tributed$Trigger/Continuous$
90960358$Toon Dark Magician Girl$Unlimited$DARK$[Spellcaster/Toon/Effect]$$$$$6$2000$1700$$$$Cannot be Normal Summoned/Set. Must first be Special Summoned (from your hand) by Tributing 1 monster, while you control "Toon World". If "Toon World" on the field is destroyed, destroy this card. Can attack your opponent directly, unless they control a Toon monster, in which case this card must target a Toon monster for its attacks. Gains 300 ATK for every "Dark Magician" or "Magician of Black Chaos" in either player's GY.$Toon World/Dark Magician/Magician of Black Chaos/Toon monster$$Tributes for cost$Summon/Continuous$
29021114$Silver Gadget$Unlimited$LIGHT$[Machine/Effect]$$$$$4$1500$1000$$$$When this card is Normal or Special Summoned: You can Special Summon 1 Level 4 Machine monster from your hand. If this card is destroyed by battle or card effect: You can Special Summon 1 Level 4 "Gadget" monster from your Deck, except "Silver Gadget". You can only use 1 "Silver Gadget" effect per turn, and only once that turn.$Supports archetypes /Gadget$$Activates upon Normal Summon/Activates upon Special Summon/Activates from your Graveyard$Trigger/Condition$
55010259$Gold Gadget$Unlimited$LIGHT$[Machine/Effect]$$$$$4$1700$800$$$$When this card is Normal or Special Summoned: You can Special Summon 1 Level 4 Machine monster from your hand. If this card is destroyed by battle or card effect: You can Special Summon 1 Level 4 "Gadget" monster from your Deck, except "Gold Gadget". You can only use 1 "Gold Gadget" effect per turn, and only once that turn.$Supports archetypes /Gadget$$Activates upon Normal Summon/Activates upon Special Summon/Activates if destroyed by battle/Activates if destroyed by card effect$Trigger/Condition$
68815132$Harpie Dancer$Unlimited$WIND$[Winged Beast/Effect]$$$$$4$1200$1000$$$$You can target 1 WIND monster you control; return it to the hand, then you can Normal Summon 1 WIND monster. You can only use this effect of "Harpie Dancer" once per turn. This card's name becomes "Harpie Lady" while on the field or in the GY.$WIND/Harpie Lady$$Returns from field to hand$Ignition/Condition/Unclassified$
$The Winged Dragon of Ra - Sphere Mode$Unlimited$DIVINE$[Divine-Beast/Effect]$$$$$10$?$?$$$$Cannot be Special Summoned. Requires 3 Tributes from either side of the field to Normal Summon to that side of the field (cannot be Normal Set), then shift control to this card's owner during the End Phase of the next turn. Cannot attack. Your opponent cannot target this card for attacks or by card effects. You can Tribute this card; Special Summon 1 "The Winged Dragon of Ra" from your hand or Deck, ignoring its Summoning conditions, and if you do, its ATK/DEF become 4000.$The Winged Dragon of Ra$$Tributes opponent's monsters/Changes control/Tributes itself for cost$Summon/Continuous/Ignition$
$The Winged Dragon of Ra - Immortal Phoenix$Unlimited$DIVINE$[Divine-Beast/Effect]$$$$$10$4000$4000$$$$Cannot be Normal Summoned/Set. Must be Special Summoned by its own effect. If "The Winged Dragon of Ra" is sent from the field to your GY while this card is in your GY: Special Summon this card. Cards and effects cannot be activated in response to this effect's activation. This card is unaffected by other cards' effects. You can pay 1000 LP; send 1 monster on the field to the GY. Once per turn, during the End Phase: Send this card to the GY, and if you do, Special Summon 1 "The Winged Dragon of Ra - Sphere Mode" from your hand, Deck, or GY, ignoring its Summoning conditions.$The Winged Dragon of Ra/The Winged Dragon of Ra - Sphere Mode$$Sends from field to Graveyard/Sends itself from field to Graveyard$Summon/Trigger/Condition/Continuous/Ignition$
82103466$Divine Serpent Geh$Unlimited$DARK$[Reptile/Effect]$$$$$12$?$0$$$$Cannot be Normal Summoned/Set. Must be Special Summoned by its own effect. If a monster(s) you control is destroyed by an opponent's attack or card effect: You can pay half your LP; Special Summon this card from your hand. Cannot be targeted by card effects. If this card attacks an opponent's monster, during the Damage Step only, negate the effects of that monster while it is face-up on the field (but its effects can still be activated), also its ATK becomes half its original ATK. Once per battle, if this card battles, during damage calculation (Quick Effect): You can make this card's ATK become equal to the highest original ATK on the field (your choice, if tied).$$$Activates from your hand/Activates if destroyed by battle/Activates if destroyed by card effect$Summon/Trigger/Continuous/Quick$
55410871$Blue-Eyes Chaos MAX Dragon$Unlimited$DARK$[Dragon/Ritual/Effect]$$$$$8$4000$0$$$$You can Ritual Summon this card with "Chaos Form". Must be Ritual Summoned. Your opponent cannot target this card with card effects, also it cannot be destroyed by your opponent's card effects. If this card attacks a Defense Position monster, inflict double piercing battle damage.$$$$Summon/Continuous$
21082832$Chaos Form$Unlimited$SPELL$$$$$$$$$Ritual$$$This card can be used to Ritual Summon any "Chaos" or "Black Luster Soldier" Ritual Monster. You must also Tribute monsters from your hand or field and/or banish "Blue-Eyes White Dragon" or "Dark Magician" from your GY, whose total Levels exactly equal the Level of the "Chaos" or "Black Luster Soldier" Ritual Monster you Ritual Summon.$Supports archetypes /Chaos/Black Luster Soldier $$Tributes as an effect$Effect$
59750328$Card of Demise$Unlimited(OCG)$SPELL$$$$$$$$$$$$Draw until you have 3 cards in your hand, also for the rest of this turn after this card resolves, your opponent takes no damage. During the End Phase of this turn, send your entire hand to the GY. You can only activate 1 "Card of Demise" per turn. You cannot Special Summon during the turn you activate this card.$$$You draw cards/Sends from your hand to your Graveyard$Effect/Lingering/Condition$
47222536$Dark Magical Circle$Unlimited$SPELL$$$$$$$$$Continuous$$$When this card is activated: Look at the top 3 cards of your Deck, then you can reveal 1 of them that is "Dark Magician" or a Spell/Trap that mentions "Dark Magician", and add it to your hand, also place the remaining cards on top of your Deck in any order. If "Dark Magician" is Normal or Special Summoned to your field (except during the Damage Step): You can target 1 card your opponent controls; banish it. You can only use each effect of "Dark Magical Circle" once per turn.$Dark Magician$$Activates upon Normal Summon/Activates upon Special Summon/Adds from Deck to hand/Looks at cards from the top of the player's Deck/Reveals cards from your Deck/Changes Deck order/Places cards from the Deck on the top of the Deck$Effect/Trigger-like/Condition$
48680970$Eternal Soul$Unlimited$TRAP$$$$$$$$$Continuous$$$Every "Dark Magician" in your Monster Zone is unaffected by your opponent's card effects. If this face-up card leaves the field: Destroy all monsters you control. You can only use the following effect of "Eternal Soul" once per turn. You can activate 1 of these effects;●Special Summon 1 "Dark Magician" from your hand or GY.●Add 1 "Dark Magic Attack" or "Thousand Knives" from your Deck to your hand.$Dark Magician/Dark Magic Attack/Thousand Knives$$Adds from Deck to hand$Continuous-like/Trigger-like/Condition/Quick-like$
27780618$Vision HERO Vyon$Unlimited$DARK$[Warrior/Effect]$$$$$4$1000$1200$$$$If this card is Normal or Special Summoned: You can send 1 "HERO" monster from your Deck to the GY. You can only use this effect of "Vision HERO Vyon" once per turn. Once per turn: You can banish 1 "HERO" monster from your GY; add 1 "Polymerization" from your Deck to your hand.$Supports archetypes /HERO$$Activates upon Normal Summon/Activates upon Special Summon/Sends from your Deck to your Graveyard/Adds from Deck to hand$Trigger/Condition/Ignition$
95735217$Ancient Gear Golem - Ultimate Pound$Unlimited$EARTH$[Machine/Effect]$$$$$8$3000$3000$$$$Cannot be Special Summoned. If this card attacks a Defense Position monster, inflict piercing battle damage. Up to twice per turn, when this attacking card destroys a monster by battle: You can discard 1 Machine monster; this card can attack again in a row. If this card on the field is destroyed by battle or card effect: You can add 1 "Polymerization" from your Deck to your hand, and if you do, add 1 other "Ancient Gear" monster from your GY to your hand.$Supports archetypes /Ancient Gear$$Activates when it destroys a monster by battle/Discards for cost/Activates if destroyed by battle/Activates if destroyed by card effect/Adds from Deck to hand/Adds from Graveyard to hand$Summon/Continuous/Trigger$
45906428$Miracle Fusion$Unlimited$SPELL$$$$$$$$$$$$Fusion Summon 1 "Elemental HERO" Fusion Monster from your Extra Deck, by banishing Fusion Materials mentioned on it from your field or GY.$Supports archetypes /Elemental HERO$$Uses cards on the player's field as Fusion Materials/Uses cards in the player's Graveyard as Fusion Materials$Effect$
45247637$Mark of the Rose$Unlimited$SPELL$$$$$$$$$Equip$$$Activate this card by banishing 1 Plant monster from your GY, then target 1 face-up monster your opponent controls; equip this card to it. Take control of the equipped monster. Once per turn, during your End Phase: Negate this card's effect until your next Standby Phase.$Plant$$Takes control of equipped$Cost/Continuous-like/Trigger-like$
09753964$Hot Red Dragon Archfiend Abyss$Unlimited$DARK$[Dragon/Synchro/Effect]$$$$$9$3200$2500$$1 Tuner + 1 non-Tuner DARK Dragon Synchro Monster$$(Quick Effect): You can target 1 face-up card your opponent controls; negate its effects until the end of this turn. When this card inflicts battle damage to your opponent: You can target 1 Tuner in your GY; Special Summon it in Defense Position. You can only use each effect of "Hot Red Dragon Archfiend Abyss" once per turn.$DARK/Dragon/Synchro Monster$$$Quick/Trigger/Condition$
36857073$Hot Red Dragon Archfiend Bane$Unlimited$DARK$[Dragon/Synchro/Effect]$$$$$10$3500$3000$$1 Tuner + 1 non-Tuner DARK Dragon Synchro Monster$$You can Tribute 1 monster, then target 1 "Red Dragon Archfiend" monster in your GY; Special Summon it. When this card inflicts battle damage to your opponent: You can Special Summon 2 Tuners with the same Level (1 from your Deck and 1 from your GY) in Defense Position. You can only use each effect of "Hot Red Dragon Archfiend Bane" once per turn.$Supports archetypes /Red Dragon Archfiend $$Tributes for cost$Ignition/Trigger/Condition$
62242678$Hot Red Dragon Archfiend King Calamity$Unlimited$DARK$[Dragon/Synchro/Effect]$$$$$12$4000$3500$$2 Tuners + 1 non-Tuner DARK Dragon Synchro Monster$$When this card is Synchro Summoned: You can activate this effect; for the rest of this turn, your opponent cannot activate cards, also cards your opponent controls cannot activate their effects. Your opponent cannot activate cards or effects in response to this effect's activation. If this card destroys a monster by battle: Inflict damage to your opponent equal to that monster's original ATK. If this card in its owner's possession is destroyed by an opponent's card: You can target 1 Level 8 or lower DARK Dragon Synchro Monster in your GY; Special Summon it.$DARK/Dragon/Synchro Monster$$Activates upon Synchro Summon/Activates if destroyed by battle/Activates if destroyed by card effect$Trigger/Condition$
38331564$Star Seraph Scepter$Unlimited$LIGHT$[Fairy/Effect]$$$$$4$1800$400$$$$When this card is Normal or Special Summoned: You can add 1 "Star Seraph" monster from your Deck to your hand, except "Star Seraph Scepter". An Xyz Monster that was Summoned using 3 or more monsters, including this card on the field, as materials gains this effect.●When it is Xyz Summoned: You can target 1 other card on the field; destroy it, and if you do, you can draw 1 card.$Supports archetypes /Star Seraph$$Activates upon Normal Summon/Activates upon Special Summon/Adds from Deck to hand/Grants effect as Xyz Material/Activates upon Xyz Summon/You draw cards$Trigger/Unclassified$
91110378$Star Seraph Sovereignty$Unlimited$LIGHT$[Fairy/Effect]$$$$$4$800$2000$$$$Cannot be used as material for an Xyz Summon, except for an Xyz Summon that uses 3 or more monsters as material. If you Normal or Special Summon a "Star Seraph" monster(s), except during the Damage Step: You can Special Summon this card from your hand, and if you do, draw 1 card, then you can Special Summon it if it is a "Star Seraph" monster.$Supports archetypes /Star Seraph$$You draw cards$Condition/Trigger$
46659709$Galaxy Soldier$Unlimited$LIGHT$[Machine/Effect]$$$$$5$2000$0$$$$You can send 1 other LIGHT monster from your hand to the GY; Special Summon this card from your hand in Defense Position. When this card is Special Summoned: You can add 1 "Galaxy" monster from your Deck to your hand. You can only use this effect of "Galaxy Soldier" once per turn.$Supports archetypes /Galaxy$$Sends from your hand to your Graveyard/Adds from Deck to hand$Ignition/Trigger/Condition$
39030163$Galaxy-Eyes Full Armor Photon Dragon$Unlimited$LIGHT$[Dragon/Xyz/Effect]$$$8$$$4000$3500$$3 Level 8 monsters$$You can also Xyz Summon this card by using a "Galaxy-Eyes" Xyz Monster you control as material, except "Galaxy-Eyes Full Armor Photon Dragon". (Transfer its materials to this card.) Once per turn: You can target up to 2 Equip Cards equipped to this card; attach them to this card as material. Once per turn: You can detach 1 material from this card, then target 1 face-up card your opponent controls; destroy it.$Supports archetypes /Galaxy-Eyes$$Transfers/Attaches as Xyz Material$Summon/Ignition$
94770493$Double or Nothing!$Unlimited$SPELL$$$$$$$$$Quick-Play$$$When a monster's attack is negated: Target that monster; it can make a second attack during this Battle Phase, and if it does, its ATK is doubled during the Damage Step only.$$$$Activation requirement/Effect$
11705261$Xyz Change Tactics$Unlimited$SPELL$$$$$$$$$Continuous$$$When a "Utopia" monster is Xyz Summoned to your field: You can pay 500 LP; draw 1 card. You can only control 1 "Xyz Change Tactics".$Supports archetypes /Utopia $$Activates upon Xyz Summon/You draw cards$Trigger-like/Unclassified$
35272499$Predaplant Ophrys Scorpio$Limited(OCG)$DARK$[Plant/Effect]$$$$$3$1200$800$$$$If this card is Normal or Special Summoned: You can send 1 monster from your hand to the GY; Special Summon 1 "Predaplant" monster from your Deck, except "Predaplant Ophrys Scorpio". You can only use this effect of "Predaplant Ophrys Scorpio" once per turn.$Supports archetypes /Predaplant$$Activates upon Normal Summon/Activates upon Special Summon/Sends from hand to Graveyard for cost$Trigger/Condition$
34773082$Frightfur Patchwork$Unlimited$SPELL$$$$$$$$$$$$Add 1 "Edge Imp" monster and 1 "Polymerization" from your Deck to your hand. You can only activate 1 "Frightfur Patchwork" per turn.$Supports archetypes /Edge Imp$$Adds from Deck to hand$Effect/Condition$
50954680$Crystal Wing Synchro Dragon$Unlimited$WIND$[Dragon/Synchro/Effect]$$$$$8$3000$2500$$1 Tuner + 1+ non-Tuner Synchro Monsters$$Once per turn, when another monster's effect is activated (Quick Effect): You can negate the activation, and if you do, destroy that monster, and if you do that, this card gains ATK equal to the destroyed monster's original ATK until the end of this turn. If this card battles an opponent's Level 5 or higher monster, during damage calculation: This card gains ATK equal to the current ATK of the opponent's monster it is battling during that damage calculation only.$Synchro Monster$$$Quick/Trigger$
69946549$Predaplant Dragostapelia$Unlimited$DARK$[Plant/Fusion/Effect]$$$$$8$2700$1900$$1 Fusion Monster + 1 DARK monster$$Once per turn (Quick Effect): You can target 1 face-up monster your opponent controls; place 1 Predator Counter on it, and if it is Level 2 or higher, it becomes Level 1 as long as it has a Predator Counter. Negate the activated effects of your opponent's monsters that have Predator Counters.$Fusion Monster/DARK$$$Quick/Continuous$
32995276$Link Disciple$Unlimited$LIGHT$[Cyberse/Link/Effect]$1$Bottom$$$$500$- $$1 Level 4 or lower Cyberse monster$$You can Tribute 1 monster this card points to; draw 1 card, then place 1 card from your hand on the bottom of the Deck. You can only use this effect of "Link Disciple" once per turn.$Cyberse$$Tributes for cost/You draw cards/Returns from your hand to your Deck$Ignition/Condition$
41999284$Linkuriboh$Unlimited$DARK$[Cyberse/Link/Effect]$1$Bottom$$$$300$- $$1 Level 1 monster$$When an opponent's monster declares an attack: You can Tribute this card; change that opponent's monster's ATK to 0, until the end of this turn. If this card is in your GY (Quick Effect): You can Tribute 1 Level 1 monster; Special Summon this card. You can only use this effect of "Linkuriboh" once per turn.$$$Activates upon attack declaration/Tributes itself for cost/Activates from your Graveyard/Tributes for cost$Trigger/Quick/Condition$
32448765$Trickstar Holly Angel$Unlimited$LIGHT$[Fairy/Link/Effect]$2$Bottom-Left/Bottom-Right$$$$2000$- $$2 "Trickstar" monsters$$Each time a "Trickstar" monster(s) is Normal or Special Summoned to a zone(s) this card points to, inflict 200 damage to your opponent. "Trickstar" monsters this card points to cannot be destroyed by battle or card effects. If your opponent takes damage by a "Trickstar" monster's effect: This card gains ATK equal to the damage they took, until the end of this turn.$Supports archetypes /Trickstar$$Activates upon Normal Summon/Activates upon Special Summon/Activates when it inflicts effect damage$Continuous/Trigger$
78437364$Gouki The Great Ogre$Unlimited$EARTH$[Warrior/Link/Effect]$3$Bottom-Left/Bottom/Bottom-Right$$$$2600$- $$2+ "Gouki" monsters$$All monsters on the field lose ATK equal to their original DEF. If this card would be destroyed by battle or card effect, you can destroy 1 of your monsters this card points to instead.$Supports archetypes /Gouki$$$Continuous$
31833038$Borreload Dragon$Unlimited$DARK$[Dragon/Link/Effect]$4$Left/Bottom-Left/Bottom-Right/Right$$$$3000$- $$3+ Effect Monsters$$Neither player can target this card with monster effects. Once per turn (Quick Effect): You can target 1 face-up monster on the field; it loses 500 ATK/DEF. Your opponent cannot activate cards or effects in response to this effect's activation. At the start of the Damage Step, if this card attacks an opponent's monster: You can place that opponent's monster in a zone this card points to and take control of it, but send it to the GY during the End Phase of the next turn.$Effect Monster$$Changes control/Sends from your field to your Graveyard$Continuous/Quick/Condition/Trigger$
59438930$Ghost Ogre & Snow Rabbit$Unlimited$LIGHT$[Psychic/Tuner/Effect]$$$$$3$0$1800$$$$When a monster on the field activates its effect, or when a Spell/Trap that is already face-up on the field activates its effect (Quick Effect): You can send this card from your hand or field to the GY; destroy that card on the field. You can only use this effect of "Ghost Ogre & Snow Rabbit" once per turn.$$$Sends itself from hand to Graveyard for cost/Sends itself from field to Graveyard for cost$Quick/Condition$
62015408$Ghost Reaper & Winter Cherries$Unlimited$DARK$[Zombie/Tuner/Effect]$$$$$3$0$1800$$$$If your opponent controls more monsters than you do (Quick Effect): You can discard this card; reveal 1 card in your Extra Deck, then look at your opponent's Extra Deck, also banish all cards in their Extra Deck with the same name as that revealed card. You can only use this effect of "Ghost Reaper & Winter Cherries" once per turn.$$$Activates from your hand/Discards itself for cost/Reveals your Extra Deck/Reveals your opponent's Extra Deck$Quick/Condition$
14558127$Ash Blossom & Joyous Spring$Unlimited$FIRE$[Zombie/Tuner/Effect]$$$$$3$0$1800$$$$When a card or effect is activated that includes any of these effects (Quick Effect): You can discard this card; negate that effect.●Add a card from the Deck to the hand.●Special Summon from the Deck.●Send a card from the Deck to the GY.You can only use this effect of "Ash Blossom & Joyous Spring" once per turn.$$$Activates from your hand/Discards itself for cost$Quick/Condition$
73642296$Ghost Belle & Haunted Mansion$Unlimited$EARTH$[Zombie/Tuner/Effect]$$$$$3$0$1800$$$$When a card or effect is activated that includes any of these effects (Quick Effect): You can discard this card; negate that activation.●Add a card(s) from the GY to the hand, Deck, and/or Extra Deck.●Special Summon a Monster Card(s) from the GY.●Banish a card(s) from the GY.You can only use this effect of "Ghost Belle & Haunted Mansion" once per turn.$$$Activates from your hand/Discards itself for cost$Quick/Condition$
87602890$Zaborg the Mega Monarch$Unlimited$LIGHT$[Thunder/Effect]$$$$$8$2800$1000$$$$You can Tribute Summon this card by Tributing 1 Tribute Summoned monster. If this card is Tribute Summoned: Target 1 monster on the field; destroy it, then, if it was a LIGHT monster, both players send as many cards as possible from their Extra Deck to the GY, but not more than the original Level/Rank of that destroyed monster. If this card was Tribute Summoned by Tributing a LIGHT monster, add this additional effect.●You choose the cards your opponent sends to the GY.$Tribute Monster/LIGHT$$Activates upon Tribute Summon/Sends from Extra Deck to Graveyard$Summon/Trigger/Condition$
77901552$Hieratic Dragon of Tefnuit$Unlimited$LIGHT$[Dragon/Effect]$$$$$6$2100$1400$$$$If only your opponent controls a monster, you can Special Summon this card (from your hand). Cannot attack during the turn it is Special Summoned this way. When this card is Tributed: Special Summon 1 Dragon Normal Monster from your hand, Deck, or GY, and make its ATK/DEF 0.$Dragon/Normal Monster$$Activates if Tributed$Summon/Condition/Trigger$
86585274$High Priestess of Prophecy$Unlimited$LIGHT$[Spellcaster/Effect]$$$$$7$2500$2100$$$$You can reveal 3 "Spellbook" Spells in your hand; Special Summon this card from your hand. Once per turn: You can banish 1 "Spellbook" Spell from your hand or GY, then target 1 card on the field; destroy that target.$Supports archetypes /Spellbook$$Reveals your hand for cost$Ignition$
96789758$Aromage Jasmine$Unlimited$LIGHT$[Plant/Effect]$$$$$2$100$1900$$$$During your Main Phase, while your LP are higher than your opponent's, you can Normal Summon 1 Plant monster in addition to your Normal Summon/Set, except "Aromage Jasmine". (You can only gain this effect once per turn.) Once per turn, if you gain LP: Draw 1 card.$Plant$$Activates if you gain LP/You draw cards$Continuous/Trigger$
58569561$Aromage Rosemary$Unlimited$WATER$[Plant/Effect]$$$$$4$1800$700$$$$While your LP are higher than your opponent's, if a Plant monster you control attacks, your opponent cannot activate monster effects until the end of the Damage Step. Once per turn, if you gain LP: Target 1 face-up monster on the field; change its battle position.$Plant$$Activates if you gain LP/Changes battle positions$Continuous/Trigger$
90307777$Shurit, Strategist of the Nekroz$Unlimited$WATER$[Warrior/Effect]$$$$$3$300$1800$$$$If you Ritual Summon exactly 1 "Nekroz" Ritual Monster with a card effect that requires use of monsters, this card can be used as the entire requirement. If this card is Tributed by a card effect: You can add 1 Warrior "Nekroz" Ritual Monster from your Deck to your hand. You can only use this effect of "Shurit, Strategist of the Nekroz" once per turn.$Supports archetypes /Nekroz$$Adds from Deck to hand$Unclassified/Trigger/Condition$
99185129$Nekroz of Clausolas$Unlimited$WATER$[Warrior/Ritual/Effect]$$$$$3$1200$2300$$$$You can Ritual Summon this card with any "Nekroz" Ritual Spell. Must be Ritual Summoned. You can only use each of these effects of "Nekroz of Clausolas" once per turn.●You can discard this card; add 1 "Nekroz" Spell/Trap from your Deck to your hand.●(Quick Effect): You can target 1 face-up monster on the field that was Special Summoned from the Extra Deck; until the end of this turn, that target's ATK becomes 0, also that target's effects are negated.$Supports archetypes /Nekroz$$Discards itself for cost/Adds from Deck to hand$Summon/Condition/Ignition/Quick$
26674724$Nekroz of Brionac$Unlimited$WATER$[Warrior/Ritual/Effect]$$$$$6$2300$1400$$$$You can Ritual Summon this card with any "Nekroz" Ritual Spell. Must be Ritual Summoned, without using "Nekroz of Brionac". You can only use each of these effects of "Nekroz of Brionac" once per turn.●You can discard this card; add 1 "Nekroz" monster from your Deck to your hand, except "Nekroz of Brionac".●You can target up to 2 face-up monsters on the field that were Special Summoned from the Extra Deck; shuffle them into the Deck.$Supports archetypes /Nekroz$$Discards itself for cost/Adds from Deck to hand/Returns from field to Deck$Summon/Condition/Ignition$
52068432$Nekroz of Trishula$Unlimited$WATER$[Warrior/Ritual/Effect]$$$$$9$2700$2000$$$$You can Ritual Summon this card with any "Nekroz" Ritual Spell. Must be Ritual Summoned, without using any Level 9 monsters. You can only use each of these effects of "Nekroz of Trishula" once per turn.●When a card or effect is activated that targets a "Nekroz" monster(s) you control (Quick Effect): You can discard this card; negate the activation.●When this card is Ritual Summoned, you can: Banish exactly 3 of your opponent's cards, 1 each from their hand, field, and GY. (The card in the hand is chosen at random.)$Supports archetypes /Nekroz$$Discards itself for cost/Activates upon Ritual Summon$Summon/Condition/Quick/Trigger$
89463537$Nekroz of Unicore$Unlimited$WATER$[Spellcaster/Ritual/Effect]$$$$$4$2300$1000$$$$You can Ritual Summon this card with any "Nekroz" Ritual Spell. Must be Ritual Summoned. You can discard this card, then target 1 "Nekroz" card in your GY, except "Nekroz of Unicore"; add it to your hand. You can only use this effect of "Nekroz of Unicore" once per turn. Negate the effects of face-up monsters on the field that were Special Summoned from the Extra Deck.$Supports archetypes /Nekroz$$Discards itself for cost/Adds from Graveyard to hand$Summon/Ignition/Condition/Continuous$
25857246$Nekroz of Valkyrus$Unlimited$WATER$[Spellcaster/Ritual/Effect]$$$$$8$2900$1700$$$$You can Ritual Summon this card with any "Nekroz" Ritual Spell. Must be Ritual Summoned, without using any Level 8 monsters. You can only use each of these effects of "Nekroz of Valkyrus" once per turn.●When an opponent's monster declares an attack: You can banish 1 "Nekroz" card from your GY and discard this card; negate the attack, then end the Battle Phase.●During your Main Phase: You can Tribute up to 2 monsters from your hand and/or field, and if you do, draw the same number of cards you Tributed.$Supports archetypes /Nekroz$$Activates upon attack declaration/Discards itself for cost/Ends the Battle Phase/Tributes as an effect/You draw cards$Summon/Condition/Trigger/Ignition$
20366274$El Shaddoll Construct$Unlimited$LIGHT$[Fairy/Fusion/Effect]$$$$$8$2800$2500$$1 "Shaddoll" monster + 1 LIGHT monster$$Must first be Fusion Summoned. If this card is Special Summoned: You can send 1 "Shaddoll" card from your Deck to the GY. At the start of the Damage Step, if this card battles a Special Summoned monster: Destroy that monster. If this card is sent to the GY: You can target 1 "Shaddoll" Spell/Trap in your GY; add it to your hand.$Supports archetypes /Shaddoll$$Activates upon Special Summon/Sends from your Deck to your Graveyard/Activates from your Graveyard/Adds from Graveyard to hand$Summon/Trigger$
33198837$Naturia Beast$Unlimited$EARTH$[Beast/Synchro/Effect]$$$$$5$2200$1700$$1 EARTH Tuner + 1+ non-Tuner EARTH monsters$$When a Spell Card is activated (Quick Effect): You can send the top 2 cards of your Deck to the GY; negate the activation, and if you do, destroy it. This card must be face-up on the field to activate and to resolve this effect.$EARTH$$Sends from the top of your Deck to your Graveyard for cost$Quick/Condition$
27337596$Hieratic Dragon King of Atum$Unlimited$LIGHT$[Dragon/Xyz/Effect]$$$6$$$2400$2100$$2 Level 6 Dragon monsters$$Once per turn: You can detach 1 material from this card; Special Summon 1 Dragon monster from your Deck, and make its ATK/DEF 0. This card cannot attack during the turn you activate this effect.$Dragon$$$Ignition/Condition$
84025439$Super Quantal Mech King Great Magnus$Unlimited$LIGHT$[Machine/Xyz/Effect]$$$12$$$3600$3200$$3 Level 12 monsters$$If this card is sent to the GY: You can Special Summon 3 "Super Quantal Mech Beast" Xyz Monsters with different names from your GY. This card gains these effects, based on the number of materials with different names attached to it.●2+: Once per turn, during the Main Phase (Quick Effect): You can detach 1 material from this card; shuffle 1 card on the field into the Deck.●4+: It is unaffected by card effects, except "Super Quant" cards.●6+: Your opponent cannot add cards from the Deck to the hand by card effects.$Supports archetypes /Super Quant/Super Quantal Mech Beast$$Returns from field to Deck/Activates from your Graveyard/Prevents adding cards from Deck to hand$Trigger/Condition/Quick/Continuous$
86938484$Shaddoll Construct$Unlimited$LIGHT$[Fairy/Link/Effect]$2$Left/Right$$$$1200$- $$2 Flip monsters$$During your Main Phase: You can Fusion Summon 1 "Shaddoll" Fusion Monster from your Extra Deck, using monsters from your hand or field as Fusion Material. If this card is in your GY: You can send 1 "Shaddoll" card from your hand or face-up field to the GY, and if you do, Special Summon this card. You can only use each effect of "Shaddoll Construct" once per turn.$Supports archetypes /Shaddoll$$Uses cards in the hand as Fusion Materials/Uses cards on the player's field as Fusion Materials/Activates from your Graveyard/Sends from your hand to your Graveyard/Sends from your field to your Graveyard$Ignition/Condition$
22423493$Qliphort Genius$Unlimited$EARTH$[Machine/Link/Effect]$2$Bottom-Left/Bottom-Right$$$$1800$- $$2 Machine monsters$$This Link Summoned card is unaffected by Spell/Trap effects and the activated effects of other Link Monsters. Once per turn: You can target 1 face-up card on each player's field, except this card; both those cards have their effects negated until the end of this turn. When 2 monsters are Special Summoned at the same time to the zones this card points to: You can add 1 Level 5 or higher Machine monster from your Deck to your hand.$Machine$Link Monster$Activates upon Special Summon/Adds from Deck to hand$Continuous/Ignition/Trigger$
06417578$El Shaddoll Fusion$Unlimited$SPELL$$$$$$$$$Quick-Play$$$Fusion Summon 1 "Shaddoll" Fusion Monster from your Extra Deck, using monsters from your hand or field as Fusion Material. You can only activate 1 "El Shaddoll Fusion" per turn.$Supports archetypes /Shaddoll$$Sends from your hand to your Graveyard/Sends from your field to your Graveyard/Uses cards in the hand as Fusion Materials/Uses cards on the player's field as Fusion Materials$Effect/Condition$
14735698$Nekroz Mirror$Unlimited$SPELL$$$$$$$$$Ritual$$$This card can be used to Ritual Summon any "Nekroz" Ritual Monster. Tribute monsters from your hand or field, and/or banish "Nekroz" monsters from your GY, then Ritual Summon 1 "Nekroz" Ritual Monster from your hand whose Level exactly equals the total Levels of those monsters. You can only use this effect of "Nekroz Mirror" once per turn. If you control no monsters: You can banish this card and 1 "Nekroz" monster from your GY; add 1 "Nekroz" Spell from your Deck to your hand.$Supports archetypes /Nekroz$$Tributes as an effect/Adds from Deck to hand$Effect/Condition/Ignition-like$
51124303$Nekroz Kaleidoscope$Unlimited$SPELL$$$$$$$$$Ritual$$$This card can be used to Ritual Summon any number of "Nekroz" Ritual Monsters. Tribute 1 monster from your hand or field, or send 1 monster from your Extra Deck to the GY, also after that, Ritual Summon any number of "Nekroz" monsters whose total Levels exactly equal the Level of that monster. You can only use this effect of "Nekroz Kaleidoscope" once per turn. If you control no monsters: You can banish this card and 1 "Nekroz" monster from your GY; add 1 "Nekroz" Spell from your Deck to your hand.$Supports archetypes /Nekroz$$Tributes as an effect/Sends from Extra Deck to Graveyard/Adds from Deck to hand$Effect/Condition/Ignition-like$
15693423$Evenly Matched$Unlimited$TRAP$$$$$$$$$$$$At the end of the Battle Phase, if your opponent controls more cards than you do: You can make your opponent banish cards from their field face-down so they control the same number of cards as you do. If you control no cards, you can activate this card from your hand.$$$$Activation requirement/Effect/Condition$
10045474$Infinite Impermanence$Unlimited$TRAP$$$$$$$$$$$$Target 1 face-up monster your opponent controls; negate its effects (until the end of this turn), then, if this card was Set before activation and is on the field at resolution, for the rest of this turn all other Spell/Trap effects in this column are negated. If you control no cards, you can activate this card from your hand.$$$$Effect/Condition$
