Passcode$Name$Status$Attribute$type$link$link_arrows$rank$pendulum_scale$level$attack$defense$spell_attribute$summoning_condition$pendulum_condition$card_text$card_supports$card_anti_supports$card_actions$effect_types$
62476815$Gogogo Golem$Unlimited$EARTH$[Rock/Effect]$$$$$4$1800$1500$$$$Once per turn, this Defense Position card cannot be destroyed by battle.$$$$Continuous$
51254277$Big Jaws$Unlimited$WATER$[Fish/Effect]$$$$$3$1800$300$$$$At the end of the Battle Phase, if this card attacked: Banish it.$$$$Trigger$
29116732$Daybreaker$Unlimited$LIGHT$[Warrior/Effect]$$$$$4$1700$0$$$$When this card is Special Summoned: You can Special Summon 1 "Daybreaker" from your hand.$$$Activates upon Special Summon$Trigger$
29654737$Amazoness Chain Master$Unlimited$EARTH$[Warrior/Effect]$$$$$4$1500$1300$$$$When this card is destroyed by battle and sent to the GY: You can pay 1500 LP; look at your opponent's hand, then add 1 monster from their hand to your hand.$$$Reveals your opponent's hand/Exchanges cards$Trigger$
37742478$Honest$Unlimited$LIGHT$[Fairy/Effect]$$$$$4$1100$1900$$$$During your Main Phase: You can return this face-up card from the field to the hand. During the Damage Step, when a LIGHT monster you control battles (Quick Effect): You can send this card from your hand to the GY; that monster gains ATK equal to the ATK of the opponent's monster it is battling, until the end of this turn.$LIGHT$$Returns itself from field to hand/Sends itself from hand to Graveyard for cost$Ignition/Quick$
80344569$Neo-Spacian Grand Mole$Unlimited$EARTH$[Rock/Effect]$$$$$3$900$300$$$$At the start of the Damage Step, if this card battles an opponent's monster: You can return both the opponent's monster and this card to the hand.$$$Returns from your opponent's field to your opponent's hand/Returns itself from field to hand$Trigger$
23571046$Quillbolt Hedgehog$Unlimited$EARTH$[Machine/Effect]$$$$$2$800$800$$$$If this card is in your GY: You can Special Summon this card, but banish it when it leaves the field. You must control a Tuner to activate and to resolve this effect.$Tuner monster$$Activates from your Graveyard$Ignition/Condition$
68140974$Meklord Emperor Wisel$Unlimited$DARK$[Machine/Effect]$$$$$1$2500$2500$$$$Cannot be Normal Summoned/Set. Must be Special Summoned by its own effect. When a face-up monster you control is destroyed by a card effect and sent to the GY (except during the Damage Step): You can Special Summon this card from your hand. Other monsters you control cannot declare an attack. Once per turn: You can target 1 Synchro Monster your opponent controls; equip that target to this card. This card gains ATK equal to the combined ATK of the monsters equipped to it by this effect. Once per turn, when your opponent activates a Spell Card (Quick Effect): You can negate the activation, and if you do, destroy it.$$Synchro Monster$Equips monsters from the opponent's field to itself$Summon/Trigger/Continuous/Ignition/Quick$
73891874$White-Horned Dragon$Unlimited$DARK$[Dragon/Effect]$$$$$6$2200$1400$$$$When this card is Normal or Special Summoned: Target up to 5 Spell Cards in your opponent's Graveyard; banish those target(s), and if you do, this card gains 300 ATK for each card banished by this effect.$$Spell Card$Activates upon Normal Summon/Activates upon Special Summon$Trigger$
61802346$Blizzard Dragon$Unlimited$WATER$[Dragon/Effect]$$$$$4$1800$1000$$$$Once per turn: You can target 1 monster your opponent controls; it cannot change its battle position or declare an attack until the end of your opponent's next turn.$$$Prevents Battle Position changes$Ignition$
92826944$Mezuki$Unlimited$EARTH$[Zombie/Effect]$$$$$4$1700$800$$$$You can banish this card from your GY, then target 1 Zombie monster in your GY; Special Summon that target.$Zombie$$Activates from your Graveyard$Ignition$
47217354$Fabled Raven$Unlimited$LIGHT$[Fiend/Tuner/Effect]$$$$$2$1300$1000$$$$Once per turn: You can discard any number of cards, and if you do, this card gains 1 Level and 400 ATK for each discarded card, until the end of this turn.$$$Discards for effect$Ignition$
51808422$XX-Saber Faultroll$Unlimited$EARTH$[Warrior/Effect]$$$$$6$2400$1800$$$$Cannot be Normal Summoned/Set. Must be Special Summoned (from your hand) by controlling 2 or more face-up "X-Saber" monsters, and cannot be Special Summoned by other ways. Once per turn: You can target 1 Level 4 or lower "X-Saber" monster in your Graveyard; Special Summon that target.$Supports archetypes /X-Saber$$$Summon/Ignition$
43114901$Gem-Knight Sardonyx$Unlimited$EARTH$[Pyro/Gemini/Effect]$$$$$4$1800$900$$$$This card is treated as a Normal Monster while face-up on the field or in the Graveyard. While this card is face-up on the field, you can Normal Summon it to have it become an Effect Monster with this effect.●When this card destroys an opponent's monster by battle and sends it to the Graveyard: You can add 1 "Gem-Knight" card from your Deck to your hand.$Supports archetypes /Gem-Knight$$Activates when it destroys a monster by battle/Adds from Deck to hand$Unclassified/Condition/Trigger$
89609515$Laval Phlogis$Unlimited$FIRE$[Pyro/Effect]$$$$$4$1700$800$$$$When this card is sent to the Graveyard: All "Laval" monsters you currently control gain 300 ATK.$Supports archetypes /Laval$$Activates from your Graveyard$Trigger$
16693254$Gishki Avance$Unlimited$WATER$[Spellcaster/Effect]$$$$$4$1500$800$$$$Once per turn: You can choose 1 "Gishki" monster from your Deck and place it on top of your Deck.$Supports archetypes /Gishki$$Changes your Deck order/Places cards from your Deck on the top of the Deck$Ignition$
42082363$Gusto Griffin$Unlimited$WIND$[Winged Beast/Effect]$$$$$2$800$300$$$$If this card is sent from the hand to your Graveyard: You can Special Summon 1 "Gusto" monster from your Deck. You can only use the effect of "Gusto Griffin" once per turn.$Supports archetypes /Gusto$$Activates from your Graveyard$Trigger/Condition$
78486968$Constellar Sheratan$Unlimited$LIGHT$[Beast/Effect]$$$$$3$700$1900$$$$When this card is Normal Summoned: You can add 1 "Constellar" monster from your Deck to your hand.$Supports archetypes /Constellar$$Activates upon Normal Summon/Adds from Deck to hand$Trigger$
15871676$Constellar Aldebaran$Unlimited$LIGHT$[Beast-Warrior/Effect]$$$$$3$1300$800$$$$When this card is Normal Summoned: You can Special Summon 1 Level 3 "Constellar" monster from your hand.$Supports archetypes /Constellar$$$Trigger$
41269771$Constellar Algiedi$Unlimited$LIGHT$[Spellcaster/Effect]$$$$$4$1600$1400$$$$When this card is Normal Summoned: You can Special Summon 1 Level 4 "Constellar" monster from your hand.$Supports archetypes /Constellar$$$Trigger$
78364470$Constellar Pollux$Unlimited$LIGHT$[Warrior/Effect]$$$$$4$1700$600$$$$During the turn this card was Normal Summoned, you can Normal Summon 1 "Constellar" monster in addition to your Normal Summon/Set. (You can only gain this effect once per turn.)$Supports archetypes /Constellar$$$Unclassified$
14759024$Constellar Zubeneschamali$Unlimited$LIGHT$[Machine/Effect]$$$$$5$2100$1400$$$$When this card is Normal or Special Summoned: You can add 1 "Constellar" monster from your Deck to your hand.$Supports archetypes /Constellar$$Adds from Deck to hand$Trigger$
40143123$Constellar Virgo$Unlimited$LIGHT$[Fairy/Effect]$$$$$5$2300$1600$$$$When this card is Normal Summoned: You can Special Summon 1 Level 5 "Constellar" monster from your hand in face-up Defense Position.$Supports archetypes /Constellar$$$Trigger$
77542832$Evilswarm Heliotrope$Unlimited$DARK$[Rock/Normal]$$$$$4$1950$650$$$$.ytilaer a maerd rieht ekam thgim yeht taht os ydob a rof gninraey ,sluos mrawsleetS gniregnil fo sthguoht eht era esehT "!etanimretxE !etacidarE !etanimilE"$$$$$
03536537$Evilswarm Zahak$Unlimited$DARK$[Dragon/Effect]$$$$$4$1850$850$$$$If this face-up card you control is destroyed by your opponent's card (by battle or card effect) and sent to your Graveyard: Target 1 Special Summoned Level 5 or higher monster on the field; destroy that target.$$$Activates from your Graveyard$Trigger$
40921545$Evilswarm Ketos$Unlimited$DARK$[Aqua/Effect]$$$$$4$1750$1050$$$$You can Tribute this card, then target 1 Spell/Trap Card your opponent controls; destroy that target.$$$Tributes itself for cost$Ignition$
72429240$Evilswarm O'lantern$Unlimited$DARK$[Pyro/Effect]$$$$$4$1650$1250$$$$You can Tribute this card, then target 1 face-up monster your opponent controls; destroy that target.$$$Tributes itself for cost$Ignition$
08814959$Evilswarm Mandragora$Unlimited$DARK$[Plant/Effect]$$$$$4$1550$1450$$$$If your opponent controls more monsters than you do, you can Special Summon this card (from your hand).$$$$Unclassified$
35209994$Evilswarm Hraesvelg$Unlimited$DARK$[Winged Beast/Effect]$$$$$4$1150$1850$$$$FLIP: Target 1 face-up card your opponent controls; return that target to the hand.$$$Returns from your opponent's field to your opponent's hand$Flip$
05405694$Black Luster Soldier$Unlimited$EARTH$[Warrior/Ritual]$$$$$8$3000$2500$$$$You can Ritual Summon this card with "Black Luster Ritual".$$$$$
71203602$Evigishki Levianima$Unlimited$WATER$[Aqua/Ritual/Effect]$$$$$8$2700$1500$$$$You can Ritual Summon this card with any "Gishki" Ritual Spell Card. When this card declares an attack: Draw 1 card, and if you do, reveal it, then if it was a "Gishki" monster, look at 1 random card in your opponent's hand.$Supports archetypes /Gishki$$Activates upon attack declaration/You draw cards/Shows the player's drawn cards/Reveals your opponent's hand$Summon/Trigger$
64599569$Chimeratech Overdragon$Unlimited$DARK$[Machine/Fusion/Effect]$$$$$9$?$?$$"Cyber Dragon" + 1+ Machine monsters$$Must be Fusion Summoned. If this card is Fusion Summoned: Send all other cards you control to the GY. The original ATK/DEF of this card each become equal to the number of Fusion Materials used for its Fusion Summon x 800. This card can attack your opponent's monsters a number of times each Battle Phase, up to the number of Fusion Materials used for its Fusion Summon.$Machine$$Activates upon Fusion Summon/Sends from your field to your Graveyard$Summon/Trigger/Continuous$
08692301$Gem-Knight Zirconia$Unlimited$EARTH$[Rock/Fusion]$$$$$8$2900$2500$$$$1 "Gem-Knight" monster + 1 Rock-Type monster$Supports archetypes /Gem-Knight$$$$
84013237$Number 39: Utopia$Unlimited$LIGHT$[Warrior/Xyz/Effect]$$$4$$$2500$2000$$2 Level 4 monsters$$When a monster declares an attack: You can detach 1 material from this card; negate the attack. If this card is targeted for an attack, while it has no material: Destroy this card.$$$Activates upon attack declaration$Trigger$
34086406$Lavalval Chain$Forbidden(OCG)$FIRE$[Sea Serpent/Xyz/Effect]$$$4$$$1800$1000$$2 Level 4 monsters$$Once per turn: You can detach 1 Xyz Material from this card to activate 1 of these effects;●Send 1 card from your Deck to the Graveyard.●Choose 1 monster from your Deck and place it on top of your Deck.$$$Sends from your Deck to your Graveyard/Changes your Deck order/Places cards from your Deck on the top of the Deck$Ignition$
00581014$Daigusto Emeral$Unlimited(OCG)$WIND$[Rock/Xyz/Effect]$$$4$$$1800$800$$2 Level 4 monsters$$Once per turn: You can detach 1 material from this card, then activate 1 of these effects.●Target 3 monsters in your GY; shuffle all 3 into the Deck, then draw 1 card.●Target 1 non-Effect Monster in your GY; Special Summon that target.$Non-Effect Monster$$Returns from your Graveyard to your Deck/You draw cards$Ignition$
47579719$Constellar Hyades$Unlimited$LIGHT$[Beast-Warrior/Xyz/Effect]$$$3$$$1900$1100$$2 Level 3 LIGHT monsters$$Once per turn: You can detach 1 Xyz Material from this card; change all monsters your opponent controls to face-up Defense Position.$LIGHT$$Changes battle positions/Flips monsters face-up$Ignition$
73964868$Constellar Pleiades$Unlimited$LIGHT$[Warrior/Xyz/Effect]$$$5$$$2500$1500$$2 Level 5 LIGHT monsters$$Once per turn (Quick Effect): You can detach 1 material from this card, then target 1 card on the field; return that target to the hand.$LIGHT$$Returns from field to hand$Quick$
00359563$Evilswarm Nightmare$Unlimited$DARK$[Fiend/Xyz/Effect]$$$4$$$950$1950$$2 Level 4 DARK monsters$$When your opponent Special Summons a monster(s) (except during the Damage Step): You can detach 1 material from this card; change that Special Summoned monster(s) to face-down Defense Position.$DARK$$Activates upon Special Summon/Flips monsters face-down$Trigger$
36757171$Evilswarm Bahamut$Unlimited$DARK$[Dragon/Xyz/Effect]$$$4$$$2350$1350$$2 Level 4 "lswarm" monsters$$Once per turn: You can detach 1 Xyz Material from this card to target 1 face-up monster your opponent controls; discard 1 "lswarm" monster, and if you do, take control of that opponent's monster.$Supports archetypes /lswarm$$Discards for effect/You discard/Changes control$Ignition$
55761792$Black Luster Ritual$Unlimited$SPELL$$$$$$$$$Ritual$$$This card is used to Ritual Summon "Black Luster Soldier". You must also Tribute monsters from your hand or field whose total Levels equal 8 or more.$$$Tributes as an effect$Effect$
03659803$Overload Fusion$Unlimited$SPELL$$$$$$$$$$$$Fusion Summon 1 DARK Machine Fusion Monster from your Extra Deck, by banishing Fusion Materials listed on it from your field or GY.$DARK/Machine/Fusion Monster$$Uses cards on the player's field as Fusion Materials/Uses cards in the player's Graveyard as Fusion Materials$Effect$
72142276$Molten Conduction Field$Unlimited$SPELL$$$$$$$$$$$$Send 2 "Laval" monsters from your Deck to the GY.$Supports archetypes /Laval$$Sends from your Deck to your Graveyard$Effect$
09236985$Gishki Photomirror$Unlimited$SPELL$$$$$$$$$Ritual$$$This card can be used to Ritual Summon any "Gishki" Ritual Monster. You must also pay Life Points equal to the Level of the Ritual Summoned monster x 500 (when this card resolves).$Supports archetypes /Gishki$$$Effect$
35631584$Constellar Star Chart$Unlimited$SPELL$$$$$$$$$Continuous$$$Once per turn, when a "Constellar" Xyz Monster(s) is Special Summoned to your side of the field (except during the Damage Step): You can draw 1 card.$Supports archetypes /Constellar$$Activates upon Special Summon/You draw cards$Trigger-like$
98427577$Scrap-Iron Scarecrow$Unlimited$TRAP$$$$$$$$$$$$When an opponent's monster declares an attack: Target the attacking monster; negate the attack, also, after that, Set this card face-down instead of sending it to the GY.$$$Activates upon attack declaration/Flips itself face-down$Activation requirement/Effect$
13504844$Gottoms' Emergency Call$Unlimited$TRAP$$$$$$$$$$$$If a face-up "X-Saber" monster is on the field: Target 2 "X-Saber" monsters in any Graveyard; Special Summon both to your side of the field.$Supports archetypes /X-Saber$Anti-supports archetypes /X-Saber$$Activation requirement/Effect$
72029628$Fragment Fusion$Unlimited$TRAP$$$$$$$$$$$$Banish from your Graveyard the Fusion Material Monsters that are listed on a "Gem-Knight" Fusion Monster Card, then Special Summon that Fusion Monster from your Extra Deck. (This Special Summon is treated as a Fusion Summon.) Destroy it during the End Phase.$Supports archetypes /Gem-Knight$$$Effect/Lingering$
08414337$Dust Storm of Gusto$Unlimited$TRAP$$$$$$$$$$$$Your opponent cannot activate cards or effects when "Gusto" monsters you control declare their attacks this turn.$Supports archetypes /Gusto$$$Effect$
35419032$Infestation Infection$Unlimited$TRAP$$$$$$$$$Continuous$$$Once per turn: You can shuffle 1 "lswarm" monster from your hand or face-up from your side of the field into the Main Deck; add 1 "lswarm" monster from your Deck to your hand.$Supports archetypes /lswarm$$Returns from hand to Deck for cost/Returns from field to Deck for cost/Adds from Deck to hand$Quick-like$
