Passcode$Name$Status$Attribute$type$link$link_arrows$rank$pendulum_scale$level$attack$defense$spell_attribute$summoning_condition$pendulum_condition$card_text$card_supports$card_anti_supports$card_actions$effect_types$
41613948$Destiny HERO - Doom Lord$Unlimited$DARK$[Warrior/Effect]$$$$$3$600$800$$$$Once per turn: You can target 1 monster your opponent controls; banish that target. You cannot declare an attack the turn you activate this effect. You must control this face-up Attack Position card to activate and to resolve this effect. The banished monster returns to the opponent's field during your 2nd Standby Phase after activation.$$$Returns banished cards to the field$Ignition$
77608643$Destiny HERO - Captain Tenacious$Unlimited$DARK$[Warrior/Effect]$$$$$3$800$800$$$$Once per turn, during your Standby Phase: You can target 1 "Destiny HERO" monster in your Graveyard that was destroyed by battle since your last Standby Phase, if you controlled this face-up card when the target was destroyed; Special Summon that target.$Supports archetypes /Destiny HERO$$$Trigger$
13093792$Destiny HERO - Diamond Dude$Unlimited$DARK$[Warrior/Effect]$$$$$4$1400$1600$$$$Once per turn: You can excavate the top card of your Deck, and if it is a Normal Spell, send it to the GY, otherwise place it on the bottom of your Deck. During the Main Phase of your next turn, you can activate the effect of that Spell in your GY (even if you no longer control this face-up card).$Normal Spell Card$$Excavates from the player's Deck/Sends excavated cards to the Graveyard/Sends from the top of your Deck to your Graveyard/Changes your Deck order/Places excavated cards on the bottom of the Deck/Places cards from the Deck on the bottom of the Deck$Ignition/Condition$
40591390$Destiny HERO - Dreadmaster$Unlimited$DARK$[Warrior/Effect]$$$$$8$?$?$$$$If this card is Special Summoned by "Clock Tower Prison": Destroy all monsters you control, except "Destiny HERO" monsters, also, after that, you can Special Summon up to 2 "Destiny HERO" monsters from your GY. After this card is Special Summoned, for the rest of this turn, "Destiny HERO" monsters you control cannot be destroyed, also you take no battle damage when they battle. The ATK/DEF of this card are equal to the combined original ATK of all other "Destiny HERO" monsters you control.$Supports archetypes /Destiny HERO$$$Trigger/Unclassified/Continuous$
28355718$Destiny HERO - Double Dude$Unlimited$DARK$[Warrior/Effect]$$$$$6$1000$1000$$$$Cannot be Special Summoned. This card can attack twice during each Battle Phase. During your Standby Phase, if this card was destroyed since your last Standby Phase: You can Special Summon 2 "Double Dude Tokens" (Warrior-Type/DARK/Level 4/ATK 1000/DEF 1000). This card must be in your Graveyard to activate and to resolve this effect.$$$Activates from your Graveyard$Summon/Continuous/Trigger$
54749427$Destiny HERO - Defender$Unlimited$DARK$[Warrior/Effect]$$$$$4$100$2700$$$$During each of your opponent's Standby Phases: Your opponent draws 1 card. This card must be in face-up Defense Position to activate and to resolve this effect.$$$Your opponent draws cards$Trigger/Condition$
17132130$Destiny HERO - Dogma$Unlimited$DARK$[Warrior/Effect]$$$$$8$3400$2400$$$$Cannot be Normal Summoned/Set. Must be Special Summoned (from your hand) by Tributing 3 monsters, including at least 1 "Destiny HERO" monster. Once per turn, if you still control this face-up card during your opponent's next Standby Phase after you Special Summoned it this way: Halve your opponent's LP.$Supports archetypes /Destiny HERO$$Tributes for cost$Summon/Trigger$
55461064$Destiny HERO - Blade Master$Unlimited$DARK$[Warrior/Effect]$$$$$3$300$600$$$$During your opponent's Battle Phase (Quick Effect): You can discard this card; all "Destiny HERO" monsters you currently control gain 800 ATK until the end of this turn.$Supports archetypes /Destiny HERO$$Activates from your hand/Discards itself for cost$Quick$
80744121$Destiny HERO - Fear Monger$Unlimited$DARK$[Warrior/Effect]$$$$$4$1000$1000$$$$During your Standby Phase, if this card is in your GY because it was destroyed by battle and sent there since your last Standby Phase: Target 1 "Destiny HERO" monster in your GY, except "Destiny HERO - Fear Monger"; Special Summon that target.$Supports archetypes /Destiny HERO$$Activates if destroyed by battle/Activates from your Graveyard$Trigger$
81866673$Destiny HERO - Dasher$Unlimited$DARK$[Warrior/Effect]$$$$$6$2100$1000$$$$Once per turn: You can Tribute 1 other monster; this card gains 1000 ATK until the end of this turn. If this card attacks, change it to Defense Position at the end of the Battle Phase. Once, while this card is in your GY, when you draw a monster during your Draw Phase: You can reveal it; Special Summon it. This card must be in the GY to activate and to resolve this effect.$$$Tributes for cost/Changes battle positions/Activates from your Graveyard/Reveals your hand for cost$Ignition/Continuous/Trigger/Condition$
09411399$Destiny HERO - Malicious$Semi-Limited$DARK$[Warrior/Effect]$$$$$6$800$800$$$$You can banish this card from your GY; Special Summon 1 "Destiny HERO - Malicious" from your Deck.$$$Activates from your Graveyard$Ignition$
41436536$Elemental HERO Phoenix Enforcer$Unlimited$FIRE$[Warrior/Fusion/Effect]$$$$$6$2100$1200$$"Elemental HERO Avian" + "Elemental HERO Burstinatrix"$$Must be Fusion Summoned and cannot be Special Summoned by other ways. This card cannot be destroyed by battle.$$$$Summon/Continuous$
88820235$Elemental HERO Shining Phoenix Enforcer$Unlimited$FIRE$[Warrior/Fusion/Effect]$$$$$8$2500$2100$$"Elemental HERO Phoenix Enforcer" + "Elemental HERO Sparkman"$$Must be Fusion Summoned and cannot be Special Summoned by other ways. This card gains 300 ATK for each "Elemental HERO" card in your Graveyard. This card cannot be destroyed by battle.$Supports archetypes /Elemental HERO$$$Summon/Continuous$
01036974$Misfortune$Unlimited$SPELL$$$$$$$$$$$$Select 1 face-up monster your opponent controls. Inflict damage to your opponent equal to half that monster's original ATK. Your monsters cannot attack this turn.$$$$Effect/Condition$
48653261$Guard Penalty$Unlimited$SPELL$$$$$$$$$Quick-Play$$$Select 1 monster on the field. If it is changed to Defense Position this turn, draw 1 card.$$$You draw cards$Effect$
75041269$Clock Tower Prison$Unlimited$SPELL$$$$$$$$$Field$$$Once per turn, during your opponent's Standby Phase: Place 1 Clock Counter on this card. While there are 4 or more Clock Counters on this card, you do not take any battle damage. If this card with 4 or more Clock Counters is destroyed and sent to the GY: Special Summon 1 "Destiny HERO - Dreadmaster" from your hand or Deck.$Destiny HERO - Dreadmaster$$Activates if destroyed by battle/Activates if destroyed by card effect/Activates from your Graveyard$Trigger-like/Continuous-like$
89899996$D - Spirit$Unlimited$SPELL$$$$$$$$$$$$Special Summon 1 Level 4 or lower "Destiny HERO" monster from your hand. You must not control any "Destiny HERO" monsters to activate and to resolve this effect.$Supports archetypes /Destiny HERO$$$Effect/Condition$
22147147$Cyclone Blade$Unlimited$SPELL$$$$$$$$$Equip$$$Equip only to a "Destiny HERO" monster. At the end of the Damage Step, if the equipped monster attacked: Target 1 Spell/Trap Card on the field; destroy that target.$Supports archetypes /Destiny HERO$$$Condition/Trigger-like$
53527835$Dark City$Unlimited$SPELL$$$$$$$$$Field$$$If a "Destiny HERO" monster attacks a monster with a higher ATK, the attacking monster gains 1000 ATK during damage calculation only.$Supports archetypes /Destiny HERO$$$Continuous-like$
45809008$Destiny Draw$Unlimited$SPELL$$$$$$$$$$$$Discard 1 "Destiny HERO" card; draw 2 cards.$Supports archetypes /Destiny HERO$$You draw cards/Discards for cost$Cost/Effect$
72204747$Over Destiny$Unlimited$SPELL$$$$$$$$$$$$Target 1 "Destiny HERO" monster in your GY; Special Summon 1 "Destiny HERO" monster from your Deck whose Level is less than or equal to half of that target's Level, but destroy it during the End Phase of this turn.$Supports archetypes /Destiny HERO$$$Effect$
36586443$Elemental Recharge$Unlimited$TRAP$$$$$$$$$$$$Gain 1000 Life Points for each face-up "Elemental HERO" monster you control.$Supports archetypes /Elemental HERO$$$Effect$
62980542$Destruction of Destiny$Unlimited$TRAP$$$$$$$$$$$$Send 3 cards from the top of your Deck to the Graveyard, and take 1000 damage for each Spell or Trap Card sent to the Graveyard this way.$$$Sends from the top of your Deck to your Graveyard$Effect$
35464895$Destiny Signal$Unlimited$TRAP$$$$$$$$$$$$When a monster you control is destroyed by battle and sent to the GY: Special Summon 1 Level 4 or lower "Destiny HERO" monster from your hand or Deck.$Supports archetypes /Destiny HERO$$$Activation requirement/Effect$
99075257$D - Time$Unlimited$TRAP$$$$$$$$$$$$When a face-up "Elemental HERO" monster you control leaves the field: Add 1 "Destiny HERO" monster from your Deck to your hand whose Level is less than or equal to that "Elemental HERO" monster's original Level.$Supports archetypes /Elemental HERO/Destiny HERO$$Adds from Deck to hand$Activation requirement/Effect$
62868900$D - Shield$Unlimited$TRAP$$$$$$$$$$$$When an Attack Position "Destiny HERO" monster you control is targeted for an attack: Target it; change it to Defense Position and equip it with this card. The equipped monster cannot be destroyed by battle.$Supports archetypes /Destiny HERO$$Equips self from field/Changes battle positions$Activation requirement/Effect/Continuous-like$
15294090$Destiny Mirage$Unlimited$TRAP$$$$$$$$$$$$When a "Destiny HERO" monster you control is destroyed and sent to the Graveyard by an opponent's card effect: Special Summon, to your side of the field, all "Destiny HERO" monsters that were destroyed and sent to either Graveyard this turn.$Supports archetypes /Destiny HERO$$$Activation requirement/Effect$
43405287$D - Chain$Unlimited$TRAP$$$$$$$$$$$$Target 1 "Destiny HERO" monster you control; equip this card to that target. It gains 500 ATK. If it destroys an opponent's monster by battle and sends it to the GY: Inflict 500 damage to your opponent.$Supports archetypes /Destiny HERO$$Equips self from field$Effect/Continuous-like/Trigger-like$
08698851$D - Counter$Unlimited$TRAP$$$$$$$$$$$$When a face-up "Destiny HERO" monster you control is targeted for an attack: Destroy the attacking monster.$Supports archetypes /Destiny HERO$$$Activation requirement/Effect$
35787450$Eternal Dread$Unlimited$TRAP$$$$$$$$$$$$Place 2 Clock Counters on each "Clock Tower Prison".$Clock Tower Prison$$$Effect$
