Passcode$Name$Status$Attribute$type$link$link_arrows$rank$pendulum_scale$level$attack$defense$spell_attribute$summoning_condition$pendulum_condition$card_text$card_supports$card_anti_supports$card_actions$effect_types$
09076207$Armed Ninja$Unlimited$EARTH$[Warrior/Effect]$$$$$1$300$300$$$$FLIP: Target 1 Spell Card on the field; destroy that target. (If the target is Set, reveal it, and destroy it if it is a Spell Card. Otherwise, return it to its original position.)$$$Reveals face-down cards$Flip$
95956346$Shining Angel$Unlimited$LIGHT$[Fairy/Effect]$$$$$4$1400$800$$$$When this card is destroyed by battle and sent to the Graveyard: You can Special Summon 1 LIGHT monster with 1500 or less ATK from your Deck, in face-up Attack Position.$LIGHT$$Activates from your Graveyard$Trigger$
$Flying Kamakiri #1$$WIND$[Insect/Effect]$$$$$4$1400$900$$$$When this card is destroyed by battle and sent to the Graveyard: You can Special Summon 1 WIND monster with 1500 or less ATK from your Deck, in face-up Attack Position.$$$$$
14618326$Crimson Ninja$Unlimited$EARTH$[Warrior/Effect]$$$$$1$300$300$$$$FLIP: Target 1 Trap Card on the field; destroy that target. (If the target is Set, reveal it, and destroy it if it is a Trap Card. Otherwise, return it to its original position.)$$$Reveals face-down cards$Flip$
41006930$Strike Ninja$Unlimited$DARK$[Warrior/Effect]$$$$$4$1700$1200$$$$(Quick Effect): You can banish 2 DARK monsters from your GY; banish this face-up card until the End Phase. You can only use this effect of "Strike Ninja" once per turn.$DARK$$Returns itself to the field while banished$Quick$
26185991$Pinch Hopper$Unlimited$EARTH$[Insect/Effect]$$$$$4$1000$1200$$$$When this card you control is sent to your GY: You can Special Summon 1 Insect monster from your hand.$Insect$$$Trigger$
93107608$Howling Insect$Unlimited$EARTH$[Insect/Effect]$$$$$3$1200$1300$$$$When this card is destroyed by battle and sent to the Graveyard: You can Special Summon 1 Insect-Type monster with 1500 or less ATK from your Deck.$Insect$$Activates if destroyed by battle/Activates from your Graveyard$Trigger$
60229110$Granmarg the Rock Monarch$Unlimited$EARTH$[Rock/Effect]$$$$$6$2400$1000$$$$If this card is Tribute Summoned: Target 1 Set card on the field; destroy that target.$$$Activates upon Tribute Summon$Trigger$
01571945$White Ninja$Unlimited$LIGHT$[Warrior/Effect]$$$$$4$1500$800$$$$FLIP: Target 1 Defense Position monster on the field; destroy that target.$$$Activates upon being flipped face-up$Flip$
15894048$Ultimate Tyranno$Unlimited$EARTH$[Dinosaur/Effect]$$$$$8$3000$2200$$$$This card can attack all monsters your opponent controls, once each. During your Battle Phase, if you control an "Ultimate Tyranno" that can attack, monsters other than "Ultimate Tyranno" cannot attack.$$$$Continuous$
79409334$Black Stego$Unlimited$EARTH$[Dinosaur/Effect]$$$$$4$1200$2000$$$$If this Attack Position card is targeted for an attack: Change this card to Defense Position.$$$Changes battle positions$Trigger$
36042004$Babycerasaurus$Unlimited$EARTH$[Dinosaur/Effect]$$$$$2$500$500$$$$If this card is destroyed by card effect and sent to the GY: Special Summon 1 Level 4 or lower Dinosaur monster from your Deck.$Dinosaur$$Activates if destroyed by card effect/Activates from your Graveyard$Trigger$
44330098$Gorz the Emissary of Darkness$Unlimited$DARK$[Fiend/Effect]$$$$$7$2700$2500$$$$When you take damage from a card in your opponent's possession: You can Special Summon this card from your hand. You must control no cards to activate and to resolve this effect. When this card is Special Summoned by its effect: Activate the appropriate effect, based on the type of damage.●Battle damage: Special Summon 1 "Emissary of Darkness Token" (Fairy/LIGHT/Level 7/ATK ?/DEF ?). Its ATK and DEF are each equal to the amount of battle damage you took.●Effect damage: Inflict damage to your opponent equal to the damage you took.$$$Activates upon Special Summon$Trigger/Condition$
23615409$Insect Barrier$Unlimited$SPELL$$$$$$$$$Continuous$$$Insect-Type monsters your opponent controls cannot declare an attack.$$Insect$$Continuous-like$
90928333$Dark Factory of Mass Production$Unlimited$SPELL$$$$$$$$$$$$Target 2 Normal Monsters in your GY; add them to your hand.$Normal Monster$$Adds from Graveyard to hand$Effect$
10667321$Ancient Rules$Unlimited$SPELL$$$$$$$$$$$$Special Summon 1 Level 5 or higher Normal Monster from your hand.$Normal Monster$$$Effect$
04064256$Zombie World$Unlimited$SPELL$$$$$$$$$Field$$$All monsters on the field and in the GYs become Zombie monsters. Neither player can Tribute Summon monsters, except Zombie monsters.$Zombie$$$Continuous-like$
47325505$Fossil Dig$Unlimited$SPELL$$$$$$$$$$$$Add 1 Level 6 or lower Dinosaur monster from your Deck to your hand.$Dinosaur$$Adds from Deck to hand$Effect$
80604091$Ultimate Offering$Forbidden(OCG)$TRAP$$$$$$$$$Continuous$$$During your Main Phase or your opponent's Battle Phase: You can pay 500 Life Points; immediately after this effect resolves, Normal Summon/Set 1 monster.$$$$Quick-like/Lingering$
59344077$Magic Drain$Unlimited$TRAP$$$$$$$$$Counter$$$When your opponent activates a Spell Card: They can discard 1 Spell to negate this card's effect, otherwise negate the activation of their Spell Card, and if you do, destroy it.$$$Your opponent discards$Activation requirement/Effect$
