Passcode$Name$Status$Attribute$type$link$link_arrows$rank$pendulum_scale$level$attack$defense$spell_attribute$summoning_condition$pendulum_condition$card_text$card_supports$card_anti_supports$card_actions$effect_types$
89943723$Elemental HERO Neos$Unlimited$LIGHT$[Warrior/Normal]$$$$$7$2500$2000$$$$A new Elemental HERO has arrived from Neo-Space! When he initiates a Contact Fusion with a Neo-Spacian his unknown powers are unleashed.$$$$$
59793705$Elemental HERO Bladedge$Unlimited$EARTH$[Warrior/Effect]$$$$$7$2600$1800$$$$If this card attacks a Defense Position monster, inflict piercing battle damage.$$$$Continuous$
86188410$Elemental HERO Wildheart$Unlimited$EARTH$[Warrior/Effect]$$$$$4$1500$1600$$$$Unaffected by Trap effects.$$$$Continuous$
32679370$Hero Kid$Unlimited$EARTH$[Warrior/Effect]$$$$$2$300$600$$$$When this card is Special Summoned: You can Special Summon any number of "Hero Kid"(s) from your Deck.$$$Activates upon Special Summon$Trigger$
17955766$Neo-Spacian Aqua Dolphin$Unlimited$WATER$[Warrior/Effect]$$$$$3$600$800$$$$Once per turn: You can discard 1 card; look at your opponent's hand and choose 1 monster. If you control a monster with ATK greater than or equal to the ATK of the chosen card, destroy the chosen card, and if you do, inflict 500 damage to your opponent. Otherwise, take 500 damage.$$$Discards for cost/Reveals your opponent's hand$Ignition$
89621922$Neo-Spacian Flare Scarab$Unlimited$FIRE$[Insect/Effect]$$$$$3$500$500$$$$Gains 400 ATK for each Spell/Trap your opponent controls.$$$$Continuous$
43237273$Neo-Spacian Dark Panther$Unlimited$DARK$[Beast/Effect]$$$$$3$1000$500$$$$Once per turn: You can target 1 face-up monster your opponent controls; until the End Phase, this card's name becomes that monster's original name, also replace this effect with that monster's original effects (if any).$$$$Ignition$
42682609$Chrysalis Dolphin$Unlimited$WATER$[Fish/Effect]$$$$$2$400$600$$$$By Tributing this card while "Neo Space" is on the field, Special Summon 1 "Neo-Spacian Aqua Dolphin" from your hand or Deck.$Neo Space/Neo-Spacian Aqua Dolphin$$Tributes itself for cost$Ignition$
85087012$Card Trooper$Unlimited$EARTH$[Machine/Effect]$$$$$3$400$400$$$$Once per turn: You can choose a number from 1 to 3, then send that many cards from the top of your Deck to the GY; this card gains 500 ATK for each card sent to the GY this way, until the end of this turn. If this card you control is destroyed and sent to your GY: Draw 1 card.$$$Sends from the top of your Deck to your Graveyard for cost/Activates if destroyed by battle/Activates if destroyed by card effect/Activates from your Graveyard/You draw cards$Ignition/Trigger$
10526791$Elemental HERO Wildedge$Unlimited$EARTH$[Warrior/Fusion/Effect]$$$$$8$2600$2300$$"Elemental HERO Wildheart" + "Elemental HERO Bladedge"$$Must be Fusion Summoned and cannot be Special Summoned by other ways. This card can attack every monster your opponent controls (one attack on each monster per Battle Phase).$$$$Summon/Continuous$
55615891$Elemental HERO Wild Wingman$Unlimited$EARTH$[Warrior/Fusion/Effect]$$$$$8$1900$2300$$"Elemental HERO Wildheart" + "Elemental HERO Avian"$$Must be Fusion Summoned and cannot be Special Summoned by other ways. You can discard 1 card to target 1 Spell/Trap Card on the field; destroy that target.$$$Discards for cost$Summon/Ignition$
55171412$Elemental HERO Aqua Neos$Unlimited$WATER$[Warrior/Fusion/Effect]$$$$$7$2500$2000$$"Elemental HERO Neos" + "Neo-Spacian Aqua Dolphin"$$Must first be Special Summoned (from your Extra Deck) by shuffling the above cards you control into the Deck. (You do not use "Polymerization".) Once per turn: You can discard 1 card; destroy 1 random card in your opponent's hand. During the End Phase: Shuffle this card into the Extra Deck.$$$Returns Fusion Materials for Contact Fusion to Deck/Discards for cost/Returns itself from field to Extra Deck$Summon/Ignition/Trigger$
81566151$Elemental HERO Flare Neos$Unlimited$FIRE$[Warrior/Fusion/Effect]$$$$$7$2500$2000$$"Elemental HERO Neos" + "Neo-Spacian Flare Scarab"$$Must first be Special Summoned (from your Extra Deck) by shuffling the above cards you control into the Deck. (You do not use "Polymerization".) This card gains 400 ATK for each Spell/Trap Card on the field. During the End Phase: Shuffle this card into the Extra Deck.$$$Returns Fusion Materials for Contact Fusion to Deck/Returns itself from field to Extra Deck$Summon/Continuous/Trigger$
28677304$Elemental HERO Dark Neos$Unlimited$DARK$[Warrior/Fusion/Effect]$$$$$7$2500$2000$$"Elemental HERO Neos" + "Neo-Spacian Dark Panther"$$Must first be Special Summoned (from your Extra Deck) by shuffling the above cards you control into the Deck. (You do not use "Polymerization".) If this card is not already targeting a monster with its effect: You can target 1 face-up Effect Monster on the field; while you control this face-up card, that target's effect on the field is negated. During the End Phase: Shuffle this card into the Extra Deck.$$$Returns Fusion Materials for Contact Fusion to Deck/Returns itself from field to Extra Deck$Summon/Ignition/Trigger$
29612557$Cyclone Boomerang$Unlimited$SPELL$$$$$$$$$Equip$$$Equip only to "Elemental HERO Wildheart". It gains 500 ATK. When the equipped monster is destroyed by a card effect and sent to the Graveyard: Destroy all Spell and Trap Cards on the field, then inflict 100 damage to your opponent for each Spell/Trap Card destroyed by this effect.$Elemental HERO Wildheart$$$Condition/Continuous-like/Trigger-like$
74825788$H - Heated Heart$Unlimited$SPELL$$$$$$$$$$$$Target 1 face-up monster you control; until the end of this turn, it gains 500 ATK, and if it attacks a Defense Position monster, inflict piercing battle damage to your opponent.$$$$Effect$
00213326$E - Emergency Call$Unlimited$SPELL$$$$$$$$$$$$Add 1 "Elemental HERO" monster from your Deck to your hand.$Supports archetypes /Elemental HERO$$Adds from Deck to hand$Effect$
37318031$R - Righteous Justice$Unlimited$SPELL$$$$$$$$$$$$Destroy Spells/Traps on the field equal to the number of "Elemental HERO" cards you control.$Supports archetypes /Elemental HERO$$$Effect$
63703130$O - Oversoul$Unlimited$SPELL$$$$$$$$$$$$Target 1 "Elemental HERO" Normal Monster in your GY; Special Summon that target.$Supports archetypes /Elemental HERO$$$Effect$
00191749$Hero Flash!!$Unlimited$SPELL$$$$$$$$$$$$Banish "H - Heated Heart", "E - Emergency Call", "R - Righteous Justice" and "O - Oversoul" from your GY; Special Summon 1 "Elemental HERO" Normal Monster from your Deck. All "Elemental HERO" Normal Monsters you currently control can attack your opponent directly this turn.$Supports archetypes /Elemental HERO$$$Cost/Effect$
16616620$Contact$Unlimited$SPELL$$$$$$$$$$$$Send all "Chrysalis" monsters you control to the Graveyard, and Special Summon 1 monster from your hand or Deck that is written in the card text of those cards.$Supports archetypes /Chrysalis$$Sends from your field to your Graveyard$Cost/Effect$
78387742$Fake Hero$Unlimited$SPELL$$$$$$$$$$$$Special Summon 1 "Elemental HERO" monster from your hand, but it cannot attack, also return it to the hand during the End Phase.$Supports archetypes /Elemental HERO$$Returns from your field to your hand$Effect/Condition$
14772491$Common Soul$Unlimited$SPELL$$$$$$$$$Continuous$$$Select 1 face-up monster on the field to activate this card. Special Summon 1 "Neo-Spacian" monster from your hand to the same side of the field as the selected monster. The selected monster gains ATK equal to the ATK of the monster that was Special Summoned by this effect. When this card is removed from the field, return the monster that was Special Summoned by this card's effect to the hand.$Supports archetypes /Neo-Spacian$$Returns from field to hand$Effect/Continuous-like$
42015635$Neo Space$Unlimited$SPELL$$$$$$$$$Field$$$"Elemental HERO Neos" and all Fusion Monsters that specifically list "Elemental HERO Neos" as a Fusion Material gain 500 ATK. Fusion Monsters that specifically list "Elemental HERO Neos" as a Fusion Material do not have to activate their effects during the End Phase that shuffle them into the Extra Deck.$Elemental HERO Neos/Fusion Monster$$Makes mandatory effects optional/Prevents returning cards from field to Deck$Continuous-like$
11471117$Light Laser$Unlimited$SPELL$$$$$$$$$Equip$$$Equip only to a LIGHT Warrior-Type monster. Remove from play any monsters that battle with it at the end of Damage Step.$LIGHT/Warrior$$$Condition/Continuous-like$
48976825$Burial from a Different Dimension$Unlimited$SPELL$$$$$$$$$Quick-Play$$$Target up to 3 banished monsters; return them to the GY.$$$Returns the player's banished cards to the Graveyard/Returns the opponent's banished cards to the Graveyard$Effect$
44676200$Hero Barrier$Unlimited$TRAP$$$$$$$$$$$$Negate 1 attack from an opponent's monster. You must control a face-up "Elemental HERO" monster to resolve this effect.$Supports archetypes /Elemental HERO$$$Effect/Condition$
55985014$Miracle Kids$Unlimited$TRAP$$$$$$$$$$$$Target 1 monster your opponent controls; that target loses 400 ATK for each "Hero Kid" in your Graveyard, until the End Phase.$Hero Kid$$$Effect$
84361420$Edge Hammer$Unlimited$TRAP$$$$$$$$$$$$Tribute 1 "Elemental HERO Bladedge" to target 1 monster your opponent controls; destroy that target and inflict damage to your opponent equal to that target's original ATK.$Elemental HERO Bladedge$$Tributes for cost$Cost/Effect$
10759529$Kid Guard$Unlimited$TRAP$$$$$$$$$$$$When an opponent's monster declares an attack: Tribute 1 "Hero Kid"; negate the attack, then add 1 "Elemental HERO" monster from your Deck to your hand.$Supports archetypes /Elemental HERO$$Activates upon attack declaration/Tributes for cost/Adds from Deck to hand$Activation requirement/Cost/Effect$
