Passcode$Name$Status$Attribute$type$link$link_arrows$rank$pendulum_scale$level$attack$defense$spell_attribute$summoning_condition$pendulum_condition$card_text$card_supports$card_anti_supports$card_actions$effect_types$
63977008$Junk Synchron$Unlimited$DARK$[Warrior/Tuner/Effect]$$$$$3$1300$500$$$$When this card is Normal Summoned: You can target 1 Level 2 or lower monster in your GY; Special Summon that target in Defense Position, but negate its effects.$$$Activates upon Normal Summon$Trigger$
23571046$Quillbolt Hedgehog$Unlimited$EARTH$[Machine/Effect]$$$$$2$800$800$$$$If this card is in your GY: You can Special Summon this card, but banish it when it leaves the field. You must control a Tuner to activate and to resolve this effect.$Tuner monster$$Activates from your Graveyard$Ignition/Condition$
35537860$Synchro Blast Wave$Unlimited$SPELL$$$$$$$$$$$$If you control a Synchro Monster: Target 1 monster your opponent controls; destroy that target.$Synchro Monster$$$Activation requirement/Effect$
56286179$Drill Synchron$Unlimited$EARTH$[Machine/Tuner/Effect]$$$$$3$800$300$$$$If a Warrior-Type monster you control attacks a Defense Position monster, inflict piercing battle damage to your opponent. Once per turn, when you inflict battle damage to your opponent with this effect: You can draw 1 card.$Warrior$$You draw cards$Continuous/Trigger$
09365703$Speed Warrior$Unlimited$WIND$[Warrior/Effect]$$$$$2$900$400$$$$Once per Battle Phase, if this card was Normal Summoned this turn (except during the Damage Step): You can make its ATK become double its original ATK, until the end of the Battle Phase.$$$Activates during the turn in which it was Normal Summoned$Trigger$
51630558$Advance Draw$Unlimited$SPELL$$$$$$$$$$$$Tribute 1 face-up Level 8 or higher monster you control; draw 2 cards.$$$Tributes for cost/You draw cards$Cost/Effect$
57421866$Level Eater$Forbidden(OCG)$DARK$[Insect/Effect]$$$$$1$600$0$$$$If this card is in your Graveyard: You can target 1 Level 5 or higher monster you control; reduce its Level by 1, and if you do, Special Summon this card. This face-up card on the field cannot be Tributed, except for a Tribute Summon.$$$Activates from your Graveyard/Cannot be Tributed$Ignition/Continuous$
02295440$One for One$Limited$SPELL$$$$$$$$$$$$Send 1 monster from your hand to the GY; Special Summon 1 Level 1 monster from your hand or Deck.$$$Sends from hand to Graveyard for cost$Cost/Effect$
98427577$Scrap-Iron Scarecrow$Unlimited$TRAP$$$$$$$$$$$$When an opponent's monster declares an attack: Target the attacking monster; negate the attack, also, after that, Set this card face-down instead of sending it to the GY.$$$Activates upon attack declaration/Flips itself face-down$Activation requirement/Effect$
