Passcode$Name$Status$Attribute$type$link$link_arrows$rank$pendulum_scale$level$attack$defense$spell_attribute$summoning_condition$pendulum_condition$card_text$card_supports$card_anti_supports$card_actions$effect_types$
32710364$Crystal Beast Ruby Carbuncle$Unlimited$LIGHT$[Fairy/Effect]$$$$$3$300$300$$$$When this card is Special Summoned: You can Special Summon as many "Crystal Beast" Monster Cards as possible from your Spell & Trap Zones. If this face-up card is destroyed in a Monster Zone, you can place it face-up in your Spell & Trap Zone as a Continuous Spell, instead of sending it to the GY.$Supports archetypes /Crystal Beast$$Activates upon Special Summon/Activates if destroyed by battle/Activates if destroyed by card effect/Places itself in Spell & Trap Zone/Places destroyed cards in Spell & Trap Zone$Trigger/Unclassified$
32933942$Crystal Beast Amethyst Cat$Unlimited$EARTH$[Beast/Effect]$$$$$3$1200$400$$$$This card can attack your opponent directly, but when it uses this effect, any battle damage it inflicts to your opponent is halved. If this face-up card is destroyed in a Monster Zone, you can place it face-up in your Spell & Trap Zone as a Continuous Spell, instead of sending it to the GY.$$$Activates if destroyed by battle/Activates if destroyed by card effect/Places itself in Spell & Trap Zone/Places destroyed cards in Spell & Trap Zone$Continuous/Unclassified$
68215963$Crystal Beast Emerald Tortoise$Unlimited$WATER$[Aqua/Effect]$$$$$3$600$2000$$$$Once per turn: You can target 1 monster you control that attacked this turn; change that target to Defense Position. If this face-up card is destroyed in a Monster Zone, you can place it face-up in your Spell & Trap Zone as a Continuous Spell, instead of sending it to the GY.$$$Activates if destroyed by battle/Activates if destroyed by card effect/Changes battle positions/Places itself in Spell & Trap Zone/Places destroyed cards in Spell & Trap Zone$Ignition/Unclassified$
95600067$Crystal Beast Topaz Tiger$Unlimited$EARTH$[Beast/Effect]$$$$$4$1600$1000$$$$If this card attacks an opponent's monster, it gains 400 ATK during the Damage Step only. If this face-up card is destroyed in a Monster Zone, you can place it face-up in your Spell & Trap Zone as a Continuous Spell, instead of sending it to the GY.$$$Activates if destroyed by battle/Activates if destroyed by card effect/Places itself in Spell & Trap Zone/Places destroyed cards in Spell & Trap Zone$Continuous/Unclassified$
69937550$Crystal Beast Amber Mammoth$Unlimited$EARTH$[Beast/Effect]$$$$$4$1700$1600$$$$When another "Crystal Beast" monster you control is targeted for an attack: You can change the attack target to this card. If this face-up card is destroyed in a Monster Zone, you can place it face-up in your Spell & Trap Zone as a Continuous Spell, instead of sending it to the GY.$Supports archetypes /Crystal Beast$$Activates if destroyed by battle/Activates if destroyed by card effect/Places itself in Spell & Trap Zone/Places destroyed cards in Spell & Trap Zone$Trigger/Unclassified$
21698716$Crystal Beast Cobalt Eagle$Unlimited$WIND$[Winged Beast/Effect]$$$$$4$1400$800$$$$Once per turn: You can target 1 "Crystal Beast" card you control; place that target on top of the Deck. If this face-up card is destroyed in a Monster Zone, you can place it face-up in your Spell & Trap Zone as a Continuous Spell, instead of sending it to the GY.$Supports archetypes /Crystal Beast$$Activates if destroyed by battle/Activates if destroyed by card effect/Returns from field to Deck/Places itself in Spell & Trap Zone/Places destroyed cards in Spell & Trap Zone$Ignition/Unclassified$
12958919$Phantom Skyblaster$Unlimited(OCG)$DARK$[Fiend/Effect]$$$$$4$1100$800$$$$When this card is Normal or Flip Summoned: You can Special Summon any number of "Skyblaster Tokens" (Fiend/DARK/Level 4/ATK 500/DEF 500), up to the number of monsters you control. Once per turn, during your Standby Phase: You can inflict 300 damage to your opponent for each "Skyblaster" monster you control. "Skyblaster" monsters you control cannot declare an attack during the turn you activate this effect.$Supports archetypes /Skyblaster$Anti-supports archetypes /Skyblaster$Activates upon Normal Summon/Activates upon Flip Summon$Trigger$
48343627$Grave Squirmer$Unlimited$DARK$[Fiend/Effect]$$$$$1$0$0$$$$If this card is destroyed by battle and sent to the GY: Target 1 card on the field; destroy that target.$$$Activates if destroyed by battle/Activates from your Graveyard$Trigger$
75732622$Grinder Golem$Forbidden(OCG)$DARK$[Fiend/Effect]$$$$$8$3000$300$$$$Cannot be Normal Summoned or Set. Must first be Special Summoned (from your hand) to your opponent's side of the field by Special Summoning 2 "Grinder Tokens" (Fiend-Type/DARK/Level 1/ATK 0/DEF 0) in face-up Attack Position on your side of the field. If you Special Summon this monster, you cannot Normal Summon or Set a monster during the same turn.$$$$Summon$
72903645$Magna-Slash Dragon$Unlimited$LIGHT$[Dragon/Effect]$$$$$6$2400$1200$$$$You can send 1 face-up Continuous Spell Card you control to the Graveyard to destroy 1 Spell or Trap Card your opponent controls.$Continuous Spell Card$$Sends from field to Graveyard for cost$Ignition$
09391354$Gravi-Crush Dragon$Unlimited$DARK$[Dragon/Effect]$$$$$6$2400$1200$$$$You can send 1 face-up Continuous Spell Card you control to the Graveyard, then target 1 monster your opponent controls; destroy that target.$Continuous Spell Card$$Sends from your field to Graveyard/Sends from field to Graveyard for cost$Ignition$
45939841$Twister$Unlimited$SPELL$$$$$$$$$Quick-Play$$$Pay 500 LP, then target 1 face-up Spell/Trap on the field; destroy that target.$$$$Cost/Effect$
95326659$Crystal Beacon$Unlimited$SPELL$$$$$$$$$$$$Special Summon 1 "Crystal Beast" monster from your Deck. You must have 2 or more "Crystal Beast" cards in your Spell & Trap Zone to activate and to resolve this effect.$Supports archetypes /Crystal Beast$$$Effect/Condition$
35486099$Crystal Blessing$Unlimited$SPELL$$$$$$$$$$$$Target up to 2 "Crystal Beast" monsters in your GY; place those targets face-up in your Spell & Trap Zone as Continuous Spells.$Supports archetypes /Crystal Beast$$Places cards from Graveyard in Spell & Trap Zone$Effect$
72881007$Crystal Abundance$Unlimited$SPELL$$$$$$$$$$$$Send 4 "Crystal Beast" cards from your Spell & Trap Zone to the GY; send as many cards on the field as possible to the GY, then Special Summon as many "Crystal Beast" monsters as possible from your GY, up to the number of cards sent from your opponent's field to the GY by this card's effect.$Supports archetypes /Crystal Beast$$Sends from field to Graveyard/Sends from field to Graveyard for cost/Sends from your field to your Graveyard/Sends from your opponent's field to your opponent's Graveyard$Effect$
08275702$Crystal Promise$Unlimited$SPELL$$$$$$$$$$$$Target 1 "Crystal Beast" card in your Spell & Trap Zone; Special Summon that target.$Supports archetypes /Crystal Beast$$$Effect$
34487429$Ancient City - Rainbow Ruins$Unlimited$SPELL$$$$$$$$$Field$$$You must have this many "Crystal Beast" cards in your Spell & Trap Zone to activate and to resolve these effects.●1+: This card cannot be destroyed by card effects.●2+: Once per turn (including the opponent's) you can halve the battle damage you take.●3+: When a Spell/Trap Card is activated: You can send 1 "Crystal Beast" monster you control to the GY; negate the activation, and if you do, destroy it.●4+: Once per turn, during your Main Phase: You can draw 1 card.●5: Once per turn, during your Main Phase: You can target 1 "Crystal Beast" card in your Spell & Trap Zone; Special Summon that target.$Supports archetypes /Crystal Beast$$Sends from your field to your Graveyard for cost/You draw cards$Condition/Continuous-like/Quick-like/Ignition-like$
74519184$Hand Destruction$Unlimited$SPELL$$$$$$$$$Quick-Play$$$Each player sends 2 cards from their hand to the GY, then draws 2 cards.$$$Sends from your hand to your Graveyard/Sends from your opponent's hand to your opponent's Graveyard/You draw cards/Your opponent draws cards$Effect$
10004783$Crystal Release$Unlimited$SPELL$$$$$$$$$Equip$$$Equip only to a "Crystal Beast" monster. It gains 800 ATK. When this card is sent from the field to the GY: You can place 1 "Crystal Beast" monster from your Deck face-up in your Spell & Trap Zone as a Continuous Spell.$Supports archetypes /Crystal Beast$$Activates from your Graveyard/Places cards from Deck in Spell & Trap Zone$Condition/Continuous-like/Trigger-like$
47408488$Crystal Tree$Unlimited$SPELL$$$$$$$$$Continuous$$$Each time a "Crystal Beast" monster(s) is placed in either player's Spell & Trap Zone, place 1 Crystal Counter on this card. You can send this card to the GY; take a number of "Crystal Beast" monsters from your Deck equal to the number of Crystal Counters that were on this card, and place them face-up in your Spell & Trap Zone as Continuous Spells.$Supports archetypes /Crystal Beast$$Sends itself from field to Graveyard for cost$Trigger-like/Ignition-like$
96148285$Triggered Summon$Unlimited$TRAP$$$$$$$$$$$$Activate only when a monster is Special Summoned to your opponent's side of the field. Each player can Special Summon 1 Level 4 or lower monster from their hand.$Level 1 Monster Cards/Level 2 Monster Cards/Level 3 Monster Cards/Level 4 Monster Cards$$Activates upon Special Summon$Activation requirement/Effect$
97970833$Last Resort$Unlimited$TRAP$$$$$$$$$$$$Activate only when your opponent's monster declares an attack. You can select 1 "Ancient City - Rainbow Ruins" from your Deck and activate it. If your opponent had an active Field Spell Card when this card was activated, they can draw 1 card.$Ancient City - Rainbow Ruins$$Activates upon attack declaration/Activates cards from your Deck/Your opponent draws cards$Activation requirement/Effect$
96331676$Crystal Raigeki$Unlimited$TRAP$$$$$$$$$$$$Send 1 "Crystal Beast" card from your Spell & Trap Zone to the GY, then target 1 card your opponent controls; destroy that target.$Supports archetypes /Crystal Beast$$$Cost/Effect$
11136371$Counter Gem$Unlimited$TRAP$$$$$$$$$$$$Send all cards in your Spell & Trap Zone to the GY. Place as many "Crystal Beast" monsters as possible from your GY face-up in your Spell & Trap Zone as Continuous Spells. During the End Phase of this turn, destroy all "Crystal Beast" cards you control.$Supports archetypes /Crystal Beast$Anti-supports archetypes /Crystal Beast$Sends from field to Graveyard/Places cards from Graveyard in Spell & Trap Zone$Cost/Effect$
47121070$Crystal Pair$Unlimited$TRAP$$$$$$$$$$$$When a "Crystal Beast" monster you control is destroyed by battle and sent to the GY: Place 1 "Crystal Beast" monster from your Deck face-up in your Spell & Trap Zone as a Continuous Spell, and if you do, you take no battle damage for the rest of this turn.$Supports archetypes /Crystal Beast$$Activates if destroyed by battle/Places cards from Deck in Spell & Trap Zone$Activation requirement/Effect$
