Passcode$Name$Status$Attribute$type$link$link_arrows$rank$pendulum_scale$level$attack$defense$spell_attribute$summoning_condition$pendulum_condition$card_text$card_supports$card_anti_supports$card_actions$effect_types$
95727991$Catapult Turtle$Unlimited$WATER$[Aqua/Effect]$$$$$5$1000$2000$$$$Once per turn: You can Tribute 1 monster; inflict damage to your opponent equal to half the Tributed monster's ATK on the field.$$$Tributes for cost$Ignition$
93920745$Penguin Soldier$Unlimited$WATER$[Aqua/Flip/Effect]$$$$$2$750$500$$$$FLIP: You can target up to 2 monsters on the field; return those targets to the hand.$$$Returns from field to hand/Returns from your field to your hand/Returns from your opponent's field to your opponent's hand$Flip$
38033121$Dark Magician Girl$Unlimited$DARK$[Spellcaster/Effect]$$$$$6$2000$1700$$$$Gains 300 ATK for every "Dark Magician" or "Magician of Black Chaos" in the GYs.$Dark Magician/Magician of Black Chaos$$$Continuous$
83104731$Ancient Gear Golem$Unlimited$EARTH$[Machine/Effect]$$$$$8$3000$3000$$$$Cannot be Special Summoned. If this card attacks, your opponent cannot activate any Spell/Trap Cards until the end of the Damage Step. If this card attacks a Defense Position monster, inflict piercing battle damage.$$$$Summon/Continuous$
15341821$Dandylion$Forbidden(OCG)$EARTH$[Plant/Effect]$$$$$3$300$300$$$$If this card is sent to the Graveyard: Special Summon 2 "Fluff Tokens" (Plant-Type/WIND/Level 1/ATK 0/DEF 0) in Defense Position. These Tokens cannot be Tributed for a Tribute Summon during the turn they are Special Summoned.$$$Activates from your Graveyard$Trigger/Condition$
34230233$Grapha, Dragon Lord of Dark World$Unlimited$DARK$[Fiend/Effect]$$$$$8$2700$1800$$$$You can Special Summon this card (from your GY) by returning 1 "Dark World" monster you control to the hand, except "Grapha, Dragon Lord of Dark World". If this card is discarded to the GY by a card effect: Target 1 card your opponent controls; destroy that target, then, if this card was discarded from your hand to your GY by an opponent's card effect, look at 1 random card in your opponent's hand, then, if it was a monster, you can Special Summon it to your field.$Supports archetypes /Dark World$$Returns from your field to your hand/Returns from field to hand for cost/Reveals your opponent's hand/Activates from your Graveyard$Unclassified/Trigger$
01045143$Geargiano Mk-II$Unlimited$EARTH$[Machine/Effect]$$$$$3$1000$500$$$$When this card is Normal or Flip Summoned: You can Special Summon 1 "Geargia" monster from your hand or Graveyard in Defense Position.$Supports archetypes /Geargia$$Activates upon Normal Summon/Activates upon Flip Summon$Trigger$
43748308$Brotherhood of the Fire Fist - Dragon$Unlimited$FIRE$[Beast-Warrior/Effect]$$$$$4$1800$400$$$$Once per turn, if you activate a "Fire Formation" Spell/Trap Card (except during the Damage Step): You can Set 1 "Fire Formation" Trap directly from your Deck. Once per turn: You can send 2 face-up "Fire Formation" Spells/Traps you control to the GY, then target 1 "Fire Fist" monster in your GY, except "Brotherhood of the Fire Fist - Dragon"; Special Summon that target.$Supports archetypes /Fire Formation/Fire Fist$$Sets from your Deck/Sends from field to Graveyard for cost$Trigger/Ignition$
75132317$Brotherhood of the Fire Fist - Snake$Unlimited$FIRE$[Beast-Warrior/Effect]$$$$$4$1800$600$$$$Once per turn, if a "Fire Formation" Spell/Trap Card(s) is sent to your Graveyard (except during the Damage Step): You can Set 1 "Fire Formation" Trap Card directly from your Deck. Once per turn, if you control no other monsters: You can send 2 face-up "Fire Formation" Spell/Trap Cards you control to the Graveyard; draw 1 card.$Supports archetypes /Fire Formation$$Sets from your Deck/Sends from field to Graveyard for cost/You draw cards$Trigger/Ignition$
73285669$Gladiator Beast Essedarii$Unlimited$EARTH$[Beast/Fusion/Effect]$$$$$5$2500$1400$$2 "Gladiator Beast" monsters$$Must first be Special Summoned (from your Extra Deck) by shuffling the above cards you control into the Deck. (You do not use "Polymerization".)$Supports archetypes /Gladiator Beast$$Returns Fusion Materials for Contact Fusion to Deck$Summon$
75500286$Gold Sarcophagus$Limited$SPELL$$$$$$$$$$$$Banish 1 card from your Deck, face-up. During your 2nd Standby Phase after this card's activation, add that card to the hand.$$$Adds banished cards to the hand$Effect/Lingering$
05973663$The World Tree$Unlimited$SPELL$$$$$$$$$Continuous$$$Each time a face-up Plant-Type monster(s) on the field is destroyed, place 1 Flower Counter on this card. You can remove any number of Flower Counters from this card to activate these effects.●1 Counter: Target 1 Plant-Type monster on the field; that target gains 400 ATK and DEF until the end of this turn. (This ATK gain remains even if this card leaves the field.)●2 Counters: Target 1 card on the field; destroy that target.●3 Counters: Target 1 Plant-Type monster in your Graveyard; Special Summon that target.$Plant$Plant$$Continuous-like/Ignition-like$
71233859$Photon Booster$Unlimited$SPELL$$$$$$$$$$$$Target 1 Level 4 or lower LIGHT monster on the field, except a Token; the ATK of all monsters currently on the field with its name become 2000, until the end of this turn.$LIGHT$$$Effect$
57103969$Fire Formation - Tenki$Semi-Limited$SPELL$$$$$$$$$Continuous$$$When this card is activated: You can add 1 Level 4 or lower Beast-Warrior monster from your Deck to your hand. All Beast-Warrior monsters you control gain 100 ATK. You can only activate 1 "Fire Formation - Tenki" per turn.$Beast-Warrior$$Adds from Deck to hand$Effect/Continuous-like/Condition$
74701381$DNA Surgery$Unlimited$TRAP$$$$$$$$$Continuous$$$Activate this card by declaring 1 Monster Type. All face-up monsters on the field become that Type.$$$Declares a Type$Continuous-like$
53582587$Torrential Tribute$Unlimited$TRAP$$$$$$$$$$$$When a monster(s) is Summoned: Destroy all monsters on the field.$$$$Activation requirement/Effect$
63477921$Cyber Summon Blaster$Unlimited$TRAP$$$$$$$$$Continuous$$$Each time a Machine monster(s) is Special Summoned, while this card is already face-up in your Spell & Trap Zone: Inflict 300 damage to your opponent.$Machine$Machine$Activates upon Special Summon$Trigger-like$
98427577$Scrap-Iron Scarecrow$Unlimited$TRAP$$$$$$$$$$$$When an opponent's monster declares an attack: Target the attacking monster; negate the attack, also, after that, Set this card face-down instead of sending it to the GY.$$$Activates upon attack declaration/Flips itself face-down$Activation requirement/Effect$
84749824$Solemn Warning$Unlimited$TRAP$$$$$$$$$Counter$$$When a monster(s) would be Summoned, OR when a Spell/Trap Card, or monster effect, is activated that includes an effect that Special Summons a monster(s): Pay 2000 LP; negate the Summon or activation, and if you do, destroy it.$$$$Activation requirement/Cost/Effect$
44920699$Fire Formation - Tensen$Unlimited$TRAP$$$$$$$$$Continuous$$$When this card is activated: Target 1 Beast-Warrior-Type monster you control; it gains 700 ATK until the end of this turn. (This ATK gain remains even if this card leaves the field.) All Beast-Warrior-Type monsters you control gain 300 ATK.$Beast-Warrior$$$Effect/Continuous-like$
