Passcode$Name$Status$Attribute$type$link$link_arrows$rank$pendulum_scale$level$attack$defense$spell_attribute$summoning_condition$pendulum_condition$card_text$card_supports$card_anti_supports$card_actions$effect_types$
$Slifer the Sky Dragon$Unlimited$DIVINE$[Divine-Beast/Effect]$$$$$10$?$?$$$$Requires 3 Tributes to Normal Summon (cannot be Normal Set). This card's Normal Summon cannot be negated. When Normal Summoned, cards and effects cannot be activated. Once per turn, during the End Phase, if this card was Special Summoned: Send it to the GY. Gains 1000 ATK/DEF for each card in your hand. If a monster(s) is Normal or Special Summoned to your opponent's field in Attack Position: That monster(s) loses 2000 ATK, then if its ATK has been reduced to 0 as a result, destroy it.$$$Sends itself from field to Graveyard$Summon/Unclassified/Continuous/Trigger$
05253985$Soul Crossing$Unlimited$SPELL$$$$$$$$$Quick-Play$$$During the Main Phase: Immediately after this effect resolves, Tribute Summon 1 Divine-Beast monster. When you do, you can Tribute a monster(s) your opponent controls, even though you do not control them, but if you Tribute Summon this way, apply this effect.●Until the end of the next turn after this card resolves, you can only activate 1 card or effect per turn, not counting the effects of Divine-Beast monsters.You can only activate 1 "Soul Crossing" per turn.$Divine-Beast$$Tributes opponent's monsters$Condition/Effect$
42469671$Thunderforce Attack$Unlimited$SPELL$$$$$$$$$Quick-Play$$$This card's activation and effect cannot be negated. If you control a monster whose original name is "Slifer the Sky Dragon": Destroy as many face-up monsters your opponent controls as possible, then, if you activated this card during your Main Phase, you can apply the following effect.●Draw cards equal to the number of monsters destroyed by this effect and sent to your opponent's GY, also you can only attack with 1 monster this turn.You can only activate 1 "Thunderforce Attack" per turn.$Slifer the Sky Dragon$$You draw cards$Condition/Effect$
32247099$Ultimate Divine-Beast$Unlimited$TRAP$$$$$$$$$Continuous$$$When an opponent's monster declares an attack: You can discard 1 Spell/Trap, then target 1 Divine-Beast monster in your GY; Special Summon it in Defense Position, then change the attack target to it. During the End Phase, if you control a Divine-Beast monster: You can destroy all face-up cards your opponent controls that activated their effects on the field this turn. You can only use each effect of "Ultimate Divine-Beast" once per turn.$Divine-Beast$$Activates upon attack declaration/Discards for cost$Trigger-like/Quick-like/Condition$
05130393$Millennium Seeker$Unlimited$DARK$[Spellcaster/Effect]$$$$$4$1000$1000$$$$When you take 1000 or more battle or effect damage: You can Special Summon this card from your hand. You can target 1 monster in your opponent's GY, except a monster with ? ATK; your opponent can choose 1 monster from their Deck, except a monster with ? ATK. If they chose not to, or if the targeted monster has higher ATK than the chosen monster, Special Summon the targeted monster to your field, and if you do, shuffle the chosen monster back into the Deck. Otherwise, your opponent adds the chosen monster to the hand. You can only use each effect of "Millennium Seeker" once per turn.$$$Activates if you take battle damage/Activates if you take effect damage/Activates from your hand/Adds from Deck to hand$Trigger/Ignition/Condition$
19280589$Tellus the Little Angel$Unlimited$LIGHT$[Fairy/Effect]$$$$$3$500$500$$$$If this card is sent from the Monster Zone to the GY: You can Special Summon 1 "Tellus Wing Token" (Fairy/LIGHT/Level 1/ATK 0/DEF 0). While you control a "Tellus Wing Token": You can banish this card from your GY and 1 Spell from your hand; Special Summon 2 "Tellus Wing Tokens", also you cannot Special Summon for the rest of this turn, except from your hand. You can only use each effect of "Tellus the Little Angel" once per turn.$Tellus Wing Token$$Activates from your Graveyard$Trigger-like/Ignition-like/Condition$
71413901$Breaker the Magical Warrior$Unlimited$DARK$[Spellcaster/Effect]$$$$$4$1600$1000$$$$If this card is Normal Summoned: Place 1 Spell Counter on it (max. 1). Gains 300 ATK for each Spell Counter on it. You can remove 1 Spell Counter from this card, then target 1 Spell/Trap on the field; destroy that target.$$$Activates upon Normal Summon$Trigger/Continuous/Ignition$
78651105$Beast King Barbaros$Unlimited$EARTH$[Beast-Warrior/Effect]$$$$$8$3000$1200$$$$You can Normal Summon/Set this card without Tributing, but its original ATK becomes 1900. You can Tribute 3 monsters to Tribute Summon (but not Set) this card. If Summoned this way: Destroy all cards your opponent controls.$$$$Unclassified/Trigger$
27198001$Nine-Tailed Fox$Unlimited$FIRE$[Zombie/Effect]$$$$$6$2200$2000$$$$If this card is in your hand or GY: You can Tribute 2 monsters; Special Summon this card. You can only use this effect of "Nine-Tailed Fox" once per turn. If this card that was Special Summoned from the GY attacks a Defense Position monster, inflict piercing battle damage. If this card is destroyed by battle or card effect and sent to the GY: You can Special Summon 2 "Fox Tokens" (Zombie/FIRE/Level 2/ATK 500/DEF 500).$$$Activates from your hand/Activates from your Graveyard/Tributes for cost/Activates if destroyed by battle/Activates if destroyed by card effect$Ignition/Condition/Continuous/Trigger$
12958919$Phantom Skyblaster$Unlimited(OCG)$DARK$[Fiend/Effect]$$$$$4$1100$800$$$$When this card is Normal or Flip Summoned: You can Special Summon any number of "Skyblaster Tokens" (Fiend/DARK/Level 4/ATK 500/DEF 500), up to the number of monsters you control. Once per turn, during your Standby Phase: You can inflict 300 damage to your opponent for each "Skyblaster" monster you control. "Skyblaster" monsters you control cannot declare an attack during the turn you activate this effect.$Supports archetypes /Skyblaster$Anti-supports archetypes /Skyblaster$Activates upon Normal Summon/Activates upon Flip Summon$Trigger$
04694209$Card Guard$Unlimited$DARK$[Fiend/Effect]$$$$$4$1600$500$$$$If this card is Normal or Special Summoned: Place 1 Guard Counter on it. This card gains 300 ATK for each Guard Counter on it. Once per turn: You can target 1 other face-up card you control; remove 1 Guard Counter from this card, and if you do, place 1 Guard Counter on that target (if that card would ever be destroyed, remove 1 Guard Counter from it instead).$$$Activates upon Normal Summon/Activates upon Special Summon$Trigger/Continuous/Ignition$
67692580$Caligo Claw Crow$Unlimited$DARK$[Winged Beast/Effect]$$$$$2$900$600$$$$If you control a DARK monster, you can Special Summon this card (from your hand). You can only Special Summon "Caligo Claw Crow" once per turn this way.$DARK$$Activates from your hand$Summon/Condition$
34710660$Electromagnetic Turtle$Unlimited$LIGHT$[Machine/Effect]$$$$$4$0$1800$$$$During your opponent's Battle Phase (Quick Effect): You can banish this card from your GY; end the Battle Phase. You can only use this effect of "Electromagnetic Turtle" once per Duel.$$$Activates from your Graveyard/Ends the Battle Phase$Quick/Condition$
22923081$Breaker the Dark Magical Warrior$Unlimited$DARK$[Spellcaster/Effect]$$$$$6$1600$1000$$$$If this card is Normal Summoned: Place 2 Spell Counters on it. If this card is Pendulum Summoned: Place 3 Spell Counters on it. Gains 400 ATK for each Spell Counter on it. You can remove 1 Spell Counter from this card, then target 1 Spell/Trap on the field; destroy it. You can only use this effect of "Breaker the Dark Magical Warrior" once per turn.$$$Activates upon Normal Summon/Activates upon Pendulum Summon$Trigger/Continuous/Ignition/Condition$
67284107$Scapeghost$Unlimited$DARK$[Zombie/Flip/Tuner/Effect]$$$$$1$0$0$$$$FLIP: You can Special Summon any number of "Black Sheep Tokens" (Zombie/DARK/Level 1/ATK 0/DEF 0).$$$Activates upon being flipped face-up$Flip$
86377375$Ahrima, the Wicked Warden$Unlimited$DARK$[Fiend/Effect]$$$$$4$1700$0$$$$You can discard this card; add 1 "Lair of Darkness" from your Deck to your hand. You can Tribute 1 DARK monster; draw 1 card, or, if you Tributed a DARK monster other than this card to activate this effect, you can add 1 DARK monster with 2000 or more DEF from your Deck to your hand, instead. You can only use this effect of "Ahrima, the Wicked Warden" once per turn.$Lair of Darkness/DARK$$Activates from your hand/Discards itself for cost/Adds from Deck to hand/Tributes for cost/You draw cards$Ignition/Condition$
12766474$Duke Shade, the Sinister Shadow Lord$Unlimited$DARK$[Fiend/Effect]$$$$$4$500$2000$$$$You can Tribute any number of DARK monsters; Special Summon this card from your hand, and if you do, it gains 500 ATK for each monster you Tributed. If this card is Normal or Special Summoned: You can target 1 Level 5 or higher DARK monster in your GY; add it to your hand. You can only use each effect of "Duke Shade, the Sinister Shadow Lord" once per turn. You cannot Special Summon monsters the turn you activate either of this card's effects, except DARK monsters.$DARK$$Activates from your hand/Tributes for cost/Activates upon Normal Summon/Activates upon Special Summon/Adds from your Graveyard to your hand$Ignition/Trigger/Condition$
21830679$Clock Wyvern$Unlimited$WIND$[Cyberse/Effect]$$$$$4$1800$1000$$$$If this card is Normal or Special Summoned: You can halve this card's ATK, and if you do, Special Summon 1 "Clock Token" (Cyberse/WIND/Level 1/ATK 0/DEF 0). You can only use this effect of "Clock Wyvern" once per turn.$$$Activates upon Normal Summon/Activates upon Special Summon$Trigger/Condition$
23431858$Tenyi Spirit - Vishuda$Unlimited$DARK$[Wyrm/Effect]$$$$$7$1500$2500$$$$If you control no Effect Monsters: You can Special Summon this card from your hand. If you control a face-up non-Effect Monster: You can banish this card from your hand or GY, then target 1 card your opponent controls; return it to the hand. You can only use each effect of "Tenyi Spirit - Vishuda" once per turn.$Non-Effect Monster$$Activates from your hand/Activates from your Graveyard/Returns from your opponent's field to your opponent's hand$Ignition/Condition$
79387392$Reactor Slime$Unlimited$WATER$[Aqua/Effect]$$$$$4$500$500$$$$During your Main Phase: You can activate this effect; Special Summon 2 "Slime Tokens" (Aqua/WATER/Level 1/ATK 500/DEF 500), also you cannot Normal or Special Summon monsters for the rest of this turn, except Divine-Beast monsters. During the Battle Phase (Quick Effect): You can Tribute this card; Set 1 "Metal Reflect Slime" from your hand, Deck, or GY. It can be activated this turn. You can only use each effect of "Reactor Slime" once per turn.$Divine-Beast/Metal Reflect Slime$$Tributes itself for cost/Sets from your hand/Sets from your Deck/Sets from your Graveyard$Ignition/Quick/Condition$
72302403$Swords of Revealing Light$Unlimited$SPELL$$$$$$$$$$$$After this card's activation, it remains on the field, but you must destroy it during the End Phase of your opponent's 3rd turn. When this card is activated: If your opponent controls a face-down monster, flip all monsters they control face-up. While this card is face-up on the field, your opponent's monsters cannot declare an attack.$$$Flips monsters face-up$Condition/Effect/Continuous-like$
18144506$Harpie's Feather Duster$Limited$SPELL$$$$$$$$$$$$Destroy all Spells and Traps your opponent controls.$$$$Effect$
83764718$Monster Reborn$Limited$SPELL$$$$$$$$$$$$Target 1 monster in either GY; Special Summon it.$$$$Effect$
14087893$Book of Moon$Unlimited$SPELL$$$$$$$$$Quick-Play$$$Target 1 face-up monster on the field; change that target to face-down Defense Position.$$$Flips monsters face-down/Changes battle positions$Effect$
98045062$Enemy Controller$Unlimited$SPELL$$$$$$$$$Quick-Play$$$Activate 1 of these effects.●Target 1 face-up monster your opponent controls; change that target's battle position.●Tribute 1 monster, then target 1 face-up monster your opponent controls; take control of that target until the End Phase.$$$Tributes for cost/Changes control/Changes battle positions$Condition/Effect/Cost$
67169062$Pot of Avarice$Unlimited$SPELL$$$$$$$$$$$$Target 5 monsters in your GY; shuffle all 5 into the Deck, then draw 2 cards.$$$Returns from your Graveyard to your Deck/You draw cards$Effect$
19870120$March of the Monarchs$Unlimited$SPELL$$$$$$$$$Continuous$$$Tribute Summoned monsters you control cannot be destroyed by card effects, also neither player can target them with card effects. You cannot Special Summon monsters from the Extra Deck.$$$$Continuous-like$
17626381$Supply Squad$Unlimited$SPELL$$$$$$$$$Continuous$$$Once per turn, if a monster(s) you control is destroyed by battle or card effect: Draw 1 card.$$$Activates if destroyed by battle/Activates if destroyed by card effect/You draw cards$Trigger-like$
52112003$Card Advance$Unlimited$SPELL$$$$$$$$$$$$Look at up to 5 cards from the top of your Deck, then place them on the top of the Deck in any order. You can Tribute Summon 1 monster in addition to your Normal Summon/Set this turn. (You can only gain this effect once per turn.)$$$Looks at cards from the top of your Deck/Changes your Deck order/Places cards from your Deck on the top of the Deck$Effect$
39913299$The True Name$Unlimited$SPELL$$$$$$$$$$$$Declare 1 card name; excavate the top card of your Deck, and if it is the declared card, add it to your hand, then you can add to your hand, or Special Summon, 1 DIVINE monster from your Deck. Otherwise, send it to the GY. You can only activate 1 "The True Name" per turn.$DIVINE$$Declares a card name/Excavates from the player's Deck/Adds excavated cards to the hand/Adds from Deck to hand/Sends excavated cards to the Graveyard/Sends from your Deck to your Graveyard$Effect/Condition$
93104632$One-Time Passcode$Unlimited$SPELL$$$$$$$$$$$$Special Summon 1 "Security Token" (Cyberse/LIGHT/Level 4/ATK 2000/DEF 2000) in Defense Position. You can only activate 1 "One-Time Passcode" per turn.$$$$Effect/Condition$
59160188$Lair of Darkness$Unlimited$SPELL$$$$$$$$$Field$$$All face-up monsters on the field become DARK. Once per turn, if you would Tribute a monster you control to activate a card effect, you can Tribute 1 DARK monster your opponent controls, even though you do not control it. Once per turn, during the End Phase: Special Summon as many "Torment Tokens" (Fiend/DARK/Level 3/ATK 1000/DEF 1000) as possible to the turn player's field in Defense Position, up to the number of monsters Tributed this turn while this card was face-up.$DARK$$Tributes opponent's monsters$Continuous-like/Trigger-like$
00856784$Draw of Fate$Unlimited$SPELL$$$$$$$$$$$$If your LP are lower than your opponent's and your opponent controls a monster with the highest ATK on the field (even if it's tied): Reveal 3 cards with different names from your Deck, place them on top of your Deck in random order, then draw 1 card. For the rest of this turn after this card resolves, you cannot Set Spells/Traps, also you can only activate one more card or effect. You can only activate 1 "Draw of Fate" per turn.$$$Reveals cards from your Deck/Places cards from the player's Deck on the top of the Deck/Changes Deck order/You draw cards/Prevents your Sets$Effect/Lingering/Condition$
44095762$Mirror Force$Unlimited$TRAP$$$$$$$$$$$$When an opponent's monster declares an attack: Destroy all your opponent's Attack Position monsters.$$$Activates upon attack declaration$Activation requirement/Effect$
37576645$Reckless Greed$Unlimited$TRAP$$$$$$$$$$$$Draw 2 cards and skip your next 2 Draw Phases.$$$You draw cards/Skips Draw Phase$Effect$
26905245$Metal Reflect Slime$Unlimited$TRAP$$$$$$$$$Continuous$$$Special Summon this card in Defense Position as an Effect Monster (Aqua/WATER/Level 10/ATK 0/DEF 3000). (This card is also still a Trap.) If Summoned this way, this card cannot attack.$$$$Effect/Condition/Continuous-like$
42671151$The Golden Apples$Unlimited$TRAP$$$$$$$$$$$$When you take battle damage while you control no monsters: Gain LP equal to the battle damage you took, and if you do, Special Summon 1 "Malus Token" (Fiend/DARK/Level 1/ATK ?/DEF ?). Its ATK/DEF are each equal to the amount of LP you gained by this effect.$$$Activates if you take battle damage$Activation requirement/Effect/Lingering$
59919307$Back to the Front$Unlimited$TRAP$$$$$$$$$$$$Target 1 monster in your GY; Special Summon it in Defense Position.$$$$Effect$
