Passcode$Name$Status$Attribute$type$link$link_arrows$rank$pendulum_scale$level$attack$defense$spell_attribute$summoning_condition$pendulum_condition$card_text$card_supports$card_anti_supports$card_actions$effect_types$
07459013$Zure, Knight of Dark World$Unlimited$DARK$[Fiend/Normal]$$$$$4$1800$1500$$$$The name of this illustrious knight is known by all residents of Dark World. He never oppresses the commoners.$$$$$
51638941$V-Tiger Jet$Unlimited$LIGHT$[Machine/Normal]$$$$$4$1600$1800$$$$This ace fighter is unbeatable in a dogfight. It combines with other monsters to launch an array of encircling attacks.$$$$$
97023549$Blade Skater$Unlimited$EARTH$[Warrior/Normal]$$$$$4$1400$1500$$$$An image of beauty on the ice, this gorgeous warrior rips her opponents into pieces with her stylish Accel Slicer attack.$$$$$
25652259$Queen's Knight$Unlimited$LIGHT$[Warrior/Normal]$$$$$4$1500$1600$$$$This knight catches her opponents off guard, dominating them with swift yet graceful attacks.$$$$$
90876561$Jack's Knight$Unlimited$LIGHT$[Warrior/Normal]$$$$$5$1900$1000$$$$A strong master swordsman. His loyalty is to justice, his duty to protect the weak.$$$$$
64788463$King's Knight$Unlimited$LIGHT$[Warrior/Effect]$$$$$4$1600$1400$$$$When this card is Normal Summoned while you control "Queen's Knight": You can Special Summon 1 "Jack's Knight" from your Deck.$Queen's Knight/Jack's Knight$$Activates upon Normal Summon$Trigger$
59793705$Elemental HERO Bladedge$Unlimited$EARTH$[Warrior/Effect]$$$$$7$2600$1800$$$$If this card attacks a Defense Position monster, inflict piercing battle damage.$$$$Continuous$
86188410$Elemental HERO Wildheart$Unlimited$EARTH$[Warrior/Effect]$$$$$4$1500$1600$$$$Unaffected by Trap effects.$$$$Continuous$
23421244$Reborn Zombie$Unlimited$DARK$[Zombie/Effect]$$$$$4$1000$1600$$$$While you have no cards in your hand and this card is in Attack Position, it cannot be destroyed by battle.$$$$Continuous$
50916353$Chthonian Soldier$Unlimited$DARK$[Warrior/Effect]$$$$$4$1200$1400$$$$When this card is destroyed by an opponent's attacking monster and sent to the Graveyard, the Battle Damage you took from this battle is also inflicted to your opponent.$$$Activates if destroyed by battle/Activates from your Graveyard$Trigger$
96300057$W-Wing Catapult$Unlimited$LIGHT$[Machine/Union/Effect]$$$$$4$1300$1500$$$$Once per turn, you can either: Target 1 "V-Tiger Jet" you control; equip this card to that target, OR: Unequip this card and Special Summon it. If the equipped monster would be destroyed by battle or card effect, destroy this card instead. The equipped monster gains 400 ATK/DEF.$V-Tiger Jet$$Equips self from field$Ignition/Ignition-like/Continuous-like/Condition$
23309606$Infernal Incinerator$Unlimited$FIRE$[Fiend/Effect]$$$$$6$2800$1800$$$$This card can only be Normal Summoned or Set by discarding all other card(s) in your hand and Tributing 1 card you control with 2000 or more ATK. This card gains 200 ATK for each monster your opponent controls. This card loses 500 ATK for each other monster you control.$$$Discards for cost/Tributes for cost$Summon/Continuous$
22587018$Hydrogeddon$Unlimited$WATER$[Dinosaur/Effect]$$$$$4$1600$1000$$$$When this card destroys an opponent's monster by battle and sends it to the GY: You can Special Summon 1 "Hydrogeddon" from your Deck.$$$Activates when it destroys a monster by battle$Trigger$
58071123$Oxygeddon$Unlimited$WIND$[Dinosaur/Effect]$$$$$4$1800$800$$$$If this card is destroyed by battle with a Pyro monster and sent to the GY: Each player takes 800 damage.$$Pyro$Activates if destroyed by battle/Activates from your Graveyard$Trigger$
85066822$Water Dragon$Unlimited$WATER$[Sea Serpent/Effect]$$$$$8$2800$2600$$$$Cannot be Normal Summoned/Set. Must be Special Summoned with "Bonding - H2O". The ATK of FIRE monsters and Pyro monsters on the field becomes 0. When this card is destroyed and sent to the GY: You can target 2 "Hydrogeddon" and 1 "Oxygeddon" in your GY; Special Summon them.$Bonding - H2O/Hydrogeddon/Oxygeddon$FIRE/Pyro$Activates if destroyed by battle/Activates if destroyed by card effect/Activates from your Graveyard$Summon/Continuous/Trigger$
11460577$Etoile Cyber$Unlimited$EARTH$[Warrior/Effect]$$$$$4$1200$1600$$$$If this card attacks directly, it gains 500 ATK during the Damage Step only.$$$$Continuous$
44954628$B.E.S. Tetran$Unlimited$WIND$[Machine/Effect]$$$$$6$1800$2300$$$$When this card is Normal Summoned, put 3 counters on it. This card cannot be destroyed by battle. If this card attacks or is attacked, remove 1 counter from this card at the end of the Damage Step. If you cannot, destroy it. Once per turn, you can remove 1 counter on this card to destroy 1 Spell or Trap Card on the field.$$$Activates upon Normal Summon$Trigger/Continuous/Ignition$
70948327$Nanobreaker$Unlimited$EARTH$[Machine/Effect]$$$$$4$1600$1800$$$$If this card attacks a face-up Level 3 or lower monster, destroy the monster immediately with this card's effect without applying damage calculation.$$$$Trigger$
06337436$Rapid-Fire Magician$Unlimited$DARK$[Spellcaster/Effect]$$$$$4$1600$1200$$$$Inflict 400 damage to your opponent each time you activate a Normal Spell Card.$Normal Spell Card$$$Continuous$
33731070$Beiige, Vanguard of Dark World$Unlimited$DARK$[Fiend/Effect]$$$$$4$1600$1300$$$$If this card is discarded to the Graveyard by a card effect: Special Summon it from the Graveyard.$$$Activates from your Graveyard$Trigger$
79126789$Broww, Huntsman of Dark World$Unlimited$DARK$[Fiend/Effect]$$$$$3$1400$800$$$$If this card is discarded to the Graveyard by a card effect: Draw 1 card, plus another card if this card was discarded from your hand to your Graveyard by an opponent's card effect.$$$Activates from your Graveyard/You draw cards$Trigger$
06214884$Brron, Mad King of Dark World$Unlimited$DARK$[Fiend/Effect]$$$$$4$1800$400$$$$When this card inflicts Battle Damage to your opponent: You can discard 1 card.$$$You discard/Discards for effect$Trigger$
32619583$Sillva, Warlord of Dark World$Unlimited$DARK$[Fiend/Effect]$$$$$5$2300$1400$$$$If this card is discarded to the Graveyard by a card effect: Special Summon it from the Graveyard, then, if this card was discarded from your hand to your Graveyard by an opponent's card effect, your opponent returns exactly 2 cards from their hand to the bottom of their Deck, in any order.$$$Activates from your Graveyard/Returns from your opponent's hand to your opponent's Deck$Trigger$
78004197$Goldd, Wu-Lord of Dark World$Unlimited$DARK$[Fiend/Effect]$$$$$5$2300$1400$$$$If this card is discarded to the Graveyard by a card effect: If it was discarded from your hand to your Graveyard by an opponent's card effect, you can target up to 2 cards your opponent controls; Special Summon this card from the Graveyard, then destroy those targets (if any).$$$Activates from your Graveyard$Trigger$
05498296$Scarr, Scout of Dark World$Unlimited$DARK$[Fiend/Effect]$$$$$2$500$500$$$$When this card is destroyed by battle and sent to the Graveyard: Add 1 Level 4 or lower "Dark World" monster from your Deck to your hand.$Supports archetypes /Dark World$$Activates from your Graveyard/Adds from Deck to hand$Trigger$
31887905$Familiar-Possessed - Aussa$Unlimited$EARTH$[Spellcaster/Effect]$$$$$4$1850$1500$$$$You can Special Summon this card (from your hand or Deck) by sending 1 face-up "Aussa the Earth Charmer" and 1 face-up EARTH monster you control to the GY. If this card Special Summoned by its own effect attacks a Defense Position monster, inflict piercing battle damage.$Aussa the Earth Charmer/EARTH$$Sends from field to Graveyard for cost$Unclassified/Continuous$
68881649$Familiar-Possessed - Eria$Unlimited$WATER$[Spellcaster/Effect]$$$$$4$1850$1500$$$$You can Special Summon this card (from your hand or Deck) by sending 1 face-up "Eria the Water Charmer" and 1 face-up WATER monster you control to the GY. If this card Special Summoned by its own effect attacks a Defense Position monster, inflict piercing battle damage.$Eria the Water Charmer/WATER$$Sends from field to Graveyard for cost$Unclassified/Continuous$
04376658$Familiar-Possessed - Hiita$Unlimited$FIRE$[Spellcaster/Effect]$$$$$4$1850$1500$$$$You can Special Summon this card (from your hand or Deck) by sending 1 face-up "Hiita the Fire Charmer" and 1 face-up FIRE monster you control to the GY. If this card Special Summoned by its own effect attacks a Defense Position monster, inflict piercing battle damage.$Hiita the Fire Charmer/FIRE$$Sends from field to Graveyard for cost$Unclassified/Continuous$
31764353$Familiar-Possessed - Wynn$Unlimited$WIND$[Spellcaster/Effect]$$$$$4$1850$1500$$$$You can Special Summon this card (from your hand or Deck) by sending 1 face-up "Wynn the Wind Charmer" and 1 face-up WIND monster you control to the GY. If this card Special Summoned by its own effect attacks a Defense Position monster, inflict piercing battle damage.$Wynn the Wind Charmer/WIND$$Sends from field to Graveyard for cost$Unclassified/Continuous$
58859575$VW-Tiger Catapult$Unlimited$LIGHT$[Machine/Fusion/Effect]$$$$$6$2000$2100$$"V-Tiger Jet" + "W-Wing Catapult"$$Must first be Special Summoned (from your Extra Deck) by banishing the above cards you control. You can discard 1 card, then target 1 monster your opponent controls; change that target's battle position. (Flip effects are not activated.)$$Flip monster$Discards for cost/Changes battle positions$Summon/Ignition$
84243274$VWXYZ-Dragon Catapult Cannon$Unlimited$LIGHT$[Machine/Fusion/Effect]$$$$$8$3000$2800$$"VW-Tiger Catapult" + "XYZ-Dragon Cannon"$$Must first be Special Summoned (from your Extra Deck) by banishing the above cards you control. Once per turn: You can target 1 card your opponent controls; banish that target. When this card declares an attack on an opponent's monster: You can target the attack target; change that attack target's battle position. (Flip effects are not activated.)$$Flip monster$Activates upon attack declaration/Changes battle positions$Summon/Ignition/Trigger$
10248389$Cyber Blader$Unlimited$EARTH$[Warrior/Fusion/Effect]$$$$$7$2100$800$$"Etoile Cyber" + "Blade Skater"$$A Fusion Summon of this card can only be done with the above Fusion Materials. This card gains the following effect, based on the number of monsters your opponent controls.●1: Cannot be destroyed by battle.●2: This card's ATK is doubled.●3: Your opponent's activated card effects are negated.$$$$Summon/Continuous$
47737087$Elemental HERO Rampart Blaster$Unlimited$EARTH$[Warrior/Fusion/Effect]$$$$$6$2000$2500$$"Elemental HERO Clayman" + "Elemental HERO Burstinatrix"$$Must be Fusion Summoned. This card can attack directly while in Defense Position. If it does, apply its ATK for damage calculation, and its ATK is halved during damage calculation only.$$$$Summon/Continuous$
83121692$Elemental HERO Tempest$Unlimited$WIND$[Warrior/Fusion/Effect]$$$$$8$2800$2800$$"Elemental HERO Avian" + "Elemental HERO Sparkman" + "Elemental HERO Bubbleman"$$Must be Fusion Summoned and cannot be Special Summoned by other ways. You can send 1 other card you control to the Graveyard to target 1 monster you control; while this card is face-up on the field, that monster cannot be destroyed by battle.$$$Sends from your field to your Graveyard for cost$Summon/Ignition$
10526791$Elemental HERO Wildedge$Unlimited$EARTH$[Warrior/Fusion/Effect]$$$$$8$2600$2300$$"Elemental HERO Wildheart" + "Elemental HERO Bladedge"$$Must be Fusion Summoned and cannot be Special Summoned by other ways. This card can attack every monster your opponent controls (one attack on each monster per Battle Phase).$$$$Summon/Continuous$
25366484$Elemental HERO Shining Flare Wingman$Unlimited$LIGHT$[Warrior/Fusion/Effect]$$$$$8$2500$2100$$"Elemental HERO Flame Wingman" + "Elemental HERO Sparkman"$$Must be Fusion Summoned. Gains 300 ATK for each "Elemental HERO" card in your GY. If this card destroys a monster by battle and sends it to the GY: Inflict damage to your opponent equal to that monster's original ATK in the GY.$Supports archetypes /Elemental HERO$$Activates when it destroys a monster by battle$Summon/Continuous/Trigger$
67169062$Pot of Avarice$Unlimited$SPELL$$$$$$$$$$$$Target 5 monsters in your GY; shuffle all 5 into the Deck, then draw 2 cards.$$$Returns from your Graveyard to your Deck/You draw cards$Effect$
93554166$Dark World Lightning$Unlimited$SPELL$$$$$$$$$$$$Target 1 Set card on the field; destroy that target, then discard 1 card.$$$You discard/Discards for effect$Effect$
61850482$Level Modulation$Unlimited$SPELL$$$$$$$$$$$$Your opponent draws 2 cards. Special Summon 1 "LV" monster from your Graveyard, ignoring the Summoning conditions. The monster that was Special Summoned by this effect cannot attack, nor activate or apply its effect this turn.$Supports archetypes /LV$$Your opponent draws cards$Effect$
24643836$Ojamagic$Unlimited$SPELL$$$$$$$$$$$$If this card is sent from the hand or field to the GY: Add 1 each of "Ojama Green", "Ojama Yellow", and "Ojama Black" from your Deck to your hand.$Ojama Green/Ojama Yellow/Ojama Black$$Activates from your Graveyard/Adds from Deck to hand$Trigger-like$
98259197$Ojamuscle$Unlimited$SPELL$$$$$$$$$$$$(This card is always treated as a "Ojama" card.)Select 1 face-up "Ojama King". Destroy all "Ojama" monsters on the field, except the selected "Ojama King". It gains 1000 ATK for each monster destroyed this way.$Supports archetypes /Ojama$$$Condition/Effect$
19394153$Feather Shot$Unlimited$SPELL$$$$$$$$$$$$Target 1 face-up "Elemental HERO Avian" you control; during this turn, that target can attack a number of times equal to the number of monsters you control when this card resolves, but cannot attack directly, and other monsters you control cannot attack this turn.$Elemental HERO Avian$$$Effect$
45898858$Bonding - H2O$Unlimited$SPELL$$$$$$$$$$$$Tribute 2 "Hydrogeddon" and 1 "Oxygeddon"; Special Summon 1 "Water Dragon" from your hand, Deck, or GY.$Hydrogeddon/Oxygeddon/Water Dragon$$Tributes for cost$Cost/Effect$
46910446$Chthonian Alliance$Unlimited$SPELL$$$$$$$$$Equip$$$The equipped monster gains 800 ATK for each other face-up monster on the field that has the same name it does.$$$$Continuous-like$
90374791$Armed Changer$Unlimited$SPELL$$$$$$$$$Equip$$$Send 1 Equip Spell Card from your hand to the Graveyard to activate this card. If the equipped monster destroys a monster by battle, the controller of this Equip Card can add 1 monster with ATK equal to or less than the equipped monster from their Graveyard to their hand.$Equip Spell Card$$Sends from your hand to your Graveyard for cost/Activates when it destroys a monster by battle/Adds from Graveyard to hand$Cost/Trigger-like$
30548775$Branch!$Unlimited$SPELL$$$$$$$$$Continuous$$$When a Fusion Monster(s) on the field is destroyed by battle or card effect and sent to the Graveyard: You can target 1 of the Fusion Materials in your Graveyard that was used for its Fusion Summon; Special Summon it.$Fusion Monster/Fusion Material$$$Trigger-like$
66947414$Boss Rush$Unlimited$SPELL$$$$$$$$$Continuous$$$You cannot Normal Summon or Set. During the End Phase of the turn that a "B.E.S." monster or a "Big Core" is destroyed and sent to the Graveyard, you can Special Summon 1 "B.E.S." monster or 1 "Big Core" from your Deck.$Supports archetypes /B.E.S.$$$Continuous-like/Trigger-like$
93431518$Gateway to Dark World$Unlimited$SPELL$$$$$$$$$Quick-Play$$$Target 1 "Dark World" monster in your Graveyard; Special Summon that target. You cannot Summon other monsters the turn you activate this card (but you can Set).$Supports archetypes /Dark World$$$Effect/Condition$
44676200$Hero Barrier$Unlimited$TRAP$$$$$$$$$$$$Negate 1 attack from an opponent's monster. You must control a face-up "Elemental HERO" monster to resolve this effect.$Supports archetypes /Elemental HERO$$$Effect/Condition$
18271561$Chthonian Blast$Unlimited$TRAP$$$$$$$$$$$$When a face-up monster you control is destroyed and sent to the Graveyard: Destroy the 1 face-up monster on the field that has the lowest ATK (your choice, if tied), and if you do, inflict damage to both players equal to half of that monster's ATK.$$$$Activation requirement/Effect$
29826127$The Forces of Darkness$Unlimited$TRAP$$$$$$$$$$$$Target 2 "Dark World" monsters in your Graveyard; add those targets to your hand.$Supports archetypes /Dark World$$Adds from Graveyard to hand$Effect$
65824822$Dark Deal$Unlimited$TRAP$$$$$$$$$$$$When your opponent activates a Normal Spell Card: Pay 1000 Life Points; the effect of that Normal Spell Card becomes "Your opponent discards 1 random card".$$Normal Spell Card$Discards for effect/Overwrites card effects$Activation requirement/Cost/Effect$
92219931$Simultaneous Loss$Unlimited$TRAP$$$$$$$$$$$$Each player sends the top card of their Deck to the Graveyard.$$$Sends from Deck to Graveyard/Sends from your Deck to your Graveyard/Sends from your opponent's Deck to your opponent's Graveyard$Effect$
28604635$Weed Out$Unlimited$TRAP$$$$$$$$$$$$Pay 500 Life Points. Destroy all face-up Attack Position Level 3 monsters.$$$$Cost/Effect$
55008284$The League of Uniform Nomenclature$Unlimited$TRAP$$$$$$$$$$$$Select 1 face-up Level 2 or lower Normal Monster you control to activate this card. Special Summon as many cards as possible from your Deck with the same name as the selected monster.$Normal Monster$$$Effect$
91597389$Roll Out!$Unlimited$TRAP$$$$$$$$$$$$Target 1 Union monster in your GY; equip that target to an appropriate monster you control for that Union monster's effect.$Union monster$$Places cards from Graveyard in Spell & Trap Zone$Effect$
72287557$Chthonian Polymer$Unlimited$TRAP$$$$$$$$$$$$Activate only when your opponent Fusion Summons a Fusion Monster. Tribute 1 monster to take control of that Fusion Monster.$$Fusion Monster$Tributes for cost/Changes control$Activation requirement/Cost/Effect$
71060915$Feather Wind$Unlimited$TRAP$$$$$$$$$Counter$$$When a Spell/Trap Card is activated while you control a face-up "Elemental HERO Avian": Negate the activation and destroy it.$Elemental HERO Avian$$$Activation requirement/Effect$
27581098$Non-Fusion Area$Unlimited$TRAP$$$$$$$$$Continuous$$$Neither player can Fusion Summon.$$Fusion Summon$$Continuous-like$
54976796$Level Limit - Area A$Unlimited$TRAP$$$$$$$$$Continuous$$$Change all face-up Level 3 or lower monsters to Attack Position.$$$Changes battle positions/Prevents Battle Position changes$Continuous-like$
