Passcode$Name$Status$Attribute$type$link$link_arrows$rank$pendulum_scale$level$attack$defense$spell_attribute$summoning_condition$pendulum_condition$card_text$card_supports$card_anti_supports$card_actions$effect_types$
83682209$Piwraithe the Ghost Pirate$Unlimited$WATER$[Aqua/Effect]$$$$$4$1500$500$$$$If a face-up WATER monster(s) you control, except "Piwraithe the Ghost Pirate", is destroyed by battle or card effect, while this card is in your GY: You can Special Summon this card (but banish it when it leaves the field), and if you do, it gains 100 ATK for each WATER monster in your GY, until the end of the next turn. You can only use this effect of "Piwraithe the Ghost Pirate" once per turn.$WATER$$Activates from your Graveyard/Activates if destroyed by battle/Activates if destroyed by card effect$Trigger/Condition$
71278040$Parallel eXceed$Unlimited$WIND$[Cyberse/Effect]$$$$$8$2000$2000$$$$If this card is Special Summoned by the effect of "Parallel eXceed", its Level becomes 4 and its original ATK/DEF become halved. You can only use each of the following effects of "Parallel eXceed" once per turn.●If you Link Summon: You can Special Summon this card from your hand to your zone that Link Monster points to.●If this card is Normal or Special Summoned: You can Special Summon 1 "Parallel eXceed" from your Deck.$Link Monster$$Activates upon Special Summon/Activates from your hand/Activates upon Link Summon/Activates upon Normal Summon$Unclassified/Condition/Trigger$
08662794$Codebreaker Zero Day$Unlimited$DARK$[Warrior/Effect]$$$$$4$1800$0$$$$All Link Monsters pointing to this card lose 1000 ATK, except "Codebreaker" Link Monsters. If a "Codebreaker" Link Monster(s) on the field is destroyed by battle or card effect, while this card is on the field: Destroy this card. If this card is destroyed by battle or card effect: You can add 1 "Codebreaker Zero Day" from your Deck to your hand.$Supports archetypes /Codebreaker$Link Monster$Activates if destroyed by battle/Activates if destroyed by card effect/Adds from Deck to hand/Adds copies of itself to hand/Activates from your Graveyard$Continuous/Trigger$
44161893$Salamangreat Zebroid X$Unlimited$FIRE$[Cyberse/Effect]$$$$$4$1500$1000$$$$While this card is in your GY, if a "Salamangreat" Link Monster you control leaves the field because of an opponent's card effect (except during the Damage Step): You can Special Summon 2 Level 4 "Salamangreat" monsters from your GY, including this card, but negate their effects, and if you do, immediately after this effect resolves, Xyz Summon 1 "Salamangreat" Xyz Monster, using only those 2 monsters. You can only use this effect of "Salamangreat Zebroid X" once per turn. An Xyz Monster that was Summoned using this card on the field as material gains this effect.●This card gains 300 ATK for each material attached to it.$Supports archetypes /Salamangreat$$Activates from your Graveyard/Activates if destroyed by card effect/Activates when it leaves the field/Uses itself as an Xyz Material/Grants effect as Xyz Material$Trigger/Condition/Unclassified/Continuous$
71555408$Gouki Iron Claw$Unlimited$EARTH$[Warrior/Effect]$$$$$2$1000$0$$$$During the Damage Step, when your "Gouki" monster battles an opponent's monster (Quick Effect): You can send this card from your hand to the GY; until the end of this turn, your monster gains 500 ATK, and if it does, it is unaffected by your opponent's card effects. If this card is sent from the field to the GY: You can add 1 "Gouki" card from your Deck to your hand, except "Gouki Iron Claw". You can only use each effect of "Gouki Iron Claw" once per turn.$Supports archetypes /Gouki$$Activates from your hand/Sends itself from hand to Graveyard for cost/Activates from your Graveyard/Adds from Deck to hand$Quick/Trigger/Condition$
07540107$Gouki Guts$Unlimited$EARTH$[Warrior/Effect]$$$$$1$800$0$$$$This Defense Position card cannot be destroyed by battle. You can only use each of the following effects of "Gouki Guts" once per turn.●During your Main Phase: You can make all "Gouki" monsters you control gain 200 ATK.●If this card is sent from the field to the GY: You can add 1 "Gouki" card from your Deck to your hand, except "Gouki Guts".$Supports archetypes /Gouki$$Activates from your Graveyard/Adds from Deck to hand$Continuous/Condition/Ignition/Trigger$
33945211$Marincess Basilalima$Unlimited$WATER$[Cyberse/Effect]$$$$$4$600$2100$$$$If a monster(s) you control would be destroyed by card effect, you can banish this card from your GY instead. You can only use each of the following effects of "Marincess Basilalima" once per turn.●You can banish 1 "Marincess" Trap from your GY; add 1 "Marincess" Trap with a different name from your Deck to your hand.●If this card is banished: You can target 1 face-up monster you control; it gains 600 ATK.$Supports archetypes /Marincess$$Activates from your Graveyard/Adds from Deck to hand/Activates while banished$Unclassified/Condition/Ignition/Trigger$
70333910$Noctovision Dragon$Unlimited$DARK$[Dragon/Effect]$$$$$7$0$2800$$$$When your opponent activates a card or effect that targets a face-down card(s) you control (Quick Effect): You can banish this card from your GY; negate that effect, also your opponent cannot target that face-down card(s) with card effects for the rest of this turn. You can only use each of the following effects of "Noctovision Dragon" once per turn.●If a DARK Dragon monster(s) is Special Summoned to your field (except during the Damage Step): You can Special Summon this card from your hand.●If this card is sent to the GY as Link Material: You can draw 1 card.$DARK/Dragon$$Activates from your Graveyard/Activates if targeted by card effect/Activates from your hand/Activates upon Special Summon/Activates if used as Link Material/You draw cards$Quick/Condition/Trigger$
06728559$Archnemeses Protos$Unlimited(OCG)$DARK$[Wyrm/Effect]$$$$$11$2500$3000$$$$Cannot be Normal Summoned/Set. Must first be Special Summoned (from your hand) by banishing 3 monsters with different Attributes from your GY and/or face-up field. Cannot be destroyed by card effects. You can declare 1 monster Attribute on the field; destroy all monsters on the field with that Attribute, also until the end of the next turn, neither player can Special Summon monsters with that Attribute. You can only use this effect of "Archnemeses Protos" once per turn.$$$Declares an Attribute$Summon/Continuous/Ignition$
33212663$Archnemeses Eschatos$Unlimited$LIGHT$[Dragon/Effect]$$$$$11$3000$2500$$$$Cannot be Normal Summoned/Set. Must first be Special Summoned (from your hand) by banishing 3 monsters with different Types from your GY and/or face-up field. Cannot be destroyed by card effects. You can declare 1 Monster Type on the field; destroy all monsters on the field with that Type, also until the end of the next turn, neither player can Special Summon monsters with that Type. You can only use this effect of "Archnemeses Eschatos" once per turn.$$$Declares a Type$Summon/Continuous/Ignition$
19211362$Nemeses Flag$Unlimited$FIRE$[Pyro/Effect]$$$$$2$1100$200$$$$You can target 1 of your banished monsters, except "Nemeses Flag"; Special Summon this card from your hand, and if you do, shuffle that target into the Deck. During your Main Phase: You can add 1 "Nemeses" monster from your Deck to your hand, except "Nemeses Flag". You can only use each effect of "Nemeses Flag" once per turn.$Supports archetypes /Nemeses$$Activates from your hand/Returns the player's banished cards to the Deck by effect/Adds from Deck to hand$Ignition/Condition$
46606977$Nemeses Umbrella$Unlimited$WATER$[Aqua/Effect]$$$$$3$1500$400$$$$You can target 1 of your banished monsters, except "Nemeses Umbrella"; Special Summon this card from your hand, and if you do, shuffle that target into the Deck. You can target 1 "Nemeses" monster in your GY, except "Nemeses Umbrella"; add it to your hand. You can only use each effect of "Nemeses Umbrella" once per turn.$Supports archetypes /Nemeses$$Activates from your hand/Returns the player's banished cards to the Deck by effect/Adds from Graveyard to hand$Ignition/Condition$
72090076$Nemeses Corridor$Unlimited$WIND$[Thunder/Effect]$$$$$4$1900$600$$$$You can target 1 of your banished monsters, except "Nemeses Corridor"; Special Summon this card from your hand, and if you do, shuffle that target into the Deck. You can target 1 of your banished "Nemeses" monsters, except "Nemeses Corridor"; add it to your hand. You can only use each effect of "Nemeses Corridor" once per turn.$Supports archetypes /Nemeses$$Activates from your hand/Returns the player's banished cards to the Deck by effect/Adds banished cards to the hand$Ignition/Condition$
08495780$Deep Sea Artisan$Unlimited$WATER$[Sea Serpent/Effect]$$$$$1$0$500$$$$If this card is added from the Deck or GY to your hand by an effect of a WATER monster: You can reveal this card; look at your opponent's hand. If this card is Special Summoned: You can send the top card of your Deck to the GY, then target 1 Level 4 or lower WATER monster in your GY, except "Deep Sea Artisan"; Special Summon it, but negate its effects. You can only use each effect of "Deep Sea Artisan" once per turn.$WATER$$Activates from your hand/Reveals itself in the hand for cost/Reveals your opponent's hand/Activates upon Special Summon/Sends from the top of your Deck to your Graveyard for cost$Trigger/Condition$
45483489$Deep Sea Sentry$Unlimited$WATER$[Sea Serpent/Effect]$$$$$2$400$2000$$$$If this card is sent to the GY to activate a WATER monster's effect: You can make your opponent banish 1 card from their hand face-up, until the End Phase. If this card is Special Summoned: You can send the top 2 cards of your Deck to the GY, then target 1 Level 4 or lower WATER monster in your GY, except "Deep Sea Sentry"; add it to your hand. You can only use each effect of "Deep Sea Sentry" once per turn.$WATER$$Activates from your Graveyard/Adds banished cards to the hand/Activates upon Special Summon/Sends from the top of your Deck to your Graveyard for cost/Adds from your Graveyard to your hand$Trigger/Condition$
71978434$Deep Sea Minstrel$Unlimited$WATER$[Sea Serpent/Tuner/Effect]$$$$$3$1200$1500$$$$You can discard this card and 1 WATER monster; look at your opponent's hand and banish 1 card from their hand face-up, until the End Phase. If this card is Special Summoned: You can send the top 3 cards of your Deck to the GY, then target 1 Level 4 or lower WATER monster in your GY, except "Deep Sea Minstrel"; place it on the top or bottom of the Deck. You can only use each effect of "Deep Sea Minstrel" once per turn.$WATER$$Activates from your hand/Discards itself for cost/Discards for cost/Reveals your opponent's hand/Adds banished cards to the hand/Activates upon Special Summon/Sends from the top of your Deck to your Graveyard for cost/Returns from your Graveyard to your Deck$Ignition/Trigger/Condition$
08372133$Red Familiar$Unlimited$DARK$[Fiend/Effect]$$$$$4$1600$0$$$$You can Tribute 1 Fiend monster, then target 1 DARK Dragon Synchro Monster in your GY; Special Summon it in Defense Position, but negate its effects. You can banish this card from your GY, then target 1 DARK Dragon Synchro Monster you control and declare a Level from 1 to 8; that monster becomes that Level until the end of this turn. You can only use each effect of "Red Familiar" once per turn.$Fiend/DARK/Dragon/Synchro Monster$$Tributes for cost/Activates from your Graveyard/Declares a Level$Ignition$
34761841$Crimson Resonator$Unlimited$DARK$[Fiend/Tuner/Effect]$$$$$2$800$300$$$$If you control no monsters: You can Special Summon this card from your hand. If the only other monster you control is exactly 1 DARK Dragon Synchro Monster: You can Special Summon up to 2 "Resonator" monsters from your hand or Deck, except "Crimson Resonator". You can only use each effect of "Crimson Resonator" once per turn. You cannot Special Summon monsters from the Extra Deck, except DARK Dragon Synchro Monsters, the turn you activate either of this card's effects.$Supports archetypes /Resonator$$Activates from your hand$Ignition/Condition$
70156946$Lantern Shark$Unlimited$WATER$[Fish/Effect]$$$$$4$1500$900$$$$If this card is Normal or Special Summoned: You can activate this effect; Special Summon 1 Level 3, 4, or 5 WATER monster from your hand in Defense Position, except "Lantern Shark", also, you cannot Special Summon monsters from the Extra Deck for the rest of this turn, except Xyz Monsters. You can only use this effect of "Lantern Shark" once per turn. If this card is used for the Xyz Summon of a WATER monster, it can be treated as a Level 3 or 5 monster.$WATER/Xyz Monster$$Activates upon Normal Summon/Activates upon Special Summon$Trigger/Condition/Unclassified$
07150545$Buzzsaw Shark$Unlimited$WATER$[Fish/Effect]$$$$$4$1600$500$$$$You can target 1 WATER monster you control; Special Summon from your Deck in Defense Position, 1 Fish monster with the same Level as that monster, but with a different name, and if you do, it cannot activate its effects this turn, also, you cannot Special Summon monsters from the Extra Deck for the rest of this turn, except Xyz Monsters. You can only use this effect of "Buzzsaw Shark" once per turn. If this card is used for the Xyz Summon of a WATER monster, it can be treated as a Level 3 or 5 monster.$WATER/Fish/Xyz Monster$$$Ignition/Condition/Unclassified$
33545259$Ancient Warriors - Ambitious Cao De$Unlimited$FIRE$[Beast-Warrior/Effect]$$$$$8$3000$2500$$$$While you control another "Ancient Warriors" monster, your opponent cannot target this card with card effects, also it cannot be destroyed by your opponent's card effects. You can only use each of the following effects of "Ancient Warriors - Ambitious Cao De" once per turn.●If a card(s) your opponent controls is destroyed by battle or card effect: You can send 1 other card from your hand or field to the GY; Special Summon this card from your hand.●When this card destroys an opponent's monster by battle and sends it to the GY: You can Special Summon that monster to your field in Defense Position.$Supports archetypes /Ancient Warriors$$Activates from your hand/Sends from hand to Graveyard for cost/Sends from field to Graveyard for cost/Activates if destroyed by battle/Activates if destroyed by card effect/Activates when it destroys a monster by battle$Continuous/Condition/Trigger$
60033398$Ancient Warriors - Fearsome Zhang Yuan$Unlimited$FIRE$[Beast-Warrior/Effect]$$$$$6$2300$2000$$$$All other "Ancient Warriors" monsters you control cannot be destroyed by battle. You can only use each of the following effects of "Ancient Warriors - Fearsome Zhang Yuan" once per turn.●At the start of the Damage Step, when your "Ancient Warriors" monster battles an opponent's face-up monster: You can Special Summon this card from your hand, and if you do, that opponent's monster loses 1000 ATK.●If a card(s) your opponent controls is destroyed by battle or card effect: You can target 1 card your opponent controls; destroy it.$Supports archetypes /Ancient Warriors$$Activates from your hand/Activates if destroyed by battle/Activates if destroyed by card effect/Activates when it destroys a monster by battle$Continuous/Condition/Trigger$
06438003$Ancient Warriors - Deceptive Jia Wen$Unlimited$FIRE$[Beast-Warrior/Effect]$$$$$4$1100$1800$$$$You can target 1 Continuous Spell/Trap you control; send it to the GY, and if you do, halve the ATK of 2 face-up monsters on the field, until the end of this turn. If a card(s) your opponent controls is destroyed by battle or card effect: You can target 1 "Ancient Warriors" card in your GY, except "Ancient Warriors - Deceptive Jia Wen"; add it to your hand. You can only use each effect of "Ancient Warriors - Deceptive Jia Wen" once per turn.$Supports archetypes /Ancient Warriors$$Sends from your field to your Graveyard/Activates if destroyed by battle/Activates if destroyed by card effect/Adds from Graveyard to hand/Activates when it destroys a monster by battle$Ignition/Trigger/Condition$
32422602$Ancient Warriors - Ingenious Zhuge Kong$Unlimited$WIND$[Beast-Warrior/Effect]$$$$$4$1000$2000$$$$If this card is added from the Deck to your hand by the effect of an "Ancient Warriors" card: You can Special Summon it. When a Spell/Trap Card is activated (Quick Effect): You can send 1 face-up "Ancient Warriors" Continuous Spell/Trap you control to the GY; negate the activation. When a monster effect is activated while you control "Ancient Warriors - Virtuous Liu Xuan" (Quick Effect): You can send 1 face-up "Ancient Warriors" Continuous Spell/Trap you control to the GY; negate the activation. You can only use each effect of "Ancient Warriors - Ingenious Zhuge Kong" once per turn.$Supports archetypes /Ancient Warriors$$Activates from your hand/Sends from field to Graveyard for cost$Trigger/Quick/Condition$
69811710$Girsu, the Orcust Mekk-Knight$Limited(OCG)$DARK$[Machine/Effect]$$$$$4$1800$0$$$$If this card is Normal or Special Summoned: You can send 1 "Orcust" or "World Legacy" card from your Deck to the GY, then, if there are 2 or more other cards in this card's column, treat this card as a Tuner this turn. If you control no other monsters: You can Special Summon 1 "World Legacy Token" (Machine/DARK/Level 1/ATK 0/DEF 0) to both players' fields in Defense Position. You can only use each effect of "Girsu, the Orcust Mekk-Knight" once per turn.$Supports archetypes /Orcust/World Legacy$$Activates upon Normal Summon/Activates upon Special Summon/Sends from your Deck to your Graveyard$Trigger/Ignition/Condition$
05206415$Thunder Dragonlord$Unlimited$LIGHT$[Thunder/Effect]$$$$$9$3000$2000$$$$Cannot be Normal Summoned/Set. Must first be Special Summoned (from your hand) by banishing 1 Level 8 or lower Thunder monster from your hand or face-up field, during the turn a Thunder monster's effect was activated in the hand. Once per opponent's turn (Quick Effect): You can banish 2 cards from your GY, including a Thunder monster, then target 1 Thunder monster you control; your opponent cannot target it with card effects this turn. Once per turn, during your End Phase: You can send 1 "Thunder Dragon" card from your Deck to the GY.$Supports archetypes /Thunder Dragon $$Sends from your Deck to your Graveyard$Summon/Quick/Trigger$
32600024$Chamber Dragonmaid$Unlimited$DARK$[Dragon/Effect]$$$$$4$500$1800$$$$If this card is Normal or Special Summoned: You can add 1 "Dragonmaid" Spell/Trap from your Deck to your hand. At the start of the Battle Phase: You can return this card to the hand, and if you do, Special Summon 1 Level 7 or higher "Dragonmaid" monster from your hand or GY. You can only use each effect of "Chamber Dragonmaid" once per turn.$Supports archetypes /Dragonmaid$$Activates upon Normal Summon/Activates upon Special Summon/Adds from Deck to hand/Returns itself from field to hand$Trigger$
68199168$Harr, Generaider Boss of Storms$Unlimited$DARK$[Spellcaster/Effect]$$$$$9$3000$3000$$$$You can only control 1 "Harr, Generaider Boss of Storms". Once per turn, if your opponent adds a card(s) from the Deck to their hand, except during the Draw Phase (Quick Effect): You can make your opponent send 1 monster from their hand or field to the GY (their choice). When a card or effect is activated (Quick Effect): You can Tribute 2 "Generaider" and/or Spellcaster monsters; negate the activation, and if you do, destroy that card. You can only use this effect of "Harr, Generaider Boss of Storms" once per turn.$Supports archetypes /Generaider$$Activates if your opponent draws a card/Tributes for cost/Sends from your opponent's field to your opponent's Graveyard/Sends from your opponent's hand to your opponent's Graveyard$Unclassified/Quick/Condition$
94183877$Loptr, Shadow of the Generaider Bosses$Unlimited$FIRE$[Fairy/Effect]$$$$$4$1500$1500$$$$You can only control 1 "Loptr, Shadow of the Generaider Bosses". All "Generaider" monsters you control gain 1000 ATK/DEF during your opponent's turn only. During the Main Phase (Quick Effect): You can Tribute 1 "Generaider" monster; Special Summon 1 Level 9 "Generaider" monster with a different name from your Deck. You can only use this effect of "Loptr, Shadow of the Generaider Bosses" once per turn.$Supports archetypes /Generaider$$Tributes for cost$Unclassified/Continuous/Quick/Condition$
31588572$Unchained Twins - Sarama$Unlimited$DARK$[Fiend/Effect]$$$$$3$1500$1500$$$$You can target 1 "Unchained" card in your GY, except "Unchained Twins - Sarama"; Set it to your field, then destroy 1 card you control. If this card on the field is destroyed by card effect, except "Unchained Twins - Sarama", or by battle: You can Special Summon 1 "Unchained" monster from your hand or Deck, except "Unchained Twins - Sarama". You can only use each effect of "Unchained Twins - Sarama" once per turn.$Supports archetypes /Unchained$$Sets from your Graveyard/Activates if destroyed by card effect/Activates if destroyed by battle$Ignition/Trigger/Condition$
63972571$King Beast Barbaros$Unlimited$EARTH$[Beast-Warrior/Effect]$$$$$8$3000$1200$$$$This card can attack all monsters your opponent controls once each. You can only use each of the following effects of "King Beast Barbaros" once per turn.●You can Tribute monsters whose total Levels equal 8 or more; Special Summon this card from your hand.●You can banish 1 "Barbaros" monster from your GY or face-up field, then target 2 cards your opponent controls; destroy them.$Supports archetypes /Barbaros$$Activates from your hand/Tributes for cost$Continuous/Condition/Ignition$
90361289$Gizmek Uka, the Festive Fox of Fecundity$Unlimited$EARTH$[Machine/Effect]$$$$$7$2250$2250$$$$Each time your opponent Normal or Special Summons a monster(s): Inflict 300 damage to them. You can only use each of the following effects of "Gizmek Uka, the Festive Fox of Fecundity" once per turn.●If a monster(s) is Special Summoned from the Main Deck (except during the Damage Step): You can Special Summon this card from your hand.●If this card is Normal or Special Summoned: You can target 1 face-up monster your opponent controls; Special Summon 1 monster from your hand or Deck whose ATK equals its own DEF, with a same Attribute as that monster.$$$Activates upon Normal Summon/Activates upon Special Summon/Activates from your hand$Trigger/Condition$
26866984$Trias Hierarchia$Unlimited$LIGHT$[Fairy/Effect]$$$$$9$1900$2900$$$$During the Main Phase, if this card is in your hand or GY (Quick Effect): You can Tribute up to 3 Fairy monsters; Special Summon this card (but banish it when it leaves the field), then, you can apply the following effect(s) in sequence, depending on the number of Tributed monsters.●2+: Destroy 1 card your opponent controls.●3: Draw 2 cards.You can only use this effect of "Trias Hierarchia" once per turn.$Fairy$$Activates from your hand/Activates from your Graveyard/Tributes for cost/You draw cards$Ignition/Condition$
62850093$Cataclysmic Circumpolar Chilblainia$Unlimited$WATER$[Fairy/Effect]$$$$$8$2600$200$$$$If a face-up WATER monster(s) you control is destroyed by battle or an opponent's card effect: You can Special Summon this card from your hand, then you can send 1 random card from your opponent's hand to the GY. You can only use this effect of "Cataclysmic Circumpolar Chilblainia" once per turn.$WATER$$Activates from your hand/Activates if destroyed by battle/Activates if destroyed by card effect/Sends from your opponent's hand to your opponent's Graveyard$Trigger/Condition$
99249638$Union Driver$Unlimited$LIGHT$[Machine/Union/Effect]$$$$$5$2100$1000$$$$Once per turn, you can either: Target 1 face-up monster you control; equip this card to that target, OR: Unequip this card and Special Summon it. If the equipped monster would be destroyed by battle or card effect, destroy this card instead. While this card is equipped to a monster: You can banish this Equip Card; equip 1 Level 4 or lower appropriate Union monster from your Deck to the monster this card was equipped to. You can only use this effect of "Union Driver" once per turn.$Union monster$$Equips self from field/Equips monsters from the player's Deck$Ignition/Ignition-like/Continuous-like/Condition$
25643346$Malice, Lady of Lament$Unlimited$DARK$[Fiend/Effect]$$$$$3$1000$1000$$$$(Quick Effect): You can Tribute 2 monsters, then target 1 of your Normal Traps that is banished or in your GY; Set that target, but place it on the bottom of the Deck when it leaves the field. You can only use this effect of "Malice, Lady of Lament" once per turn.$Normal Trap Card$$Tributes for cost/Returns to the Deck other cards when they leave the field$Quick/Condition$
52038441$Ghost Mourner & Moonlit Chill$Unlimited$WIND$[Zombie/Tuner/Effect]$$$$$3$0$1800$$$$If your opponent Special Summons a monster(s) face-up (except during the Damage Step): You can discard this card, then target 1 of those face-up monsters; negate its effects until the end of this turn, also if that face-up monster leaves the field this turn, its controller takes damage equal to its original ATK. You can only use this effect of "Ghost Mourner & Moonlit Chill" once per turn.$$$Activates from your hand/Activates upon Special Summon/Discards itself for cost$Trigger/Condition$
98022050$Animadorned Archosaur$Unlimited$LIGHT$[Dinosaur/Effect]$$$$$1$0$0$$$$If this card is Normal or Special Summoned: You can destroy 1 Dinosaur monster in your hand or face-up field, except "Animadorned Archosaur", then add 1 Reptile, Sea Serpent, or Winged Beast monster with the same original Level as that destroyed monster, OR 1 "Evolution Pill" Spell, from your Deck to your hand. You can only use this effect of "Animadorned Archosaur" once per turn.$Supports archetypes /Evolution Pill$$Activates upon Normal Summon/Activates upon Special Summon/Adds from Deck to hand$Trigger/Condition$
24521754$Goldilocks the Battle Landscaper$Unlimited$EARTH$[Machine/Effect]$$$$$10$0$3000$$$$If this card is Normal or Special Summoned to a zone that is not the center Main Monster Zone, destroy this card. This card gains 3000 ATK while in the center Main Monster Zone. Once per turn: You can choose 1 of your unused Main Monster Zones; move this card from your Main Monster Zone to that zone, then destroy all other cards in the column of the zone this card was in, the column of the zone this card has moved to, and all columns in between.$$$Activates upon Normal Summon/Activates upon Special Summon$Continuous/Ignition$
51916853$Magical Hound$Unlimited$EARTH$[Machine/Tuner/Effect]$$$$$1$500$800$$$$If this card is in your hand or GY: You can target 1 face-up Spell/Trap your opponent controls; return it to the hand, and if you do, Special Summon this card. You can only use this effect of "Magical Hound" once per Duel.$$$Activates from your hand/Activates from your Graveyard$Ignition/Condition$
97300502$Invoked Augoeides$Unlimited$LIGHT$[Fairy/Fusion/Effect]$$$$$8$2000$2800$$"Aleister the Invoker" + 1 Fusion Monster$$If this card is Special Summoned, or a monster(s) is Special Summoned to your opponent's field: You can target 1 monster your opponent controls; destroy it. You can only use this effect of "Invoked Augoeides" once per turn. Once per turn: You can banish 1 Fusion Monster from your GY; this card gains ATK equal to that banished monster's ATK, until the end of your opponent's turn.$Fusion Monster$$Activates upon Special Summon$Trigger/Condition/Ignition$
24799107$Dragonmaid Sheou$Unlimited$LIGHT$[Dragon/Fusion/Effect]$$$$$10$3500$2000$$1 "Dragonmaid" monster + 1 Level 5 or higher Dragon monster$$During each Standby Phase: You can Special Summon 1 Level 9 or lower "Dragonmaid" monster from your hand or GY. When your opponent activates a card or effect (Quick Effect): You can negate the activation, and if you do, destroy that card, also, after that, return this card to the Extra Deck, and if you do, Special Summon 1 "House Dragonmaid" from your Extra Deck. You can only use each effect of "Dragonmaid Sheou" once per turn.$Supports archetypes /Dragonmaid$$Returns itself from field to Extra Deck$Trigger/Quick/Condition$
50793215$Deep Sea Prima Donna$Unlimited$WATER$[Sea Serpent/Synchro/Tuner/Effect]$$$$$7$1500$2700$$1 Tuner + 1+ non-Tuner monsters$$Your opponent cannot target a Synchro Monster that used this card as material with monster effects. You can only use each of the following effects of "Deep Sea Prima Donna" once per turn.●You can target 1 of your opponent's banished cards; add to your hand, or Special Summon, 1 Level 4 or lower WATER monster from your Deck, and if you do, add that target to their hand.●If this card is sent to the GY: You can target 1 banished card; shuffle it into the Deck.$Synchro Monster/WATER$$Applies effect when used as Synchro Material/Adds from Deck to hand/Adds banished cards to the hand/Activates from your Graveyard/Returns banished cards to the Deck$Unclassified/Condition/Ignition/Trigger$
87188910$Ravenous Crocodragon Archethys$Unlimited$WATER$[Fish/Synchro/Effect]$$$$$9$1000$1000$$1 Tuner + 1+ non-Tuner monsters$$Gains 500 ATK/DEF for each card in your hand. You can only use each of the following effects of "Ravenous Crocodragon Archethys" once per turn.●If this card is Synchro Summoned: You can draw cards equal to the number of non-Tuners used for its Synchro Summon.●(Quick Effect): You can discard 2 cards, then target 1 card on the field; destroy it.$$$Activates upon Synchro Summon/You draw cards/You discard for cost$Continuous/Condition/Trigger/Quick$
23672629$Valiant Shark Lancer$Unlimited$WATER$[Beast-Warrior/Xyz/Effect]$$$5$$$2500$1600$$2 Level 5 monsters$$You can target 1 monster your opponent controls; detach 1 material from an Xyz Monster you control, and if you do, destroy that monster. This is a Quick Effect if you control another WATER Xyz Monster. If another WATER Xyz Monster(s) you control is destroyed by battle or card effect while you control this monster: You can take 1 Spell from your Deck and place it on top of your Deck. You can only use each effect of "Valiant Shark Lancer" once per turn.$WATER/Xyz Monster$$Detaches Xyz Materials for effect/Activates if destroyed by battle/Activates if destroyed by card effect/Places cards from the Deck on the top of the Deck$Ignition/Condition/Trigger$
59071624$Traptrix Allomerus$Unlimited$EARTH$[Insect/Xyz/Effect]$$$4$$$2200$600$$2+ Level 4 monsters$$This card is unaffected by Trap effects while it has Xyz Material. You can only use each of the following effects of "Traptrix Allomerus" once per turn.●You can detach 2 materials from this card; Special Summon 1 Level 4 Insect or Plant monster from your GY.●If an opponent's monster(s) leaves the field because of your card effect, and is now in the GY or banished (except during the Damage Step): You can detach 1 material from this card, then target 1 of them; Special Summon it to your field.$Insect/Plant$$Detaches multiple Xyz Materials as cost/Applies effects if Xyz Material is attached$Continuous/Condition/Ignition/Trigger$
86066372$Accesscode Talker$Unlimited$DARK$[Cyberse/Link/Effect]$4$Top/Left/Bottom/Right$$$$2300$- $$2+ Effect Monsters$$Your opponent cannot activate cards or effects in response to this card's effect activations. If this card is Link Summoned: You can target 1 Link Monster that was used as material for its Link Summon; this card gains ATK equal to that monster's Link Rating x 1000. You can banish 1 Link Monster from your field or GY; destroy 1 card your opponent controls, also for the rest of this turn, you cannot banish monsters with that same Attribute to activate this effect of "Accesscode Talker".$Effect Monster/Link Monster$$Activates upon Link Summon$Condition/Trigger/Ignition$
12450071$Proxy F Magician$Unlimited$FIRE$[Cyberse/Link/Effect]$2$Bottom-Left/Bottom-Right$$$$1400$- $$2 Effect Monsters$$During your Main Phase: You can Fusion Summon 1 Fusion Monster from your Extra Deck, using monsters from your field as Fusion Material. If a Fusion Monster(s) is Fusion Summoned to a zone(s) this card points to: You can Special Summon 1 monster with 1000 or less ATK from your hand. You can only use each effect of "Proxy F Magician" once per turn.$Effect Monster/Fusion Monster$$Sends from your field to your Graveyard/Uses cards on the player's field as Fusion Materials/Activates upon Fusion Summon$Ignition/Trigger/Condition$
59859086$Splash Mage$Unlimited$WATER$[Cyberse/Link/Effect]$2$Top-Right/Bottom-Right$$$$1100$- $$2 Cyberse monsters$$You can target 1 Cyberse monster in your GY; Special Summon it in Defense Position, but negate its effects, also you cannot Special Summon monsters for the rest of this turn, except Cyberse monsters. You can only use this effect of "Splash Mage" once per turn.$Cyberse$$$Ignition/Condition$
85243784$Linkross$Forbidden(OCG)$LIGHT$[Cyberse/Link/Effect]$1$Bottom$$$$900$- $$1 Link-2 or higher Link Monster$$If this card is Link Summoned: You can activate this effect; Special Summon a number of "Link Tokens" (Cyberse/LIGHT/Level 1/ATK 0/DEF 0) up to the Link Rating of the monster used for this card's Link Summon, also you cannot use "Link Tokens" as Link Material for the rest of this turn. You can only use this effect of "Linkross" once per turn.$Link Monster$$Activates upon Link Summon$Trigger/Condition$
11738489$The Arrival Cyberse @Ignister$Unlimited$DARK$[Cyberse/Link/Effect]$6$Top/Left/Bottom-Left/Bottom/Bottom-Right/Right$$$$0$- $$3+ monsters with different Attributes$$You can only control 1 "The Arrival Cyberse @Ignister". The original ATK of this card becomes 1000 x the number of Link Materials used for its Link Summon. Unaffected by other cards' effects. Once per turn: You can target 1 other monster on the field; destroy it, and if you do, Special Summon 1 "@Ignister Token" (Cyberse/DARK/Level 1/ATK 0/DEF 0) to your zone this card points to.$Supports archetypes /@Ignister$$$Unclassified/Continuous/Ignition$
48736598$Codebreaker Virus Berserker$Unlimited$DARK$[Warrior/Link/Effect]$3$Bottom/Right/Top$$$$2800$- $$2+ monsters, including a "Codebreaker" monster$$When this card is Special Summoned, if it is co-linked: You can Special Summon up to 2 "Codebreaker" monsters from your hand and/or GY to any zone(s) a Link Monster(s) points to. During your Main Phase: You can destroy Spells/Traps your opponent controls, up to the number of linked "Codebreaker" monsters on the field. You can only use each effect of "Codebreaker Virus Berserker" once per turn.$Supports archetypes /Codebreaker$Link Monster$Activates upon Special Summon$Trigger/Ignition/Condition$
84121193$Codebreaker Virus Swordsman$Unlimited$DARK$[Warrior/Link/Effect]$2$Top/Bottom$$$$2300$- $$2 Effect Monsters$$When this card is Special Summoned, if it is co-linked: You can Special Summon 1 "Codebreaker Zero Day" from your hand, Deck, or GY, to any zone a Link Monster points to. During the End Phase, if this card is in the GY because it was destroyed, while in your possession, by an opponent's card and sent there this turn: You can Special Summon this card, but banish it when it leaves the field. You can only use each effect of "Codebreaker Virus Swordsman" once per turn.$Effect Monster/Codebreaker Zero Day/Link Monster$Link Monster$Activates upon Special Summon/Activates from your Graveyard$Trigger/Condition$
11516241$Gouki The Powerload Ogre$Unlimited$EARTH$[Warrior/Link/Effect]$4$Bottom-Left/Bottom/Bottom-Right/Right$$$$2800$- $$2+ Warrior monsters$$Gains ATK equal to the combined Link Ratings of all other Link Monsters you control x 200. This Link Summoned card is unaffected by other cards' effects. You can Tribute 1 "Gouki" Link Monster, then target cards on the field, up to its Link Rating; destroy them. You can only use this effect of "Gouki The Powerload Ogre" once per turn.$Supports archetypes /Gouki$$Tributes for cost$Continuous/Ignition/Condition$
47910940$Marincess Great Bubble Reef$Unlimited$WATER$[Cyberse/Link/Effect]$4$Left/Bottom-Left/Bottom/Right$$$$2600$- $$2+ WATER monsters$$Once per turn, during each Standby Phase: You can banish 1 WATER monster from your GY or face-up field; draw 1 card. Each time a monster(s) is banished face-up: This card gains 600 ATK for each, until the end of this turn. You can send 1 WATER monster from your hand to the GY; Special Summon 1 of your banished "Marincess" monsters. You can only use this effect of "Marincess Great Bubble Reef" once per turn.$Supports archetypes /Marincess$$You draw cards/Sends from hand to Graveyard for cost$Trigger/Ignition/Condition$
73309655$Eria the Water Charmer, Gentle$Unlimited$WATER$[Spellcaster/Link/Effect]$2$Bottom-Left/Bottom-Right$$$$1850$- $$2 monsters, including a WATER monster$$(This card is always treated as a "Familiar-Possessed" card.)You can target 1 WATER monster in your opponent's GY; Special Summon it to your zone this card points to. If this Link Summoned card is destroyed by battle, or is destroyed by an opponent's card effect while in its owner's Monster Zone: You can add 1 WATER monster with 1500 or less DEF from your Deck to your hand. You can only use each effect of "Eria the Water Charmer, Gentle" once per turn.$WATER$WATER$Activates if destroyed by battle/Activates if destroyed by card effect/Adds from Deck to hand$Condition/Ignition/Trigger$
10493654$A.I. Contact$Unlimited$SPELL$$$$$$$$$$$$If "Ignister A.I.Land" is in your Field Zone: Reveal 1 "Ignister A.I.Land" in your hand; place it on the bottom of the Deck, and if you do, draw 3 cards. You can only activate 1 "A.I. Contact" per turn.$Ignister A.I.Land$$Reveals your hand for cost/Returns from hand to Deck for cost/You draw cards$Effect/Condition$
46898368$Burning Draw$Unlimited$SPELL$$$$$$$$$$$$(This card is always treated as a "Salamangreat" card.)If your opponent controls more cards than you do: Target 1 Link Monster your opponent controls; draw cards equal to its Link Rating. You can only activate 1 "Burning Draw" per turn. You cannot Normal or Special Summon monsters the turn you activate this card, except FIRE monsters.$FIRE$Link Monster$You draw cards$Condition/Effect$
73287067$Link Burst$Unlimited$SPELL$$$$$$$$$$$$Target 1 Link Monster you control and 1 monster your opponent controls; destroy them, then draw 1 card. You can only activate 1 "Link Burst" per turn.$Link Monster$$You draw cards$Effect/Condition$
19671102$Stairs of Mail$Unlimited$SPELL$$$$$$$$$Continuous$$$During your Main Phase: You can activate this effect; discard 1 "Tindangle" card, and if you do, apply 1 of these effects.●Change 1 face-down Defense Position monster you control to face-up Attack Position.●Change 1 face-up Attack Position monster you control to face-down Defense Position.This turn, you cannot discard another card with the same name for the effect of "Stairs of Mail" (even if this card leaves the field).$Supports archetypes /Tindangle$$Discards for cost/Prevents cards from being discarded/Changes battle positions/Flips monsters face-up/Flips monsters face-down$Ignition-like$
45666710$Nemeses Adrastea$Unlimited$SPELL$$$$$$$$$Quick-Play$$$Target 1 of your "Nemeses" monsters that is banished or in your GY; Special Summon it, but if its original Level is 11 or higher, it cannot activate its effects this turn. You can only activate 1 "Nemeses Adrastea" per turn.$Supports archetypes /Nemeses$$$Effect/Condition$
72060415$Deep Sea Aria$Unlimited$SPELL$$$$$$$$$$$$Banish 1 WATER monster from your GY; add 1 Level 4 or lower Sea Serpent monster from your Deck to your hand. You can only activate 1 "Deep Sea Aria" per turn.$WATER/Sea Serpent$$Adds from Deck to hand$Effect/Condition$
08559524$Resonator Command$Unlimited$SPELL$$$$$$$$$Quick-Play$$$Discard 1 "Resonator" monster; add 1 Level 4 or lower Fiend monster from your Deck to your hand. You can only activate 1 "Resonator Command" per turn.$Supports archetypes /Resonator$$Discards for cost/Adds from Deck to hand$Effect/Condition$
45943123$Torpedo Takedown$Unlimited$SPELL$$$$$$$$$$$$Target 1 WATER Xyz Monster you control; detach 1 material from it, inflict 400 damage to your opponent for each card in your hand, and if you do, that monster gains ATK equal to the damage inflicted, until the end of this turn. You can banish this card and 1 WATER Xyz Monster from your GY; draw 2 cards. You can only use 1 "Torpedo Takedown" effect per turn, and only once that turn.$WATER/Xyz Monster$$Detaches Xyz Materials for effect/You draw cards/Activates from your Graveyard$Effect/Ignition-like/Condition$
71348837$Madolche Salon$Unlimited$SPELL$$$$$$$$$Continuous$$$During your Main Phase, you can Normal Summon 1 "Madolche" monster in addition to your Normal Summon/Set. (You can only gain this effect once per turn.) If another "Madolche" card(s) you control or in your GY is added to your hand or shuffled into your Main Deck by a card effect: Set 1 "Madolche" Spell/Trap directly from your Deck, except "Madolche Salon". You can only use this effect of "Madolche Salon" once per turn.$Supports archetypes /Madolche$$Sets from your Deck$Continuous-like/Trigger-like/Condition$
07337976$Void Apocalypse$Unlimited$SPELL$$$$$$$$$Continuous$$$You can discard 1 card; send 1 Fiend monster from your Deck to the GY. You can send this face-up card from your Spell & Trap Zone to the GY; send "Infernoid" monsters with different names from your hand and/or Deck to the GY, up to the number of monsters your opponent controls that were Special Summoned from the Extra Deck. You can only use 1 "Void Apocalypse" effect per turn, and only once that turn.$Supports archetypes /Infernoid$$Discards for cost/Sends from your Deck to your Graveyard/Sends itself from field to Graveyard for cost/Sends from your hand to your Graveyard$Ignition-like/Condition$
34721681$Heavy Forward$Unlimited$SPELL$$$$$$$$$Continuous$$$When this card is activated: You can add 1 "Infinitrack" monster from your Deck to your hand. Once per turn: You can target 1 Machine Xyz Monster you control, then activate 1 of these effects;●Change its battle position.●Attach this card to it as material.You can only activate 1 "Heavy Forward" per turn.$Supports archetypes /Infinitrack$$Adds from Deck to hand/Changes battle positions/Attaches itself as Xyz Material$Effect/Ignition-like/Condition$
70226289$Witchcrafter Unveiling$Unlimited$SPELL$$$$$$$$$Quick-Play$$$Special Summon 1 "Witchcrafter" monster from your hand, and if you do, your opponent cannot activate cards or effects in response to the activation of your Spellcaster monster effects for the rest of this turn. During your End Phase, if you control a "Witchcrafter" monster, while this card is in your GY: You can add this card to your hand. You can only use 1 "Witchcrafter Unveiling" effect per turn, and only once that turn.$Supports archetypes /Witchcrafter$$Activates from your Graveyard/Returns itself from Graveyard to hand$Effect/Trigger-like/Condition$
07610394$Evil Eye Reemergence$Unlimited$SPELL$$$$$$$$$$$$Special Summon 1 "Familiar of the Evil Eye Token" (Fiend/DARK/Level 1/ATK 400/DEF 400), or, if "Evil Eye of Selene" is in your Spell & Trap Zone, you can Special Summon 2 instead, also for the rest of this turn after this card resolves, you cannot Special Summon monsters, except Fiend monsters. You can banish this card from your GY; your opponent cannot target "Evil Eye" Spells/Traps you control with card effects this turn. You can only use each effect of "Evil Eye Reemergence" once per turn.$Supports archetypes /Evil Eye$$Activates from your Graveyard$Effect/Ignition-like/Condition$
33609093$Ancient Warriors Saga - Borrowing of Arrows$Unlimited$SPELL$$$$$$$$$Continuous$$$You can target 1 face-up monster your opponent controls and 1 "Ancient Warriors" monster you control; until the end of this turn, halve that opponent's monster's ATK, and if you do, add that lost ATK to your monster (even if this card leaves the field). If this card is sent to the GY while you control "Ancient Warriors" monsters with 2 or more different Attributes: You can place 1 "Ancient Warriors" Continuous Spell/Trap from your hand or Deck face-up on your field, except "Ancient Warriors Saga - Borrowing of Arrows". You can only use each effect of "Ancient Warriors Saga - Borrowing of Arrows" once per turn.$Supports archetypes /Ancient Warriors$$Activates from your Graveyard/Places cards from hand in Spell & Trap Zone/Places cards from Deck in Spell & Trap Zone$Ignition-like/Trigger-like/Condition$
69003792$Megalith Unformed$Unlimited$SPELL$$$$$$$$$Quick-Play$$$Activate 1 of these effects;●All monsters your opponent controls lose 500 ATK for each Ritual Monster on the field, until the end of this turn.●Ritual Summon 1 "Megalith" Ritual Monster from your Deck in Defense Position, by Tributing monsters from your hand or field whose total Levels equal exactly twice its Level.$Supports archetypes /Megalith$$Tributes as an effect$Effect$
06498706$Fusion Deployment$Unlimited$SPELL$$$$$$$$$$$$Reveal 1 Fusion Monster in your Extra Deck and Special Summon, from your hand or Deck, 1 of the Fusion Materials whose name is specifically listed on that card, also you cannot Special Summon monsters from the Extra Deck, except Fusion Monsters, the turn you activate this card. You can only activate 1 "Fusion Deployment" per turn.$Fusion Monster$$Reveals your Extra Deck$Effect/Condition$
32887445$Flourishing Frolic$Unlimited$SPELL$$$$$$$$$$$$Excavate cards from your Deck equal to the number of "Flourishing Frolic" in your GY + 3, and if you excavate at least 1 Monster, 1 Spell, and 1 Trap, add 1 of them to your hand and send the other cards to the GY. If you did not, shuffle all excavated cards into your Deck. You can only activate 1 "Flourishing Frolic" per turn.$$$Excavates from the player's Deck/Adds excavated cards to the hand/Sends excavated cards to the Graveyard/Sends from the top of your Deck to your Graveyard/Shuffles excavated cards into the Deck$Effect/Condition$
69381150$A.I.Q$Unlimited$TRAP$$$$$$$$$Continuous$$$Activate only if you control an "@Ignister" monster. Once per turn, during your Standby Phase, Tribute 1 Link Monster, or destroy this card. Each player can only Link Summon a monster once per turn while this card is face-up on the field.$Supports archetypes /@Ignister$Link Monster$Tributes as an effect$Activation requirement/Maintenance cost/Continuous-like$
05376159$Red Reign$Unlimited$TRAP$$$$$$$$$$$$If you control a Level 8 or higher Synchro Monster: Banish all monsters on the field, except the monster(s) with the highest Level, also the remaining face-up monsters on the field are unaffected by other card effects, except their own, until the end of this turn. If a DARK Dragon Synchro Monster is Synchro Summoned to your field while this card is in your GY: You can add this card to your hand. You can only use this effect of "Red Reign" once per turn.$Synchro Monster/DARK/Dragon$$Activates from your Graveyard/Activates upon Synchro Summon/Returns itself from Graveyard to hand$$
32764863$Xyz Revive Splash$Unlimited$TRAP$$$$$$$$$$$$Target 1 Rank 4 or lower Xyz Monster in your GY; Special Summon it. Its Attribute becomes WATER. You can banish this card from your GY, then target 1 WATER Xyz Monster you control; Special Summon from your Extra Deck, 1 WATER Xyz Monster that is 1 Rank higher than that monster you control, by using it as material. (This is treated as an Xyz Summon. Transfer its materials to the Summoned monster.) You can only use 1 "Xyz Revive Splash" effect per turn, and only once that turn.$Xyz Monster/WATER$$Activates from your Graveyard/Transfers$Effect/Quick-like/Condition$
68159562$Madolche Promenade$Unlimited$TRAP$$$$$$$$$$$$Target 1 face-up card your opponent controls and 1 "Madolche" monster you control or in your GY; negate the effects of that opponent's card until the end of this turn, and if you do, return your monster to the hand. You can banish this card from your GY, then target 1 "Madolche" Xyz Monster you control; attach 1 "Madolche" monster from your hand, Deck, or GY, to it as material. You can only use 1 "Madolche Promenade" effect per turn, and only once that turn.$Supports archetypes /Madolche$$Returns from your field to your hand/Adds from Graveyard to hand/Activates from your Graveyard/Attaches from your hand as Xyz Material/Attaches from your Deck as Xyz Material/Attaches from your Graveyard as Xyz Material$Effect/Quick-like/Condition$
94553671$Witchcrafter Patronus$Unlimited$TRAP$$$$$$$$$Continuous$$$You can target 1 of your Spellcaster monsters that is banished or in your GY; shuffle it into the Deck, and if you do, add 1 "Witchcrafter" Spell from your Deck to your hand. If this card is in your GY, except the turn it was sent there: You can banish this card, then target any number of your banished "Witchcrafter" Spells with different names; add them to your hand. You can only use each effect of "Witchcrafter Patronus" once per turn.$Supports archetypes /Witchcrafter$$Returns the player's banished cards to the Deck by effect/Returns from Graveyard to Deck/Adds from Deck to hand/Activates from your Graveyard/Adds banished cards to the hand$Quick-like/Condition$
31548215$Gravedigger's Trap Hole$Unlimited$TRAP$$$$$$$$$$$$When your opponent activates a monster effect in their hand or GY, or when your opponent's banished monster effect is activated: Negate its effect, and if you do, inflict 2000 damage to your opponent.$$$$Effect$
67037924$Titanocider$Unlimited$TRAP$$$$$$$$$$$$Target 1 face-up monster your opponent controls that was Special Summoned from the Extra Deck; change its ATK to 0, and if you do, negate its effects. If your opponent Special Summons a monster(s) from the Extra Deck while this card is in your GY, except the turn this card was sent to the GY: You can Set this card. You can only use each effect of "Titanocider" once per turn.$$$Activates upon Special Summon/Activates from your Graveyard/Sets itself from your Graveyard$Effect/Trigger-like/Condition$
94431029$Pinpoint Dash$Unlimited$TRAP$$$$$$$$$$$$Each player reveals 1 face-down card from their Extra Deck. If they are the same type (Fusion, Synchro, Xyz, or Link), send your opponent's card to the GY, and if you do, Special Summon your card, then, if the cards have the same original Type and Attribute, your opponent loses LP equal to their revealed card's ATK. Otherwise, send your card to the GY, and if you do, your opponent Special Summons their card. You can only activate 1 "Pinpoint Dash" per turn.$$$Reveals your Extra Deck/Reveals your opponent's Extra Deck/Sends from Extra Deck to Graveyard/Sends from your opponent's Extra Deck to the Graveyard$Effect/Condition$
29177818$Rose Girl$Unlimited$EARTH$[Plant/Tuner/Effect]$$$$$3$800$600$$$$If a face-up Plant monster(s) you control is sent to the GY (except during the Damage Step): You can Special Summon this card from your hand. If a Plant monster is on the field and this card is in your GY: You can add this card to your hand. You can only use 1 "Rose Girl" effect per turn, and only once that turn.$Plant$$Activates from your hand/Activates from your Graveyard/Returns itself from Graveyard to hand$Trigger/Ignition/Condition$
56161953$Scrypton$Unlimited$WATER$[Cyberse/Effect]$$$$$5$1500$1500$$$$You can banish 1 Cyberse monster from your GY, except "Scrypton"; Special Summon this card from your hand. If this card is sent to the GY as material for the Link Summon of a Cyberse monster: You can target 1 banished monster; shuffle it into the Deck. You can only use each effect of "Scrypton" once per turn.$Cyberse$$Activates from your hand/Activates from your Graveyard/Activates if used as Link Material/Returns banished cards to the Deck$Ignition/Trigger/Condition$
82566662$Taotie Dragon$Unlimited$DARK$[Wyrm/Link/Effect]$3$Bottom-Left/Bottom/Bottom-Right$$$$2500$- $$2+ monsters Special Summoned from the Extra Deck$$This card gains effects based on the card types (Fusion/Synchro/Xyz) of materials used for its Link Summon.●Fusion: Your opponent cannot activate monster effects during the Battle Phase.●Synchro: Your opponent cannot activate Spell/Trap Cards and effects during your Main Phase.●Xyz: Your opponent cannot activate the effects of cards in the GY during your Main Phase or Battle Phase.$Fusion Monster/Synchro Monster/Xyz Monster$$$Condition/Continuous$
18954366$Necroquip Prism$Unlimited$SPELL$$$$$$$$$$$$Target 1 Level 4 or lower monster in your GY; Special Summon 1 monster from your hand with an equal or lower Level than that target, then equip that target to it, but for the rest of this turn, you cannot activate cards, or the effects of cards, with the same name as that equip card. While a monster is equipped to the Summoned monster by this effect, it gains ATK equal to half the ATK of the equipped monster. You can only activate 1 "Necroquip Prism" per turn.$$$Equips monsters from the player's Graveyard$Effect/Condition$
55349375$Bluebeard, the Plunder Patroll Shipwright$Unlimited$WATER$[Fiend/Effect]$$$$$4$500$1000$$$$If you control a "Plunder Patroll" monster, except "Bluebeard, the Plunder Patroll Shipwright": You can Special Summon this card from your hand. If this card is sent from the hand or Monster Zone to the GY: You can discard 1 card; draw 1 card. You can only use each effect of "Bluebeard, the Plunder Patroll Shipwright" once per turn.$Supports archetypes /Plunder Patroll$$Activates from your hand/Activates from your Graveyard/Discards for cost/You draw cards$Ignition/Trigger/Condition$
81344070$Goldenhair, the Newest Plunder Patroll$Unlimited$WATER$[Fiend/Tuner/Effect]$$$$$4$0$2000$$$$You can send 1 other "Plunder Patroll" Monster Card from your hand or face-up field to the GY; Special Summon this card from your hand. If this card is in your GY: You can discard 1 card; Special Summon this card, but you cannot Special Summon for the rest of this turn, except "Plunder Patroll" monsters. You can only use each effect of "Goldenhair, the Newest Plunder Patroll" once per turn.$Supports archetypes /Plunder Patroll$$Activates from your hand/Sends from hand to Graveyard for cost/Sends from field to Graveyard for cost/Activates from your Graveyard/Discards for cost$Ignition/Condition$
18832779$Plunder Patrollship Lys$Unlimited$LIGHT$[Fiend/Fusion/Effect]$$$$$8$2000$2000$$2 "Plunder Patroll" monsters$$During the Main Phase (Quick Effect): You can Special Summon 1 "Plunder Patroll" Monster Card from your hand or face-up Spell & Trap Zone. When your opponent activates a monster effect (Quick Effect): You can discard 1 "Plunder Patroll" card; negate the activation, and if you do, destroy it, then if this card is equipped with a "Plunder Patroll" card, you can add 1 "Plunder Patroll" card from your Deck to your hand. You can only use each effect of "Plunder Patrollship Lys" once per turn.$Supports archetypes /Plunder Patroll$$Discards for cost/Adds from Deck to hand$Quick/Condition$
44227727$Plunder Patroll Shipshape Ships Shipping$Unlimited$SPELL$$$$$$$$$$$$Fusion Summon 1 Fiend Fusion Monster from your Extra Deck, using monsters from your hand or field as Fusion Material. You can banish this card from your GY, then target 1 "Plunder Patroll" monster you control; equip 1 "Emblem of the Plunder Patroll", or 1 "Plunder Patroll" monster, from your Deck to that target. You can only use this effect of "Plunder Patroll Shipshape Ships Shipping" once per turn.$Supports archetypes /Plunder Patroll$$Sends from your hand to your Graveyard/Sends from your field to your Graveyard/Uses cards on the player's field as Fusion Materials/Uses cards in the hand as Fusion Materials/Activates from your Graveyard/Equips from the player's Deck$Effect/Ignition-like/Condition$
80621422$Emblem of the Plunder Patroll$Unlimited$SPELL$$$$$$$$$Equip$$$Equip only to a "Plunder Patroll" monster. It gains 500 ATK, also your opponent cannot target it with card effects. You can send this equipped card to the GY; Special Summon 1 "Plunder Patroll" monster from your Extra Deck with the same Attribute as a monster on the field or in the GY, then take the monster that was equipped with this card, and equip it to that Special Summoned monster as an Equip Spell with this effect.●The equipped monster gains 500 ATK.You can only use this effect of "Emblem of the Plunder Patroll" once per turn.$Supports archetypes /Plunder Patroll$$Sends itself from field to Graveyard for cost/Equips monsters from the player's field/Grants effect to Equip Spell Card$Condition/Continuous-like/Ignition-like$
17016131$Pride of the Plunder Patroll$Unlimited$TRAP$$$$$$$$$Continuous$$$If your "Plunder Patroll" monster destroys an opponent's monster by battle: Draw 1 card. If you control a "Plunder Patroll" monster: You can send this face-up card from your field to the GY, then activate 1 of these effects;●Your opponent draws 1 card, then you look at their hand and send 1 monster from it to the GY.●Look at your opponent's Extra Deck and send 1 monster from it to the GY.You can only use each effect of "Pride of the Plunder Patroll" once per turn.$Supports archetypes /Plunder Patroll$$Activates when it destroys a monster by battle/You draw cards/Sends itself from field to Graveyard for cost/Your opponent draws cards/Reveals your opponent's hand/Sends from your opponent's hand to your opponent's Graveyard/Reveals your opponent's Extra Deck/Sends from your opponent's Extra Deck to the Graveyard$Trigger-like/Quick-like/Condition$
43004235$Plunder Patroll Parrrty$Unlimited$TRAP$$$$$$$$$$$$If you control a "Plunder Patroll" monster: Draw cards equal to the number of Equip Cards you control +1, then shuffle cards from your hand into the Deck equal to the number of Equip Cards you control. You can only use this effect of "Plunder Patroll Parrrty" once per turn. If you Special Summon a "Plunder Patroll" monster(s) from the Extra Deck, while this card is in your GY: You can equip this card to that Special Summoned monster as an Equip Card with this effect.●The equipped monster gains 500 ATK.You can only use this effect of "Plunder Patroll Parrrty" once per Duel.$Supports archetypes /Plunder Patroll$$You draw cards/Returns from your hand to your Deck/Activates from your Graveyard/Activates upon Special Summon/Equips self from Graveyard/Grants effect to Equip Spell Card$Effect/Condition/Trigger-like/Continuous-like$
34496660$Superheavy Samurai Wagon$Unlimited$EARTH$[Machine/Effect]$$$$$4$1200$1800$$$$When this card is Normal or Special Summoned: You can change its battle position. This card can attack while in face-up Defense Position. If it does, apply its DEF for damage calculation. If you have no Spells/Traps in your GY: You can change this face-up Defense Position card you control to Attack Position, and if you do, add 1 "Superheavy Samurai Soul" monster from your Deck to your hand. You can only use this effect of "Superheavy Samurai Wagon" once per turn.$Supports archetypes /Superheavy Samurai Soul$$Changes battle positions/Adds from Deck to hand$Trigger/Continuous/Ignition/Condition$
95568117$Rain Bozu$Unlimited$LIGHT$[Fairy/Pendulum/Effect]$$$$8$7$0$0$$$Once per turn: You can target 1 face-up monster you control; it gains ATK equal to the difference between the number of cards in the Extra Decks x 100, until the end of this turn (even if this card leaves the field).$Gains ATK during your turn only, and gains DEF during your opponent's turn only, each equal to the difference between the number of cards in the Extra Decks x 200. If this card attacks, it is changed to Defense Position at the end of the Battle Phase. If this card in the Monster Zone is destroyed: You can place this card in your Pendulum Zone.$$$Changes battle position/Goes to Pendulum Zone$Pendulum Effect /Continuous-like/Trigger-like/Monster Effect/Ignition$
00220414$Performapal Turn Trooper$Unlimited$LIGHT$[Warrior/Effect]$$$$$4$1200$1200$$$$At the start of your Battle Phase: You can place 1 counter on this card (max. 2). This card gains the following effect, based on the number of counters on it.●1: Once per turn, when an opponent's monster declares an attack: You can negate that attack.●2: You can Tribute this card; banish all monsters on the field, until your opponent's 2nd End Phase.$$$Activates upon attack declaration/Tributes itself for cost/Returns banished cards to the field$Trigger/Condition/Ignition$
29374928$Armored Bitron$Unlimited$DARK$[Cyberse/Effect]$$$$$2$500$0$$$$You can Tribute this card: Special Summon 1 Cyberse monster from your Deck, except "Armored Bitron", but negate its effects, also you cannot Special Summon for the rest of this turn, except Cyberse monsters. If a Link-3 or higher Link Monster you control is destroyed by battle or an opponent's card effect, while this card is in your GY: You can Special Summon this card, but banish it when it leaves the field. You can only use each effect of "Armored Bitron" once per turn.$Cyberse/Link Monster$$Tributes itself for cost/Activates from your Graveyard/Activates if destroyed by battle/Activates if destroyed by card effect$Ignition/Trigger/Condition$
55762976$Gussari @Ignister$Unlimited$EARTH$[Cyberse/Effect]$$$$$8$3000$3000$$$$When a Link Monster is destroyed by battle: You can Special Summon this card from your hand. When your Link Monster destroys an opponent's monster by battle: You can inflict damage to your opponent equal to that destroyed monster's original ATK. When an attack is declared involving a Link Monster you control and an opponent's monster: You can banish this card from your GY; the ATK's of those monsters become 3000. You can only use each effect of "Gussari @Ignister" once per turn.$Link Monster$Link Monster$Activates from your hand/Activates if destroyed by battle/Activates when it destroys a monster by battle/Activates from your Graveyard/Activates upon attack declaration$Trigger/Condition$
82257671$Gatchiri @Ignister$Unlimited$EARTH$[Cyberse/Effect]$$$$$8$0$3000$$$$The first time each Cyberse monster you control would be destroyed by a card effect each turn, it is not destroyed. You can only use each of the following effects of "Gatchiri @Ignister" once per turn.●You can target 1 Cyberse Effect Monster you control; negate its effects, and if you do, Special Summon this card from your hand.●If this card is sent from the field to your GY: You can target 1 face-up monster you control; that target is unaffected by your opponent's card effects until the end of your opponent's turn.$Cyberse$$Activates from your hand/Activates from your Graveyard$Continuous/Condition/Ignition/Trigger$
69838761$Machina Metalcruncher$Unlimited$EARTH$[Machine/Effect]$$$$$9$2800$0$$$$If you control no face-up cards, you can Normal Summon this card without Tributing, but its original ATK becomes 1800. If this card is Normal or Special Summoned: You can reveal 3 EARTH Machine monsters from your Deck, then your opponent randomly adds 1 of them to your hand, and you shuffle the rest back into your Deck. You can only use this effect of "Machina Metalcruncher" once per turn.$EARTH/Machine$$Activates upon Normal Summon/Activates upon Special Summon/Reveals cards from your Deck/Adds from Deck to hand$Unclassified/Trigger/Condition$
75988594$Superheavy Samurai Swordmaster Musashi$Unlimited$EARTH$[Machine/Synchro/Effect]$$$$$5$300$2300$$1 Tuner + 1+ non-Tuner monsters$$When this card is Synchro Summoned: You can target 1 Machine monster in your GY; add it to your hand, also if you have a Spell/Trap in your GY, you cannot Normal or Special Summon it, or a monster with its name, for the rest of this turn. This card can attack while in face-up Defense Position. If it does, apply its DEF for damage calculation.$Machine$$Activates upon Synchro Summon/Adds from Graveyard to hand$Trigger/Continuous$
97268402$Effect Veiler$Unlimited$LIGHT$[Spellcaster/Tuner/Effect]$$$$$1$0$0$$$$During your opponent's Main Phase (Quick Effect): You can send this card from your hand to the GY, then target 1 Effect Monster your opponent controls; negate the effects of that face-up monster your opponent controls, until the end of this turn.$$$Activates from your hand/Sends itself from hand to Graveyard for cost$Quick$
