Passcode$Name$Status$Attribute$type$link$link_arrows$rank$pendulum_scale$level$attack$defense$spell_attribute$summoning_condition$pendulum_condition$card_text$card_supports$card_anti_supports$card_actions$effect_types$
10028593$Reborn Tengu$Unlimited$WIND$[Beast-Warrior/Effect]$$$$$4$1700$600$$$$If this face-up card leaves the field: Special Summon 1 "Reborn Tengu" from your Deck.$$$Activates when it leaves the field$Trigger$
78922939$Junk Servant$Unlimited$EARTH$[Warrior/Effect]$$$$$4$1500$1000$$$$If you control a "Junk" monster, you can Special Summon this card (from your hand).$Supports archetypes /Junk$$$Summon$
15310033$Unknown Synchron$Unlimited$DARK$[Machine/Tuner/Effect]$$$$$1$0$0$$$$If only your opponent controls a monster, you can Special Summon this card (from your hand). You can only Special Summon "Unknown Synchron" once per Duel this way.$$$Activates from your hand$Summon/Condition$
41705642$Salvage Warrior$Unlimited$WATER$[Warrior/Effect]$$$$$5$1900$1600$$$$When this card is Tribute Summoned, you can Special Summon 1 Tuner monster from your hand or Graveyard.$Tuner monster$$Activates upon Tribute Summon$Trigger$
77700347$Necro Defender$Unlimited$DARK$[Fiend/Effect]$$$$$2$0$800$$$$During your Main Phase, you can remove from play this card from your Graveyard to select 1 monster you control. Until your opponent's next End Phase, that monster cannot be destroyed by battle, and you take no Battle Damage from battles involving it.$$$Activates from your Graveyard$Ignition$
14198496$Mystic Piper$Unlimited$LIGHT$[Spellcaster/Effect]$$$$$1$0$0$$$$You can Tribute this card to draw and reveal 1 card. If that card is a Level 1 Monster Card, draw 1 more card. The effect of "Mystic Piper" can only be activated once per turn.$$$Tributes itself for cost/You draw cards/Shows the player's drawn cards$Ignition/Condition$
40583194$Force Resonator$Unlimited$WATER$[Fiend/Tuner/Effect]$$$$$2$500$500$$$$You can send this face-up card you control to the Graveyard, then target 1 face-up monster you control; if it attacks this turn, your opponent cannot activate cards or effects that target a monster(s) until the end of the Damage Step.$$$Sends itself from field to Graveyard for cost$Ignition$
77087109$Clock Resonator$Unlimited$EARTH$[Fiend/Tuner/Effect]$$$$$3$1200$600$$$$Once per turn, this face-up Defense Position card cannot be destroyed by battle or by card effects.$$$$Continuous$
03072808$Blackwing - Hillen the Tengu-wind$Unlimited$DARK$[Winged Beast/Tuner/Effect]$$$$$5$0$2300$$$$When you take 2000 or more Battle Damage from your opponent's monster's direct attack while this card is in the Graveyard, you can select 1 Level 3 or lower "Blackwing" monster in your Graveyard. Special Summon that monster and this card from the Graveyard. Their effects are negated. Each player can only use the effect of "Blackwing - Hillen the Tengu-wind" once per Duel.$Supports archetypes /Blackwing$$Activates if you take battle damage/Activates from your Graveyard$Trigger/Condition$
49460512$Blackwing - Kogarashi the Wanderer$Unlimited$DARK$[Winged Beast/Tuner/Effect]$$$$$6$2300$1600$$$$When a face-up "Blackwing" monster you control is destroyed by a card effect and sent to the Graveyard (except during the Damage Step): You can Special Summon this card from your hand. When a monster is Synchro Summoned using this card as a Synchro Material, the opponent of this card's owner cannot activate cards or effects.$Supports archetypes /Blackwing$$Activates from your hand/Activates if destroyed by card effect/Applies effect when used as Synchro Material$Trigger/Unclassified$
76865611$Morphtronic Lantron$Unlimited$LIGHT$[Machine/Tuner/Effect]$$$$$1$200$200$$$$●While in Attack Position: Any effect damage you would take from an opponent's card effect is inflicted to your opponent instead.●While in Defense Position: When this card is destroyed by battle and sent to the Graveyard, you take no Battle Damage this turn.$$$Activates if destroyed by battle/Activates from your Graveyard$Continuous/Trigger$
02250266$Morphtronic Staplen$Unlimited$EARTH$[Machine/Effect]$$$$$4$1400$1000$$$$●While in Attack Position: Your opponent cannot select another monster as an attack target. If this card is destroyed by battle, the monster that destroyed this card loses 300 ATK.●While in Defense Position: This card cannot be destroyed by battle. If this card is attacked, after damage calculation, select 1 face-up Attack Position monster your opponent controls. Change it to Defense Position and this card to Attack Position.$$$Activates if destroyed by battle/Changes battle positions$Continuous/Trigger$
39648965$Meklord Army of Wisel$Unlimited$DARK$[Machine/Effect]$$$$$4$1800$0$$$$Gains 100 ATK for each "Meklord" monster on the field, except this card. Once per turn, when another "Meklord" monster you control declares an attack on a Defense Position monster: You can activate this effect; during that battle, if it attacks a Defense Position monster, inflict piercing battle damage to your opponent.$Supports archetypes /Meklord$$Activates upon attack declaration$Continuous/Trigger$
75733063$Meklord Army of Skiel$Unlimited$WIND$[Machine/Effect]$$$$$4$1200$1000$$$$Gains 200 ATK for each "Meklord" monster on the field, except this card. When this card is destroyed by battle and sent to the GY: You can Special Summon 1 "Meklord Army" monster from your Deck.$Supports archetypes /Meklord/Meklord Army$$Activates from your Graveyard$Continuous/Trigger$
02137678$Meklord Army of Granel$Unlimited$EARTH$[Machine/Effect]$$$$$4$1600$1200$$$$Gains 100 ATK for each "Meklord" monster on the field, except this card. When this card is Normal Summoned: You can target 1 face-up monster your opponent controls; halve that target's ATK, until the end of this turn.$Supports archetypes /Meklord$$$Continuous/Trigger$
38522377$Meklord Astro Dragon Asterisk$Unlimited$DARK$[Machine/Effect]$$$$$10$0$0$$$$Cannot be Normal Summoned/Set. Must first be Special Summoned (from your hand) by controlling 3 or more "Meklord" monsters. When this card is Special Summoned: You can target any number of "Meklord" monsters you control, except this card; send those targets to the GY, and if you do, this card's ATK becomes the combined original ATK of the monsters sent to the GY by this effect. Each time a Synchro Monster(s) is Special Summoned: Inflict 1000 damage to the Summoning player.$Supports archetypes /Meklord$Synchro Monster$Activates upon Special Summon/Sends from your field to your Graveyard$Summon/Trigger$
64910482$T.G. Cyber Magician$Unlimited$LIGHT$[Spellcaster/Tuner/Effect]$$$$$1$0$0$$$$If this card you control would be used as Synchro Material for a "T.G." monster, "T.G." monsters in your hand can be used as the non-Tuner Synchro Materials. Once per turn, during the End Phase, if this card is in the GY because it was destroyed on the field and sent there this turn: You can add 1 "T.G." monster from your Deck to your hand, except "T.G. Cyber Magician".$Supports archetypes /T.G.$$Activates from your Graveyard/Adds from Deck to hand/Uses cards in the hand as Synchro Materials$Condition/Trigger$
01315120$T.G. Striker$Unlimited$EARTH$[Warrior/Tuner/Effect]$$$$$2$800$0$$$$If only your opponent controls a monster, you can Special Summon this card (from your hand). Once per turn, during the End Phase, if this card is in the GY because it was destroyed on the field and sent there this turn: You can add 1 "T.G." monster from your Deck to your hand, except "T.G. Striker".$Supports archetypes /T.G.$$Activates from your Graveyard/Adds from Deck to hand$Summon/Trigger$
37300735$T.G. Jet Falcon$Unlimited$WIND$[Winged Beast/Tuner/Effect]$$$$$3$1400$1200$$$$If this card is sent to the Graveyard as a Synchro Material: Inflict 500 damage to your opponent.$$$Activates from your Graveyard/Activates if used as Synchro Material$Trigger$
64898834$T.G. Catapult Dragon$Unlimited$EARTH$[Dragon/Effect]$$$$$2$900$1300$$$$Once per turn: You can Special Summon 1 Level 3 or lower "T.G." Tuner monster from your hand.$Supports archetypes /T.G.$$$Ignition$
00293542$T.G. Warwolf$Unlimited$DARK$[Beast-Warrior/Effect]$$$$$3$1200$0$$$$When a Level 4 or lower monster(s) is Special Summoned (except during the Damage Step): You can Special Summon this card from your hand. Once per turn, during the End Phase, if this card is in the GY because it was destroyed on the field and sent there this turn: You can add 1 "T.G." monster from your Deck to your hand, except "T.G. Warwolf".$Supports archetypes /T.G.$$Activates from your Graveyard/Adds from Deck to hand$Trigger$
36687247$T.G. Rush Rhino$Unlimited$EARTH$[Beast/Effect]$$$$$4$1600$800$$$$If this card attacks, it gains 400 ATK during the Damage Step only. Once per turn, during the End Phase, if this card is in the GY because it was destroyed on the field and sent there this turn: You can add 1 "T.G." monster from your Deck to your hand, except "T.G. Rush Rhino".$Supports archetypes /T.G.$$Activates from your Graveyard/Adds from Deck to hand$Continuous/Trigger$
63676256$Buster Blaster$Unlimited$EARTH$[Machine/Union/Effect]$$$$$1$0$0$$$$Once per turn, you can either: Target 1 face-up monster you control; equip this card to that target, OR: Unequip this card and Special Summon it in face-up Attack Position. While equipped by this effect, the equipped monster loses 500 ATK and DEF. If the equipped monster destroys an opponent's monster by battle: Destroy all face-up monsters on the field with the same Monster Type as the destroyed monster. (A monster can only be equipped with 1 Union Monster at a time. If the equipped monster would be destroyed, destroy this card instead.)$$Union monster$Equips self from field/Activates when it destroys a monster by battle$Ignition/Ignition-like/Continuous-like/Trigger-like/Condition$
99070951$Esper Girl$Unlimited$EARTH$[Psychic/Tuner/Effect]$$$$$2$500$300$$$$When this removed from play card is Special Summoned, remove from play the top card of your Deck, face-down. When this card is sent from the field to the Graveyard, add that removed card to your hand.$$$Activates upon Special Summon/Activates from your Graveyard/Adds banished cards to the hand$Trigger$
36565699$Mental Seeker$Unlimited$EARTH$[Psychic/Tuner/Effect]$$$$$3$800$600$$$$When this removed from play card is Special Summoned, reveal the top 3 cards of your opponent's Deck. Choose 1 of those cards and remove it from play. Then, shuffle the others into the Deck.$$$Activates upon Special Summon/Excavates from the opponent's Deck/Shuffles excavated cards into the Deck$Trigger$
62950604$Silent Psychic Wizard$Unlimited$EARTH$[Psychic/Effect]$$$$$4$1900$0$$$$When this card is Normal Summoned: You can target 1 Psychic-Type monster in your Graveyard; banish that target. If this card is sent from the field to the Graveyard: Special Summon that monster banished by this effect.$Psychic$$Activates upon Normal Summon/Activates from your Graveyard$Trigger$
98358303$Serene Psychic Witch$Unlimited$EARTH$[Psychic/Effect]$$$$$3$1400$1200$$$$When this card on the field is destroyed and sent to the Graveyard: You can banish 1 Psychic-Type monster with 2000 or less ATK from your Deck. During the next Standby Phase, if this card stays in the Graveyard: Special Summon the monster banished by this card's effect.$Psychic$$Activates from your Graveyard$Trigger$
25343017$Hushed Psychic Cleric$Unlimited$EARTH$[Psychic/Effect]$$$$$3$0$2100$$$$If this card is Normal or Flip Summoned: Change it to Defense Position. Once per turn: You can send 1 card from your hand to the Graveyard, then target 1 Psychic-Type monster in your Graveyard; banish that target. If this card is sent from the field to the Graveyard: Target 1 monster banished by this card's effect; Special Summon that target.$Psychic$$Activates upon Normal Summon/Activates upon Flip Summon/Changes battle positions/Sends from your hand to your Graveyard/Sends from hand to Graveyard for cost/Activates from your Graveyard$Trigger/Ignition$
61737116$Elder of the Six Samurai$Unlimited$EARTH$[Warrior/Effect]$$$$$3$400$0$$$$If your opponent controls a monster and you control no monsters, you can Special Summon this card (from your hand).$$$$Summon$
98126725$Shien's Advisor$Unlimited$EARTH$[Warrior/Effect]$$$$$4$1200$400$$$$If this card is Normal Summoned while you control a "Six Samurai" monster: Declare 1 Monster Type; while this card is face-up on the field, monsters with the declared Monster Type cannot declare an attack or be Special Summoned.$Supports archetypes /Six Samurai$$Activates upon Normal Summon/Declares a Type$Trigger/Continuous$
24621460$Karakuri Komachi mdl 224 "Ninishi"$Unlimited$EARTH$[Machine/Tuner/Effect]$$$$$3$0$1900$$$$This card must attack if able. When this face-up card is selected as an attack target, change its battle position. While this card is face-up on the field, once per turn during your Main Phase, you can Normal Summon 1 "Karakuri" monster in addition to your Normal Summon or Set. (You can only gain this effect once per turn.)$Supports archetypes /Karakuri$$Changes battle positions$Continuous/Trigger/Condition$
50615578$Karakuri Ninja mdl 7749 "Nanashick"$Unlimited$EARTH$[Machine/Effect]$$$$$5$2200$1800$$$$This card must attack if able. When this face-up card is selected as an attack target, change its battle position. When this card is Normal Summoned, you can draw a number of cards equal to the number of face-up Defense Position "Karakuri" monsters you control.$Supports archetypes /Karakuri$$Activates upon Normal Summon/Changes battle positions/You draw cards$Continuous/Trigger$
97000273$Scrap Kong$Unlimited$EARTH$[Beast/Effect]$$$$$4$2000$1000$$$$When this card is Normal Summoned, destroy it. If this card is destroyed by the effect of a "Scrap" card and sent to the Graveyard, you can select 1 "Scrap" monster in your Graveyard, except "Scrap Kong", and add it to your hand.$Supports archetypes /Scrap$Anti-supports archetypes /Scrap$Activates upon Normal Summon/Activates from your Graveyard/Adds from Graveyard to hand$Trigger$
23408872$Tradetoad$Unlimited$WATER$[Aqua/Effect]$$$$$1$100$2000$$$$Once per turn, you can Tribute 1 Aqua-Type monster to select 1 "Frog" monster in your Graveyard, except "Frog the Jam". Special Summon that monster from your Graveyard.$Supports archetypes /Frog$$Tributes for cost$Ignition$
50893987$Gladiator Beast Tygerius$Unlimited$EARTH$[Beast/Effect]$$$$$4$1800$800$$$$This card cannot be used as a Fusion Material Monster. When this card is Special Summoned by the effect of a "Gladiator Beast" monster, you can discard 1 "Gladiator Beast" card to add 1 "Gladiator Beast" monster from your Deck to your hand.$Supports archetypes /Gladiator Beast$$Activates upon Special Summon/Discards for cost/Adds from Deck to hand$Condition/Trigger$
96287685$Jar Turtle$Unlimited$WATER$[Reptile/Effect]$$$$$4$200$2100$$$$Each time "Jar of Greed" is activated, draw 1 card.$Jar of Greed$$You draw cards$Continuous$
22386234$Aurora Paragon$Unlimited$LIGHT$[Fairy/Effect]$$$$$4$1500$1000$$$$Neither player can Special Summon monsters. When another monster is Normal Summoned to either player's side of the field, destroy this card.$$$$Continuous/Trigger$
59771339$Junk Berserker$Unlimited$WIND$[Warrior/Synchro/Effect]$$$$$7$2700$1800$$"Junk Synchron" + 1 or more non-Tuner monsters$$You can banish 1 "Junk" monster from your Graveyard, then target 1 face-up monster your opponent controls; that target loses ATK equal to the banished monster's ATK. At the start of the Damage Step, if this card attacks a Defense Position monster: Destroy that monster.$Supports archetypes /Junk$$$Ignition/Trigger$
25165047$Life Stream Dragon$Unlimited$EARTH$[Dragon/Synchro/Tuner/Effect]$$$$$8$2900$2400$$1 Tuner + "Power Tool Dragon"$$When this card is Synchro Summoned: You can make your LP become 4000. You take no effect damage. If this face-up card on the field would be destroyed, you can banish 1 Equip Spell Card from your Graveyard instead.$Equip Spell Card$$Activates upon Synchro Summon$Trigger/Continuous$
62560742$T.G. Recipro Dragonfly$Unlimited$WIND$[Insect/Synchro/Effect]$$$$$2$300$300$$1 Tuner + 1 non-Tuner monster$$Once per turn: You can target 1 other "T.G." Synchro Monster you control; send it to the Graveyard, then, if all the Synchro Monsters that were used for its Synchro Summon are in your Graveyard, you can Special Summon all of them.$Supports archetypes /T.G.$$Sends from your field to your Graveyard$Ignition$
98558751$T.G. Wonder Magician$Unlimited$LIGHT$[Spellcaster/Synchro/Tuner/Effect]$$$$$5$1900$0$$1 Tuner + 1+ non-Tuner "T.G." monsters$$If this card is Synchro Summoned: Target 1 Spell/Trap on the field; destroy that target. If this card on the field is destroyed: Draw 1 card. Once per Chain, during your opponent's Main Phase, you can (Quick Effect): Immediately after this effect resolves, Synchro Summon using this card you control.$Supports archetypes /T.G.$$Activates upon Synchro Summon/Activates from your Graveyard/You draw cards/Uses itself as a Synchro Material$Trigger/Quick$
24943456$T.G. Power Gladiator$Unlimited$EARTH$[Warrior/Synchro/Effect]$$$$$5$2300$1000$$1 Tuner + 1 or more non-Tuner "T.G." monsters$$If this card attacks a Defense Position monster, inflict piercing battle damage to your opponent. If this card on the field is destroyed: Draw 1 card.$Supports archetypes /T.G.$$Activates from your Graveyard/You draw cards$Continuous/Trigger$
51447164$T.G. Blade Blaster$Unlimited$EARTH$[Machine/Synchro/Effect]$$$$$10$3300$2200$$1 Tuner Synchro Monster + 1 or more non-Tuner Synchro Monsters$$During either player's turn, when your opponent activates a Spell/Trap Card that targets this face-up card: You can send 1 card from your hand to the Graveyard; negate the effect. Once per turn, during your opponent's turn: You can banish 1 "T.G." monster from your Graveyard; banish this face-up card on the field (this is a Quick Effect). During the next Standby Phase after this card was banished by this effect: Special Summon this card.$Supports archetypes /T.G.$$Sends from your hand to your Graveyard$Quick/Trigger$
97836203$T.G. Halberd Cannon$Unlimited$EARTH$[Machine/Synchro/Effect]$$$$$12$4000$4000$$1 Tuner Synchro Monster + 2 or more non-Tuner Synchro Monsters$$Must be Synchro Summoned, and cannot be Special Summoned by other ways. Once per turn, during either player's turn, when a monster(s) would be Summoned: You can negate the Summon, and if you do, destroy that monster. This card must be face-up on the field to activate and to resolve this effect. When this card is sent from the field to the Graveyard: You can target 1 "T.G." monster in your Graveyard; Special Summon that target.$Supports archetypes /T.G.$$Activates from your Graveyard$Summon/Quick/Condition/Trigger$
24221808$Overmind Archfiend$Unlimited$DARK$[Psychic/Synchro/Effect]$$$$$9$3300$3000$$1 Psychic-Type Tuner + 2 or more non-Tuner Psychic-Type monsters$$Once per turn, you can select 1 Psychic-Type monster in your Graveyard, and remove it from play. When this card is sent from the field to the Graveyard, Special Summon as many monsters as possible that were removed from play by this effect.$Psychic$$Activates from your Graveyard$Ignition/Trigger$
50215517$Scarlet Security$Unlimited$SPELL$$$$$$$$$$$$If you control a "Red Dragon Archfiend": Destroy all Spell and Trap Cards your opponent controls.$Red Dragon Archfiend$$$Activation requirement/Effect$
87614611$Red Dragon Vase$Unlimited$SPELL$$$$$$$$$$$$If you control a "Red Dragon Archfiend": Draw 2 cards. You cannot Normal or Special Summon monsters the turn you activate this card, and until the end of your opponent's turn after this card is activated.$Red Dragon Archfiend$$You draw cards$Activation requirement/Effect/Condition$
23008320$Resonator Call$Unlimited$SPELL$$$$$$$$$$$$Add 1 "Resonator" monster from your Deck to your hand.$Supports archetypes /Resonator$$Adds from Deck to hand$Effect$
59593925$Resonant Destruction$Unlimited$SPELL$$$$$$$$$Continuous$$$Each time a "Resonator" monster(s) is sent to the Graveyard as a Synchro Material: Target 1 card your opponent controls; destroy that target. Destroy this card during your 2nd End Phase after activation.$Supports archetypes /Resonator$$$Trigger-like/Condition$
86997073$Fortissimo the Mobile Fortress$Unlimited$SPELL$$$$$$$$$Field$$$Once per turn: You can Special Summon 1 "Meklord Army" monster from your hand.$Supports archetypes /Meklord Army$$$Ignition-like$
12986778$Boon of the Meklord Emperor$Unlimited$SPELL$$$$$$$$$$$$If the only face-up monsters on the field are 2 "Meklord" monsters: Draw 2 cards. You cannot conduct your Battle Phase the turn you activate this card.$Supports archetypes /Meklord$$You draw cards/Cannot conduct Battle Phase$Effect/Condition$
59371387$The Resolute Meklord Army$Unlimited$SPELL$$$$$$$$$Continuous$$$All Attack Position "Meklord Army" monsters you control cannot be destroyed by battle, also their effects are negated.$Supports archetypes /Meklord Army$$$Continuous-like$
85775486$Reboot$Unlimited$SPELL$$$$$$$$$$$$Shuffle 1 "Meklord" monster from your hand into the Deck, then target 1 "Meklord" card in your GY; add that target to your hand.$Supports archetypes /Meklord$$Returns from hand to Deck for cost/Adds from Graveyard to hand$Cost/Effect$
11264180$TGX1-HL$Unlimited$SPELL$$$$$$$$$Quick-Play$$$Target 1 "T.G." monster you control; its ATK and DEF each become half its current ATK and DEF, and if they do, destroy 1 other Spell/Trap Card on the field.$Supports archetypes /T.G.$$$Effect$
58258899$TGX300$Unlimited$SPELL$$$$$$$$$Continuous$$$All face-up monsters you control gain 300 ATK for each "T.G." monster you control.$Supports archetypes /T.G.$$$Continuous-like$
84653834$ESP Amplifier$Unlimited$SPELL$$$$$$$$$Quick-Play$$$All face-up Psychic-Type monsters you controlled when this card was activated gain 300 ATK for each of your Psychic-Type monsters that is removed from play when this card resolves. During the End Phase, remove from play all monsters that were affected by this effect.$Psychic$$$Effect$
11047543$Psychic Feel Zone$Unlimited$SPELL$$$$$$$$$$$$Select 2 of your removed from play monsters (1 Psychic-Type Tuner and 1 Psychic-Type non-Tuner), return them to the Graveyard, and Special Summon 1 Psychic-Type Synchro Monster from your Extra Deck in face-up Defense Position, whose Level equals the total Levels of the returned monsters.$Psychic/Tuner monster/Synchro Monster$$Returns the player's banished cards to the Graveyard$Effect$
47436247$Shien's Dojo$Unlimited$SPELL$$$$$$$$$Continuous$$$Each time a "Six Samurai" monster(s) is Normal or Special Summoned, place 1 Bushido Counter on this card. You can send this card to the GY; Special Summon 1 "Six Samurai" or "Shien" Effect Monster from your Main Deck, whose Level is less than or equal to the number of Bushido Counters on this card.$Supports archetypes /Six Samurai/Shien$Anti-supports archetypes /Six Samurai$Sends itself from field to Graveyard for cost$Continuous-like/Ignition-like$
83831356$Runaway Karakuri$Unlimited$SPELL$$$$$$$$$Quick-Play$$$Select 1 face-up "Karakuri" monster on the field. Until the End Phase, it gains 1000 ATK but its effect(s) is negated.$Supports archetypes /Karakuri$$$Effect$
10925955$Contact with the Aquamirror$Unlimited$SPELL$$$$$$$$$$$$If you control a face-up WATER monster, activate 1 of these effects. If you control a face-up WATER Ritual Monster, you can activate both of these effects:●Look at all Set cards in your opponent's Spell & Trap Card Zones.●Look at the 2 top cards of either player's Deck and return them to the top of the Deck in any order.$WATER/Ritual Monster$$Reveals face-down cards/Looks at cards from the top of your Deck/Looks at cards from the top of opponent's Deck/Changes your Deck order/Changes opponent's Deck order/Places cards from your Deck on the top of the Deck/Places cards from opponent's Deck on the top of the Deck$Activation requirement/Effect$
42314669$Soundproofed$Unlimited$SPELL$$$$$$$$$$$$This card can only be activated at the start of Main Phase 1, and only if you control no face-up Synchro Monsters. Neither player can Special Summon a Synchro Monster until your opponent's next End Phase.$$Synchro Monster$$Activation requirement/Effect$
79718768$Out of the Blue$Unlimited$SPELL$$$$$$$$$Continuous$$$Destroy this card if your opponent activates a card or effect that targets a card(s) in the Graveyard. When this card is destroyed by this effect and sent to the Graveyard, your opponent shuffles all cards in their Graveyard into the Deck.$$$Activates if destroyed by card effect/Activates from your Graveyard/Returns from your opponent's Graveyard to your opponent's Deck$Continuous-like/Trigger-like$
15103313$Self-Mummification$Unlimited$SPELL$$$$$$$$$Quick-Play$$$Select 1 monster you control, and send it to the Graveyard.$$$Sends from your field to your Graveyard$Effect$
41197012$Red Carpet$Unlimited$TRAP$$$$$$$$$$$$If a Dragon-Type Synchro Monster is on the field: Target up to 2 "Resonator" monsters in your Graveyard; Special Summon them.$Supports archetypes /Resonator$$$Activation requirement/Effect$
78586116$Power-Up Adapter$Unlimited$TRAP$$$$$$$$$$$$After activation, treat this card as an Equip Card and equip it to 1 face-up "Morphtronic" monster you control. The equipped monster cannot attack. Then, select 1 face-up monster on the field, except the equipped monster. It gains ATK equal to the ATK of the equipped monster.$Supports archetypes /Morphtronic$$Equips self from field$Effect/Continuous-like/Trigger-like$
04081825$Chaos Infinity$Unlimited$TRAP$$$$$$$$$$$$Change as many Defense Position monsters on the field as possible to face-up Attack Position, then Special Summon 1 "Meklord" monster from your Deck or GY, but its effects are negated, also it is destroyed during the End Phase.$Supports archetypes /Meklord$$Changes battle positions$Effect$
41475424$Mektimed Blast$Unlimited$TRAP$$$$$$$$$$$$Target 1 "Meklord" monster you control and 1 card your opponent controls; destroy them.$Supports archetypes /Meklord$$$Effect$
77864539$Meklord Factory$Unlimited$TRAP$$$$$$$$$$$$When a "Meklord" monster on the field is targeted for an attack: Target 1 "Meklord Army" monster in your Graveyard; add that target to your hand, then destroy the attack target.$Supports archetypes /Meklord/Meklord Army$$Adds from your Graveyard to your hand$Activation requirement/Effect$
03868277$TGX3-DX2$Unlimited$TRAP$$$$$$$$$$$$Target 3 "T.G." monsters in your Graveyard; shuffle all 3 into your Deck, then draw 2 cards.$Supports archetypes /T.G.$$Returns from your Graveyard to your Deck/You draw cards$Effect$
40253382$TG-SX1$Unlimited$TRAP$$$$$$$$$$$$When a "T.G." monster you control destroys an opponent's monster by battle and sends it to the Graveyard: Target 1 "T.G." Synchro Monster in your Graveyard; Special Summon that target.$Supports archetypes /T.G.$$$Activation requirement/Effect$
76641981$TG1-EM1$Unlimited$TRAP$$$$$$$$$$$$Target 1 monster your opponent controls and 1 "T.G." monster you control; switch control of both monsters.$Supports archetypes /T.G.$$Changes control$Effect$
03146695$Psychic Reactor$Unlimited$TRAP$$$$$$$$$$$$If you control a Psychic-Type monster: Apply this effect to all Psychic-Type monsters you currently control, for the rest of this turn. When a Psychic-Type monster you control battles an opponent's monster, after damage calculation: Banish that Psychic-Type monster, also banish that opponent's monster.$Psychic$$$Activation requirement/Effect/Trigger-like$
39531794$Brain Hazard$Unlimited$TRAP$$$$$$$$$Continuous$$$Select 1 of your removed from play Psychic-Type monsters, and Special Summon it. When this card is removed from the field, destroy that monster. When that monster is destroyed, destroy this card.$Psychic$$$Effect/Continuous-like$
75525309$Six Style - Dual Wield$Unlimited$TRAP$$$$$$$$$$$$If the only monster you control is 1 "Six Samurai" monster in face-up Attack Position: Target 2 cards your opponent controls; return those targets to the hand.$Supports archetypes /Six Samurai$$Returns from your opponent's field to your opponent's hand$Activation requirement/Effect$
02924048$Karakuri Cash Shed$Unlimited$TRAP$$$$$$$$$Counter$$$Activate only if you control a "Karakuri" monster in face-up Defense Position. Negate the activation of an opponent's Spell/Trap Card and destroy it.$Supports archetypes /Karakuri$$$Activation requirement/Effect$
38318146$Tyrant's Tantrum$Unlimited$TRAP$$$$$$$$$Continuous$$$Activate by Tributing 2 monsters. Your opponent cannot activate a Spell Card unless they also send 1 Spell Card from the Deck to the Graveyard.$$Spell Card$Tributes for cost/Must pay cost to activate cards or effects/Sends from your opponent's Deck to your opponent's Graveyard/Sends from your opponent's Deck to your opponent's Graveyard for cost$Cost/Continuous-like$
65703851$Debunk$Unlimited$TRAP$$$$$$$$$Counter$$$When a monster effect is activated in the hand or GY: Negate the activation, and if you do, banish it.$$$$Activation requirement/Effect$
01802450$Sealing Ceremony of Mokuton$Unlimited$TRAP$$$$$$$$$Continuous$$$Once per turn: You can Tribute 1 face-up EARTH monster, then target up to 2 cards in the opponent's GY; banish those targets.$EARTH$$Tributes for cost$Quick-like$
38296564$Safe Zone$Unlimited$TRAP$$$$$$$$$Continuous$$$Activate this card by targeting 1 face-up Attack Position monster on the field; that face-up monster cannot be destroyed by battle or your opponent's card effects, your opponent cannot target it with card effects, also it cannot attack your opponent directly. When this card leaves the field, destroy that monster. When that monster leaves the field, destroy this card.$$$$Continuous-like$
64681263$Localized Tornado$Unlimited$TRAP$$$$$$$$$$$$Shuffle all cards from your hand and Graveyard into the Deck.$$$Returns from your hand to your Deck/Returns from your Graveyard to your Deck$Effect$
90075978$W Nebula Meteorite$Unlimited$TRAP$$$$$$$$$$$$Change all face-down monsters on the field to face-up Defense Position. During the End Phase this turn, change all face-up LIGHT Reptile-Type monsters you control to face-down Defense Position, then draw 1 card for each. After that, you can Special Summon 1 Level 7 or higher LIGHT Reptile-Type monster from your Deck.$LIGHT/Reptile$$Flips monsters face-up/Flips monsters face-down/Changes battle positions/You draw cards$Effect/Lingering$
36352429$Vampire Dragon$Unlimited$DARK$[Zombie/Effect]$$$$$5$2400$0$$$$When this Tribute Summoned card is sent from the field to the Graveyard: You can add 1 Level 4 or lower monster from your Deck to your hand.$$$Activates from your Graveyard/Adds from Deck to hand$Trigger$
47013502$Dodger Dragon$Unlimited$WIND$[Dragon/Effect]$$$$$4$1900$1200$$$$This card's Normal Summon cannot be negated. After this card was Normal Summoned, your opponent cannot activate Counter Trap Cards for the rest of that turn.$$Counter Trap Card$$Condition/Unclassified$
73417207$Mara of the Nordic Alfar$Unlimited$DARK$[Spellcaster/Tuner/Effect]$$$$$2$1000$500$$$$When using this card as Synchro Material, the other Synchro Materials must be 2 "Nordic" monsters in your hand.$Supports archetypes /Nordic$$Uses cards in the hand as Synchro Materials$Condition$
10802915$Tour Guide From the Underworld$Unlimited$DARK$[Fiend/Effect]$$$$$3$1000$600$$$$When this card is Normal Summoned: You can Special Summon 1 Level 3 Fiend monster from your hand or Deck, but negate its effects, also it cannot be used as Synchro Material.$Fiend$$Activates upon Normal Summon$Trigger$
46291010$Psi-Beast$Unlimited$EARTH$[Psychic/Effect]$$$$$2$700$500$$$$When this card is Normal Summoned, you can remove from play 1 Psychic-Type monster from your Deck. This card's Level becomes the Level of that monster.$Psychic$$Activates upon Normal Summon$Trigger$
73285669$Gladiator Beast Essedarii$Unlimited$EARTH$[Beast/Fusion/Effect]$$$$$5$2500$1400$$2 "Gladiator Beast" monsters$$Must first be Special Summoned (from your Extra Deck) by shuffling the above cards you control into the Deck. (You do not use "Polymerization".)$Supports archetypes /Gladiator Beast$$Returns Fusion Materials for Contact Fusion to Deck$Summon$
09780364$Gladiator Taming$Unlimited$SPELL$$$$$$$$$Quick-Play$$$If a face-up "Gladiator Beast" monster is on the field, activate 1 of these effects:●Select 1 face-up monster your opponent controls, and change its battle position.●Select 1 face-up "Gladiator Beast" monster your opponent controls, and take control of it until the End Phase.$Supports archetypes /Gladiator Beast$Anti-supports archetypes /Gladiator Beast$Changes battle positions/Changes control$Activation requirement/Effect$
45178472$Full House$Unlimited$TRAP$$$$$$$$$$$$Target 2 other face-up Spell/Trap Cards and 3 Set Spell/Trap Cards, on the field; destroy them.$$$$Effect$
72563071$Psychic Shockwave$Unlimited$TRAP$$$$$$$$$$$$When your opponent activates a Trap Card: Discard 1 Spell/Trap; Special Summon 1 Level 6 DARK Machine monster from your Deck.$DARK/Machine$$Discards for cost$Activation requirement/Cost/Effect$
84914462$Axe Dragonute$Unlimited$DARK$[Dragon/Effect]$$$$$4$2000$1200$$$$If this card attacks, it is changed to Defense Position at the end of the Damage Step.$$$Changes battle positions$Continuous$
11125718$Lancer Dragonute$Unlimited$DARK$[Dragon/Effect]$$$$$4$1500$1800$$$$If this card attacks a Defense Position monster, inflict piercing battle damage to your opponent.$$$$Continuous$
46272804$Lancer Lindwurm$Unlimited$WIND$[Dragon/Effect]$$$$$4$1800$1200$$$$If this card attacks a Defense Position monster, inflict piercing battle damage to your opponent.$$$$Continuous$
72926163$Elemental HERO Neos Knight$Unlimited$LIGHT$[Warrior/Fusion/Effect]$$$$$7$2500$1000$$"Elemental HERO Neos" + 1 Warrior monster$$Must be Fusion Summoned. Gains ATK equal to half the original ATK of the Warrior Fusion Material used for its Fusion Summon, except "Elemental HERO Neos". Can make a second attack during each Battle Phase. Your opponent takes no battle damage from attacks involving this card.$Warrior/Elemental HERO Neos$$$Summon/Continuous$
31930787$Meklord Emperor Skiel$Unlimited$WIND$[Machine/Effect]$$$$$1$2200$2200$$$$Cannot be Normal Summoned/Set. Must be Special Summoned by its own effect. When a face-up monster you control is destroyed by a card effect and sent to the GY (except during the Damage Step): You can Special Summon this card from your hand. Other monsters you control cannot declare an attack. Once per turn: You can target 1 Synchro Monster your opponent controls; equip that target to this card. This card gains ATK equal to the combined ATK of the monsters equipped to it by this effect. You can send 1 monster you control that is equipped to this card to the GY; this card can attack your opponent directly this turn.$$Synchro Monster$Equips monsters from the opponent's field to itself/Sends from field to Graveyard for cost$Summon/Trigger/Continuous/Ignition$
67328336$Meklord Fortress$Unlimited$SPELL$$$$$$$$$Field$$$Neither player can target "Meklord Emperor" monsters you control with Synchro Monster effects. When this card on the field is destroyed and sent to the GY: You can add 1 "Meklord Emperor" monster from your Deck to your hand.$Supports archetypes /Meklord Emperor$Synchro Monster$Activates from your Graveyard/Adds from Deck to hand$Continuous-like/Trigger-like$
38562933$Blackwing - Jin the Rain Shadow$Unlimited$DARK$[Winged Beast/Tuner/Effect]$$$$$1$600$500$$$$If this card battles a face-up monster with DEF equal to or less than this card's ATK, destroy that monster at the start of the Damage Step (without damage calculation).$$$$Trigger$
64550682$Scrap Orthros$Unlimited$EARTH$[Beast/Tuner/Effect]$$$$$4$1700$1100$$$$Cannot be Normal Summoned/Set. Must first be Special Summoned (from your hand) while you control a "Scrap" monster. If Summoned this way: Target 1 "Scrap" monster you control; destroy that target. If this card is destroyed by the effect of a "Scrap" card and sent to the GY: You can target 1 "Scrap" monster in your GY, except "Scrap Orthros"; add that target to your hand.$Supports archetypes /Scrap$Anti-supports archetypes /Scrap$Activates upon Special Summon/Activates if destroyed by card effect/Activates from your Graveyard/Adds from Graveyard to hand$Summon/Trigger$
37349495$Naturia Eggplant$Unlimited$EARTH$[Plant/Effect]$$$$$2$1000$700$$$$When this card is sent from the field to the Graveyard, you can select 1 "Naturia" monster in your Graveyard, except "Naturia Eggplant", and add it to your hand.$Supports archetypes /Naturia$$Activates from your Graveyard/Adds from Graveyard to hand$Trigger$
98884569$Blue Rose Dragon$Unlimited$DARK$[Dragon/Effect]$$$$$4$1600$1200$$$$When this card on the field is destroyed and sent to the GY: You can target 1 "Black Rose Dragon" or 1 Plant monster in your GY; Special Summon that monster.$Black Rose Dragon/Plant$$Activates if destroyed by battle/Activates if destroyed by card effect/Activates from your Graveyard$Trigger$
