Passcode$Name$Status$Attribute$type$link$link_arrows$rank$pendulum_scale$level$attack$defense$spell_attribute$summoning_condition$pendulum_condition$card_text$card_supports$card_anti_supports$card_actions$effect_types$
71614230$Kai-Den Kendo Spirit$Unlimited$WIND$[Warrior/Pendulum/Spirit/Effect]$$$$9$5$2400$1000$$$If a monster(s) is Pendulum Summoned: Return this card from the Pendulum Zone to the hand.$When this card is Normal Summoned: You can choose 1 card in your Pendulum Zone, and send to the GY all cards your opponent controls in the same column as that card. Once per turn, during the End Phase, if this card was Normal Summoned or flipped face-up this turn: Return this card to the hand.$$$Returns itself from field to hand/Activates upon Normal Summon/Activates upon Pendulum Summon/Sends from your opponent's field to your opponent's Graveyard$Pendulum Effect /Continuous-like/Monster Effect/Trigger/Ignition$
24154052$Protron$Unlimited$EARTH$[Cyberse/Normal]$$$$$1$100$100$$$$Ancestral species found in electronic space. No one knows how much information it holds.$$$$$
50548657$Prompthorn$Unlimited$DARK$[Cyberse/Effect]$$$$$1$200$400$$$$You can Tribute 1 Level 4 or lower Cyberse monster; Special Summon any number of Cyberse Normal Monsters from your Deck and/or GY whose total Levels equal the Tributed monster's Level on the field, but banish them during the End Phase. You can only use this effect of "Prompthorn" once per turn.$Cyberse/Normal Monster$$Tributes for cost$Ignition/Condition$
97947705$Backup Operator$Unlimited$LIGHT$[Cyberse/Effect]$$$$$3$1200$800$$$$You can target 1 face-up monster that a Link Monster you control points to; Special Summon this card from your hand, and if you do, return that monster to the hand. If Special Summoned this way, banish this card when it leaves the field. You can only use this effect of "Backup Operator" once per turn.$Link Monster$$Activates from your hand/Returns from field to hand$Ignition/Condition$
23331400$Link Streamer$Unlimited$LIGHT$[Cyberse/Effect]$$$$$4$1600$1800$$$$When a Cyberse monster(s) is Normal or Special Summoned to your field while this monster is on the field (except during the Damage Step): You can Special Summon 1 "Data Token" (Cyberse/LIGHT/Level 1/ATK 0/DEF 0). You can only use this effect of "Link Streamer" once per turn.$Cyberse$$Activates upon Normal Summon/Activates upon Special Summon$Trigger/Condition$
50426119$Degrade Buster$Unlimited$FIRE$[Cyberse/Effect]$$$$$7$2500$2500$$$$Cannot be Normal Summoned/Set. Must first be Special Summoned (from your hand) by banishing 2 Cyberse monsters from your GY. You can target 1 monster your opponent controls with higher ATK than this card (Quick Effect); banish it until the End Phase. You can only use this effect of "Degrade Buster" once per turn.$Cyberse$$Returns banished cards to the field$Summon/Quick/Condition$
86825114$Trickstar Nightshade$Unlimited$LIGHT$[Fairy/Effect]$$$$$1$100$0$$$$If this card is sent to the GY as Link Material for the Link Summon of a "Trickstar" monster: You can Special Summon this card, but banish it when it leaves the field. You can only use this effect of "Trickstar Nightshade" once per turn.$Supports archetypes /Trickstar$$Activates from your Graveyard/Activates if used as Link Material$Trigger/Condition$
22219822$Trickstar Mandrake$Unlimited$LIGHT$[Fairy/Effect]$$$$$2$0$1000$$$$If this card is sent from the hand to the GY: You can Special Summon this card in Defense Position, but banish it when it leaves the field. If this card is sent to the GY as Link Material for the Link Summon of a "Trickstar" monster: You can target 1 monster an opponent's Link Monster points to; destroy it. You can only use each effect of "Trickstar Mandrake" once per turn.$Supports archetypes /Trickstar$Link Monster$Activates from your Graveyard/Activates if used as Link Material$Trigger/Condition$
59604521$Trickstar Rhodode$Unlimited$LIGHT$[Fairy/Effect]$$$$$4$1400$1900$$$$You can discard 1 "Trickstar" card, then target 1 "Trickstar" Link Monster in your GY; Special Summon it. You can only use this effect of "Trickstar Rhodode" once per turn. Each time a card(s) is banished from your opponent's GY, immediately inflict 200 damage to your opponent for each card banished.$Supports archetypes /Trickstar$$Discards for cost$Ignition/Condition/Continuous$
85008676$Gouki Octostretch$Unlimited$EARTH$[Warrior/Effect]$$$$$1$0$0$$$$If your opponent's monster attacks, during damage calculation (Quick Effect): You can discard this card; the damage you take from that battle is halved. When your opponent activates an effect that would inflict damage to you (even during the Damage Step) (Quick Effect): You can discard this card; the damage you take from that effect is halved. If this card is sent from the field to the GY: You can add 1 "Gouki" card from your Deck to your hand, except "Gouki Octostretch". You can only use this effect of "Gouki Octostretch" once per turn.$Supports archetypes /Gouki$$Discards itself for cost/Activates from your Graveyard/Adds from Deck to hand$Quick/Trigger/Condition$
12097275$Gouki Bearhug$Unlimited$EARTH$[Warrior/Effect]$$$$$6$2400$0$$$$If this card is Special Summoned by the effect of a "Gouki" card, or Normal Summoned: You can target 1 face-up monster your opponent controls; its ATK becomes half its original ATK until the end of this turn. If this card is sent from the field to the GY: You can add 1 "Gouki" card from your Deck to your hand, except "Gouki Bearhug". You can only use each effect of "Gouki Bearhug" once per turn.$Supports archetypes /Gouki$$Activates upon Special Summon/Activates upon Normal Summon/Activates from your Graveyard/Adds from Deck to hand$Trigger/Condition$
58582979$Defrag Dragon$Unlimited$DARK$[Dragon/Effect]$$$$$3$1000$600$$$$You can Special Summon this card (from your hand) by sending 1 other monster from your hand to the GY. You can only Special Summon "Defrag Dragon" once per turn this way. If this card is in the GY: You can banish 3 monsters from your GY with the same name, except "Defrag Dragon"; Special Summon this card. You can only use this effect of "Defrag Dragon" once per turn.$$$Sends from your hand to your Graveyard/Activates from your Graveyard$Unclassified/Condition/Ignition$
84976088$Background Dragon$Unlimited$DARK$[Dragon/Effect]$$$$$5$1600$1800$$$$If this card is in the GY and you control no cards: You can Special Summon both this card, and 1 Level 4 or lower Dragon monster from your hand, in Defense Position, but banish this card when it leaves the field. You can only use this effect of "Background Dragon" once per turn.$Dragon$$Activates from your Graveyard$Ignition/Condition$
11375683$Tindangle Trinity$Unlimited$DARK$[Fiend/Flip/Effect]$$$$$4$0$1500$$$$FLIP: You can Special Summon 1 "Tindangle Base Gardna" from your Deck.If this card was flipped face-up, your "Tindangle" monsters cannot be destroyed by battle. If this card is sent to the GY as Link Material for the Link Summon of a "Tindangle" monster: You can add 1 "Gergonne's End" from your Deck to your hand, and if you do, send 1 Spell/Trap from your Deck to the GY. You can only use this effect of "Tindangle Trinity" once per turn.$Supports archetypes /Tindangle$$Activates from your Graveyard/Activates if used as Link Material/Adds from Deck to hand/Sends from your Deck to your Graveyard$Trigger/Continuous/Condition$
42790071$Altergeist Multifaker$Unlimited$DARK$[Spellcaster/Effect]$$$$$3$1200$800$$$$If you activate a Trap Card (except during the Damage Step): You can Special Summon this card from your hand. If this card is Special Summoned: You can Special Summon 1 "Altergeist" monster from your Deck in Defense Position, except "Altergeist Multifaker". You cannot Special Summon monsters the turn you activate this effect, except "Altergeist" monsters. You can only use each effect of "Altergeist Multifaker" once per turn.$Supports archetypes /Altergeist$$Activates from your hand/Activates upon Special Summon$Trigger/Condition$
57769391$Altergeist Pixiel$Unlimited$WIND$[Spellcaster/Effect]$$$$$1$100$100$$$$You can Tribute this card; excavate the top 3 cards of your Deck, add 1 excavated "Altergeist" card to your hand, also send the rest to the GY. You can only use this effect of "Altergeist Pixiel" once per turn.$Supports archetypes /Altergeist$$Tributes itself for cost/Excavates from the player's Deck/Adds from Deck to hand/Sends excavated cards to the Graveyard/Sends from the top of your Deck to your Graveyard$Ignition/Condition$
84754430$Mekk-Knight Avram$Unlimited$LIGHT$[Psychic/Normal]$$$$$4$2000$0$$$$"Check THIS out!"$$$$$
10158145$Knightmare Corruptor Iblee$Unlimited$DARK$[Cyberse/Effect]$$$$$2$0$0$$$$When this card is Normal Summoned: You can target 1 Link Monster in your GY; Special Summon it to your field so it points to this card, but change its ATK to 0, also negate its effects. You cannot Special Summon monsters, except Link Monsters. If this card in its owner's control is sent to the GY: You can Special Summon this card to your opponent's field in Defense Position. You can only use this effect of "Knightmare Corruptor Iblee" once per turn.$Link Monster$$Activates upon Normal Summon/Activates from your Graveyard$Trigger/Continuous/Condition$
46647144$World Legacy - "World Lance"$Unlimited$DARK$[Machine/Effect]$$$$$8$3000$0$$$$Monsters your opponent controls cannot attack "World Legacy" monsters you control, except this one. You can only use each of the following effects of "World Legacy - "World Lance"" once per turn.●During damage calculation, if a Link Monster battles a monster (Quick Effect): You can discard this card; the opponent's battling monster loses 3000 ATK.●If a monster(s) is Special Summoned from the Extra Deck: Special Summon 1 "World Legacy Token" (Machine/DARK/Level 1/ATK 0/DEF 0) to both players' fields in Defense Position.$Supports archetypes /World Legacy$$Activates from your hand/Discards itself for cost/Activates upon Special Summon$Continuous/Condition/Quick/Trigger$
83032858$Elementsaber Aina$Unlimited$EARTH$[Warrior/Effect]$$$$$2$900$1800$$$$Once per turn: You can send 1 "Elementsaber" monster from your hand to the GY, then target 1 "Elementsaber" monster (except "Elementsaber Aina") or "Elemental Lord" monster (that has been properly Summoned) in your GY; Special Summon it, ignoring its Summoning conditions. Once per turn, if this card is in the GY: You can declare 1 Attribute; this card in the GY becomes that Attribute until the end of this turn.$Supports archetypes /Elementsaber/Elemental Lord$$Sends from hand to Graveyard for cost/Activates from your Graveyard/Declares an Attribute$Ignition$
19036557$Elementsaber Makani$Unlimited$WIND$[Warrior/Effect]$$$$$2$1300$1200$$$$Once per turn: You can send 1 "Elementsaber" monster from your hand to the GY; add 1 "Elementsaber" or "Elemental Lord" monster from your Deck to your hand, except "Elementsaber Makani". Once per turn, if this card is in the GY: You can declare 1 Attribute; this card in the GY becomes that Attribute until the end of this turn.$Supports archetypes /Elementsaber/Elemental Lord$$Activates from your Graveyard/Declares an Attribute/Sends from hand to Graveyard for cost/Adds from Deck to hand$Ignition$
46425662$Elementsaber Nalu$Unlimited$WATER$[Warrior/Effect]$$$$$3$1500$1000$$$$Once per turn: You can send 1 "Elementsaber" monster from your hand to the GY, then target 1 "Elementsaber" or "Elemental Lord" monster in your GY, except "Elementsaber Nalu"; add it to your hand. Once per turn, if this card is in the GY: You can declare 1 Attribute; this card in the GY becomes that Attribute until the end of this turn.$Supports archetypes /Elementsaber/Elemental Lord$$Declares an Attribute/Sends from hand to Graveyard for cost/Adds from Graveyard to hand/Activates from your Graveyard$Ignition$
72819261$Elementsaber Malo$Unlimited$FIRE$[Warrior/Effect]$$$$$3$1700$200$$$$Once per turn: You can send 1 "Elementsaber" monster from your hand to the GY; send 1 "Elementsaber" or "Elemental Lord" monster from your Deck to the GY, except "Elementsaber Malo". Once per turn, if this card is in the GY: You can declare 1 Attribute; this card in the GY becomes that Attribute until the end of this turn.$Supports archetypes /Elementsaber/Elemental Lord$$Activates from your Graveyard/Declares an Attribute/Sends from hand to Graveyard for cost/Sends from your Deck to your Graveyard$Ignition$
18214905$Elementsaber Lapauila$Unlimited$LIGHT$[Warrior/Effect]$$$$$4$400$2100$$$$Once per turn, when a Spell/Trap Card is activated (Quick Effect): You can send 1 "Elementsaber" monster from your hand to the GY; negate the activation, and if you do, destroy it. Once per turn, if this card is in the GY: You can declare 1 Attribute; this card in the GY becomes that Attribute until the end of this turn.$Supports archetypes /Elementsaber$$Activates from your Graveyard/Declares an Attribute/Sends from hand to Graveyard for cost$Quick/Ignition$
45702014$Elementsaber Molehu$Unlimited$DARK$[Warrior/Effect]$$$$$4$1900$0$$$$Once per turn (Quick Effect): You can send 1 "Elementsaber" monster from your hand to the GY, then target 1 face-up monster on the field; change it to face-down Defense Position. Once per turn, if this card is in the GY: You can declare 1 Attribute; this card in the GY becomes that Attribute until the end of this turn.$Supports archetypes /Elementsaber$$Declares an Attribute/Sends from hand to Graveyard for cost/Flips monsters face-down/Activates from your Graveyard$Quick/Ignition$
71797713$Elementsaber Lapauila Mana$Unlimited$LIGHT$[Warrior/Effect]$$$$$6$2400$2100$$$$You can send 2 other monsters from your hand to the GY; Special Summon this card from your hand. You can only use this effect of "Elementsaber Lapauila Mana" once per turn. Apply the following effect(s) to "Elementsaber" and "Elemental Lord" monsters you control, depending on the original Attributes of any "Elementsaber" monsters sent to the GY to activate this card's effect.●EARTH or WIND: Cannot be destroyed by battle.●WATER or FIRE: Cannot be destroyed by effects.●LIGHT or DARK: Your opponent cannot target it with card effects.$Supports archetypes /Elementsaber/Elemental Lord$$Sends from hand to Graveyard for cost$Ignition/Condition/Continuous$
08192327$Phosphorage the Elemental Lord$Unlimited$LIGHT$[Fairy/Effect]$$$$$8$2800$2200$$$$Cannot be Normal Summoned/Set. Must be Special Summoned (from your hand) by having exactly 5 LIGHT monsters in your GY. When this card is Special Summoned: You can destroy all monsters your opponent controls. You can only use this effect of "Phosphorage the Elemental Lord" once per turn. If this face-up card leaves the field, skip the Battle Phase of your next turn.$LIGHT$$Skips Battle Phase/Activates upon Special Summon$Summon/Trigger/Condition/Unclassified$
44586426$Batteryman Solar$Unlimited$LIGHT$[Thunder/Effect]$$$$$4$1500$1500$$$$If this card is Normal or Special Summoned: You can send 1 Thunder monster from your Deck to the GY. If a Thunder monster(s) is Normal or Special Summoned while this monster is on the field: Special Summon 1 "Batteryman Token" (Thunder/LIGHT/Level 1/ATK 0/DEF 0). You can target 1 "Batteryman" Effect Monster you control or in your GY; this card's name becomes that monster's until the End Phase. You can only use each effect of "Batteryman Solar" once per turn.$Supports archetypes /Batteryman$$Activates upon Normal Summon/Activates upon Special Summon/Sends from your Deck to your Graveyard$Trigger/Ignition/Condition$
70975131$Watch Cat$Unlimited$EARTH$[Beast/Effect]$$$$$1$0$1800$$$$If you control no monsters: You can Special Summon this card from your hand. During your End Phase, if this card was Special Summoned this turn: You can banish this card; Set 1 Continuous Spell directly from your Deck. You can only use each effect of "Watch Cat" once per turn.$Continuous Spell Card$$Sets from your Deck$Ignition/Trigger/Condition$
07969770$Trancefamiliar$Unlimited$DARK$[Psychic/Effect]$$$$$1$0$0$$$$Once per turn: You can target 1 monster you control; move that target to another of your Main Monster Zones.$$$$Ignition$
43464884$Three Trolling Trolls$Unlimited$WATER$[Beast-Warrior/Tuner/Effect]$$$$$3$1000$1300$$$$If this card is Normal or Special Summoned: You can target 1 Beast-Warrior monster in your GY; this card's Attribute and Level become the same as that monster's, until the end of this turn. During your Main Phase: You can Special Summon 1 Beast-Warrior monster with the same Attribute and Level as this card from your hand. You can only use each effect of "Three Trolling Trolls" once per turn. You cannot Special Summon monsters the turn you activate either of this card's effects, except Beast-Warrior monsters.$Beast-Warrior$$Activates upon Normal Summon/Activates upon Special Summon$Trigger/Ignition/Condition$
10852583$Yajiro Invader$Unlimited$DARK$[Reptile/Effect]$$$$$5$2200$0$$$$If this card is Normal or Special Summoned to a zone that is not the center Main Monster Zone, destroy this card. Once per turn: You can move this card to an unused adjacent Main Monster Zone. Each time exactly 1 monster is Normal or Special Summoned, to your opponent's field: Move this card to the adjacent Main Monster Zone closer to that opponent's monster, then destroy all other cards in this card's column.$$$Activates upon Normal Summon/Activates upon Special Summon$Continuous/Ignition/Trigger$
46247282$Iron Dragon Tiamaton$Unlimited$DARK$[Dragon/Effect]$$$$$4$2000$0$$$$Cannot be Normal Summoned/Set. Must be Special Summoned by the following effect. If 3 or more cards are in the same column (Quick Effect): You can Special Summon this card from your hand. You can only use this effect of "Iron Dragon Tiamaton" once per turn. If this card is Special Summoned: Destroy all other cards in this card's column. Neither player can use the unused zones in this card's column.$$$Activates upon Special Summon$Summon/Quick/Condition/Trigger/Continuous$
73642296$Ghost Belle & Haunted Mansion$Unlimited$EARTH$[Zombie/Tuner/Effect]$$$$$3$0$1800$$$$When a card or effect is activated that includes any of these effects (Quick Effect): You can discard this card; negate that activation.●Add a card(s) from the GY to the hand, Deck, and/or Extra Deck.●Special Summon a Monster Card(s) from the GY.●Banish a card(s) from the GY.You can only use this effect of "Ghost Belle & Haunted Mansion" once per turn.$$$Activates from your hand/Discards itself for cost$Quick/Condition$
19636995$Red Hared Hasty Horse$Unlimited$WIND$[Beast/Effect]$$$$$5$2000$1800$$$$If there is a column with no cards, you can Special Summon this card (from your hand) in Attack Position to your zone in that column. You can only Special Summon "Red Hared Hasty Horse" once per turn this way. If another card is placed in this card's column: Destroy this card. Once per turn: You can halve this card's original ATK for the rest of this turn, and if you do, it can attack directly this turn.$$$$Unclassified/Condition/Trigger/Ignition$
45025640$Boycotton$Unlimited$EARTH$[Plant/Effect]$$$$$4$1000$2500$$$$You take any battle damage your opponent would have taken from battles involving this card, instead. If this card battles, is not destroyed, and you took damage from that battle: Return this card to the hand.$$$Returns itself from field to hand$Continuous/Trigger$
72529749$Topologic Trisbaena$Unlimited$DARK$[Cyberse/Link/Effect]$3$Bottom-Left/Top/Bottom-Right$$$$2500$- $$2+ Effect Monsters$$If a monster(s) is Special Summoned to a zone(s) this card points to: Banish as many of those monster(s) as possible, also as many Spells/Traps on the field as possible, and if you do, inflict 500 damage to your opponent for each of their cards banished by this effect.$Effect Monster$$Activates upon Special Summon$Trigger$
04914353$Space Insulator$Unlimited$DARK$[Cyberse/Link/Effect]$2$Top/Bottom$$$$1200$- $$2 monsters$$Monsters this card points to lose 800 ATK/DEF. When a Cyberse Link Monster is Link Summoned to your field, while this card is in the GY, except the turn this card was sent to the GY: You can Special Summon this card to your zone that monster points to, but it cannot be used as Link Material, also banish it when it leaves the field.$Cyberse/Link Monster$$Activates from your Graveyard/Activates upon Link Summon$Continuous/Trigger$
41302052$Trickstar Bella Madonna$Unlimited$LIGHT$[Fairy/Link/Effect]$4$Top/Bottom-Left/Bottom/Right$$$$2800$- $$2+ "Trickstar" monsters$$While this Link Summoned card points to no monsters, it is unaffected by other cards' activated effects. If this card points to no monsters: You can inflict 200 damage to your opponent for each "Trickstar" monster in your GY with a different name. You can only use this effect of "Trickstar Bella Madonna" once per turn.$Supports archetypes /Trickstar$$$Continuous/Ignition/Condition$
77307161$Trickstar Bloom$Unlimited$LIGHT$[Fairy/Link/Effect]$1$Bottom$$$$100$- $$1 Level 2 or lower "Trickstar" monster$$If this card is Link Summoned: You can make your opponent draw 1 card. If a face-up "Trickstar" monster this card points to is destroyed by battle or card effect: You can inflict 200 damage to your opponent for each card in their hand. You can only use this effect of "Trickstar Bloom" once per turn.$Supports archetypes /Trickstar$$Activates upon Link Summon/Your opponent draws cards$Trigger/Condition$
03792766$Trickstar Delfiendium$Unlimited$LIGHT$[Fairy/Link/Effect]$3$Bottom-Left/Top/Bottom-Right$$$$2200$- $$2+ "Trickstar" monsters$$When this card declares an attack while pointing to a "Trickstar" monster: You can target your banished "Trickstar" cards, up to the number of Link Monsters your opponent controls; add them to your hand, and if you do, this card gains 1000 ATK for each card added, until the end of this turn.$Supports archetypes /Trickstar$Link Monster$Activates upon attack declaration/Adds banished cards to the hand$Trigger$
30286474$Gouki The Master Ogre$Unlimited$EARTH$[Warrior/Link/Effect]$4$Top/Bottom-Left/Bottom/Bottom-Right$$$$2800$- $$2+ "Gouki" monsters$$Once per turn (Quick Effect): You can return to the hand any number of "Gouki" monsters you control that this card points to, then target the same number of face-up cards your opponent controls; they have their effects negated until the end of this turn. This card can attack all monsters your opponent controls, once each. If your opponent controls a face-up monster(s), this card can only target their monster with the highest ATK for attacks (your choice, if tied).$Supports archetypes /Gouki$$Returns from field to hand for cost$Quick/Continuous$
76685519$Altergeist Kidolga$Unlimited$DARK$[Spellcaster/Link/Effect]$2$Left/Bottom$$$$1000$- $$2 "Altergeist" monsters$$When another "Altergeist" monster you control inflicts battle damage to your opponent: You can target 1 monster in their GY; Special Summon it to your zone this card points to, but each turn, it cannot attack unless this card has already declared an attack that turn. If this card is destroyed by battle: You can target 1 "Altergeist" card in your GY; add it to your hand.$Supports archetypes /Altergeist$$Activates from your Graveyard/Adds from Graveyard to hand$Trigger$
03679218$Knightmare Mermaid$Forbidden(OCG)$WATER$[Fiend/Link/Effect]$1$Bottom$$$$1000$- $$1 "Knightmare" monster, except "Knightmare Mermaid"$$If this card is Link Summoned: You can discard 1 card; Special Summon 1 "Knightmare" monster from your Deck, then, if this card was co-linked when this effect was activated, you can draw 1 card. You can only use this effect of "Knightmare Mermaid" once per turn. Monsters on the field lose 1000 ATK/DEF, unless they are co-linked.$Supports archetypes /Knightmare$$Activates upon Link Summon/Discards for cost/You draw cards$Trigger/Condition/Continuous$
39064822$Knightmare Goblin$Forbidden(OCG)$WIND$[Fiend/Link/Effect]$2$Left/Right$$$$1300$- $$2 monsters with different names$$If this card is Link Summoned during your turn: You can discard 1 card; if this card was co-linked when this effect was activated, you can draw 1 card, also, during your Main Phase this turn, you can Normal Summon 1 monster from your hand to your zone this card points to, in addition to your Normal Summon/Set. You can only apply this effect of "Knightmare Goblin" once per turn. Neither player can target co-linked monsters you control with card effects.$$$Activates upon Link Summon/Discards for cost/You draw cards$Trigger/Continuous$
75452921$Knightmare Cerberus$Unlimited$EARTH$[Fiend/Link/Effect]$2$Left/Top$$$$1600$- $$2 monsters with different names$$If this card is Link Summoned: You can discard 1 card, then target 1 Special Summoned monster in your opponent's Main Monster Zone; destroy it, then, if this card was co-linked when this effect was activated, you can draw 1 card. You can only use this effect of "Knightmare Cerberus" once per turn. Co-linked monsters you control cannot be destroyed by card effects.$$$Activates upon Link Summon/Discards for cost/You draw cards$Trigger/Condition/Continuous$
02857636$Knightmare Phoenix$Unlimited$FIRE$[Fiend/Link/Effect]$2$Top/Right$$$$1900$- $$2 monsters with different names$$If this card is Link Summoned: You can discard 1 card, then target 1 Spell/Trap your opponent controls; destroy it, then, if this card was co-linked when this effect was activated, you can draw 1 card. You can only use this effect of "Knightmare Phoenix" once per turn. Co-linked monsters you control cannot be destroyed by battle.$$$Activates upon Link Summon/Discards for cost/You draw cards$Trigger/Condition/Continuous$
38342335$Knightmare Unicorn$Unlimited$DARK$[Fiend/Link/Effect]$3$Left/Bottom/Right$$$$2200$- $$2+ monsters with different names$$If this card is Link Summoned: You can discard 1 card, then target 1 card on the field; shuffle it into the Deck, then, if this card was co-linked when this effect was activated, you can draw 1 card. You can only use this effect of "Knightmare Unicorn" once per turn. While any co-linked "Knightmare" monsters are on the field, for your normal draw in your Draw Phase, draw 1 card for each different card name among those co-linked "Knightmare" monsters, instead of drawing just 1 card.$Supports archetypes /Knightmare$$Activates upon Link Summon/Discards for cost/Returns from field to Deck/You draw cards/Increases normal draw$Trigger/Condition/Continuous$
65330383$Knightmare Gryphon$Unlimited$LIGHT$[Fiend/Link/Effect]$4$Left/Top/Right/Bottom$$$$2500$- $$2+ monsters with different names$$If this card is Link Summoned: You can discard 1 card, then target 1 Spell/Trap in your GY; Set it to your field, but it cannot be activated this turn, then, if this card was co-linked when this effect was activated, you can draw 1 card. You can only use this effect of "Knightmare Gryphon" once per turn. Special Summoned monsters on the field cannot activate their effects, unless they are linked.$$$Activates upon Link Summon/Discards for cost/You draw cards/Sets from your Graveyard$Trigger/Condition/Continuous$
01735088$Wind-Up Zenmaintenance$Unlimited$LIGHT$[Machine/Link/Effect]$2$Bottom-Left/Bottom-Right$$$$1800$- $$2 "Wind-Up" monsters$$If this card is destroyed and sent to the GY: You can target 1 "Wind-Up" Xyz Monster you control; attach this card to it as material. You can only use each of the following effects of "Wind-Up Zenmaintenance" once per turn.●If this card is Link Summoned: You can add 1 "Wind-Up" card from your Deck to your hand.●You can banish 1 face-up "Wind-Up" monster you control, face-down; Special Summon 1 monster from your Deck with the same name that card had on the field.$Supports archetypes /Wind-Up$$Activates from your Graveyard/Attaches itself as Xyz Material/Activates upon Link Summon/Adds from Deck to hand$Trigger/Condition/Ignition$
37129797$Vampire Sucker$Unlimited$DARK$[Zombie/Link/Effect]$2$Bottom-Left/Bottom-Right$$$$1600$- $$2 Zombie monsters$$If you would Tribute a monster(s) for a Tribute Summon, you can Tribute a Zombie monster(s) your opponent controls, even though you do not control them. You can only use each of the following effects of "Vampire Sucker" once per turn.●You can target 1 monster in your opponent's GY; Special Summon it to your opponent's field in Defense Position, but it becomes a Zombie monster.●If a Zombie monster(s) is Special Summoned from either GY: Draw 1 card.$Zombie$Zombie$Tributes opponent's monsters/You draw cards$Continuous/Condition/Ignition/Trigger$
64514892$Fire Fighting Daruma Doll$Unlimited$FIRE$[Beast-Warrior/Link/Effect]$2$Bottom-Left/Bottom-Right$$$$1500$- $$2 Beast, Beast-Warrior, and/or Winged Beast monsters$$This card gains 100 ATK for each Beast, Beast-Warrior, and Winged Beast monster on the field. Once per turn: You can target 1 Spell/Trap on each field; destroy them. When this card destroys an opponent's monster by battle: You can target 1 of your Beast, Beast-Warrior, or Winged Beast monsters, that is banished or is in your GY; add it to your hand.$Beast/Beast-Warrior/Winged Beast$$Activates when it destroys a monster by battle/Adds from Graveyard to hand/Adds banished cards to the hand$Continuous/Ignition/Trigger$
90512490$Greatfly$Unlimited$WIND$[Insect/Link/Effect]$2$Bottom-Left/Bottom-Right$$$$1400$- $$2 WIND monsters$$All WIND monsters on the field gain 500 ATK/DEF, also all EARTH monsters on the field lose 400 ATK/DEF. If this card is destroyed by battle or card effect: You can target 1 WIND monster in your GY; add it to your hand. You can only use this effect of "Greatfly" once per turn.$WIND$EARTH$Activates from your Graveyard/Adds from Graveyard to hand$Continuous/Trigger/Condition$
37007105$Cybersal Cyclone$Unlimited$SPELL$$$$$$$$$Quick-Play$$$Target 1 Link Monster your opponent controls; banish 1 monster from your GY that has the same Link Rating as that monster, and if you do, destroy that monster, then, if the original Type of the monster you banished was Cyberse, you can destroy 1 face-up card in your opponent's Spell & Trap Zone.$Link Monster/Cyberse$Link Monster$$Effect$
63492244$Trickstar Light Arena$Unlimited$SPELL$$$$$$$$$Field$$$If you Link Summon a "Trickstar" monster: You can target 1 "Trickstar" monster in your GY that was used as its material; Special Summon it in Defense Position, but negate its effects. You can only use this effect of "Trickstar Light Arena" once per turn. Once per turn: You can target 1 Set card in your opponent's Spell & Trap Zone; while this card is in the Field Zone, that Set card cannot be activated until the End Phase, and your opponent must activate it during the End Phase or else return it to the hand.$Supports archetypes /Trickstar$$Activates upon Link Summon/Forces activation/Returns from your opponent's field to your opponent's hand$Trigger-like/Condition/Ignition-like$
99890852$Trickstar Bouquet$Unlimited$SPELL$$$$$$$$$Quick-Play$$$Target 1 "Trickstar" monster you control and 1 face-up monster on the field; return that "Trickstar" monster to the hand, and if you do, the other monster gains ATK equal to the original ATK of the returned monster, until the end of this turn. You can only activate 1 "Trickstar Bouquet" per turn.$Supports archetypes /Trickstar$$Returns from your field to your hand$Effect/Condition$
26285557$Gouki Face Turn$Unlimited$SPELL$$$$$$$$$$$$Target 1 "Gouki" card you control and 1 "Gouki" monster in your GY; destroy that card on the field, and if you do, Special Summon that other monster from the GY. You can only activate 1 "Gouki Face Turn" per turn.$Supports archetypes /Gouki$$$Effect/Condition$
62279666$World Legacy's Corruption$Unlimited$SPELL$$$$$$$$$Continuous$$$Once per turn, if a face-up Link Monster you control is destroyed by battle, or leaves the field because of an opponent's card effect: You can Special Summon 1 "World Legacy" monster from your hand or Deck in Defense Position. You can only control 1 "World Legacy's Corruption".$Supports archetypes /World Legacy$$$Trigger-like/Unclassified$
99674361$World Legacy Succession$Unlimited$SPELL$$$$$$$$$$$$Target 1 monster in your GY; Special Summon it to your zone a Link Monster points to. You can only activate 1 "World Legacy Succession" per turn.$Link Monster$$$Effect/Condition$
25163979$World Legacy's Nightmare$Unlimited$SPELL$$$$$$$$$Field$$$You take no battle damage from attacks involving your co-linked monsters. Once per turn: You can activate 1 of these effects;●Move 1 "Knightmare" monster you control to another of your Main Monster Zones.●Switch the locations of 2 "Knightmare" monsters in your Main Monster Zones.$Supports archetypes /Knightmare$$$Continuous-like/Ignition-like$
61557074$Palace of the Elemental Lords$Unlimited$SPELL$$$$$$$$$Field$$$All monsters you control gain ATK/DEF equal to the number of different Attributes in your GY x 200. Once per turn: You can add 1 "Elementsaber" monster from your Deck to your hand, but skip the Battle Phase of your next turn (even if this card leaves the field). Once per turn, if an "Elementsaber" monster in your hand or field would send a card(s) from the hand to the GY to activate an effect, you can send that many "Elementsaber" monster(s) from your Deck to the GY, instead.$Supports archetypes /Elementsaber$$Adds from Deck to hand/Skips Battle Phase/Sends from your Deck to your Graveyard$Continuous-like/Ignition-like$
98552723$Restoration of the Monarchs$Unlimited$SPELL$$$$$$$$$Equip$$$Activate this card by targeting 1 monster in your GY with 2400 ATK/1000 DEF, or 2800 ATK/1000 DEF; Special Summon it in Defense Position, but negate its effects, also equip it with this card. When this card leaves the field, destroy that monster. The equipped monster can be treated as 2 Tributes for a Tribute Summon. You can only activate 1 "Restoration of the Monarchs" per turn.$$$Equips self from field/Equips to Summoned monster$Effect/Continuous-like/Condition$
24940422$Sekka's Light$Unlimited(OCG)$SPELL$$$$$$$$$$$$If you have no Spells/Traps in your GY: Draw 2 cards, also, for the rest of this Duel after you activate this card, you cannot activate Spell/Trap Cards or effects, except "Sekka's Light". You can banish this card from your GY; reveal 1 monster in your hand, shuffle it into the Deck, then, draw 1 card. You can only use each effect of "Sekka's Light" once per turn.$$$You draw cards/Returns from your hand to your Deck$Activation requirement/Effect/Ignition-like/Condition$
51335426$Link Bound$Unlimited$SPELL$$$$$$$$$Quick-Play$$$Target 1 Link Monster you control or in your GY; return it to the Extra Deck, and if you do, draw cards equal to its Link Rating, then place cards from your hand on the bottom of the Deck, in any order, equal to the number of cards you drew. You can only activate 1 "Link Bound" per turn.$Link Monster$$Returns from field to Extra Deck/Returns from your field to your Extra Deck/Returns from Graveyard to Extra Deck/Returns from your Graveyard to your Extra Deck/You draw cards/Returns from hand to Deck$Effect/Condition$
97729135$Staring Contest$Unlimited$SPELL$$$$$$$$$Continuous$$$When you Special Summon a monster to the Extra Monster Zone: You can target 1 monster in your opponent's Main Monster Zone; move that target to their zone in the same column as that Extra Monster Zone monster. When your opponent Special Summons a monster to the Extra Monster Zone: You can target 1 monster in your Main Monster Zone; move that target to your zone in the same column as that Extra Monster Zone monster. These effects cannot be activated in the Damage Step.$$$Activates upon Special Summon$Trigger-like$
24224830$Called by the Grave$Semi-Limited(OCG)$SPELL$$$$$$$$$Quick-Play$$$Target 1 monster in your opponent's GY; banish it, and if you do, until the end of the next turn, its effects are negated, as well as the activated effects and effects on the field of monsters with the same original name.$$$$Lingering$
50213848$Monster Reborn Reborn$Unlimited$SPELL$$$$$$$$$$$$Target 3 monsters in your GY; your opponent chooses 1, you Special Summon it, and if you do, banish the rest. You can only activate 1 "Monster Reborn Reborn" per turn.$$$$Effect/Condition$
86607583$Limit Code$Unlimited$TRAP$$$$$$$$$$$$If you have any Cyberse Link Monsters in your GY: Place 1 counter on this card for each of those monsters, and if you do, Special Summon 1 "Code Talker" monster from your Extra Deck, and equip it with this card. When this card leaves the field, destroy the equipped monster. Once per turn, during your End Phase: Remove 1 counter from this card. If you cannot, destroy it. You can only activate "Limit Code" once per Duel.$Supports archetypes /Code Talker $$Equips self from field$Effect/Continuous-like/Trigger-like/Condition$
23002292$Red Reboot$Limited(OCG)$TRAP$$$$$$$$$Counter$$$When your opponent activates a Trap Card: Negate the activation, and if you do, Set that card face-down, then they can Set 1 other Trap directly from their Deck. For the rest of this turn after this card resolves, your opponent cannot activate Trap Cards. You can activate this card from your hand by paying half your LP.$$$Sets from your opponent's Deck$Activation requirement/Effect/Lingering/Condition$
59490397$Gergonne's End$Unlimited$TRAP$$$$$$$$$$$$Target 1 "Tindangle" Link Monster you control; equip this card to it. It cannot be destroyed by battle or card effects, also your opponent cannot target it with card effects. Once per turn, if there are monsters in all zones the equipped monster points to: If there are still monsters in all zones the equipped monster points to, you can destroy this card and all of those monsters, then, inflict damage to your opponent equal to the equipped monster's ATK before they were destroyed.$Supports archetypes /Tindangle$$Equips self from field$Effect/Continuous-like/Quick-like$
86885905$Altergeist Emulatelf$Unlimited$TRAP$$$$$$$$$Continuous$$$Special Summon this card as an Effect Monster (Spellcaster/LIGHT/Level 4/ATK 1400/DEF 1800). (This card is also still a Trap.) If Summoned this way, while it is in the Monster Zone, other "Altergeist" Traps you control cannot be destroyed by card effects, also neither player can target them with card effects.$Supports archetypes /Altergeist$$$Effect/Continuous-like$
12989604$World Legacy Awakens$Unlimited$TRAP$$$$$$$$$$$$Immediately after this effect resolves, Link Summon 1 Link Monster using monster(s) you control as material. You can only activate 1 "World Legacy Awakens" per turn.$$$$Effect/Condition$
58374719$World Legacy Struggle$Unlimited$TRAP$$$$$$$$$$$$Target Spells/Traps on the field, up to the number of co-linked monsters on the field; destroy them.$$$$Effect/Lingering/Condition$
85763457$World Legacy's Sorrow$Unlimited$TRAP$$$$$$$$$Counter$$$When your opponent activates a Spell/Trap Card, or monster effect, while you control a co-linked monster(s): Negate the activation, and if you do, destroy that card. You can only activate 1 "World Legacy's Sorrow" per turn.$$$$Activation requirement/Effect/Condition$
11167052$Elemental Training$Unlimited$TRAP$$$$$$$$$Continuous$$$Your opponent cannot target "Palace of the Elemental Lords" you control with card effects, also it cannot be destroyed by card effects. Once per turn: You can Tribute 1 monster; Special Summon 1 "Elementsaber" monster from your Deck with a different original Attribute than that monster's. You can send this face-up card from the field to the GY; discard your entire hand, then add "Elemental Lord" monsters from your GY to your hand, equal to the number of cards discarded.$Supports archetypes /Elemental Lord/Elementsaber$$Tributes for cost/Sends itself from field to Graveyard for cost/You discard/Discards for effect/Adds from Graveyard to hand$Continuous-like/Quick-like$
48152161$The Sanctified Darklord$Unlimited$TRAP$$$$$$$$$$$$Send 1 "Darklord" monster from your hand or face-up from your field to the GY; negate the effects of 1 Effect Monster on the field until the end of this turn, and if you do, gain LP equal to its ATK. You can only activate 1 "The Sanctified Darklord" per turn.$Supports archetypes /Darklord$$Sends from hand to Graveyard for cost/Sends from field to Graveyard for cost$Cost/Effect/Condition$
84640866$Network Trap Hole$Unlimited$TRAP$$$$$$$$$$$$When your opponent Special Summons a monster(s) from the Main Deck or GY: Banish it face-down.$$$Activates upon Special Summon$Activation requirement/Effect$
10045474$Infinite Impermanence$Unlimited$TRAP$$$$$$$$$$$$Target 1 face-up monster your opponent controls; negate its effects (until the end of this turn), then, if this card was Set before activation and is on the field at resolution, for the rest of this turn all other Spell/Trap effects in this column are negated. If you control no cards, you can activate this card from your hand.$$$$Effect/Condition$
47439573$Heartless Drop Off$Unlimited$TRAP$$$$$$$$$Counter$$$When a face-up card(s) on the field and/or in the GY is added to your opponent's hand by an effect: Look at their hand, also banish the added card(s) and all cards with the same name, if any.$$$Reveals your opponent's hand$Activation requirement/Effect$
83828288$Mamemaki$Unlimited$TRAP$$$$$$$$$$$$Target 1 face-up monster your opponent controls; discard cards equal to that monster's Level, and if you do, draw the same number of cards you discarded, then return that monster to the hand.$$$You discard/Discards for effect/You draw cards/Returns from field to hand$Effect$
10813327$Waking the Dragon$Unlimited$TRAP$$$$$$$$$$$$If this Set card in its owner's control has left the field because of an opponent's effect, and is now in the GY or banished: You can Special Summon 1 monster from your Deck or Extra Deck.$$$Activates if destroyed while Set/Activates when it leaves the field/Activates from your Graveyard/Activates while banished$Trigger-like$
08608979$Super Team Buddy Force Unite!$Unlimited$TRAP$$$$$$$$$$$$Target 1 face-up monster on the field; Special Summon 1 monster from your hand or GY, with the same original Type as that monster's, but with a different original name. If this card in its owner's Spell & Trap Zone is destroyed by an opponent's card effect: You can Set 1 "Super Team Buddy Force Unite!" directly from your Deck to your Spell & Trap Zone.$$$Activates if destroyed by card effect/Sets from your Deck$Effect/Trigger-like$
34093683$Revendread Executor$Unlimited$DARK$[Zombie/Ritual/Effect]$$$$$8$3000$0$$$$You can Ritual Summon this card with any "Vendread" Ritual Spell. This card's name becomes "Revendread Slayer" while on the field. While this Ritual Summoned card is on the field, your opponent cannot target cards you control with card effects, except this card. If this Ritual Summoned card is destroyed by battle, or is destroyed by an opponent's card effect while in its owner's Monster Zone: You can add 1 "Vendread" card from your Deck to your hand. You can only use this effect of "Revendread Executor" once per turn.$Supports archetypes /Vendread$$Activates if destroyed by battle/Activates if destroyed by card effect/Adds from Deck to hand$Summon/Continuous/Trigger/Condition$
70491682$Vendread Anima$Unlimited$DARK$[Zombie/Effect]$$$$$1$0$0$$$$You can banish this card from your GY, then target 1 of your banished "Vendread" monsters, except "Vendread Anima"; Special Summon it, also you cannot Special Summon monsters for the rest of this turn, except Zombie monsters. A "Vendread" monster Ritual Summoned using this card on the field gains the following effect. You can only use each of the preceding effects of "Vendread Anima" once per turn.●Banish any monster destroyed by battle with this card.$Supports archetypes /Vendread$$Activates from your Graveyard/Grants effect when used for a Ritual Summon$Ignition/Unclassified/Condition/Continuous$
07986397$Revendread Evolution$Unlimited$SPELL$$$$$$$$$Ritual$$$This card can be used to Ritual Summon any "Vendread" Ritual Monster from your hand or GY. You must also Tribute monsters from your hand or field, and/or send 1 "Vendread" monster from your Deck to the GY, whose total Levels equal the Level of the Ritual Monster you Ritual Summon. The Ritual Summoned monster is destroyed during the End Phase of the next turn. You can only activate 1 "Revendread Evolution" per turn.$Supports archetypes /Vendread$$Tributes as an effect/Sends from Deck to Graveyard$Effect/Lingering/Condition$
33971095$Vendread Nightmare$Unlimited$SPELL$$$$$$$$$Continuous$$$Once per turn: You can Tribute 1 or more "Vendread" monsters from your hand and/or field, then target 1 face-up monster you control; increase its Level by the number of monsters Tributed, until the end of this turn. When your attacking "Vendread" Ritual Monster destroys an opponent's monster by battle: You can have your monster gain 1000 ATK. You can only use this effect of "Vendread Nightmare" once per turn.$Supports archetypes /Vendread$$Tributes for cost/Activates when it destroys a monster by battle$Ignition-like/Trigger-like/Condition$
60375194$Vendread Daybreak$Unlimited$TRAP$$$$$$$$$$$$If your opponent controls more cards than you do: Choose 1 Ritual Summoned "Vendread" monster you control, and destroy all cards on the field, except the chosen monster. It cannot attack directly while it remains face-up on the field. You can only activate 1 "Vendread Daybreak" per turn.$Supports archetypes /Vendread$$$Activation requirement/Effect/Lingering/Condition$
06764709$F.A. Dark Dragster$Unlimited$DARK$[Machine/Effect]$$$$$7$0$2000$$$$Cannot be Normal Summoned/Set. Must first be Special Summoned (from your hand) by having a Level 7 or higher "F.A." monster on the field, but no "F.A. Dark Dragster" in your Monster Zone. Gains ATK equal to its Level x 300. Each time a "F.A." Spell/Trap Card or effect is activated: You can increase this card's Level by 1. Once per turn: You can target 1 card on the field; reduce this card's Level by 3, and if you do, destroy that target.$Supports archetypes /F.A.$$$Summon/Continuous/Trigger/Ignition$
33158448$F.A. Dawn Dragster$Unlimited$LIGHT$[Machine/Synchro/Effect]$$$$$7$0$2000$$1 Tuner + 1+ non-Tuner monsters$$Gains ATK equal to its Level x 300. If this card attacks a Defense Position monster, inflict piercing battle damage. Each time a "F.A." Spell/Trap Card or effect is activated: You can increase this card's Level by 1. Once per turn, when your opponent activates a Spell/Trap Card or effect (Quick Effect): You can reduce this card's Level by 2, and if you do, negate the activation, and if you do that, destroy that card.$Supports archetypes /F.A.$$$Continuous/Trigger/Quick$
69553552$F.A. Winners$Unlimited$SPELL$$$$$$$$$Continuous$$$If you control a "F.A." monster, this card cannot be destroyed by your opponent's card effects. When your "F.A." monster whose Level is at least 5 higher than its original Level battles an opponent's monster and inflicts battle damage to them: You can banish 1 card from your hand, field, or GY. You can only activate this effect of "F.A. Winners" once per turn. If 3 of your "F.A." Field Spells with different names are currently banished, and were all banished by the effect of "F.A. Winners", you win the Duel.$Supports archetypes /F.A.$$$Continuous-like/Trigger-like/Condition$
05641251$F.A. Dead Heat$Unlimited$TRAP$$$$$$$$$Continuous$$$When an opponent's monster declares a direct attack: You can Special Summon 1 "F.A." monster from your Deck. You can only use this effect of "F.A. Dead Heat" once per turn. Once per battle, if your "F.A." monster battles an opponent's monster, before damage calculation: You can have both players roll a six-sided die. If your result is higher, increase the Level of your battling monster by 4, until the end of this turn (even if this card leaves the field). If your result is lower, destroy your battling monster. If it's a tie, both players roll again.$Supports archetypes /F.A.$$Activates upon attack declaration$Trigger-like/Condition$
32036866$F.A. Overheat$Unlimited$TRAP$$$$$$$$$$$$If only your opponent controls a monster: Special Summon 1 "F.A." monster from your hand, and if you do, increase its Level by 3 until the end of this turn. If this card is in the GY and you control no cards in your Field Zone: You can banish this card from the GY; activate 1 "F.A." Field Spell directly from your hand or GY. You can only use this effect of "F.A. Overheat" once per turn.$Supports archetypes /F.A.$$Activates from your Graveyard/Activates cards from your hand/Activates cards from your Graveyard$Activation requirement/Effect/Quick-like/Condition$
87475570$Crystal Master$Unlimited$DARK$[Spellcaster/Pendulum/Effect]$$$$5$3$1300$1000$$$Your opponent cannot target "Ultimate Crystal" monsters or "Crystal Beast" cards you control with card effects.$You can Tribute this card; add 1 "Ultimate Crystal" monster, "Crystal Beast" monster, or "Crystal" Spell/Trap from your Deck to your hand.$Supports archetypes /Crystal Beast/Ultimate Crystal/Crystal$$Tributes itself for cost/Adds from Deck to hand$Pendulum Effect /Continuous-like/Monster Effect/Ignition$
14469229$Crystal Keeper$Unlimited$FIRE$[Warrior/Pendulum/Effect]$$$$2$4$1500$1800$$$Each turn, the first time an "Ultimate Crystal" monster(s) and/or "Crystal Beast" card(s) you control would be destroyed by card effect that turn, it is not destroyed.$If a "Crystal Beast" monster you control battles an opponent's monster, during damage calculation (Quick Effect): You can Tribute this card from your hand or face-up field; your battling monster's ATK/DEF become double its original ATK/DEF during that damage calculation only, but it is destroyed at the end of this Damage Step.$Supports archetypes /Crystal Beast/Ultimate Crystal$$Tributes itself for cost$Pendulum Effect /Continuous-like/Monster Effect/Quick$
33541430$Flower Cardian Moonflowerviewing$Unlimited$DARK$[Warrior/Synchro/Tuner/Effect]$$$$$6$2000$2000$$1 Tuner + 2 non-Tuner monsters$$Once per turn, during your Main Phase: You can draw 1 card, and if you do, show it, then, if it is a "Flower Cardian" monster, you can Special Summon it, ignoring its Summoning conditions, and it can attack directly this turn. If you activated this effect, skip the Draw Phase of your next turn. When this card is used as Synchro Material, you can treat it and all other Synchro Materials (that have a Level) as Level 2 monsters.$Supports archetypes /Flower Cardian$$You draw cards/Shows the player's drawn cards/Skips Draw Phase$Ignition/Continuous$
86938484$Shaddoll Construct$Unlimited$LIGHT$[Fairy/Link/Effect]$2$Left/Right$$$$1200$- $$2 Flip monsters$$During your Main Phase: You can Fusion Summon 1 "Shaddoll" Fusion Monster from your Extra Deck, using monsters from your hand or field as Fusion Material. If this card is in your GY: You can send 1 "Shaddoll" card from your hand or face-up field to the GY, and if you do, Special Summon this card. You can only use each effect of "Shaddoll Construct" once per turn.$Supports archetypes /Shaddoll$$Uses cards in the hand as Fusion Materials/Uses cards on the player's field as Fusion Materials/Activates from your Graveyard/Sends from your hand to your Graveyard/Sends from your field to your Graveyard$Ignition/Condition$
97273514$Inzektor Picofalena$Unlimited$DARK$[Insect/Link/Effect]$2$Bottom-Left/Bottom-Right$$$$1000$- $$2 Insect monsters$$If this card is Link Summoned: You can discard 1 card, then target 1 other Insect monster you control; equip 1 Insect monster from your Deck to it as an Equip Spell that gains this effect.●The equipped monster gains 500 ATK/DEF.You can target 3 Insect monsters in your GY; shuffle them into the Deck, then draw 1 card. You can only use each effect of "Inzektor Picofalena" once per turn.$Insect$$Activates upon Link Summon/Discards for cost/Returns from your Graveyard to your Deck/You draw cards/Equips monsters from the player's Deck/Grants effect to Equip Spell Card$Ignition/Trigger/Continuous/Condition$
96150936$Madolche Fresh Sistart$Unlimited$EARTH$[Fairy/Link/Effect]$2$Bottom-Left/Bottom-Right$$$$1500$- $$2 "Madolche" monsters$$While this card points to a "Madolche" monster, "Madolche" Spells/Traps you control cannot be destroyed by card effects, also neither player can target them with card effects. If this card on the field would be destroyed by battle or card effect, you can shuffle 1 "Madolche" monster from your GY into the Deck instead.$Supports archetypes /Madolche$$Redirects destruction/Returns from your field to your Deck/Returns from your Graveyard to your Deck$Continuous$
40854824$Rainbow Refraction$Unlimited$SPELL$$$$$$$$$Quick-Play$$$If a monster(s) you control whose original name is "Rainbow Dragon" or "Rainbow Dark Dragon" activated its effect this turn: Special Summon any number of "Crystal Beast" monsters with different names from your Deck.$Supports archetypes /Crystal Beast$$$Activation requirement/Effect$
87259933$Crystal Conclave$Unlimited$TRAP$$$$$$$$$Continuous$$$Once per turn, if a face-up "Crystal Beast" monster(s) you control is destroyed by battle or card effect: You can Special Summon 1 "Crystal Beast" monster from your Deck. You can send this face-up card from the field to the GY, then target 1 "Crystal Beast" card you control and 1 card on the field; return them to the hand. You cannot activate these effects in the same Chain.$Supports archetypes /Crystal Beast$$Activates if destroyed by battle/Activates if destroyed by card effect/Sends itself from field to Graveyard for cost/Returns from field to hand$Trigger-like/Quick-like/Condition$
