Passcode$Name$Status$Attribute$type$link$link_arrows$rank$pendulum_scale$level$attack$defense$spell_attribute$summoning_condition$pendulum_condition$card_text$card_supports$card_anti_supports$card_actions$effect_types$
36119641$Space Mambo$Unlimited$WATER$[Fish/Normal]$$$$$4$1700$1000$$$$A Space Mambo floating in the vast universe. This living relic was found in the ruins of a super civilization on Alphard 4.$$$$$
62113340$Divine Dragon Ragnarok$Unlimited$LIGHT$[Dragon/Normal]$$$$$4$1500$1000$$$$A legendary dragon sent by the gods as their instrument. Legends say that if provoked, the whole world will sink beneath the sea.$$$$$
08508055$Chu-Ske the Mouse Fighter$Unlimited$EARTH$[Beast/Normal]$$$$$3$1200$0$$$$A fiery mouse, travelling the world to become the strongest fighter in the world of mice. Be careful not to touch him, or you will get burned.$$$$$
35052053$Insect Knight$Unlimited$EARTH$[Insect/Normal]$$$$$4$1900$1500$$$$Of all Insect fighters, he is the paragon of the Indestructible Insect Invaders, which only the elite of the elite can join. We can no longer ignore their unmatched battle prowess.$$$$$
61441708$Sacred Phoenix of Nephthys$Unlimited$FIRE$[Winged Beast/Effect]$$$$$8$2400$1600$$$$Once per turn, during your next Standby Phase after this card was destroyed by a card effect and sent to the GY: Special Summon this card from the GY. If you do: Destroy all Spells and Traps on the field.$$$Activates if destroyed by card effect/Activates from your Graveyard$Trigger$
98446407$Hand of Nephthys$Unlimited$WIND$[Spellcaster/Effect]$$$$$2$600$600$$$$You can Tribute this card and 1 other monster; Special Summon 1 "Sacred Phoenix of Nephthys" from your hand or Deck.$Sacred Phoenix of Nephthys$$Tributes itself for cost/Tributes for cost$Ignition$
34830502$Ultimate Insect LV5$Unlimited$WIND$[Insect/Effect]$$$$$5$2300$900$$$$If this card was Special Summoned by the effect of "Ultimate Insect LV3", while it remains on the field all of your opponent's monsters lose 500 ATK. During your Standby Phase, by sending this face-up card to the Graveyard, Special Summon 1 "Ultimate Insect LV7" from your hand or Deck. (You cannot activate this effect the turn this card is Normal Summoned, Special Summoned, or flipped face-up.)$Ultimate Insect LV3/Ultimate Insect LV7$$Sends itself from field to Graveyard for cost$Continuous/Trigger/Condition$
74388798$Silent Swordsman LV5$Unlimited$LIGHT$[Warrior/Effect]$$$$$5$2300$1000$$$$Unaffected by your opponent's Spell effects. During your next Standby Phase after this card inflicts battle damage to your opponent by a direct attack: You can send this face-up card to the Graveyard; Special Summon 1 "Silent Swordsman LV7" from your hand or Deck.$Silent Swordsman LV7$$Activates when it inflicts battle damage/Sends itself from field to Graveyard for cost$Continuous/Trigger$
60229110$Granmarg the Rock Monarch$Unlimited$EARTH$[Rock/Effect]$$$$$6$2400$1000$$$$If this card is Tribute Summoned: Target 1 Set card on the field; destroy that target.$$$Activates upon Tribute Summon$Trigger$
97623219$Element Valkyrie$Unlimited$LIGHT$[Fairy/Effect]$$$$$4$1500$1200$$$$(This card is not treated as a "Valkyrie" card.)This monster gets the following effect(s) while there is a monster(s) with the following Attribute(s) on the field:●FIRE: This card gains 500 ATK.●WATER: Control of this card cannot switch.$FIRE/WATER$FIRE/WATER$Cannot change control$Condition/Continuous$
23118924$Element Doom$Unlimited$DARK$[Fiend/Effect]$$$$$4$1500$1200$$$$This monster gets the following effect(s) while there is a monster(s) with the following Attribute(s) on the field:●EARTH: Negate the effect of an Effect Monster that this card destroyed by battle.●WIND: If this card destroyed your opponent's monster by battle, it can attack once again in a row.$WIND/EARTH$WIND/EARTH$$Condition/Continuous/Trigger$
60102563$Maji-Gire Panda$Unlimited$EARTH$[Beast/Effect]$$$$$4$1000$800$$$$Each time a Beast-Type monster(s) on the field is destroyed, this card gains 500 ATK.$Beast$$This card gains ATK$Trigger$
96501677$Catnipped Kitty$Unlimited$EARTH$[Beast/Effect]$$$$$2$0$500$$$$This card cannot be attacked if there is another Beast-Type monster on your side of the field. Once per turn, you can make the DEF of 1 monster on your opponent's side of the field 0 until the end of this turn.$Beast$$$Continuous/Ignition$
22996376$Behemoth the King of All Animals$Unlimited$EARTH$[Beast/Effect]$$$$$7$2700$1500$$$$You can Normal Summon/Set this card with 1 Tribute, but its original ATK becomes 2000. When this card is Tribute Summoned: You can target Beast monsters in your GY equal to the number of monsters Tributed; return them to the hand.$Beast$$Activates upon Tribute Summon/Returns from your Graveyard to your hand$Summon/Condition/Trigger$
59380081$Big-Tusked Mammoth$Unlimited$EARTH$[Beast/Effect]$$$$$5$2000$1000$$$$Monsters your opponent controls cannot attack the turn they are Summoned.$$$$Continuous$
95789089$Kangaroo Champ$Unlimited$EARTH$[Beast/Effect]$$$$$4$800$700$$$$A monster that battles with this card is changed to Defense Position after damage calculation.$$$Changes battle positions$Trigger$
22873798$Hyena$Unlimited$EARTH$[Beast/Effect]$$$$$3$1000$300$$$$When this card is destroyed by battle and sent to the Graveyard: You can Special Summon any number of "Hyenas" from your Deck.$$$Activates from your Graveyard$Trigger$
58268433$Blade Rabbit$Unlimited$EARTH$[Beast/Effect]$$$$$2$400$300$$$$When this card is changed from Attack Position to face-up Defense Position, destroy 1 monster on your opponent's side of the field.$$$Activates if battle positions change$Trigger$
94667532$Mecha-Dog Marron$Unlimited$LIGHT$[Machine/Effect]$$$$$4$1000$1000$$$$When this card is destroyed by battle and sent to the Graveyard, inflict 1000 damage to both players. When this card on the field is destroyed and sent to the Graveyard except by battle, inflict 1000 damage to your opponent.$$$$Trigger$
21051146$Blast Magician$Unlimited$FIRE$[Spellcaster/Effect]$$$$$4$1400$1700$$$$Each time a Spell Card is activated, place 1 Spell Counter on this card when that Spell Card resolves. You can remove any number of Spell Counters from this card, then target 1 face-up monster on the field with ATK less than or equal to the number of counters you removed x 700; destroy that target.$$$$Continuous/Ignition$
16956455$Chiron the Mage$Unlimited$EARTH$[Beast-Warrior/Effect]$$$$$4$1800$1000$$$$Once per turn: You can discard 1 Spell, then target 1 Spell/Trap your opponent controls; destroy that target.$$$Discards for cost$Ignition$
57046845$Gearfried the Swordmaster$Unlimited$LIGHT$[Warrior/Effect]$$$$$7$2600$2200$$$$Cannot be Normal Summoned/Set. Must be Special Summoned with "Release Restraint". Each time an Equip Card(s) is equipped to this card: Target 1 monster your opponent controls; destroy that target.$Release Restraint/Equip Card$$$Summon/Trigger$
84430950$Armed Samurai - Ben Kei$Unlimited$DARK$[Warrior/Effect]$$$$$4$500$800$$$$For each Equip Card equipped to this card, it gains 1 additional attack during each Battle Phase.$Equip Card$$$Continuous$
20939559$Shadowslayer$Unlimited$DARK$[Fiend/Effect]$$$$$4$1400$200$$$$If all monsters your opponent controls are in Defense Position, this card can attack your opponent directly.$$$$Continuous$
52323207$Golem Sentry$Unlimited$EARTH$[Rock/Effect]$$$$$4$800$1800$$$$Once per turn: You can change this card to face-down Defense Position. When this card is Flip Summoned: Target 1 monster your opponent controls; return that target to the hand.$$$Changes battle positions/Flips itself face-down/Activates upon Flip Summon/Returns from your opponent's field to your opponent's hand$Ignition/Trigger$
89718302$Abare Ushioni$Unlimited$EARTH$[Beast-Warrior/Effect]$$$$$4$1200$1200$$$$Once per turn, you can toss a coin and call it. If you call it right, inflict 1000 damage to your opponent. If you call it wrong, you take 1000 damage.$$$$Ignition$
15717011$The Light - Hex-Sealed Fusion$Unlimited$LIGHT$[Rock/Effect]$$$$$3$1000$1600$$$$You can substitute this card for any 1 Fusion Material Monster, but the other Fusion Material Monster(s) must be correct. You can Tribute Fusion Material Monsters on the field, including this face-up card; Special Summon 1 corresponding LIGHT Fusion Monster from your Extra Deck.$Fusion Monster/LIGHT$$Tributes for cost/Tributes itself for cost$Unclassified/Ignition$
52101615$The Dark - Hex-Sealed Fusion$Unlimited$DARK$[Rock/Effect]$$$$$3$1000$1600$$$$You can substitute this card for any 1 Fusion Material Monster, but the other Fusion Material Monster(s) must be correct. You can Tribute Fusion Material Monsters on the field, including this face-up card; Special Summon 1 corresponding DARK Fusion Monster from your Extra Deck.$Fusion Monster/DARK$$Tributes for cost/Tributes itself for cost$Unclassified/Ignition$
88696724$The Earth - Hex-Sealed Fusion$Unlimited$EARTH$[Rock/Effect]$$$$$3$1000$1600$$$$You can substitute this card for any 1 Fusion Material Monster, but the other Fusion Material Monster(s) must be correct. You can Tribute Fusion Material Monsters on the field, including this face-up card; Special Summon 1 corresponding EARTH Fusion Monster from your Extra Deck.$Fusion Monster/EARTH$$Tributes for cost/Tributes itself for cost$Unclassified/Ignition$
15090429$Whirlwind Prodigy$Unlimited$WIND$[Fairy/Effect]$$$$$4$1500$1600$$$$When Tribute Summoning a WIND monster, you can treat this 1 monster as 2 Tributes.$WIND$$$Condition$
41089128$Flame Ruler$Unlimited$FIRE$[Pyro/Effect]$$$$$4$1500$1600$$$$This card can be treated as 2 Tributes for the Tribute Summon of a FIRE monster.$FIRE$$$Unclassified$
87473172$Firebird$Unlimited$FIRE$[Winged Beast/Effect]$$$$$4$1000$800$$$$Each time a Winged Beast-Type monster(s) on your side of the field is destroyed, this card gains 500 ATK.$Winged Beast$$$Trigger$
14878871$Rescue Cat$Unlimited$EARTH$[Beast/Effect]$$$$$4$300$100$$$$You can send this card to the GY; Special Summon 2 Level 3 or lower Beast monsters from your Deck, but their effects are negated, also they are destroyed during the End Phase. You can only use this effect of "Rescue Cat" once per turn.$Beast$$Sends itself from field to Graveyard for cost$Ignition/Condition$
40267580$Brain Jacker$Unlimited$DARK$[Fiend/Effect]$$$$$2$200$900$$$$FLIP: Equip this card to a monster on your opponent's side of the field and treat it as an Equip Card. Take control of the equipped monster. Your opponent gains 500 Life Points during each of their Standby Phases.$$$Equips self from field/Takes control of equipped$Flip/Trigger-like$
87751584$Gatling Dragon$Unlimited$DARK$[Machine/Fusion/Effect]$$$$$8$2600$1200$$"Barrel Dragon" + "Blowback Dragon"$$Once per turn: You can toss a coin 3 times and destroy as many monsters on the field as possible, but not more than the number of heads.$$$$Ignition$
13756293$King Dragun$Unlimited$DARK$[Dragon/Fusion/Effect]$$$$$7$2400$1100$$"Lord of D." + "Divine Dragon Ragnarok"$$Your opponent cannot target Dragon monsters with card effects. Once per turn: You can Special Summon 1 Dragon monster from your hand.$Dragon$$$Continuous/Ignition$
49140998$A Feather of the Phoenix$Unlimited$SPELL$$$$$$$$$$$$Discard 1 card, then target 1 card in your GY; return that target to the top of your Deck.$$$Discards for cost/Returns from your Graveyard to your Deck$Cost/Effect$
76539047$Poison Fangs$Unlimited$SPELL$$$$$$$$$Continuous$$$Each time a Beast-Type monster inflicts Battle Damage to your opponent, inflict 500 damage to your opponent.$Beast$$$Trigger-like$
51481927$Spell Absorption$Unlimited$SPELL$$$$$$$$$Continuous$$$Each time a Spell Card is activated, gain 500 LP immediately after it resolves.$$$$Continuous-like$
69162969$Lightning Vortex$Unlimited$SPELL$$$$$$$$$$$$Discard 1 card; destroy all face-up monsters your opponent controls.$$$Discards for cost$Cost/Effect$
33767325$Meteor of Destruction$Unlimited$SPELL$$$$$$$$$$$$If your opponent's Life Points are higher than 3000: Inflict 1000 damage to your opponent.$$$$Activation requirement/Effect$
12923641$Swords of Concealing Light$Unlimited$SPELL$$$$$$$$$Continuous$$$Destroy this card during your 2nd Standby Phase after activation. When this card resolves, change all monsters your opponent controls to face-down Defense Position. Monsters your opponent controls cannot change their battle positions.$$$Flips monsters face-down/Changes battle positions/Prevents battle position changes$Condition/Effect/Continuous-like$
49328340$Spiral Spear Strike$Unlimited$SPELL$$$$$$$$$Continuous$$$If "Gaia The Fierce Knight", "Swift Gaia the Fierce Knight", or "Gaia the Dragon Champion" you control attacks a Defense Position monster, inflict piercing battle damage to your opponent. If "Gaia the Dragon Champion" inflicts battle damage with this effect: Draw 2 cards, then discard 1 card.$Gaia the Fierce Knight/Gaia the Dragon Champion/Swift Gaia the Fierce Knight$$You draw cards/Discards for effect$Continuous-like/Trigger-like$
75417459$Release Restraint$Unlimited$SPELL$$$$$$$$$$$$Tribute 1 "Gearfried the Iron Knight"; Special Summon 1 "Gearfried the Swordmaster" from your hand or Deck.$Gearfried the Iron Knight/Gearfried the Swordmaster$$Tributes for cost$Cost/Effect$
01801154$Centrifugal Field$Unlimited$SPELL$$$$$$$$$Field$$$When a Fusion Monster(s) is destroyed by a card effect and sent to the Graveyard: Its owner targets 1 Fusion Material Monster in their Graveyard that is listed on that Fusion Monster; that player Special Summons that target.$Fusion Monster/Fusion Material$$$Trigger-like$
48206762$Fulfillment of the Contract$Unlimited$SPELL$$$$$$$$$Equip$$$Activate this card by paying 800 LP, then target 1 Ritual Monster in your GY; Special Summon it and equip it with this card. When this card is destroyed, banish the equipped monster.$Ritual Monster$$Equips self from field$Cost/Effect/Continuous-like$
74694807$Re-Fusion$Unlimited$SPELL$$$$$$$$$Equip$$$Activate this card by paying 800 LP, then target 1 Fusion Monster in your Graveyard; Special Summon it and equip it with this card. When this card is destroyed, banish the equipped monster.$Fusion Monster$$Equips self from field$Cost/Effect/Continuous-like$
01689516$The Big March of Animals$Unlimited$SPELL$$$$$$$$$Quick-Play$$$All face-up Beast monsters you control gain 200 ATK for each Beast monster you control, until the end of this turn.$Beast$$$Effect$
37083210$Cross Counter$Unlimited$TRAP$$$$$$$$$$$$If the DEF of an attacked Defense Position monster is higher than the ATK of your opponent's attacking monster, the Battle Damage inflicted to your opponent is doubled. Destroy the attacking monster after damage calculation.$$$$Activation requirement/Effect$
73578229$Pole Position$Unlimited$TRAP$$$$$$$$$Continuous$$$The face-up monster(s) with the highest ATK on the field is unaffected by the effects of Spell Cards. When "Pole Position" is removed from the field, destroy the face-up monster(s) with the highest ATK on the field.$$$$Continuous-like$
00967928$Penalty Game!$Unlimited$TRAP$$$$$$$$$$$$When your opponent has 4 cards in their hand: Activate 1 of these effects.●Your opponent cannot draw during their next Draw Phase.●Your opponent cannot activate Spell/Trap Cards this turn.$$$Prevents adding cards from Deck to hand$Activation requirement/Effect$
36361633$Threatening Roar$Unlimited$TRAP$$$$$$$$$$$$Your opponent cannot declare an attack this turn.$$$$Effect$
63356631$Phoenix Wing Wind Blast$Unlimited$TRAP$$$$$$$$$$$$Discard 1 card, then target 1 card your opponent controls; place that target on the top of the Deck.$$$Discards for cost/Returns from your opponent's field to your opponent's Deck$Cost/Effect$
09744376$Good Goblin Housekeeping$Unlimited$TRAP$$$$$$$$$$$$Draw cards equal to the number of "Good Goblin Housekeeping" cards in your Graveyard +1, then select 1 card from your hand and return it to the bottom of your Deck.$$$You draw cards/Returns from your hand to your Deck$Effect$
35149085$Beast Soul Swap$Unlimited$TRAP$$$$$$$$$$$$Target 1 Beast-Type monster you control; return it to the hand, and if you do, Special Summon 1 Beast-Type monster from your hand with the same Level as the monster that was returned to the hand.$Beast$$Returns from field to hand/Returns from your field to your hand$Effect$
62633180$Assault on GHQ$Unlimited$TRAP$$$$$$$$$$$$Target 1 monster you control; destroy it, then send 2 cards from the top of your opponent's Deck to the GY.$$$Sends from Deck to Graveyard/Sends from your opponent's Deck to your opponent's Graveyard$Effect$
08628798$D.D. Dynamite$Unlimited$TRAP$$$$$$$$$$$$Inflict 300 damage to your opponent for each of their removed from play cards.$$$$Effect$
35027493$Deck Devastation Virus$Unlimited$TRAP$$$$$$$$$$$$Tribute 1 DARK monster with 2000 or more ATK; look at your opponent's hand, all monsters they control, and all cards they draw until the end of their 3rd turn after this card's activation, and destroy all those monsters with 1500 or less ATK.$DARK$$Tributes for cost/Reveals face-down cards/Reveals your opponent's hand/Shows the opponent's drawn cards$Activation requirement/Lingering$
61411502$Elemental Burst$Unlimited$TRAP$$$$$$$$$$$$Tribute 1 each of WIND, WATER, FIRE, and EARTH monsters to activate this card. Destroy all cards on your opponent's side of the field.$WIND/WATER/FIRE/EARTH$$Tributes for cost$Cost/Effect$
97806240$Forced Ceasefire$Unlimited$TRAP$$$$$$$$$$$$Discard 1 card from your hand. No Trap Cards can be activated until the end of this turn.$$$Discards for cost$Cost/Effect$
