Passcode$Name$Status$Attribute$type$link$link_arrows$rank$pendulum_scale$level$attack$defense$spell_attribute$summoning_condition$pendulum_condition$card_text$card_supports$card_anti_supports$card_actions$effect_types$
61468779$Grandsoil the Elemental Lord$Unlimited$EARTH$[Beast-Warrior/Effect]$$$$$8$2800$2200$$$$Cannot be Normal Summoned/Set. Must be Special Summoned (from your hand) by having exactly 5 EARTH monsters in your GY. When this card is Special Summoned: You can target 1 monster in either player's GY; Special Summon that target. You can only use this effect of "Grandsoil the Elemental Lord" once per turn. If this face-up card leaves the field, skip the Battle Phase of your next turn.$EARTH$$Skips Battle Phase$Summon/Trigger/Unclassified$
13959634$Moulinglacia the Elemental Lord$Unlimited$WATER$[Sea Serpent/Effect]$$$$$8$2800$2200$$$$Cannot be Normal Summoned/Set. Must be Special Summoned (from your hand) by having exactly 5 WATER monsters in your GY. If this card is Special Summoned: Discard 2 random cards from your opponent's hand (or their entire hand, if less than 2). You can only use this effect of "Moulinglacia the Elemental Lord" once per turn. If this face-up card leaves the field, skip the Battle Phase of your next turn.$WATER$$Your opponent discards/Skips Battle Phase$Summon/Trigger/Condition/Unclassified$
68191756$World Legacy's Memory$Unlimited$SPELL$$$$$$$$$Quick-Play$$$Special Summon 1 "Mekk-Knight" monster from your hand or Deck in Defense Position, but return it to the hand during the End Phase. For the rest of this turn after this card resolves, you cannot Special Summon monsters, except "Mekk-Knight" monsters. You can only activate 1 "World Legacy's Memory" per turn.$Supports archetypes /Mekk-Knight$$Returns from field to hand$Effect/Lingering/Condition$
53077251$Universal Adapter$Unlimited$TRAP$$$$$$$$$$$$Target 1 face-up monster your opponent controls; the ATK of all other monsters currently on the field become equal to that monster's current ATK, until the end of this turn.$$$$Effect$
