Passcode$Name$Status$Attribute$type$link$link_arrows$rank$pendulum_scale$level$attack$defense$spell_attribute$summoning_condition$pendulum_condition$card_text$card_supports$card_anti_supports$card_actions$effect_types$
76459806$Volcanic Rocket$Unlimited$FIRE$[Pyro/Effect]$$$$$4$1900$1400$$$$When this card is Summoned: You can add 1 "Blaze Accelerator" card from your Deck or GY to your hand.$Supports archetypes /Blaze Accelerator $$Adds from Deck to hand/Adds from Graveyard to hand$Trigger$
32710364$Crystal Beast Ruby Carbuncle$Unlimited$LIGHT$[Fairy/Effect]$$$$$3$300$300$$$$When this card is Special Summoned: You can Special Summon as many "Crystal Beast" Monster Cards as possible from your Spell & Trap Zones. If this face-up card is destroyed in a Monster Zone, you can place it face-up in your Spell & Trap Zone as a Continuous Spell, instead of sending it to the GY.$Supports archetypes /Crystal Beast$$Activates upon Special Summon/Activates if destroyed by battle/Activates if destroyed by card effect/Places itself in Spell & Trap Zone/Places destroyed cards in Spell & Trap Zone$Trigger/Unclassified$
32933942$Crystal Beast Amethyst Cat$Unlimited$EARTH$[Beast/Effect]$$$$$3$1200$400$$$$This card can attack your opponent directly, but when it uses this effect, any battle damage it inflicts to your opponent is halved. If this face-up card is destroyed in a Monster Zone, you can place it face-up in your Spell & Trap Zone as a Continuous Spell, instead of sending it to the GY.$$$Activates if destroyed by battle/Activates if destroyed by card effect/Places itself in Spell & Trap Zone/Places destroyed cards in Spell & Trap Zone$Continuous/Unclassified$
68215963$Crystal Beast Emerald Tortoise$Unlimited$WATER$[Aqua/Effect]$$$$$3$600$2000$$$$Once per turn: You can target 1 monster you control that attacked this turn; change that target to Defense Position. If this face-up card is destroyed in a Monster Zone, you can place it face-up in your Spell & Trap Zone as a Continuous Spell, instead of sending it to the GY.$$$Activates if destroyed by battle/Activates if destroyed by card effect/Changes battle positions/Places itself in Spell & Trap Zone/Places destroyed cards in Spell & Trap Zone$Ignition/Unclassified$
95600067$Crystal Beast Topaz Tiger$Unlimited$EARTH$[Beast/Effect]$$$$$4$1600$1000$$$$If this card attacks an opponent's monster, it gains 400 ATK during the Damage Step only. If this face-up card is destroyed in a Monster Zone, you can place it face-up in your Spell & Trap Zone as a Continuous Spell, instead of sending it to the GY.$$$Activates if destroyed by battle/Activates if destroyed by card effect/Places itself in Spell & Trap Zone/Places destroyed cards in Spell & Trap Zone$Continuous/Unclassified$
69937550$Crystal Beast Amber Mammoth$Unlimited$EARTH$[Beast/Effect]$$$$$4$1700$1600$$$$When another "Crystal Beast" monster you control is targeted for an attack: You can change the attack target to this card. If this face-up card is destroyed in a Monster Zone, you can place it face-up in your Spell & Trap Zone as a Continuous Spell, instead of sending it to the GY.$Supports archetypes /Crystal Beast$$Activates if destroyed by battle/Activates if destroyed by card effect/Places itself in Spell & Trap Zone/Places destroyed cards in Spell & Trap Zone$Trigger/Unclassified$
21698716$Crystal Beast Cobalt Eagle$Unlimited$WIND$[Winged Beast/Effect]$$$$$4$1400$800$$$$Once per turn: You can target 1 "Crystal Beast" card you control; place that target on top of the Deck. If this face-up card is destroyed in a Monster Zone, you can place it face-up in your Spell & Trap Zone as a Continuous Spell, instead of sending it to the GY.$Supports archetypes /Crystal Beast$$Activates if destroyed by battle/Activates if destroyed by card effect/Returns from field to Deck/Places itself in Spell & Trap Zone/Places destroyed cards in Spell & Trap Zone$Ignition/Unclassified$
07093411$Crystal Beast Sapphire Pegasus$Unlimited$WIND$[Beast/Effect]$$$$$4$1800$1200$$$$When this card is Summoned: You can place 1 "Crystal Beast" monster from your hand, Deck, or GY, face-up in your Spell & Trap Zone as a Continuous Spell. If this face-up card is destroyed in a Monster Zone, you can place it face-up in your Spell & Trap Zone as a Continuous Spell, instead of sending it to the GY.$Supports archetypes /Crystal Beast$$Activates upon Normal Summon/Activates upon Flip Summon/Activates upon Special Summon/Places cards from hand in Spell & Trap Zone/Places cards from Deck in Spell & Trap Zone/Places cards from Graveyard in Spell & Trap Zone/Activates if destroyed by battle/Activates if destroyed by card effect/Places itself in Spell & Trap Zone/Places destroyed cards in Spell & Trap Zone$Trigger/Unclassified$
32543380$Volcanic Doomfire$Unlimited$FIRE$[Pyro/Effect]$$$$$8$3000$1800$$$$Cannot be Normal Summoned/Set. Must first be Special Summoned (from your hand) by sending 1 "Tri-Blaze Accelerator" you control to the GY. During your opponent's Battle Phase, Attack Position monsters your opponent controls must attack this card, if able. When this card destroys a monster by battle and sends it to the GY: Destroy as many monsters your opponent controls as possible, and if you do, inflict 500 damage to your opponent for each monster destroyed by this effect.$Tri-Blaze Accelerator$$Sends from field to Graveyard for cost/Activates when it destroys a monster by battle$Summon/Continuous/Trigger$
33365932$Volcanic Shell$Unlimited$FIRE$[Pyro/Effect]$$$$$1$100$0$$$$Once per turn: You can pay 500 LP; add 1 "Volcanic Shell" from your Deck to your hand. This card must be in the GY to activate and to resolve this effect.$$$Activates from your Graveyard/Adds from Deck to hand/Adds copies of itself to hand$Ignition/Condition$
69750546$Volcanic Scattershot$Unlimited$FIRE$[Pyro/Effect]$$$$$2$500$0$$$$If this card is sent to the Graveyard: Inflict 500 damage to your opponent. If this card is sent to the Graveyard by the effect of a "Blaze Accelerator" card: You can send 2 "Volcanic Scattershots" from your hand and/or Deck to the Graveyard; destroy all monsters your opponent controls.$Supports archetypes /Blaze Accelerator $$Sends from your Deck to your Graveyard for cost/Sends from hand to Graveyard for cost$Trigger$
81020140$Volcanic Blaster$Unlimited$FIRE$[Pyro/Effect]$$$$$3$1200$600$$$$When this card is destroyed by battle and sent to the GY: You can place 1 "Volcanic" monster from your Deck on top of your Deck.$Supports archetypes /Volcanic$$Activates if destroyed by battle/Activates from your Graveyard/Changes your Deck order/Places cards from your Deck on the top of the Deck$Trigger$
17415895$Volcanic Slicer$Unlimited$FIRE$[Pyro/Effect]$$$$$4$1800$1200$$$$Once per turn, you can inflict 500 damage to your opponent. If you activate this effect, this card cannot attack during this turn.$$$$Ignition$
54514594$Volcanic Hammerer$Unlimited$FIRE$[Pyro/Effect]$$$$$5$2400$1500$$$$Once per turn, during your Main Phase: You can inflict damage to your opponent equal to the number of "Volcanic" monsters in your GY x 200. This card cannot attack the turn you activate this effect.$Supports archetypes /Volcanic$$$Ignition$
80908502$Elemental HERO Captain Gold$Unlimited$LIGHT$[Warrior/Effect]$$$$$4$2100$800$$$$You can discard this card to the Graveyard; add 1 "Skyscraper" from your Deck to your hand. If "Skyscraper" is not face-up on the field, destroy this card.$Skyscraper$$Discards itself for cost/Adds from Deck to hand$Ignition/Continuous$
17393207$Gravekeeper's Commandant$Unlimited$EARTH$[Spellcaster/Effect]$$$$$4$1600$1500$$$$You can discard this card to the Graveyard; add 1 "Necrovalley" from your Deck to your hand.$Necrovalley$$Activates from your hand/Discards itself for cost/Adds from Deck to hand$Ignition$
43797906$Warrior of Atlantis$Unlimited$WATER$[Aqua/Effect]$$$$$4$1900$1200$$$$You can discard this card to the Graveyard; add 1 "A Legendary Ocean" from your Deck to your hand.$A Legendary Ocean$$Discards itself for cost/Adds from Deck to hand$Ignition$
80186010$Destroyersaurus$Unlimited$EARTH$[Dinosaur/Effect]$$$$$4$1800$1100$$$$You can discard this card to the Graveyard; add 1 "Jurassic World" from your Deck to your hand.$Jurassic World$$Discards itself for cost/Adds from Deck to hand$Ignition$
12171659$Zeradias, Herald of Heaven$Unlimited$LIGHT$[Fairy/Effect]$$$$$4$2100$800$$$$You can discard this card to the GY; add 1 "The Sanctuary in the Sky" from your Deck to your hand. If "The Sanctuary in the Sky" is not on the field, destroy this card.$The Sanctuary in the Sky$$Adds from Deck to hand/Discards itself for cost$Ignition/Continuous$
48675364$Archfiend General$Unlimited$DARK$[Fiend/Effect]$$$$$4$2100$800$$$$You can discard this card to the Graveyard to add 1 "Pandemonium" from your Deck to your hand. If this card is on the field but "Pandemonium" is not on the field, destroy this card.$Pandemonium$$Activates from your hand/Discards itself for cost/Adds from Deck to hand$Ignition/Continuous$
75064463$Harpie Queen$Unlimited$WIND$[Winged Beast/Effect]$$$$$4$1900$1200$$$$This card's name becomes "Harpie Lady" while on the field or in the GY. You can discard this card to the GY; add 1 "Harpies' Hunting Ground" from your Deck to your hand.$Harpie Lady/Harpies' Hunting Ground$$Activates from your hand/Discards itself for cost/Adds from Deck to hand$Ignition/Unclassified$
11458071$Sky Scourge Enrise$Unlimited$LIGHT$[Fairy/Effect]$$$$$8$2400$1500$$$$This card cannot be Normal Summoned or Set. This card cannot be Special Summoned except by removing from play 3 LIGHT Fairy-Type monsters and 1 DARK Fiend monster in your Graveyard. Once per turn, you can remove from play 1 face-up monster on the field. If you activate this effect, this card cannot attack during this turn.$LIGHT/DARK/Fairy/Fiend$$$Summon/Ignition$
48453776$Sky Scourge Norleras$Unlimited$DARK$[Fiend/Effect]$$$$$8$2400$1500$$$$This card cannot be Normal Summoned or Set. This card cannot be Special Summoned except by removing from play 1 LIGHT Fairy-Type monster and 3 DARK Fiend-Type monsters in your Graveyard. You can pay 1000 Life Points to send all cards on the field and in both players' hands to the Graveyard, then you draw 1 card.$LIGHT/DARK/Fairy/Fiend$$Sends from hand to Graveyard/Sends from field to Graveyard/You draw cards$Summon/Ignition$
74841885$Sky Scourge Invicil$Unlimited$EARTH$[Fairy/Effect]$$$$$6$2200$1600$$$$This card cannot be Special Summoned. If you Tribute Summon this card by Tributing 1 of the following monsters, this card gets the appropriate effect:●LIGHT Fairy-Type monster: Negate the effects of all Spell Cards.●DARK Fiend-Type monster: Negate the effects of all Trap Cards.$LIGHT/DARK/Fairy/Fiend$$$Summon/Continuous$
10236520$Goe Goe the Gallant Ninja$Unlimited$WIND$[Warrior/Effect]$$$$$4$1500$1000$$$$When this card inflicts Battle Damage to your opponent: Your opponent must discard 2 random cards. Your opponent must have at least 5 cards in their hand for you to activate and to resolve this effect.$$$Your opponent discards$Trigger$
47731128$Mei-Kou, Master of Barriers$Unlimited$LIGHT$[Spellcaster/Effect]$$$$$4$1700$600$$$$You can Tribute this card, then target 1 face-up Continuous Spell or Continuous Trap Card on the field; destroy that target.$$Continuous Spell Card/Continuous Trap Card$Tributes itself for cost$Ignition$
73125233$Raiza the Storm Monarch$Unlimited$WIND$[Winged Beast/Effect]$$$$$6$2400$1000$$$$If this card is Tribute Summoned: Target 1 card on the field; place that target on the top of the Deck.$$$Activates upon Tribute Summon/Returns from field to Deck$Trigger$
00114932$Seismic Crasher$Unlimited$EARTH$[Rock/Effect]$$$$$3$1400$300$$$$Twice per turn, you can send 1 face-up Continuous Spell or Continuous Trap Card you control to the Graveyard to inflict 500 damage to your opponent.$Continuous Spell Card/Continuous Trap Card$$Sends from field to Graveyard for cost$Ignition$
46508640$Dweller in the Depths$Unlimited$EARTH$[Dragon/Effect]$$$$$3$1500$700$$$$Gains 300 ATK for each Continuous Spell in your Spell & Trap Zone.$Continuous Spell Card$$$Continuous$
72903645$Magna-Slash Dragon$Unlimited$LIGHT$[Dragon/Effect]$$$$$6$2400$1200$$$$You can send 1 face-up Continuous Spell Card you control to the Graveyard to destroy 1 Spell or Trap Card your opponent controls.$Continuous Spell Card$$Sends from field to Graveyard for cost$Ignition$
09391354$Gravi-Crush Dragon$Unlimited$DARK$[Dragon/Effect]$$$$$6$2400$1200$$$$You can send 1 face-up Continuous Spell Card you control to the Graveyard, then target 1 monster your opponent controls; destroy that target.$Continuous Spell Card$$Sends from your field to Graveyard/Sends from field to Graveyard for cost$Ignition$
95026693$Soul of Fire$Unlimited$SPELL$$$$$$$$$$$$Your opponent draws 1 card. Select 1 Pyro-Type monster from your Deck and remove it from play. Inflict damage to your opponent equal to half the ATK of the removed monster. If you activate this card, you cannot declare an attack this turn.$Pyro$$Your opponent draws cards$Effect/Condition$
95326659$Crystal Beacon$Unlimited$SPELL$$$$$$$$$$$$Special Summon 1 "Crystal Beast" monster from your Deck. You must have 2 or more "Crystal Beast" cards in your Spell & Trap Zone to activate and to resolve this effect.$Supports archetypes /Crystal Beast$$$Effect/Condition$
60876124$Rare Value$Unlimited$SPELL$$$$$$$$$$$$If you control 2 or more "Crystal Beast" cards in your Spell & Trap Zone: Your opponent chooses 1 "Crystal Beast" card in your Spell & Trap Zone, you send it to the GY, and if you do, you draw 2 cards.$Supports archetypes /Crystal Beast$$Sends from your field to your Graveyard for cost/You draw cards$Activation requirement/Effect$
35486099$Crystal Blessing$Unlimited$SPELL$$$$$$$$$$$$Target up to 2 "Crystal Beast" monsters in your GY; place those targets face-up in your Spell & Trap Zone as Continuous Spells.$Supports archetypes /Crystal Beast$$Places cards from Graveyard in Spell & Trap Zone$Effect$
72881007$Crystal Abundance$Unlimited$SPELL$$$$$$$$$$$$Send 4 "Crystal Beast" cards from your Spell & Trap Zone to the GY; send as many cards on the field as possible to the GY, then Special Summon as many "Crystal Beast" monsters as possible from your GY, up to the number of cards sent from your opponent's field to the GY by this card's effect.$Supports archetypes /Crystal Beast$$Sends from field to Graveyard/Sends from field to Graveyard for cost/Sends from your field to your Graveyard/Sends from your opponent's field to your opponent's Graveyard$Effect$
08275702$Crystal Promise$Unlimited$SPELL$$$$$$$$$$$$Target 1 "Crystal Beast" card in your Spell & Trap Zone; Special Summon that target.$Supports archetypes /Crystal Beast$$$Effect$
34664411$Lucky Iron Axe$Unlimited$SPELL$$$$$$$$$Equip$$$The equipped monster gains 500 ATK. If this face-up card you control is destroyed by your opponent's card effect and sent to your Graveyard: Draw 1 card.$$$You draw cards/Activates from your Graveyard$Continuous-like/Trigger-like$
61068510$Tornado$Unlimited$SPELL$$$$$$$$$Quick-Play$$$Activate only when there are 3 or more cards in your opponent's Spell & Trap Card Zone. Destroy 1 card in your opponent's Spell & Trap Card Zone.$$$$Activation requirement/Effect$
68815401$Wild Fire$Unlimited$SPELL$$$$$$$$$Quick-Play$$$Pay 500 LP; destroy all "Blaze Accelerator" cards you control, and if you do, destroy as many monsters on the field as possible, then, Special Summon 1 "Wild Fire Token" (Pyro/FIRE/Level 3/ATK 1000/DEF 1000) in Attack Position. Your monsters cannot attack the turn you activate this card.$Supports archetypes /Blaze Accelerator $$$Cost/Effect/Condition$
69537999$Blaze Accelerator$Unlimited$SPELL$$$$$$$$$Continuous$$$You can target 1 monster your opponent controls; send 1 Pyro monster with 500 or less ATK from your hand to the GY, and if you do, destroy that target. Your monsters cannot attack the turn you activate this effect.$Pyro$$Sends from your hand to your Graveyard$Ignition-like/Condition$
21420702$Tri-Blaze Accelerator$Unlimited$SPELL$$$$$$$$$Continuous$$$Activate this card by sending 1 face-up "Blaze Accelerator" you control to the GY. During your Main Phase: You can target 1 monster your opponent controls; send 1 Pyro monster from your hand to the GY, and if you do, destroy that target, and if you do that, inflict 500 damage to your opponent. Your monsters cannot attack the turn you activate this effect.$Blaze Accelerator/Pyro$$Sends from field to Graveyard for cost/Sends from your hand to your Graveyard$Cost/Ignition-like$
07153114$Field Barrier$Unlimited$SPELL$$$$$$$$$Continuous$$$Field Spells on the field cannot be destroyed. Neither player can activate a new Field Spell Card. You can only control 1 "Field Barrier".$Field Spell Card$Field Spell Card$$Continuous-like/Unclassified$
34541863$"A" Cell Breeding Device$Unlimited$SPELL$$$$$$$$$Continuous$$$During each of your Standby Phases, put 1 A-Counter on 1 face-up monster your opponent controls.$$$Distributes A-Counter$Trigger-like$
60946968$Otherworld - The "A" Zone$Unlimited$SPELL$$$$$$$$$Field$$$If your opponent's monster battles an "Alien" monster you control, the opponent's monster loses 300 ATK and DEF during damage calculation only.$Supports archetypes /Alien$$$Continuous-like$
34487429$Ancient City - Rainbow Ruins$Unlimited$SPELL$$$$$$$$$Field$$$You must have this many "Crystal Beast" cards in your Spell & Trap Zone to activate and to resolve these effects.●1+: This card cannot be destroyed by card effects.●2+: Once per turn (including the opponent's) you can halve the battle damage you take.●3+: When a Spell/Trap Card is activated: You can send 1 "Crystal Beast" monster you control to the GY; negate the activation, and if you do, destroy it.●4+: Once per turn, during your Main Phase: You can draw 1 card.●5: Once per turn, during your Main Phase: You can target 1 "Crystal Beast" card in your Spell & Trap Zone; Special Summon that target.$Supports archetypes /Crystal Beast$$Sends from your field to your Graveyard for cost/You draw cards$Condition/Continuous-like/Quick-like/Ignition-like$
96148285$Triggered Summon$Unlimited$TRAP$$$$$$$$$$$$Activate only when a monster is Special Summoned to your opponent's side of the field. Each player can Special Summon 1 Level 4 or lower monster from their hand.$Level 1 Monster Cards/Level 2 Monster Cards/Level 3 Monster Cards/Level 4 Monster Cards$$Activates upon Special Summon$Activation requirement/Effect$
97970833$Last Resort$Unlimited$TRAP$$$$$$$$$$$$Activate only when your opponent's monster declares an attack. You can select 1 "Ancient City - Rainbow Ruins" from your Deck and activate it. If your opponent had an active Field Spell Card when this card was activated, they can draw 1 card.$Ancient City - Rainbow Ruins$$Activates upon attack declaration/Activates cards from your Deck/Your opponent draws cards$Activation requirement/Effect$
96331676$Crystal Raigeki$Unlimited$TRAP$$$$$$$$$$$$Send 1 "Crystal Beast" card from your Spell & Trap Zone to the GY, then target 1 card your opponent controls; destroy that target.$Supports archetypes /Crystal Beast$$$Cost/Effect$
33725271$Volcanic Recharge$Unlimited$TRAP$$$$$$$$$$$$Return up to 3 "Volcanic" Monster Cards from your Graveyard to your Deck.$Supports archetypes /Volcanic$$Returns from your Graveyard to your Deck$Effect$
69724380$Terrible Deal$Unlimited$TRAP$$$$$$$$$$$$Activate only by paying 1000 Life Points when your opponent activates a Spell Card. Your opponent discards 1 random card.$$$Your opponent discards$Cost/Effect$
96218085$Breakthrough!$Unlimited$TRAP$$$$$$$$$$$$Select 1 "Six Samurai" monster you control. If the selected monster destroys an opponent's monster by battle, "Great Shogun Shien" and all "Six Samurai" monsters you control can attack your opponent directly during the Battle Phase of this turn.$Supports archetypes /Six Samurai$$Activates when it destroys a monster by battle$Effect$
32603633$Backs to the Wall$Unlimited$TRAP$$$$$$$$$$$$Pay LP so that you only have 100 left; Special Summon as many "Six Samurai" monsters with different names from your GY as possible. You cannot Special Summon a monster with the same name as a monster you already control.$Supports archetypes /Six Samurai$$$Cost/Effect/Condition$
69091732$Introduction to Gallantry$Unlimited$TRAP$$$$$$$$$$$$Activate only when your opponent has 5 or more cards in their hand. Your opponent discards 1 random card.$$$Your opponent discards$Activation requirement/Effect$
95096437$Secrets of the Gallant$Unlimited$TRAP$$$$$$$$$$$$Select 1 Normal Monster you control. When the selected monster inflicts Battle Damage to your opponent this turn, your opponent discards 2 random cards.$Normal Monster$$Activates when it inflicts battle damage/Your opponent discards$Trigger-like$
21481146$Radiant Mirror Force$Unlimited$TRAP$$$$$$$$$$$$When an opponent's monster declares an attack while they control 3 or more Attack Position monsters: Destroy all Attack Position monsters your opponent controls.$$$Activates upon attack declaration$Activation requirement/Effect$
68875140$Hard-sellin' Goblin$Unlimited$TRAP$$$$$$$$$Continuous$$$Each time a monster you control inflicts Battle Damage to your opponent, return 1 card in your opponent's Spell & Trap Card Zone to its owner's hand.$$$Activates when it inflicts battle damage/Returns from your opponent's field to your opponent's hand$Trigger-like$
94374859$Hard-sellin' Zombie$Unlimited$TRAP$$$$$$$$$Continuous$$$Each time a monster you control inflicts Battle Damage to your opponent, select 1 card from your opponent's Graveyard and return it to the bottom of their Deck.$$$Activates when it inflicts battle damage/Returns from Graveyard to Deck/Returns from your opponent's Graveyard to your opponent's Deck$Trigger-like$
21768554$Mass Hypnosis$Unlimited$TRAP$$$$$$$$$Continuous$$$Activate only while you control an "Alien" monster. Select and take control of up to 3 of your opponent's monsters that each have an A-Counter(s) on them. This card is destroyed during the End Phase of the turn it is activated.$Supports archetypes /Alien$$Changes control$Activation requirement/Effect/Continuous-like$
57753602$Gem Flash Energy$Unlimited$TRAP$$$$$$$$$Continuous$$$During each of your Standby Phases, inflict damage to your opponent equal to the number of face-up Continuous Spell Cards on the field x 300.$Continuous Spell Card$Continuous Spell Card$$Trigger-like$
94804055$Firewall$Unlimited$TRAP$$$$$$$$$Continuous$$$When your opponent declares a direct attack: You can banish 1 Pyro monster in your GY; negate the attack. Once per turn, during your Standby Phase, pay 500 LP or destroy this card.$Pyro$$Activates upon attack declaration$Trigger-like/Maintenance cost$
29424328$Diabolos, King of the Abyss$Unlimited$DARK$[Dragon/Effect]$$$$$7$2800$1000$$$$Cannot be Special Summoned. If you Tribute Summon this card, the Tributes must be DARK. Cannot be Tributed by card effects while face-up on the field. Once per turn, during your opponent's Draw Phase, before their normal draw: Look at the top card of your opponent's Deck, and if you do, place that card on either the top or bottom of their Deck.$DARK$$Looks at cards from the top of the opponent's Deck/Changes Deck order/Places cards from the Deck on the top of the Deck/Places cards from the Deck on the bottom of the Deck/Cannot be Tributed$Summon/Continuous/Trigger$
55818463$Lich Lord, King of the Underworld$Unlimited$DARK$[Zombie/Effect]$$$$$6$2400$1200$$$$If you Tribute Summon this card, the Tribute must be DARK. If this card is Tributed by a card effect and sent to the GY: Add this card from your GY to your hand.$DARK$$Activates if Tributed/Activates from your Graveyard/Returns itself from Graveyard to hand$Summon/Trigger$
82213171$Prometheus, King of the Shadows$Unlimited$DARK$[Fiend/Effect]$$$$$4$1200$800$$$$If this card is Normal Summoned: Banish 1 or more DARK monsters from your GY, and if you do, this card gains 400 ATK for each, until the end of this turn.$DARK$$Activates upon Normal Summon$Trigger$
28601770$Mist Archfiend$Unlimited$DARK$[Fiend/Effect]$$$$$5$2400$0$$$$You can Normal Summon this card without Tributing. Once per turn, during the End Phase, if this card was Summoned this way: Destroy this card, and if you do, take 1000 damage.$$$$Summon/Trigger$
55696885$Plague Wolf$Unlimited$DARK$[Zombie/Effect]$$$$$3$1000$1000$$$$Once per turn: You can make this card's ATK become double its original ATK until the end of this turn. Once per turn, during the End Phase, if this effect was activated: Destroy this card.$$$$Ignition/Trigger$
81191584$Recurring Nightmare$Unlimited$SPELL$$$$$$$$$$$$Target 2 DARK monsters with 0 DEF in your GY; add those targets to your hand.$DARK$$Adds from Graveyard to hand$Effect$
17589298$Sword of Dark Rites$Unlimited$SPELL$$$$$$$$$Equip$$$Equip only to a DARK monster. It gains 400 ATK. When the equipped monster is Tributed and this card is sent to the Graveyard, return this card to your hand.$DARK$$Returns itself from Graveyard to hand$Condition/Continuous-like/Trigger-like$
54974237$Eradicator Epidemic Virus$Unlimited$TRAP$$$$$$$$$$$$Tribute 1 DARK monster with 2500 or more ATK, and declare 1 type of card (Spell or Trap); look at your opponent's hand, all Spells/Traps they control, and all cards they draw until the end of their 3rd turn after this card's activation, and destroy all cards of that declared type.$DARK$$Tributes for cost/Declares a card type/Reveals face-down cards/Reveals your opponent's hand/Shows the opponent's drawn cards$Cost/Effect$
