Passcode$Name$Status$Attribute$type$link$link_arrows$rank$pendulum_scale$level$attack$defense$spell_attribute$summoning_condition$pendulum_condition$card_text$card_supports$card_anti_supports$card_actions$effect_types$
92125819$Noble Knight Artorigus$Unlimited$LIGHT$[Warrior/Normal]$$$$$4$1800$1800$$$$No one shall ever know the truth behindThat fateful day. Artorigus went forthTo where the brilliant sword didst lay.‘Twas the first of many feats so great,A legend through and through. We sing of him,Artorigus, the Noble and the brave.-From the Tales of the Noble Knights$$$$$
87151205$Wattaildragon$Unlimited$LIGHT$[Dragon/Normal]$$$$$6$2500$1000$$$$Capable of indefinite flight. Attacks by wrapping its body with electricity and ramming into opponents.IMPORTANT: Capturing the "Wattaildragon" is forbidden by the Ancient Rules and is a Level 6 offense, the minimum sentence for which is imprisonment for no less than 2500 heliocycles.$$$$$
13140300$Hieratic Seal of the Sun Dragon Overlord$Unlimited$LIGHT$[Dragon/Normal]$$$$$8$0$0$$$$A mysterious engraved Hieratic relic. It was thought to be a simple stone, but it was actually infused with the power of a sun-wielding dragon. Aeons passed, and the power of the relic grew and grew until it finally shone like the sun itself.$$$$$
59644958$Overlay Owl$Unlimited$WIND$[Winged Beast/Effect]$$$$$4$800$1600$$$$Once per turn: You can pay 600 Life Points; detach 1 Xyz Material from a monster on the field.$$Xyz Monster$Detaches Xyz Materials for effect$Ignition$
86039057$Tasuke Knight$Unlimited$LIGHT$[Warrior/Effect]$$$$$4$1700$100$$$$When an opponent's monster declares an attack, while you have no cards in your hand and this card is in your Graveyard: You can Special Summon this card from your Graveyard, then end the Battle Phase. You can only use this effect of "Tasuke Knight" once per Duel.$$$Activates from your Graveyard/Activates upon attack declaration/Ends the Battle Phase$Trigger/Condition$
12423762$Gagaga Gardna$Unlimited$EARTH$[Warrior/Effect]$$$$$4$1500$2000$$$$When an opponent's monster declares a direct attack: You can Special Summon this card from your hand. When this card is targeted for an attack: You can discard 1 card; this card cannot be destroyed by that battle.$$$Activates from your hand/Activates upon attack declaration/Discards for cost$Trigger$
45812361$Cardcar D$Unlimited$EARTH$[Machine/Effect]$$$$$2$800$400$$$$Cannot be Special Summoned. During your Main Phase 1, if this card was Normal Summoned this turn: You can Tribute this card; draw 2 cards, then it becomes the End Phase. You cannot Special Summon during the turn you activate this effect.$$$Tributes itself for cost/You draw cards/Skips Battle Phase/Skips Main Phase 2/Ends your turn$Summon/Ignition/Condition$
81816475$Overlay Eater$Unlimited$LIGHT$[Reptile/Effect]$$$$$2$300$800$$$$You can banish this card from your Graveyard; take 1 Xyz Material from a monster your opponent controls and attach it to an Xyz Monster you control as Xyz Material.$Xyz Monster$Xyz Monster$Activates from your Graveyard/Detaches Xyz Materials for effect/Attaches as Xyz Material/Exchanges cards$Ignition$
17201174$Hammer Shark$Unlimited$WATER$[Fish/Effect]$$$$$4$1700$1500$$$$Once per turn: You can reduce the Level of this card by 1, and if you do, Special Summon 1 Level 3 or lower WATER monster from your hand.$WATER$$$Ignition$
44790889$Hammer Bounzer$Unlimited$EARTH$[Warrior/Effect]$$$$$6$2300$2000$$$$If your opponent controls a card and you control no cards, you can Normal Summon this card without Tributing. If this card attacks an opponent's monster, as long as you control no Spell/Trap Cards, your opponent cannot activate any Spell/Trap Cards until the end of the Damage Step.$$$$Summon/Continuous$
70194827$Blade Bounzer$Unlimited$EARTH$[Warrior/Effect]$$$$$4$1800$1400$$$$Once per turn, if this card attacks and your opponent controls a monster at the end of the Damage Step: You can discard 1 card; this card can attack an opponent's monster once again during this Battle Phase.$$$Discards for cost$Trigger$
17189532$Phantom Bounzer$Unlimited$DARK$[Warrior/Effect]$$$$$6$2400$1200$$$$If this card on the field is destroyed and sent to the Graveyard: You can add 2 "Bounzer" cards from your Deck to your hand.$Supports archetypes /Bounzer$$Activates from your Graveyard/Adds from Deck to hand$Trigger$
43573231$Morpho Butterspy$Unlimited$DARK$[Warrior/Effect]$$$$$4$1200$1600$$$$Once per turn, when the battle position of an opponent's monster(s) is changed (except during the Damage Step): You can target one of those monsters; it loses 1000 ATK and DEF.$$$Activates if battle positions change$Trigger$
79972330$Swallowtail Butterspy$Unlimited$DARK$[Warrior/Effect]$$$$$4$1800$1200$$$$When another monster you control inflicts Battle Damage to your opponent: Target 1 face-up monster your opponent controls; it loses ATK equal to the Battle Damage inflicted.$$$Activates when it inflicts battle damage$Trigger$
16366944$Moonlit Papillon$Unlimited$LIGHT$[Insect/Effect]$$$$$4$1200$1600$$$$When this card is sent from the field to the Graveyard: You can Special Summon 1 Level 4 or lower "Butterspy" monster from your Deck.$Supports archetypes /Butterspy$$Activates from your Graveyard$Trigger$
42851643$Jumbo Drill$Unlimited$EARTH$[Machine/Effect]$$$$$4$1800$100$$$$When this card is Normal Summoned: You can increase the Levels of all Machine-Type monsters you currently control by 1. If this card attacks a Defense Position monster, inflict piercing Battle Damage to your opponent. If this card attacks, it is changed to Defense Position at the end of the Damage Step.$Machine$$Activates upon Normal Summon/Changes battle positions$Trigger/Continuous$
79850798$Rocket Arrow Express$Unlimited$EARTH$[Machine/Effect]$$$$$10$5000$0$$$$Cannot be Normal Summoned/Set. Must be Special Summoned (from your hand) by controlling no cards, and cannot be Special Summoned by other ways. You cannot conduct your Battle Phase the turn you Special Summon this card. You cannot activate cards or effects, or Set any cards. During each of your Standby Phases, destroy this card unless you send your entire hand to the Graveyard (min.1).$$$Cannot conduct Battle Phase/Prevents your Sets/Sends from your hand to your Graveyard$Summon/Condition/Continuous/Maintenance cost$
05244497$Cameraclops$Unlimited$LIGHT$[Warrior/Effect]$$$$$4$1400$1600$$$$If this card attacks a face-up monster on the field, at the start of the Damage Step: Destroy that monster. Its DEF must be higher than this card's ATK to activate and to resolve this effect.$$$$Trigger$
41639001$Hieratic Dragon of Nuit$Unlimited$LIGHT$[Dragon/Effect]$$$$$4$1700$900$$$$Once per turn, during either player's turn, when this face-up card on the field is targeted by a Spell Card, Trap Card, or card effect: Special Summon 1 Dragon-Type Normal Monster from your hand, Deck, or Graveyard, and make its ATK and DEF 0.$Dragon/Normal Monster$$$Quick$
78033100$Hieratic Dragon of Gebeb$Unlimited$LIGHT$[Dragon/Effect]$$$$$4$1800$400$$$$When this card destroys an opponent's monster by battle and sends it to the Graveyard: Special Summon 1 Dragon-Type Normal Monster from your hand, Deck, or Graveyard, and make its ATK and DEF 0. When this card is Tributed: Special Summon 1 "Hieratic" Normal Monster from your hand, Deck or Graveyard.$Supports archetypes /Hieratic$$Activates when it destroys a monster by battle/Activates if Tributed$Trigger$
04022819$Hieratic Dragon of Eset$Unlimited$LIGHT$[Dragon/Effect]$$$$$5$1900$1200$$$$You can Normal Summon this card without Tributing, but its original ATK becomes 1000. Once per turn: You can target 1 face-up Dragon Normal Monster on the field; the Levels of all face-up "Hieratic" monsters currently on the field become the Level of that monster, until the End Phase. When this card is Tributed: Special Summon 1 Dragon Normal Monster from your hand, Deck, or GY, and make its ATK/DEF 0.$Supports archetypes /Hieratic$$Activates if Tributed$Summon/Ignition/Trigger$
31516413$Hieratic Dragon of Nebthet$Unlimited$LIGHT$[Dragon/Effect]$$$$$5$2000$1600$$$$You can Special Summon this card (from your hand) by Tributing 1 "Hieratic" monster. Once per turn: You can Tribute 1 "Hieratic" monster, except this card, from your hand or your side of the field, to target 1 monster your opponent controls; destroy that target. When this card is Tributed: Special Summon 1 Dragon-Type Normal Monster from your hand, Deck, or Graveyard, and make its ATK and DEF 0.$Supports archetypes /Hieratic$$Tributes for cost/Activates if Tributed$Summon/Ignition/Trigger$
77901552$Hieratic Dragon of Tefnuit$Unlimited$LIGHT$[Dragon/Effect]$$$$$6$2100$1400$$$$If only your opponent controls a monster, you can Special Summon this card (from your hand). Cannot attack during the turn it is Special Summoned this way. When this card is Tributed: Special Summon 1 Dragon Normal Monster from your hand, Deck, or GY, and make its ATK/DEF 0.$Dragon/Normal Monster$$Activates if Tributed$Summon/Condition/Trigger$
03300267$Hieratic Dragon of Su$Unlimited$LIGHT$[Dragon/Effect]$$$$$6$2200$1000$$$$You can Special Summon this card (from your hand) by Tributing 1 "Hieratic" monster. Once per turn: You can Tribute 1 "Hieratic" monster, except this card, from your hand or your side of the field, to target 1 Spell/Trap Card your opponent controls; destroy that target. When this card is Tributed: Special Summon 1 Dragon-Type Normal Monster from your hand, Deck, or Graveyard, and make its ATK and DEF 0.$Supports archetypes /Hieratic$$Tributes for cost/Activates if Tributed$Summon/Ignition/Trigger$
30794966$Hieratic Dragon of Asar$Unlimited$LIGHT$[Dragon/Effect]$$$$$7$2600$700$$$$You can Special Summon this card (from your hand) by banishing 1 LIGHT Dragon-Type monster and 1 Dragon-Type Normal Monster from your Graveyard. If this face-up card on the field would be destroyed, you can Tribute 1 face-up "Hieratic" monster instead, except this card.$Supports archetypes /Hieratic$$Tributes as an effect$Summon/Continuous$
66789970$Hieratic Dragon of Sutekh$Unlimited$LIGHT$[Dragon/Effect]$$$$$8$2800$2000$$$$Cannot be Normal Summoned or Set. Must first be Special Summoned (from your hand) by banishing 3 Dragon-Type Normal Monsters from your Graveyard. Once per turn: You can banish 1 Dragon-Type monster from your Graveyard to target 1 card on the field; destroy that target.$Dragon/Normal Monster$$$Summon/Ignition$
03283679$Evoltile Lagosucho$Unlimited$FIRE$[Reptile/Effect]$$$$$3$1200$500$$$$When this card is Normal Summoned: You can send 1 "Evolsaur" monster from your Deck to the Graveyard. When this card is flipped face-up: You can Special Summon 1 "Evoltile" monster from your Deck.$Supports archetypes /Evoltile/Evolsaur$$Activates upon Normal Summon/Sends from your Deck to your Graveyard/Activates upon being flipped face-up$Trigger$
39672388$Evolsaur Darwino$Unlimited$FIRE$[Dinosaur/Effect]$$$$$5$2200$700$$$$When this card is Special Summoned by the effect of an "Evoltile" monster: You can target 1 face-up monster on the field; increase that target's Level by up to 2.$Supports archetypes /Evoltile$$Activates upon Special Summon$Trigger$
66066482$Inzektor Firefly$Unlimited$DARK$[Insect/Effect]$$$$$1$100$100$$$$Once per turn: You can equip 1 "Inzektor" monster from your hand or Graveyard to this card. If an "Inzektor" card equips to this card: You can look at all Set cards your opponent controls. While this card is equipped to a monster, that monster's Level is increased by 1, also it gains ATK and DEF equal to this card's ATK and DEF.$Supports archetypes /Inzektor$$Equips monsters from the player's hand to itself/Equips monsters from the player's Graveyard to itself/Reveals face-down cards$Ignition/Trigger/Continuous$
02461031$Inzektor Ladybug$Unlimited$DARK$[Insect/Effect]$$$$$2$500$100$$$$Once per turn: You can equip 1 "Inzektor" monster from your hand or GY to this card. While this card is equipped to a monster, that monster's Level is increased by 2, also it gains ATK/DEF equal to this card's ATK/DEF. While this card is equipped to a monster: You can send this Equip Card to the GY, then target 1 face-up monster you control; increase that target's Level by 1 or 2.$Supports archetypes /Inzektor$$Equips monsters from the player's hand to itself/Equips monsters from the player's Graveyard to itself/Sends itself from field to Graveyard for cost$Ignition/Continuous$
38450736$Inzektor Earwig$Unlimited$DARK$[Insect/Effect]$$$$$4$1000$1000$$$$Once per turn: You can equip 1 "Inzektor" monster from your hand or Graveyard to this card. While this card is equipped to a monster, that monster gains ATK and DEF equal to this card's ATK and DEF. When this card is sent to the Graveyard while equipped to a monster: The monster this card was equipped to gains 1000 ATK, until the End Phase.$Supports archetypes /Inzektor$$Equips monsters from the player's hand to itself/Equips monsters from the player's Graveyard to itself/Activates from your Graveyard$Ignition/Continuous/Trigger$
65844845$Inzektor Giga-Cricket$Unlimited$DARK$[Insect/Effect]$$$$$5$2000$1300$$$$If this card is in your Graveyard: You can banish 1 Insect-Type monster from your Graveyard to target 1 face-up "Inzektor" monster you control; equip this card from the Graveyard to that target. This effect of "Inzektor Giga-Cricket" can only be used once per turn. While this card is equipped to a monster, that monster's original ATK becomes 2000, and if it attacks a Defense Position monster, inflict piercing Battle Damage to your opponent.$Supports archetypes /Inzektor$$Activates from your Graveyard/Equips self from Graveyard$Ignition/Condition/Continuous-like$
91349449$Lightray Sorcerer$Unlimited$LIGHT$[Spellcaster/Effect]$$$$$6$2300$2000$$$$Cannot be Normal Summoned or Set. Must be Special Summoned (from your hand) while 3 or more of your LIGHT monsters are banished, and cannot be Special Summoned by other ways. Once per turn: You can target 1 of your banished LIGHT monsters and 1 face-up monster on the field; shuffle the first target into the Deck, and if you do, banish the second target. This card cannot attack during the turn you activate this effect.$LIGHT$$Returns the player's banished cards to the Deck by effect$Summon/Ignition/Condition$
38737148$Lightray Daedalus$Unlimited$LIGHT$[Sea Serpent/Effect]$$$$$7$2600$1500$$$$Cannot be Normal Summoned/Set. Must be Special Summoned (from your hand) by having 4 or more LIGHT monsters in your Graveyard, and cannot be Special Summoned by other ways. Once per turn: You can target 1 Field Spell Card and 2 other cards on the field; destroy them.$LIGHT/Field Spell Card$Field Spell Card$$Summon/Ignition$
04722253$Lightray Gearfried$Unlimited$LIGHT$[Warrior/Effect]$$$$$8$2800$2200$$$$Cannot be Normal Summoned/Set. Must be Special Summoned (from your hand) by having 5 or more LIGHT monsters with different names in your Graveyard, and cannot be Special Summoned by other ways. Once per turn, during either player's turn, when a Spell/Trap Card is activated: You can banish 1 Warrior-Type monster from your Graveyard; negate the activation, and if you do, destroy it. All face-up monsters you control must be Warrior-Type to activate and to resolve this effect.$LIGHT/Warrior$$$Summon/Quick/Condition$
30126992$Lightray Diabolos$Unlimited$LIGHT$[Dragon/Effect]$$$$$7$2800$1000$$$$Cannot be Normal Summoned/Set. Must first be Special Summoned (from your hand) by having 5 or more LIGHT monsters with different names in your Graveyard. Once per turn: You can banish 1 LIGHT monster from your Graveyard, then target 1 Set card your opponent controls; reveal that target, then place that target on either the top or bottom of the Deck.$LIGHT$$Reveals face-down cards/Returns from your opponent's field to your opponent's Deck$Summon/Ignition$
67511500$Lady of D.$Unlimited$DARK$[Spellcaster/Effect]$$$$$4$1500$1100$$$$Your opponent cannot target face-up Dragon-Type monsters you control for attacks. If this card on the field would be destroyed by battle or by a card effect, you can send 1 Dragon-Type monster from your hand to the Graveyard instead.$Dragon$$Sends from your hand to your Graveyard$Continuous$
03900605$Absorbing Jar$Unlimited$EARTH$[Rock/Flip/Effect]$$$$$3$600$500$$$$FLIP: Destroy all Set Spells/Traps on the field, then each player draws 1 card for each of the cards they controlled that was destroyed by this effect. You cannot Set any cards this turn.$$$You draw cards/Your opponent draws cards/Prevents your Sets$Flip$
30494314$Red-Headed Oni$Unlimited$DARK$[Zombie/Effect]$$$$$4$1700$1000$$$$When this card is Special Summoned from the Graveyard by the effect of a Zombie-Type monster: You can target 1 face-up Zombie-Type monster you control; detach 1 Xyz Material from a monster on the field, and if you do, increase the targeted monster's Level by 1 and its ATK by 300 (even if the targeting conditions are no longer correct).$Zombie/Xyz Monster$Xyz Monster$Activates upon Special Summon/Detaches Xyz Materials for effect$Trigger$
66499018$Flame Tiger$Unlimited$FIRE$[Beast/Effect]$$$$$4$1800$0$$$$During your Draw Phase, if this card is in your Graveyard and you control no monsters, instead of conducting your normal draw: You can Special Summon this card, and if you do, banish it when it leaves the field.$$$Replaces normal draw$Trigger$
92887027$Nomadic Force$Unlimited$WIND$[Warrior/Effect]$$$$$4$1700$1000$$$$When this card destroys an opponent's monster by battle and sends it to the Graveyard: You can Tribute this card to target 1 face-down Defense Position monster your opponent controls; destroy that target.$$$Tributes itself for cost$Trigger$
39272762$Neo Galaxy-Eyes Photon Dragon$Unlimited$LIGHT$[Dragon/Xyz/Effect]$$$8$$$4500$3000$$3 Level 8 monsters$$If this card is Xyz Summoned using "Galaxy-Eyes Photon Dragon" as any of its materials: All other face-up cards currently on the field have their effects negated. Once per turn: You can detach 1 material from this card; detach all materials from monsters your opponent controls, then this card gains 500 ATK for each, also it can attack up to that many times during each Battle Phase this turn.$Galaxy-Eyes Photon Dragon$Xyz Monster$Activates upon Xyz Summon/Applies effects if Xyz Summoned using specific Xyz Material/Detaches Xyz Materials for effect$Trigger/Ignition$
65676461$Number 32: Shark Drake$Unlimited$WATER$[Sea Serpent/Xyz/Effect]$$$4$$$2800$2100$$3 Level 4 monsters$$Once per turn, when this attacking card destroys an opponent's monster by battle and sends it to the Graveyard: You can detach 1 Xyz Material from this card; Special Summon the destroyed monster to your opponent's side of the field in face-up Attack Position, also it loses 1000 ATK, and if you do Summon this way, this card can make a second attack during this Battle Phase.$$$$Trigger$
92661479$Photon Strike Bounzer$Unlimited$LIGHT$[Warrior/Xyz/Effect]$$$6$$$2700$2000$$2 Level 6 monsters$$Once per turn, during either player's turn, when a monster effect is activated on your opponent's side of the field: You can detach 1 Xyz Material from this card; negate the effect, and if you do, inflict 1000 damage to your opponent.$$$$Quick$
28150174$Photon Papilloperative$Unlimited$LIGHT$[Warrior/Xyz/Effect]$$$4$$$2100$1800$$2 Level 4 monsters$$Once per turn: You can detach 1 Xyz Material from this card, then target 1 Defense Position monster on the field; change it to face-up Attack Position, and if you do, it loses 600 ATK.$$$Flips monsters face-up/Changes battle positions$Ignition$
64554883$Number 25: Force Focus$Unlimited$LIGHT$[Machine/Xyz/Effect]$$$6$$$2800$2400$$2 Level 6 monsters$$Once per turn, during either player's turn: You can detach 1 Xyz Material from this card, then target 1 Level 5 or higher Effect Monster your opponent controls; negate the effects of that opponent's face-up monster, until the end of the turn.$$Effect Monster$$Quick$
91949988$Gaia Dragon, the Thunder Charger$Unlimited$WIND$[Dragon/Xyz/Effect]$$$7$$$2600$2100$$2 Level 7 monsters$$You can also Xyz Summon this card by using a Rank 5 or 6 Xyz Monster you control as material. (Transfer its materials to this card.) If this card attacks a Defense Position monster, inflict piercing battle damage.$Xyz Monster$$Transfers$Summon/Continuous$
27337596$Hieratic Dragon King of Atum$Unlimited$LIGHT$[Dragon/Xyz/Effect]$$$6$$$2400$2100$$2 Level 6 Dragon monsters$$Once per turn: You can detach 1 material from this card; Special Summon 1 Dragon monster from your Deck, and make its ATK/DEF 0. This card cannot attack during the turn you activate this effect.$Dragon$$$Ignition/Condition$
64332231$Hieratic Sun Dragon Overlord of Heliopolis$Unlimited$LIGHT$[Dragon/Xyz/Effect]$$$8$$$3000$2400$$2 Level 8 monsters$$Once per turn: You can detach 1 material from this card; Tribute any number of monsters from your hand and/or field (min. 1), then destroy an equal number of cards on the field.$$$Tributes as an effect$Ignition$
90726340$Queen Dragun Djinn$Unlimited$DARK$[Dragon/Xyz/Effect]$$$4$$$2200$1200$$2 Level 4 monsters$$Dragon-Type monsters you control cannot be destroyed by battle, except "Queen Dragun Djinn". Once per turn: You can detach 1 Xyz Material from this card to target 1 Level 5 or higher Dragon-Type monster in your Graveyard; Special Summon that target. It cannot attack this turn, and its effects are negated.$Dragon$$$Continuous/Ignition$
26211048$Inzektor Exa-Stag$Unlimited$DARK$[Insect/Xyz/Effect]$$$5$$$800$800$$2 Level 5 Insect monsters$$Once per turn: You can detach 1 material from this card, then target 1 monster your opponent controls or in their GY; equip that target to this card. This card gains ATK/DEF equal to half the original ATK/DEF of the monster(s) equipped by this effect.$Insect$$Equips monsters from the opponent's field to itself/Equips monsters from the opponent's Graveyard to itself$Ignition/Continuous$
53610653$Bound Wand$Unlimited$SPELL$$$$$$$$$Equip$$$Equip only to a Spellcaster monster that has a Level. It gains ATK equal to its Level x 100. If the equipped monster is destroyed by your opponent's card and sent to the GY, and this card is sent to your GY as a result: You can Special Summon that monster.$Spellcaster$$Activates from your Graveyard$Condition/Continuous-like/Trigger-like$
99004752$Mini-Guts$Unlimited$SPELL$$$$$$$$$$$$Tribute 1 monster, then target 1 face-up monster your opponent controls; its ATK becomes 0 until the End Phase. This turn, when it is destroyed by battle and sent to their Graveyard: Inflict damage to your opponent equal to its original ATK in the Graveyard.$$$Tributes for cost$Cost/Effect/Trigger-like$
26099457$Falling Current$Unlimited$SPELL$$$$$$$$$$$$Target 1 face-up monster you control and declare a Level between 1 and 3; it becomes that Level.$$$Declares a Level$Effect$
52497105$Berserk Scales$Unlimited$SPELL$$$$$$$$$Quick-Play$$$Target 1 face-up monster you control (except a monster that is attacking directly); it gains 1000 ATK, also it cannot attack directly for the rest of this turn. During the End Phase of this turn, it loses 2000 ATK.$$$$Effect/Condition$
89882100$Night Beam$Unlimited$SPELL$$$$$$$$$$$$Target 1 Set Spell/Trap your opponent controls; destroy that target. Your opponent cannot activate the targeted card in response to this card's activation.$$$$Effect/Condition$
25377819$Hieratic Seal of Convocation$Unlimited$SPELL$$$$$$$$$$$$Add 1 "Hieratic" monster from your Deck to your hand.$Supports archetypes /Hieratic$$Adds from Deck to hand$Effect$
51365514$Hieratic Seal of Supremacy$Unlimited$SPELL$$$$$$$$$$$$Special Summon 1 "Hieratic" monster from your hand.$Supports archetypes /Hieratic$$$Effect$
88760522$Evo-Diversity$Unlimited$SPELL$$$$$$$$$$$$Add 1 "Evoltile" or "Evolsaur" monster from your Deck to your hand. You can only activate 1 "Evo-Diversity" per turn.$Supports archetypes /Evoltile/Evolsaur$$Adds from Deck to hand$Effect/Condition$
14154221$Evo-Price$Unlimited$SPELL$$$$$$$$$Continuous$$$Once per turn, if a monster is Special Summoned by the effect of an "Evoltile" monster (except during the Damage Step): You can target 1 card on the field; destroy that target.$Supports archetypes /Evoltile$$Activates upon Special Summon$Trigger-like$
51549976$Final Inzektion$Unlimited$SPELL$$$$$$$$$$$$Send 5 face-up "Inzektor" cards you control to the Graveyard; destroy all cards your opponent controls, also, during the Battle Phase of this turn, your opponent cannot activate monster effects that activate in the hand or Graveyard.$Supports archetypes /Inzektor$$Sends from field to Graveyard for cost$Effect$
87047074$Inzektor Crossbow - Zektarrow$Unlimited$SPELL$$$$$$$$$Equip$$$Equip only to an "Inzektor" monster. It gains 500 ATK. Your opponent cannot activate cards or effects in response to the activation of the equipped monster's effects.$Supports archetypes /Inzektor$$$Condition/Continuous-like$
13032689$Xyz Unit$Unlimited$SPELL$$$$$$$$$Equip$$$Equip only to a face-up Xyz Monster. It gains ATK equal to its Rank x 200. If the equipped monster you control would detach its material to activate its effect: You can detach this card as 1 of the materials.$Xyz Monster$$Replaces detaching own Xyz Materials for cost/Sends itself from field to Graveyard for cost$Condition/Continuous-like/Trigger-like$
50427388$That Wacky Magic!$Unlimited$SPELL$$$$$$$$$$$$Banish all Spell Cards from your Graveyard; destroy all face-up monsters your opponent controls with DEF less than or equal to the number of Spell Cards you banished x 300.$$$$Effect$
86825483$Constellar Belt$Unlimited$SPELL$$$$$$$$$Continuous$$$The activation of LIGHT monsters' effects cannot be negated.$LIGHT$$Prevents the negation of activations$Continuous-like$
13210191$Storm$Unlimited$SPELL$$$$$$$$$$$$Destroy as many Spells/Traps you control as possible, then destroy as many Spells/Traps your opponent controls as possible, up to the number of cards destroyed by this effect.$$$$Effect$
49204190$Nitwit Outwit$Unlimited$TRAP$$$$$$$$$$$$Discard 1 monster, then target 1 face-up monster on the field; it loses ATK equal to the discarded monster's original ATK.$$$Discards for cost$Cost/Effect$
85709845$Gamushara$Unlimited$TRAP$$$$$$$$$$$$When a Defense Position monster you control is targeted for an attack: Change that Defense Position monster to face-up Attack Position. Then, if the attacking monster is destroyed by that battle and sent to the Graveyard: Inflict damage to your opponent equal to that monster's original ATK in the Graveyard.$$$Activates upon attack declaration/Changes battle positions/Activates when it destroys a monster by battle$Activation requirement/Effect/Trigger-like$
12197543$Commander of Swords$Unlimited$TRAP$$$$$$$$$$$$When your opponent draws for their normal draw in their Draw Phase: They reveal the card(s) they drew, then if any is a Spell/Trap Card, you apply 1 of these effects.●Discard all cards they drew.●Destroy 1 Spell/Trap Card they control.$$$Shows the opponent's drawn cards/Your opponent discards$Activation requirement/Effect$
48582558$Bounzer Guard$Unlimited$TRAP$$$$$$$$$$$$Target 1 face-up "Bounzer" monster you control; this turn, it cannot be targeted by other card effects, or be destroyed by battle. This turn, if an opponent's monster attacks, it must target that monster for an attack if it is still on the field.$Supports archetypes /Bounzer$$$Effect$
75987257$Butterflyoke$Unlimited$TRAP$$$$$$$$$$$$When an opponent's monster declares an attack: Target the attacking monster; change that target to Defense Position, and if you do, equip this card to that monster. Once per turn, during either player's Main Phase or Battle Phase: You can change the equipped monster's Battle Position.$$$Activates upon attack declaration/Equips self from field/Changes battle positions$Activation requirement/Effect/Quick-like$
11975962$Hieratic Seal of Banishment$Unlimited$TRAP$$$$$$$$$$$$Tribute 1 "Hieratic" monster, then target 1 card your opponent controls; banish that target.$Supports archetypes /Hieratic$$Tributes for cost$Cost/Effect$
47360060$Hieratic Seal of Reflection$Unlimited$TRAP$$$$$$$$$Counter$$$When a Spell/Trap Card, or monster effect is activated: Tribute 1 "Hieratic" monster; negate the activation, and if you do, destroy it.$Supports archetypes /Hieratic$$Tributes for cost$Activation requirement/Effect$
74854609$Zekt Conversion$Unlimited$TRAP$$$$$$$$$$$$When a face-up "Inzektor" monster you control is targeted for an attack: Target the attacking monster; equip the attack target to that attacking monster. Take control of the equipped monster while it is equipped with an "Inzektor" monster by this effect.$Supports archetypes /Inzektor$$Changes control$Activation requirement/Effect/Condition$
00259314$Inzektor Gauntlet$Unlimited$TRAP$$$$$$$$$$$$Target 1 face-up "Inzektor" monster you control; equip this card to that target. It gains 1000 DEF, and cannot be destroyed by your opponent's card effects.$Supports archetypes /Inzektor$$Equips self from field$Effect/Continuous-like$
$Return$$TRAP$$$$$$$$$$$$When your opponent adds a card(s) from the Graveyard to their hand: They must shuffle 1 of those cards into their Deck.$$$$$
73632127$Dimension Slice$Unlimited$TRAP$$$$$$$$$$$$When a monster(s) is Special Summoned to your side of the field (except during the Damage Step): Target 1 face-up monster your opponent controls; banish that target. If the Summon is an Xyz Summon, you can activate this card the turn it was Set.$Xyz Monster$$Activates upon Special Summon$Trigger-like/Condition$
05037726$Spiritual Light Art - Hijiri$Unlimited$TRAP$$$$$$$$$$$$Tribute 1 LIGHT monster to target 1 banished monster; your opponent can reveal 1 Trap Card from their hand to negate this card's effect, otherwise you Special Summon that monster.$LIGHT$$Tributes for cost/Reveals your opponent's hand$Cost/Effect$
42425831$Sealing Ceremony of Raiton$Unlimited$TRAP$$$$$$$$$Continuous$$$Once per turn: You can return 1 face-up WIND monster you control to the bottom of the Main Deck to target up to 2 cards in your opponent's Graveyard; banish those targets.$WIND$$Returns from field to Deck for cost$Quick-like$
78910579$Aquamirror Cycle$Unlimited$TRAP$$$$$$$$$$$$Target 1 WATER monster you control and 2 WATER monsters in your Graveyard; shuffle the first target into the Deck, and if you do, add the second targets to your hand.$WATER$$Returns from your field to your Deck/Adds from Graveyard to hand$Effect$
05914184$Double Payback$Unlimited$TRAP$$$$$$$$$Continuous$$$Activate only when you take 1000 or more damage from your opponent's card effect: Place 1 Payback Counter on this card for every 1000 damage you took. During the End Phase of your opponent's next turn: Destroy this card, and if you do, inflict 2000 damage to your opponent for each Payback Counter on this card.$$$Activates if you take effect damage$Activation requirement/Effect/Trigger-like$
38520918$Ancient Dragon$Unlimited$LIGHT$[Dragon/Effect]$$$$$4$1400$1300$$$$When this card inflicts battle damage to your opponent by a direct attack: You can increase this card's Level by 1 and ATK by 500.$$$Activates when it inflicts battle damage$Trigger$
64514622$Hieratic Seal of the Dragon King$Unlimited$LIGHT$[Dragon/Gemini/Effect]$$$$$6$0$0$$$$This card is treated as a Normal Monster while face-up on the field or in the Graveyard. While this card is face-up on the field, you can Normal Summon it to have it become an Effect Monster with this effect.● You can Tribute this card; Special Summon 1 "Hieratic" monster, except "Hieratic Seal of the Dragon King", from your hand, Deck or Graveyard, in face-up Defense Position.$Supports archetypes /Hieratic$$Tributes itself for cost$Unclassified/Condition/Ignition$
91903221$Evoltile Elginero$Unlimited$FIRE$[Reptile/Effect]$$$$$2$0$0$$$$When this card on the field is Tributed and sent to the Graveyard: Draw 1 card, then, you can shuffle 1 Dinosaur-Type monster from your hand into the Deck, then add 1 "Evoltile" monster from your Deck to your hand.$Supports archetypes /Evoltile$$Activates if Tributed/Activates from your Graveyard/You draw cards/Returns from your hand to your Deck/Adds from Deck to hand$Trigger$
27407330$Lightray Grepher$Unlimited$LIGHT$[Warrior/Effect]$$$$$4$1700$1600$$$$You can Special Summon this card (from your hand) by discarding 1 Level 5 or higher LIGHT monster. Once per turn: You can discard 1 LIGHT monster; banish 1 LIGHT monster from your Deck.$LIGHT$$Discards for cost$Unclassified/Ignition$
64892035$Tardy Orc$Unlimited$DARK$[Fiend/Effect]$$$$$4$2200$0$$$$This card cannot attack the turn it is Normal Summoned.$$$$Continuous$
90887783$Draconnection$Unlimited$SPELL$$$$$$$$$$$$Reveal 1 Dragon-Type monster in your hand, add 1 Dragon-Type monster with the same Level from your Deck to your hand, then shuffle the revealed monster into the Deck.$Dragon$$Reveals your hand for effect/Adds from Deck to hand/Returns from your hand to your Deck$Effect$
26285788$Trial and Tribulation$Unlimited$SPELL$$$$$$$$$$$$You can only activate 1 "Trial and Tribulation" per turn. During the End Phase of the turn this card was activated, apply this effect, depending on the number of monsters you Tributed from the field and from your hand this turn, except Tokens.●1: Draw 1 card.●2: Add 2 monsters from your Graveyard to your hand.●3+: Destroy up to 3 face-up cards on the field.$$$You draw cards/Adds from Graveyard to hand$Condition/Lingering$
53670497$Hieratic Seal From the Ashes$Unlimited$TRAP$$$$$$$$$Continuous$$$Once per opponent's turn: You can send 1 "Hieratic" monster from your Deck to your GY. Once per turn, during your turn: You can target 1 of your banished "Hieratic" monsters; return that target to the GY. If this face-up card on the field is sent to the GY: Target 1 "Hieratic" monster in your GY; Special Summon that target.$Supports archetypes /Hieratic$$Sends from your Deck to your Graveyard/Returns the player's banished cards to the Graveyard$Quick-like/Trigger-like$
99064191$Xyz Wrath$Unlimited$TRAP$$$$$$$$$Continuous$$$Once per turn, when a Level 5 or higher monster's effect is activated (except during the Damage Step), and you control an Xyz Monster: You can discard 1 card; negate the effect, and if you do, destroy that monster.$Xyz Monster$$Discards for cost$Quick-like$
80117527$Number 11: Big Eye$Unlimited$DARK$[Spellcaster/Xyz/Effect]$$$7$$$2600$2000$$2 Level 7 monsters$$Once per turn: You can detach 1 material from this card, then target 1 monster your opponent controls; take control of that monster. This card cannot attack the turn this effect is activated.$$$Changes control$Ignition/Condition$
82308875$Number 7: Lucky Straight$Unlimited$LIGHT$[Fairy/Xyz/Effect]$$$7$$$700$700$$3 Level 7 monsters$$You can detach 1 Xyz Material from this card; roll a six-sided die twice and this card's ATK becomes the larger number rolled x 700 until your opponent's next End Phase, then if the total roll was exactly 7, apply 1 of these effects.●Send all other cards on the field to the Graveyard.●Special Summon 1 monster from your hand or from either Graveyard.●Draw 3 cards, then discard 2 cards.$$$Sends from field to Graveyard/You draw cards/Discards for effect$Ignition$
30587695$Beetron$Unlimited$DARK$[Insect/Effect]$$$$$4$1600$900$$$$You can send 1 face-up Spell/Trap you control to the GY, then target 1 Level 4 or lower Insect monster in your GY; Special Summon that Insect monster in Defense Position. You can only use this effect of "Beetron" once per turn.$Insect$$Sends from field to Graveyard for cost$Ignition$
54936498$Influence Dragon$Unlimited$WIND$[Dragon/Tuner/Effect]$$$$$3$300$900$$$$Once per turn: You can target 1 face-up monster you control; it becomes Dragon-Type until the End Phase.$$$$Ignition$
16719802$Bright Star Dragon$Unlimited$LIGHT$[Dragon/Effect]$$$$$4$1900$1000$$$$When this card is Normal Summoned: You can target 1 other face-up monster on the field; increase that target's Level by 2 until the end of this turn.$$$Activates upon Normal Summon$Trigger$
83991690$Buten$Unlimited$LIGHT$[Fairy/Tuner/Effect]$$$$$1$200$300$$$$During your Main Phase: You can banish this card from the Graveyard to target 1 face-up Level 4 or lower LIGHT Fairy-Type monster you control; it is treated as a Tuner monster while face-up on the field.$LIGHT/Fairy/Tuner monster$$Activates from your Graveyard$Ignition$
10389794$Doom Donuts$Unlimited$DARK$[Fiend/Effect]$$$$$1$0$0$$$$FLIP: Destroy all face-up monsters on the field with an original ATK or DEF of 0.$$$$Flip$
46384403$Nimble Manta$Unlimited$WATER$[Fish/Effect]$$$$$2$800$100$$$$When this card is sent from the field to the Graveyard by a card effect: You can Special Summon any number of "Nimble Manta" from your Deck.$$$Activates from your Graveyard$Trigger$
97170107$Shining Elf$Unlimited$WIND$[Spellcaster/Xyz/Effect]$$$2$$$1600$1000$$2 Level 2 monsters$$When your opponent Normal or Special Summons a monster(s) (except during the Damage Step): You can detach 1 Xyz Material from this card; that monster(s) loses 500 ATK.$$$$Trigger$
61807040$Flelf$Unlimited$WIND$[Spellcaster/Effect]$$$$$2$800$1300$$$$Once per turn: You can reveal 1 monster in your hand; increase the Level of this card by the Level of that monster, until the End Phase.$$$Reveals your hand for cost$Ignition$
