Passcode$Name$Status$Attribute$type$link$link_arrows$rank$pendulum_scale$level$attack$defense$spell_attribute$summoning_condition$pendulum_condition$card_text$card_supports$card_anti_supports$card_actions$effect_types$
45286019$Geargiano Mk-III$Unlimited$EARTH$[Machine/Effect]$$$$$3$1000$1000$$$$When this card is Special Summoned by the effect of a "Geargia" card: You can Special Summon 1 "Geargia" monster from your hand or Graveyard in Defense Position, except "Geargiano Mk-III", but its effects are negated. You can only use this effect of "Geargiano Mk-III" once per turn. You cannot Special Summon monsters the turn you activate this effect, except "Geargia" monsters.$Supports archetypes /Geargia$$Activates upon Special Summon$Trigger/Condition$
72370114$Geargiattacker$Unlimited$EARTH$[Machine/Effect]$$$$$4$1900$100$$$$Once per turn: You can change this card to face-down Defense Position. When this card is flipped face-up: You can destroy any number of Spell/Trap Cards on the field, up to the number of other "Geargia" monsters you control.$Supports archetypes /Geargia$$Changes battle positions/Flips itself face-down/Activates upon being flipped face-up$Ignition/Trigger$
47687766$Geargiauger$Unlimited$EARTH$[Machine/Effect]$$$$$4$500$500$$$$When this card is Normal Summoned: You can add 1 Level 4 EARTH Machine-Type monster from your Deck to your hand, except "Geargiauger", also you cannot declare attacks, nor Special Summon monsters except Machine-Type monsters, for the rest of this turn.$EARTH/Machine$$Adds from Deck to hand$Trigger$
71786742$Geargiano$Unlimited$EARTH$[Machine/Effect]$$$$$3$500$1000$$$$You can Tribute this card, then target 1 Level 4 Machine-Type monster in your Graveyard; Special Summon it, but its effects are negated.$Machine$$Tributes itself for cost$Ignition$
01045143$Geargiano Mk-II$Unlimited$EARTH$[Machine/Effect]$$$$$3$1000$500$$$$When this card is Normal or Flip Summoned: You can Special Summon 1 "Geargia" monster from your hand or Graveyard in Defense Position.$Supports archetypes /Geargia$$Activates upon Normal Summon/Activates upon Flip Summon$Trigger$
47030842$Geargiaccelerator$Unlimited$EARTH$[Machine/Effect]$$$$$4$1400$800$$$$If you control a "Geargia" monster, you can Special Summon this card (from your hand) in Defense Position. When this card is sent from the field to the Graveyard: You can target 1 "Geargia" monster in your Graveyard, except "Geargiaccelerator"; add that target to your hand.$Supports archetypes /Geargia$$Activates from your Graveyard/Adds from Graveyard to hand$Summon/Trigger$
73428497$Geargiarsenal$Unlimited$EARTH$[Machine/Effect]$$$$$4$1500$500$$$$This card gains 200 ATK for each "Geargia" monster you control. You can Tribute this card; Special Summon 1 "Geargia" monster from your Deck in Defense Position, except "Geargiarsenal".$Supports archetypes /Geargia$$Tributes itself for cost$Continuous/Ignition$
00923596$Geargiarmor$Unlimited$EARTH$[Machine/Effect]$$$$$4$1100$1900$$$$Once per turn: You can change this card to face-down Defense Position. When this card is flipped face-up: You can add 1 "Geargia" monster from your Deck to your hand, except "Geargiarmor".$Supports archetypes /Geargia$$Changes battle positions/Flips itself face-down/Activates upon being flipped face-up/Adds from Deck to hand$Ignition/Trigger$
41172955$Green Gadget$Unlimited$EARTH$[Machine/Effect]$$$$$4$1400$600$$$$When this card is Normal or Special Summoned: You can add 1 "Red Gadget" from your Deck to your hand.$Red Gadget$$Activates upon Normal Summon/Activates upon Special Summon/Adds from Deck to hand$Trigger$
86445415$Red Gadget$Unlimited$EARTH$[Machine/Effect]$$$$$4$1300$1500$$$$When this card is Normal or Special Summoned: You can add 1 "Yellow Gadget" from your Deck to your hand.$Yellow Gadget$$Activates upon Normal Summon/Activates upon Special Summon/Adds from Deck to hand$Trigger$
13839120$Yellow Gadget$Unlimited$EARTH$[Machine/Effect]$$$$$4$1200$1200$$$$When this card is Normal or Special Summoned: You can add 1 "Green Gadget" from your Deck to your hand.$Green Gadget$$Activates upon Normal Summon/Activates upon Special Summon/Adds from Deck to hand$Trigger$
86321248$Ancient Gear Gadjiltron Chimera$Unlimited$EARTH$[Machine/Effect]$$$$$6$2300$1300$$$$This card gains the appropriate effects if you Normal Summon it by Tributing these monsters.●Green Gadget: This card gains 300 ATK.●Red Gadget: If this card inflicts battle damage to your opponent by a direct attack: Inflict 500 damage to your opponent.●Yellow Gadget: If this card destroys an opponent's monster by battle: Inflict 700 damage to your opponent.$Green Gadget/Red Gadget/Yellow Gadget$$$Condition/Continuous/Trigger$
50933533$Ancient Gear Gadjiltron Dragon$Unlimited$EARTH$[Machine/Effect]$$$$$8$3000$2000$$$$If this card attacks, your opponent cannot activate any Spell/Trap Cards until the end of the Damage Step. This card gains the appropriate effects if you Normal Summon it by Tributing these monsters.●Green Gadget: If this card attacks a Defense Position monster, inflict piercing battle damage to your opponent.●Red Gadget: If this card inflicts battle damage to your opponent: Inflict 400 damage to your opponent.●Yellow Gadget: If this card destroys an opponent's monster by battle: Inflict 600 damage to your opponent.$Green Gadget/Red Gadget/Yellow Gadget$$$Continuous/Condition/Trigger$
42851643$Jumbo Drill$Unlimited$EARTH$[Machine/Effect]$$$$$4$1800$100$$$$When this card is Normal Summoned: You can increase the Levels of all Machine-Type monsters you currently control by 1. If this card attacks a Defense Position monster, inflict piercing Battle Damage to your opponent. If this card attacks, it is changed to Defense Position at the end of the Damage Step.$Machine$$Activates upon Normal Summon/Changes battle positions$Trigger/Continuous$
24419823$Minefieldriller$Unlimited$EARTH$[Machine/Effect]$$$$$4$1500$1500$$$$When this face-up card you control leaves the field and is still in your possession: You can target 1 Field Spell Card in your Graveyard; add that target to your hand.$Field Spell Card$$Activates when it leaves the field/Adds from Graveyard to hand$Trigger$
85087012$Card Trooper$Unlimited$EARTH$[Machine/Effect]$$$$$3$400$400$$$$Once per turn: You can choose a number from 1 to 3, then send that many cards from the top of your Deck to the GY; this card gains 500 ATK for each card sent to the GY this way, until the end of this turn. If this card you control is destroyed and sent to your GY: Draw 1 card.$$$Sends from the top of your Deck to your Graveyard for cost/Activates if destroyed by battle/Activates if destroyed by card effect/Activates from your Graveyard/You draw cards$Ignition/Trigger$
18964575$Swift Scarecrow$Unlimited$EARTH$[Machine/Effect]$$$$$1$0$0$$$$When an opponent's monster declares a direct attack (Quick Effect): You can discard this card; negate the attack, then end the Battle Phase.$$$Activates from your hand/Activates upon attack declaration/Discards itself for cost/Ends the Battle Phase$Quick$
31768112$Oilman$Unlimited$EARTH$[Machine/Union/Effect]$$$$$2$400$400$$$$Once per turn, you can either: Target 1 Machine-Type monster you control; equip this card to that target, OR: Unequip this card and Special Summon it in Attack Position. While equipped by this effect, if the equipped monster destroys an opponent's monster by battle: Draw 1 card. (A monster can only be equipped with 1 Union monster at a time. If the equipped monster would be destroyed, destroy this card instead.)$Machine$Union monster$Equips self from field/Activates when it destroys a monster by battle/You draw cards$Ignition/Ignition-like/Trigger-like/Condition/Continuous-like$
23265594$Heavy Mech Support Platform$Unlimited$DARK$[Machine/Union/Effect]$$$$$3$500$500$$$$Once per turn, you can either: Target 1 Machine monster you control; equip this card to that target, OR: Unequip this card and Special Summon it. A monster equipped with this card gains 500 ATK/DEF, also if the equipped monster would be destroyed by battle or card effect, destroy this card instead.$Machine$$Equips self from field$Ignition/Ignition-like/Continuous-like$
97017120$Giant Rat$Unlimited$EARTH$[Beast/Effect]$$$$$4$1400$1450$$$$When this card is destroyed by battle and sent to the GY: You can Special Summon 1 EARTH monster with 1500 or less ATK from your Deck in Attack Position.$EARTH$$Activates from your Graveyard$Trigger$
37694547$Geartown$Unlimited$SPELL$$$$$$$$$Field$$$Both players can Normal Summon "Ancient Gear" monsters for 1 less Tribute. When this card is destroyed and sent to the GY: You can Special Summon 1 "Ancient Gear" monster from your hand, Deck, or GY.$Supports archetypes /Ancient Gear$$Activates if destroyed by card effect/Activates from your Graveyard$Continuous-like/Trigger-like$
23171610$Limiter Removal$Unlimited$SPELL$$$$$$$$$Quick-Play$$$Double the ATK of all Machine monsters you currently control, until the end of this turn. During the End Phase of this turn, destroy those monsters.$Machine$$$Effect/Lingering$
25518020$Machine Assembly Line$Unlimited$SPELL$$$$$$$$$Continuous$$$All Machine monsters on the field gain 200 ATK. Each time a face-up Machine monster(s) on the field is destroyed by battle or card effect, place 2 Junk Counters on this card. You can send this card to the GY, then target 1 Machine monster in your GY whose Level is less than or equal to the number of Junk Counters that were on this card; Special Summon that target.$Machine$$Activates if destroyed by battle/Activates if destroyed by card effect/Sends itself from field to Graveyard for cost$Continuous-like/Ignition-like$
66788016$Fissure$Unlimited$SPELL$$$$$$$$$$$$Destroy the 1 face-up monster your opponent controls that has the lowest ATK (your choice, if tied).$$$$Effect$
97169186$Smashing Ground$Unlimited$SPELL$$$$$$$$$$$$Destroy the 1 face-up monster your opponent controls that has the highest DEF (your choice, if tied).$$$$Effect$
43422537$Double Summon$Unlimited$SPELL$$$$$$$$$$$$You can conduct 2 Normal Summons/Sets this turn, not just 1.$$$$Effect$
31036355$Creature Swap$Unlimited$SPELL$$$$$$$$$$$$Each player chooses 1 monster they control and switches control of those monsters with each other. Those monsters cannot change their battle positions for the rest of this turn.$$$Changes control/Prevents Battle Position changes$Effect/Condition$
73628505$Terraforming$Limited$SPELL$$$$$$$$$$$$Add 1 Field Spell from your Deck to your hand.$Field Spell Card$$Adds from Deck to hand$Effect$
06148016$Geargiagear$Unlimited$TRAP$$$$$$$$$$$$Special Summon 2 "Geargiano" monsters from your Deck and increase their Levels by 1. You can only activate 1 "Geargiagear" per turn.$Supports archetypes /Geargiano $$$Effect/Condition$
13955608$Stronghold the Moving Fortress$Unlimited$TRAP$$$$$$$$$Continuous$$$Special Summon this card in Defense Position as an Effect Monster (Machine/EARTH/Level 4/ATK 0/DEF 2000). (This card is also still a Trap.) While you control "Green Gadget", "Red Gadget", and "Yellow Gadget", this card gains 3000 ATK.$Green Gadget/Red Gadget/Yellow Gadget$$$Effect/Condition/Continuous-like$
68540058$Metalmorph$Unlimited$TRAP$$$$$$$$$$$$Target 1 face-up monster on the field; equip this card to that target. It gains 300 ATK/DEF. If it attacks, it gains ATK equal to half the ATK of the attack target, during damage calculation only.$$$Equips self from field$Effect/Continuous-like$
12503902$Rare Metalmorph$Unlimited$TRAP$$$$$$$$$Continuous$$$Activate this card by targeting 1 Machine monster on the field; while this card is face-up on the field, that Machine monster gains 500 ATK, also negate the first Spell effect that targets that monster. When that monster leaves the field, destroy this card.$Machine$$$Continuous-like$
91597389$Roll Out!$Unlimited$TRAP$$$$$$$$$$$$Target 1 Union monster in your GY; equip that target to an appropriate monster you control for that Union monster's effect.$Union monster$$Places cards from Graveyard in Spell & Trap Zone$Effect$
19891310$Geargiagear Gigant XG$Unlimited$EARTH$[Machine/Xyz/Effect]$$$3$$$2500$1300$$3 Level 3 monsters$$During either player's Battle Step, while an attack involving your Machine-Type monster is occurring: You can detach 1 Xyz Material from this card; negate the effects of all face-up cards your opponent currently controls, also your opponent cannot activate cards or effects. These effects last until the end of the Damage Step. When this face-up card leaves the field: You can target 1 other "Geargia" card in your Graveyard; add that target to your hand.$Supports archetypes /Geargia$$Activates when it leaves the field/Returns from Graveyard to hand$Quick/Condition/Trigger$
28912357$Gear Gigant X$Unlimited$EARTH$[Machine/Xyz/Effect]$$$4$$$2300$1500$$2 Level 4 Machine monsters$$Once per turn: You can detach 1 material from this card; add 1 Level 4 or lower Machine monster from your Deck or GY to your hand. When this face-up card leaves the field: You can target 1 Level 3 or lower "Geargia" monster in your GY; Special Summon that target.$Supports archetypes /Geargia$$Adds from Deck to hand/Adds from Graveyard to hand/Activates when it leaves the field$Ignition/Trigger$
