Passcode$Name$Status$Attribute$type$link$link_arrows$rank$pendulum_scale$level$attack$defense$spell_attribute$summoning_condition$pendulum_condition$card_text$card_supports$card_anti_supports$card_actions$effect_types$
96457619$Xyz Veil$Unlimited$TRAP$$$$$$$$$Continuous$$$Face-up Xyz Monsters with Xyz Material cannot be targeted by card effects.$Xyz Monster$$$Continuous-like$
26082117$Gagaga Magician$Unlimited$DARK$[Spellcaster/Effect]$$$$$4$1500$1000$$$$Once per turn: You can declare a Level from 1 to 8; this card becomes that Level until the End Phase. You can only control 1 "Gagaga Magician". This card cannot be used as a Synchro Material Monster.$$$Declares a Level$Ignition/Unclassified/Condition$
62476815$Gogogo Golem$Unlimited$EARTH$[Rock/Effect]$$$$$4$1800$1500$$$$Once per turn, this Defense Position card cannot be destroyed by battle.$$$$Continuous$
98865920$Achacha Archer$Unlimited$FIRE$[Warrior/Effect]$$$$$3$1200$600$$$$When this card is Normal or Flip Summoned: Inflict 500 damage to your opponent.$$$Activates upon Normal Summon/Activates upon Flip Summon$Trigger$
25259669$Goblindbergh$Unlimited$EARTH$[Warrior/Effect]$$$$$4$1400$0$$$$When this card is Normal Summoned: You can Special Summon 1 Level 4 or lower monster from your hand, also, after that, change this card to Defense Position.$$$Changes battle positions$Trigger$
51254277$Big Jaws$Unlimited$WATER$[Fish/Effect]$$$$$3$1800$300$$$$At the end of the Battle Phase, if this card attacked: Banish it.$$$$Trigger$
98649372$Skull Kraken$Unlimited$DARK$[Aqua/Effect]$$$$$3$600$1600$$$$When this card is Normal Summoned: You can target 1 face-up Spell Card your opponent controls; destroy that target. Once per turn: You can change the Battle Position of this card.$$$Changes battle positions$Trigger/Ignition$
24137081$Drill Barnacle$Unlimited$WATER$[Aqua/Effect]$$$$$3$300$0$$$$This card can attack your opponent directly. Each time this card inflicts Battle Damage to your opponent by a direct attack: This card gains 1000 ATK.$$$$Continuous/Trigger$
50532786$Jawsman$Unlimited$WATER$[Beast-Warrior/Effect]$$$$$6$2600$1600$$$$Cannot be Special Summoned. If you Tribute Summon this card, all Tributes must be WATER. This card gains 300 ATK for each face-up WATER monster you control, except this card.$WATER$$$Summon/Continuous$
87526784$Crashbug X$Unlimited$DARK$[Fiend/Effect]$$$$$3$0$2000$$$$When this card is Normal Summoned: You can Special Summon 1 "Crashbug Z" from your Deck. You must control a face-up "Crashbug Y" to activate and to resolve this effect.$Crashbug Y/Crashbug Z$$$Trigger$
23915499$Crashbug Y$Unlimited$DARK$[Fiend/Effect]$$$$$3$1400$1600$$$$When this card is Normal Summoned: You can Special Summon 1 "Crashbug X" from your Deck. You must control a face-up "Crashbug Z" to activate and to resolve this effect.$Crashbug Z/Crashbug X$$$Trigger$
50319138$Crashbug Z$Unlimited$DARK$[Fiend/Effect]$$$$$3$0$1500$$$$When this card is Normal Summoned: You can Special Summon 1 "Crashbug Y" from your Deck. You must control a face-up "Crashbug X" to activate and to resolve this effect.$Crashbug X/Crashbug Y$$$Trigger$
86804246$Super Crashbug$Unlimited$DARK$[Fiend/Effect]$$$$$4$0$3000$$$$Cannot be Normal Summoned or Set. Must first be Special Summoned (from your hand) in face-up Defense Position, by banishing "Crashbug X", "Crashbug Y", and "Crashbug Z" from your Graveyard. Switch the ATK and DEF of all face-up Attack Position monsters on the field. There can only be 1 face-up "Super Crashbug" on the field.$Crashbug X/Crashbug Y/Crashbug Z$$$Summon/Continuous/Unclassified$
12299841$Wind-Up Soldier$Unlimited$EARTH$[Warrior/Effect]$$$$$4$1800$1200$$$$During your Main Phase: You can increase this card's Level by 1 and ATK by 400, until the End Phase. This effect can only be used once while this card is face-up on the field.$$$$Ignition$
59297550$Wind-Up Magician$Unlimited$FIRE$[Spellcaster/Effect]$$$$$4$600$1800$$$$If the effect of a "Wind-Up" monster is activated, except "Wind-Up Magician": You can Special Summon 1 Level 4 or lower "Wind-Up" monster from your Deck in face-up Defense Position. This effect can only be used once while this card is face-up on the field.$Supports archetypes /Wind-Up$$$Trigger$
85682655$Wind-Up Juggler$Unlimited$WIND$[Psychic/Effect]$$$$$4$1700$1000$$$$After damage calculation, if this card battled an opponent's monster: You can destroy that opponent's monster. This effect can be used only once while this card is face-up on the field.$$$$Trigger$
12076263$Wind-Up Dog$Unlimited$EARTH$[Beast/Effect]$$$$$3$1200$900$$$$During your Main Phase: You can increase this card's Level by 2 and ATK by 600, until the End Phase. This effect can be used only once while this card is face-up on the field.$$$$Ignition$
58475908$Wind-Up Snail$Unlimited$WATER$[Aqua/Effect]$$$$$2$100$2000$$$$During your Main Phase: You can target 1 Set card on the field; return that target to the hand. This effect can be used only once while this card is face-up on the field.$$$Returns from field to hand$Ignition$
84569017$Spearfish Soldier$Unlimited$WIND$[Sea Serpent/Effect]$$$$$4$1700$1100$$$$This card gains 100 ATK for each of your banished Fish, Sea Serpent, and Aqua-Type monsters.$Fish/Sea Serpent/Aqua$$$Continuous$
11954712$Flyfang$Unlimited$WIND$[Fish/Effect]$$$$$3$1600$300$$$$If this card attacks a Defense Position monster, inflict piercing Battle Damage to your opponent. At the end of the Battle Phase, if this card inflicted Battle Damage to your opponent: Banish this card until your next Standby Phase.$$$Returns itself to the field while banished$Continuous/Trigger$
47349310$Skystarray$Unlimited$WIND$[Sea Serpent/Effect]$$$$$3$600$300$$$$This card can attack your opponent directly. At the end of the Battle Phase, if this card attacked directly: Banish this card until your next Standby Phase.$$$Returns itself to the field while banished$Continuous/Trigger$
84747429$Airorca$Unlimited$WIND$[Sea Serpent/Effect]$$$$$3$1400$300$$$$Once per turn: You can banish 1 Fish, Sea Serpent, or Aqua-Type monster from your hand, then target 1 face-up card your opponent controls; destroy that target, then banish this card until your next Standby Phase.$Fish/Sea Serpent/Aqua$$Returns itself to the field while banished$Ignition$
10132124$Wingtortoise$Unlimited$WIND$[Aqua/Effect]$$$$$3$1500$1400$$$$When a face-up Fish, Sea Serpent, or Aqua-Type monster(s) you control is banished: You can Special Summon this card from your hand or Graveyard. (The banished monster(s) must be Fish, Sea Serpent, or Aqua-Type even after being banished.)$Fish/Sea Serpent/Aqua$$Activates from your Graveyard$Trigger$
47126872$Space-Time Police$Unlimited$WIND$[Psychic/Effect]$$$$$5$2300$1500$$$$When this card is Special Summoned: Target 1 face-up card your opponent controls; banish that target. When this card leaves the field: Set the card that was banished by this effect to your opponent's side of the field.$$$Activates upon Special Summon/Activates when it leaves the field$Trigger$
73625877$Time Escaper$Unlimited$EARTH$[Psychic/Effect]$$$$$2$500$100$$$$During either player's turn: You can discard this card, then target 1 Psychic-Type monster you control; banish it until your next Standby Phase.$Psychic$$Activates from your hand/Discards itself for cost/Returns banished cards to the field$Quick$
19019586$Gem-Elephant$Unlimited$EARTH$[Rock/Effect]$$$$$3$400$1900$$$$During your Main Phase: You can return this face-up card on the field to the hand. During damage calculation, if this card attacked or was attacked: You can send 1 Normal Monster from your hand to the Graveyard; this card gains 1000 DEF.$Normal Monster$$Returns itself from field to hand/Sends from hand to Graveyard for cost$Ignition/Quick$
46404281$Laval Magma Cannoneer$Unlimited$FIRE$[Pyro/Effect]$$$$$4$1700$200$$$$Up to twice per turn: You can send 1 FIRE monster from your hand to the Graveyard; inflict 500 damage to your opponent.$FIRE$$Sends from hand to Graveyard for cost/Sends from your hand to your Graveyard$Ignition$
72403299$Gishki Diviner$Unlimited$WATER$[Sea Serpent/Effect]$$$$$3$1200$800$$$$Once per turn: You can declare 1 card name; reveal the top card of your Deck, and if it is the declared card, add it to your hand. Otherwise, return it to the top of the Deck.$$$Declares a card name/Excavates from the player's Deck/Adds excavated cards to the hand/Adds from Deck to hand/Places excavated cards on the top of the Deck/Places cards from the Deck on the top of the Deck$Ignition$
09897998$Gusto Codor$Unlimited$WIND$[Winged Beast/Effect]$$$$$3$1000$400$$$$When this card destroys an opponent's monster by battle and sends it to the Graveyard: You can Special Summon 1 WIND Psychic-Type monster with 1500 or less DEF from your Deck.$WIND/Psychic$$$Trigger$
45282603$Saambell the Summoner$Unlimited$WIND$[Spellcaster/Effect]$$$$$2$600$400$$$$During your Main Phase: You can Special Summon 1 monster from your hand with the same Level as this card. This effect can only be used once while this card is face-up on the field.$$$$Ignition$
71786742$Geargiano$Unlimited$EARTH$[Machine/Effect]$$$$$3$500$1000$$$$You can Tribute this card, then target 1 Level 4 Machine-Type monster in your Graveyard; Special Summon it, but its effects are negated.$Machine$$Tributes itself for cost$Ignition$
08175346$Poki Draco$Unlimited$FIRE$[Dragon/Effect]$$$$$3$200$100$$$$When this card is Normal Summoned: You can add 1 "Poki Draco" from your Deck to your hand.$$$Activates upon Normal Summon/Adds from Deck to hand/Adds copies of itself to hand$Trigger$
34160055$Master of the Flaming Dragonswords$Unlimited$FIRE$[Warrior/Effect]$$$$$4$1800$1200$$$$When a monster is Normal Summoned to your side of the field, except "Master of the Flaming Dragonswords": You can increase that monster's Level by 1, and this card gains 300 ATK until the End Phase.$$$Activates upon Normal Summon$Trigger$
71564150$Perditious Puppeteer$Unlimited$DARK$[Fiend/Effect]$$$$$7$2700$500$$$$Once per turn: You can discard 1 card; gain control of all face-up Level 3 or lower monsters your opponent controls, until the End Phase. These monsters cannot activate their effects, and cannot be Tributed or used as a Synchro Material Monster.$$$Discards for cost/Changes control/Cannot be Tributed$Ignition$
07953868$Blue-Blooded Oni$Unlimited$DARK$[Zombie/Effect]$$$$$4$1000$1700$$$$When this card is Normal or Flip Summoned: It is changed to Defense Position. Once per turn: You can detach 1 Xyz Material you control to target 1 Level 4 Zombie-Type monster in your Graveyard; Special Summon that target.$Xyz Monster/Zombie$$Activates upon Normal Summon/Activates upon Flip Summon/Changes battle positions/Detaches Xyz Materials for cost$Trigger/Ignition$
33347467$Ghost Ship$Unlimited$LIGHT$[Fiend/Effect]$$$$$5$1900$1000$$$$Cannot be Normal Summoned or Set. Must first be Special Summoned (from your hand) by banishing 1 LIGHT monster from your Graveyard.$LIGHT$$$Summon$
70832512$Absolute Crusader$Unlimited$EARTH$[Warrior/Effect]$$$$$4$1800$1200$$$$If a Level 5 or higher monster(s) is Special Summoned: Tribute this face-up card; destroy that Level 5 or higher monster(s).$$$Activates upon Special Summon/Tributes itself for cost$Trigger$
06836211$The Great Emperor Penguin$Unlimited$WATER$[Aqua/Effect]$$$$$5$1800$1500$$$$You can Tribute this card; Special Summon up to 2 "Penguin" monsters from your Deck, except "The Great Emperor Penguin".$Supports archetypes /Penguin$$Tributes itself for cost$Ignition$
33225925$Milla the Temporal Magician$Unlimited$LIGHT$[Spellcaster/Effect]$$$$$4$1800$1000$$$$When this card is Normal Summoned: Target 1 Set card your opponent controls; look at it. Your opponent cannot activate Spell/Trap Cards in response to this effect's activation.$$$Activates upon Normal Summon/Reveals face-down cards$Trigger$
69610924$Number 17: Leviathan Dragon$Unlimited$WATER$[Dragon/Xyz/Effect]$$$3$$$2000$0$$2 Level 3 monsters$$Cannot attack directly unless it has material. Once per turn: You can detach 1 material from this card; it gains 500 ATK.$$$$Ignition/Continuous$
05014629$Submersible Carrier Aero Shark$Unlimited$WATER$[Fish/Xyz/Effect]$$$3$$$1900$1000$$2 Level 3 monsters$$Once per turn: You can detach 1 Xyz Material from this card; inflict 100 damage to your opponent for each of your banished monsters.$$$$Ignition$
32003338$Number 34: Terror-Byte$Unlimited$DARK$[Machine/Xyz/Effect]$$$3$$$0$2900$$3 Level 3 monsters$$Once per turn: You can detach 1 Xyz Material from this card to target 1 Level 4 or lower Attack Position monster your opponent controls; gain control of it until the End Phase.$$$Changes control$Ignition$
68597372$Wind-Up Zenmaister$Unlimited$EARTH$[Machine/Xyz/Effect]$$$4$$$1900$1500$$2 Level 4 monsters$$This card gains 300 ATK for each Xyz Material attached to this card. Once per turn: You can detach 1 Xyz Material from this card to target 1 face-up monster you control; change that face-up monster to face-down Defense Position, and if you do, during the End Phase of this turn, change it to face-up Attack Position.$$$Flips monsters face-down/Flips monsters face-up/Changes battle positions$Continuous/Ignition$
95992081$Leviair the Sea Dragon$Unlimited$WIND$[Aqua/Xyz/Effect]$$$3$$$1800$1600$$2 Level 3 monsters$$Once per turn: You can detach 1 material from this card, then target 1 banished Level 4 or lower monster; Special Summon that target to your field.$$$$Ignition$
31386180$Tiras, Keeper of Genesis$Unlimited$LIGHT$[Fairy/Xyz/Effect]$$$5$$$2600$1700$$2 Level 5 monsters$$This card's effects can only be applied/resolved while it has Xyz Material. This card cannot be destroyed by card effects. At the end of the Battle Phase, if this card attacked or was attacked: Target 1 card your opponent controls; destroy that target. During each of your End Phases: Detach 1 Xyz Material from this card.$$$Applies effects if Xyz Material is attached/Detaches Xyz Materials for effect$Condition/Continuous/Trigger$
67775894$Wonder Wand$Unlimited$SPELL$$$$$$$$$Equip$$$Equip only to a Spellcaster monster. It gains 500 ATK. If you control the equipped monster and this card: You can send both to the GY; draw 2 cards.$Spellcaster$$Sends from field to Graveyard for cost/Sends itself from field to Graveyard for cost/You draw cards$Condition/Continuous-like/Ignition-like$
94770493$Double or Nothing!$Unlimited$SPELL$$$$$$$$$Quick-Play$$$When a monster's attack is negated: Target that monster; it can make a second attack during this Battle Phase, and if it does, its ATK is doubled during the Damage Step only.$$$$Activation requirement/Effect$
20264508$Thunder Short$Unlimited$SPELL$$$$$$$$$$$$Inflict 400 damage to your opponent for each monster they control.$$$$Effect$
07653207$Aqua Jet$Unlimited$SPELL$$$$$$$$$$$$Target 1 face-up Fish, Sea Serpent, or Aqua-Type monster you control; it gains 1000 ATK.$Fish/Sea Serpent/Aqua$$$Effect$
33057951$Surface$Unlimited$SPELL$$$$$$$$$$$$Target 1 Level 3 or lower Fish, Sea Serpent, or Aqua monster in your GY; Special Summon it in Defense Position.$Fish/Sea Serpent/Aqua$$$Effect$
69042950$Crashbug Road$Unlimited$SPELL$$$$$$$$$Quick-Play$$$Each player can Special Summon 1 monster from their hand with the same Level as 1 face-up Level 4 or lower monster they control.$$$$Effect$
06430659$Infected Mail$Unlimited$SPELL$$$$$$$$$Continuous$$$Once per turn: You can target 1 Level 4 or lower monster you control; it can attack your opponent directly this turn. Send it to the Graveyard at the end of the Battle Phase.$$$Sends from your field to your Graveyard$Ignition-like$
32835363$Cracking$Unlimited$SPELL$$$$$$$$$Continuous$$$Once per turn, when a monster(s) is sent from the field to the Graveyard by a card effect: Inflict 800 damage to the owner of the monster(s).$$$$Trigger-like$
69320362$Legendary Wind-Up Key$Unlimited$SPELL$$$$$$$$$Quick-Play$$$Change all face-up "Wind-Up" monsters you control to face-down Defense Position.$Supports archetypes /Wind-Up$$Flips monsters face-down$Effect$
95714077$Wind-Up Factory$Unlimited$SPELL$$$$$$$$$Continuous$$$Once per turn, if an effect of a "Wind-Up" monster is activated (except during the Damage Step): You can add 1 Level 4 or lower "Wind-Up" monster from your Deck to your hand.$Supports archetypes /Wind-Up$Anti-supports archetypes /Wind-Up$Adds from Deck to hand$Trigger-like$
32703716$Fish and Kicks$Unlimited$SPELL$$$$$$$$$$$$If you have 3 or more banished Fish, Sea Serpent, or Aqua-Type monsters: Target 1 card on the field; banish it.$Fish/Sea Serpent/Aqua$$$Effect$
64107820$Future Glow$Unlimited$SPELL$$$$$$$$$Continuous$$$Activate this card by banishing 1 Psychic-Type monster from your Graveyard, and note its Level; all Psychic-Type monsters you control gain ATK equal to that Level x 200.$Psychic$$$Cost/Continuous-like$
90592429$Vylon Filament$Unlimited$SPELL$$$$$$$$$Equip$$$Equip only to a "Vylon" monster. If the equipped monster attacks, your opponent cannot activate any Spell/Trap Cards until the end of the Damage Step. If this face-up card on the field is sent to the Graveyard: You can add 1 "Vylon" Spell Card from your Deck to your hand.$Supports archetypes /Vylon$$Adds from Deck to hand/Activates from your Graveyard$Condition/Continuous-like/Trigger-like$
27980138$Quill Pen of Gulldos$Unlimited$SPELL$$$$$$$$$$$$Target 2 WIND monsters in your GY and 1 card on the field; shuffle both of those first 2 targets into your Deck, and if you do, return the other to the hand.$WIND$$Returns from your Graveyard to your Deck/Returns from field to hand$Effect$
63485233$Star Changer$Unlimited$SPELL$$$$$$$$$Quick-Play$$$Target 1 face-up monster on the field and activate 1 of these effects;● Increase that target's Level by 1.● Reduce that target's Level by 1.$$$$Effect$
90470931$Oni-Gami Combo$Unlimited$SPELL$$$$$$$$$$$$Target 1 face-up Xyz Monster you control and detach all of its Xyz Material; this turn, that target can attack twice during the same Battle Phase.$Xyz Monster$$Detaches Xyz Materials for cost$Cost/Effect$
26864586$Resonance Device$Unlimited$SPELL$$$$$$$$$$$$Target 2 face-up monsters you control with the same Type and Attribute; change one of their Levels to the current Level of the other, until the End Phase.$$$$Effect$
52263685$Peeking Goblin$Unlimited$SPELL$$$$$$$$$$$$Your opponent reveals the top 3 cards of their Deck. Choose one to place on the bottom of the Deck and place the other two on top of the Deck in any order.$$$Excavates from the opponent's Deck/Places excavated cards on the top of the Deck/Places cards from opponent's Deck on the top of the Deck/Places excavated cards on the bottom of the Deck/Places cards from opponent's Deck on the bottom of the Deck/Changes opponent's Deck order$Effect$
99657399$Asleep at the Switch$Unlimited$TRAP$$$$$$$$$$$$When your opponent gains Life Points: Target 1 monster your opponent controls; destroy that target.$$$Activates if your opponent gains LP$Activation requirement/Effect$
25642998$Poseidon Wave$Unlimited$TRAP$$$$$$$$$$$$When an opponent's monster declares an attack: Target the attacking monster; negate the attack, and if you do, inflict 800 damage to your opponent for each Fish, Sea Serpent, or Aqua-Type monster you control.$Fish/Sea Serpent/Aqua$$Activates upon attack declaration$Activation requirement/Effect$
52140003$Explosive Urchin$Unlimited$TRAP$$$$$$$$$Continuous$$$Activate only when your opponent activates a Trap Card. During your Standby Phase: Inflict 1000 damage to your opponent. Your opponent must control a face-up Trap Card for you to activate and resolve this effect. During your 3rd End Phase after activation, send this card to the Graveyard.$$Trap Card$Sends itself from field to Graveyard$Activation requirement/Trigger-like/Condition/Continuous-like$
98535702$Damage Vaccine Ω MAX$Unlimited$TRAP$$$$$$$$$$$$When you take damage by battle or by a card effect: Gain Life Points equal to the damage you took.$$$$Activation requirement/Effect$
24920410$Overwind$Unlimited$TRAP$$$$$$$$$$$$Target 1 face-up "Wind-Up" monster you control; its ATK and DEF are doubled, and it returns to the hand during the End Phase. You can only activate 1 "Overwind" per turn.$Supports archetypes /Wind-Up$$Returns from your field to your hand$Effect/Condition$
51324455$Underworld Egg Clutch$Unlimited$TRAP$$$$$$$$$$$$When a face-up Fish, Sea Serpent, or Aqua-Type monster you control is banished: Add 1 Level 4 or lower Fish, Sea Serpent, or Aqua-Type monster from your Deck to your hand.$Fish/Sea Serpent/Aqua$$Adds from Deck to hand$Activation requirement/Effect$
87313164$Oh F!sh!$Unlimited$TRAP$$$$$$$$$Counter$$$When an Effect Monster's effect activates: Shuffle 1 of your banished Fish, Sea Serpent, or Aqua-Type monsters into the Main Deck; negate the activation and destroy it.$Fish/Sea Serpent/Aqua$$Returns the player's banished cards to the Deck for cost$Activation requirement/Cost/Effect$
24707869$Bright Future$Unlimited$TRAP$$$$$$$$$$$$Target 2 of your banished Psychic-Type monsters; return both those targets to the Graveyard and draw 1 card.$Psychic$$Returns the player's banished cards to the Graveyard/You draw cards$Effect$
50292967$Past Image$Unlimited$TRAP$$$$$$$$$$$$If you control a face-up Psychic-Type monster: Target 1 monster your opponent controls; banish it. During the next Standby Phase, it returns to the opponent's side of the field in the same Battle Position.$Psychic$$Returns banished cards to the field$Activation requirement/Effect/Lingering$
86690572$Burgeoning Whirlflame$Unlimited$TRAP$$$$$$$$$Counter$$$When a Trap Card is activated: Send 1 "Laval" monster from your hand to the Graveyard; negate the activation and destroy it. If this card is in the Graveyard: You can banish 2 FIRE monsters from your Graveyard; add this card to your hand.$Supports archetypes /Laval$$Sends from hand to Graveyard for cost/Returns itself from Graveyard to hand/Activates from your Graveyard$Activation requirement/Cost/Effect/Quick-like$
13685271$Treaty on Uniform Nomenclature$Unlimited$TRAP$$$$$$$$$$$$If you control 2 or more face-up monsters with the same name, except Tokens: Apply this effect, depending on how many you control.●Exactly 2: Destroy 1 Spell/Trap Card your opponent controls.●Exactly 3: Destroy all Spell/Trap Cards your opponent controls.$$$$Activation requirement/Effect$
59070329$Utopian Aura$Unlimited$TRAP$$$$$$$$$$$$Detach 1 material from a monster you control; face-up Xyz Monsters you currently control cannot be destroyed by card effects until the end of this turn.$Xyz Material/Xyz Monster$$Detaches Xyz Materials for cost$Cost/Effect$
86474024$United Front$Unlimited$TRAP$$$$$$$$$Counter$$$When a Trap Card is activated while you control 2 or more face-up monsters with the same Level: Negate the activation and destroy it.$$$$Activation requirement/Effect$
12863633$Curse of the Circle$Unlimited$TRAP$$$$$$$$$$$$Target 1 monster your opponent controls; your opponent cannot Tribute it, or use it as a Synchro Material Monster.$$$Prevents the opponent's Tributes$Effect$
48357738$Tyrant's Tummyache$Unlimited$TRAP$$$$$$$$$Continuous$$$Activate by Tributing 1 monster. Neither player can Special Summon a Level 6 or higher monster. If you have 3 or more cards in your hand, destroy this card.$$$Tributes for cost$Cost/Continuous-like$
85352446$Attention!$Unlimited$TRAP$$$$$$$$$$$$Target 1 face-up Level 5 or lower monster your opponent controls; destroy all face-up monsters on the field with a different Level than it.$$$$Effect$
11741041$Raigeki Bottle$Unlimited$TRAP$$$$$$$$$Continuous$$$Each time a monster you control declares an attack, place 1 Thunder Counter on this card. You can send this card with 4 or more Thunder Counters to the Graveyard; destroy all monsters your opponent controls.$$$Sends itself from field to Graveyard for cost$Continuous-like/Quick-like$
48135190$Gravelstorm$Unlimited$TRAP$$$$$$$$$$$$Target 1 Spell/Trap on each field; return them to the hand.$$$Returns from your field to your hand/Returns from your opponent's field to your opponent's hand$Effect$
22842214$Sea Lancer$Unlimited$WATER$[Beast-Warrior/Effect]$$$$$5$1300$1000$$$$You can target any number of your banished Fish, Sea Serpent, and Aqua-Type monsters; equip them to this card. This effect can only be used once while this card is face-up on the field. If this face-up card on the field would be destroyed, you can destroy 1 of those cards, instead. This card gains 1000 ATK while equipped with a monster(s) by this effect.$Fish/Sea Serpent/Aqua$$$Ignition/Continuous$
69846323$Piercing Moray$Unlimited$WATER$[Fish/Effect]$$$$$4$1500$500$$$$Once per turn: You can Tribute 1 Fish, Sea Serpent, or Aqua-Type monster; this card gains 600 ATK. If this card attacks a Defense Position monster, inflict piercing Battle Damage to your opponent.$Fish/Aqua/Sea Serpent$$Tributes for cost$Ignition/Continuous$
95231062$Lost Blue Breaker$Unlimited$WATER$[Sea Serpent/Effect]$$$$$3$1400$0$$$$If there is another face-up Fish, Sea Serpent, or Aqua monster on the field: You can Tribute this card, then target 1 Spell/Trap on the field; destroy that target.$Fish/Sea Serpent/Aqua$$Tributes itself for cost$Ignition$
21620076$Pain Painter$Unlimited$DARK$[Zombie/Tuner/Effect]$$$$$2$400$200$$$$This card's name becomes "Plaguespreader Zombie" while on the field. Once per turn: You can target up to 2 Zombie monsters you control, except this card; they become Level 2 (until the end of this turn), and if they do, they cannot be used as Synchro Material, except for the Synchro Summon of a Zombie monster.$Plaguespreader Zombie/Zombie$$$Continuous/Ignition/Condition$
68124775$Orient Dragon$Unlimited$WIND$[Dragon/Synchro/Effect]$$$$$6$2300$1000$$1 Tuner + 1 or more non-Tuner monsters$$If this card is Synchro Summoned: Target 1 Synchro Monster your opponent controls; banish that target.$$Synchro Monster$Activates upon Synchro Summon$Trigger$
94119480$Adreus, Keeper of Armageddon$Unlimited$DARK$[Fiend/Xyz/Effect]$$$5$$$2600$1700$$2 Level 5 monsters$$Once per turn: You can detach 1 Xyz Material from this card to target 1 face-up card your opponent controls; destroy it.$$$$Ignition$
21507589$Fish and Swaps$Unlimited$SPELL$$$$$$$$$$$$Discard 1 card to target 2 of your banished Fish, Sea Serpent, or Aqua-Type monsters; add them to your hand.$Fish/Sea Serpent/Aqua$$Discards for cost/Adds banished cards to the hand$Cost/Effect$
57902193$Painful Return$Unlimited$SPELL$$$$$$$$$$$$Your opponent chooses 1 monster in your Graveyard. During the End Phase, add that monster to your hand.$$$Adds from Graveyard to hand$Effect$
93396832$Smashing Horn$Unlimited$TRAP$$$$$$$$$Counter$$$When a monster effect or Trap Card is activated that negates the Normal or Special Summon of a monster(s): Negate the activation and destroy it.$$$$Activation requirement/Effect$
69572169$Elemental HERO Flash$Unlimited$LIGHT$[Warrior/Effect]$$$$$4$1100$1600$$$$When this card is destroyed by battle and sent to the Graveyard: You can banish this card and 3 "Elemental HERO" Monster Cards with different names from your Graveyard to target 1 Normal Spell Card in your Graveyard; add that target to your hand.$Supports archetypes /Elemental HERO$$Activates if destroyed by battle/Activates from your Graveyard/Adds from Graveyard to hand$Trigger$
46759931$Vision HERO Trinity$Unlimited$DARK$[Warrior/Fusion/Effect]$$$$$8$2500$2000$$3 "HERO" monsters$$After this card is Fusion Summoned, for the rest of this turn, this card's ATK becomes double its original ATK. This Fusion Summoned card can make a second and third attack during each Battle Phase. Cannot attack directly.$Supports archetypes /HERO$$$Unclassified/Continuous$
24103628$Phantom Magician$Unlimited$DARK$[Spellcaster/Effect]$$$$$3$600$700$$$$When this card is destroyed by battle and sent to the Graveyard: You can Special Summon 1 "HERO" monster with 1000 or less ATK from your Deck in face-up Defense Position.$Supports archetypes /HERO$$Activates if destroyed by battle/Activates from your Graveyard$Trigger$
01945387$Elemental HERO Nova Master$Unlimited$FIRE$[Warrior/Fusion/Effect]$$$$$8$2600$2100$$1 "Elemental HERO" monster + 1 FIRE monster$$Must be Fusion Summoned. If this card destroys an opponent's monster by battle: Draw 1 card.$Supports archetypes /Elemental HERO$$You draw cards$Summon/Trigger$
58147549$Masked HERO Goka$Unlimited$FIRE$[Warrior/Fusion/Effect]$$$$$6$2200$1800$$$$Must be Special Summoned with "Mask Change". Gains 100 ATK for each "HERO" monster in your GY.$Supports archetypes /HERO$$$Summon/Continuous$
10920352$Masked HERO Vapor$Unlimited$WATER$[Warrior/Fusion/Effect]$$$$$6$2400$2000$$$$Must be Special Summoned with "Mask Change". Cannot be destroyed by card effects.$Mask Change$$$Summon/Continuous$
45170821$Vision HERO Adoration$Unlimited$DARK$[Warrior/Fusion/Effect]$$$$$8$2800$2100$$2 "HERO" monsters$$Once per turn: You can target 1 face-up monster your opponent controls and 1 other "HERO" monster you control; the opponent's targeted monster loses ATK and DEF equal to the ATK of your targeted monster, until the end of this turn.$Supports archetypes /HERO$$$Ignition$
21143940$Mask Change$Unlimited$SPELL$$$$$$$$$Quick-Play$$$Target 1 "HERO" monster you control; send it to the GY, also, after that, if it left the field by this effect, Special Summon 1 "Masked HERO" monster from your Extra Deck with the same Attribute that the sent monster had when it was on the field (its original Attribute, if face-down).$Supports archetypes /HERO/Masked HERO$$Sends from your field to your Graveyard$Effect$
08949584$A Hero Lives$Unlimited$SPELL$$$$$$$$$$$$If you control no face-up monsters: Pay half your LP; Special Summon 1 Level 4 or lower "Elemental HERO" monster from your Deck.$Supports archetypes /Elemental HERO$$$Activation requirement/Cost/Effect$
37926346$Steelswarm Roach$Unlimited$DARK$[Fiend/Xyz/Effect]$$$4$$$1900$0$$2 Level 4 monsters$$During either player's turn, when a Level 5 or higher monster would be Special Summoned: You can detach 1 Xyz Material from this card; negate the Special Summon, and if you do, destroy it.$$$$Quick$
