Passcode$Name$Status$Attribute$type$link$link_arrows$rank$pendulum_scale$level$attack$defense$spell_attribute$summoning_condition$pendulum_condition$card_text$card_supports$card_anti_supports$card_actions$effect_types$
09505425$Crowley, the Magistus of Grimoires$Unlimited$DARK$[Spellcaster/Effect]$$$$$4$1800$1000$$$$You can send 1 Spellcaster monster from your hand or face-up field to the GY; Special Summon this card from your hand. You can declare 1 Attribute; this card becomes that Attribute until the end of this turn. You can banish this card from your GY, then target 1 "Magistus" monster you control; equip it with 1 "Magistus" monster from your GY, except a Level 4 monster. You can only use each effect of "Crowley, the Magistus of Grimoires" once per turn.$Supports archetypes /Magistus$$Activates from your hand/Sends from hand to Graveyard for cost/Sends from field to Graveyard for cost/Declares an Attribute/Activates from your Graveyard/Equips from the player's Graveyard$Ignition/Condition$
36099130$Zoroa, the Magistus of Flame$Unlimited$FIRE$[Spellcaster/Tuner/Effect]$$$$$4$1500$1500$$$$You can target 1 "Magistus" monster you control; equip it with 1 "Magistus" monster from your Extra Deck. If this card becomes equipped with a "Magistus" Monster Card: You can Special Summon 1 Level 4 Spellcaster monster from your hand or GY in Defense Position, except "Zoroa, the Magistus of Flame", but its effects are negated. You can only use each effect of "Zoroa, the Magistus of Flame" once per turn.$Supports archetypes /Magistus$$Equips from the player's Extra Deck$Ignition/Trigger/Condition$
72498838$Rilliona, the Magistus of Verre$Unlimited$LIGHT$[Spellcaster/Effect]$$$$$4$800$1800$$$$If this card is Normal or Special Summoned: You can activate 1 of these effects;●Add 1 "Magistus" Spell/Trap from your Deck to your hand.●Return 1 of your banished Level 4 or lower Spellcaster monsters to your GY.You can banish this card from your GY, then target 1 "Magistus" monster you control; equip it with 1 "Magistus" monster from your GY, except a Level 4 monster.You can only use each effect of "Rilliona, the Magistus of Verre" once per turn.$Supports archetypes /Magistus$$Activates upon Normal Summon/Activates upon Special Summon/Adds from Deck to hand/Returns the player's banished cards to the Graveyard/Activates from your Graveyard/Equips from the player's Graveyard$Trigger/Ignition/Condition$
09482987$Endymion, the Magistus of Mastery$Unlimited$WATER$[Spellcaster/Effect]$$$$$4$1300$1700$$$$You can target 1 "Magistus" monster you control; equip it with 1 "Magistus" monster from your Extra Deck. You can target 1 face-up Spell you control; destroy it, and if you do, draw 1 card, then place 1 card from your hand on the bottom of the Deck. You can only use each effect of "Endymion, the Magistus of Mastery" once per turn.$Supports archetypes /Magistus$$Equips from the player's Extra Deck/You draw cards/Returns from your hand to your Deck$Ignition/Condition$
35877582$Aiwass, the Magistus Spell Spirit$Unlimited$WIND$[Fiend/Fusion/Effect]$$$$$8$2000$2800$$1 "Magistus" monster + 1 Spellcaster monster$$While this card is an Equip Card, the equipped monster gains 1000 ATK/DEF. During the Main Phase (Quick Effect): You can target 1 other face-up monster on the field; equip this card you control to it. If this card was equipped to an opponent's monster by this effect, take control of the equipped monster, also it cannot activate its effects. You can only use this effect of "Aiwass, the Magistus Spell Spirit" once per turn.$Supports archetypes /Magistus$$Equips self from field/Takes control of equipped$Quick/Condition/Continuous$
61272280$Vahram, the Magistus Divinity Dragon$Unlimited$FIRE$[Dragon/Synchro/Effect]$$$$$8$2500$2900$$1 Tuner + 1+ non-Tuner monsters$$While this card is an Equip Card, the equipped monster cannot be destroyed by your opponent's Spell/Trap effects. You can only use each of the following effects of "Vahram, the Magistus Divinity Dragon" once per turn. If this Synchro Summoned card is destroyed: You can destroy all face-up cards your opponent controls. At the start of the Damage Step, if the monster this card is equipped to battles an opponent's monster: You can destroy that opponent's monster.$$$Activates if destroyed by battle/Activates if destroyed by card effect$Continuous-like/Condition/Trigger/Trigger-like$
08660395$Ninaruru, the Magistus Glass Goddess$Unlimited$EARTH$[Rock/Xyz/Effect]$$$4$$$1800$2400$$2 Level 4 Spellcaster monsters$$While this card is an Equip Card, the equipped monster can make up to 2 attacks on monsters during each Battle Phase. You can only use each of the following effects of "Ninaruru, the Magistus Glass Goddess" once per turn. You can detach 1 material from this card, then target 1 Level 4 or higher Spellcaster monster in your GY; add it to your hand. While this card is equipped to a monster: You can target 1 "Magistus" card in your Spell & Trap Zone and 1 Spell/Trap your opponent controls; destroy them.$Supports archetypes /Magistus$$Adds from Graveyard to hand$Continuous-like/Condition/Ignition/Ignition-like$
34755994$Artemis, the Magistus Moon Maiden$Unlimited$LIGHT$[Spellcaster/Link/Effect]$1$Top$$$$800$- $$1 Level 4 or lower Spellcaster monster$$If another "Magistus" monster(s) is Normal or Special Summoned while you control this monster (except during the Damage Step): You can target 1 of those monsters; equip this card you control to it. While this card is equipped to a monster: You can add 1 "Magistus" monster from your Deck to your hand. You can only use each effect of "Artemis, the Magistus Moon Maiden" once per turn. You can only Special Summon "Artemis, the Magistus Moon Maiden" once per turn.$Supports archetypes /Magistus$$Activates upon Normal Summon/Activates upon Special Summon/Equips self from field/Adds from Deck to hand$Condition/Trigger/Ignition-like$
61159609$Trismagistus$Unlimited$SPELL$$$$$$$$$Continuous$$$The first time each "Magistus" monster equipped with an Equip Card would be destroyed by battle each turn, it is not destroyed. You can only use 1 of the following effects of "Trismagistus" per turn, and only once that turn.●During your Main Phase: You can Special Summon 1 Level 4 Spellcaster monster from your hand.●You can send this face-up card to the GY; Special Summon any number of "Magistus" monsters with different names from your hand.$Supports archetypes /Magistus$$Sends itself from field to Graveyard for cost$Continuous-like/Condition/Ignition-like$
07548747$Magistus Theurgy$Unlimited$SPELL$$$$$$$$$Quick-Play$$$Target 1 "Magistus" monster you control; equip it with 1 "Magistus" monster, except a Level 4 monster, from your Extra Deck, GY, or face-up field. If you have at least 1 each "Magistus" Fusion, Synchro, Xyz, and Link Monsters in your GY, you can equip it with 1 non-"Magistus" Fusion, Synchro, Xyz, or Link Monster from your Extra Deck, instead. You can only activate "Magistus Theurgy" once per turn.$Supports archetypes /Magistus$$Equips from the player's Extra Deck/Equips monsters from the player's field/Equips from the player's Graveyard$Effect/Condition$
34933456$Magistus Invocation$Unlimited$SPELL$$$$$$$$$$$$Fusion Summon 1 Fusion Monster from your Extra Deck, using monsters from your hand or field as material, including a Spellcaster monster. If Summoning a "Magistus" Fusion Monster this way, you can also use monsters in your Spell & Trap Zones that are equipped to a "Magistus" monster. You can only activate 1 "Magistus Invocation" per turn.$Supports archetypes /Magistus$$Sends from your hand to your Graveyard/Sends from your field to your Graveyard/Uses cards on the player's field as Fusion Materials/Uses cards in the hand as Fusion Materials/Uses Spell Cards as Fusion Materials$Effect/Condition$
00327051$Magistus Vritra$Unlimited$SPELL$$$$$$$$$$$$Target 1 Level 4 or lower "Magistus" monster in your GY; Special Summon it. If a "Magistus" card(s) in your Spell & Trap Zone would be destroyed by your opponent's card effect, you can banish this card from your GY instead. You can only use each effect of "Magistus Vritra" once per turn.$Supports archetypes /Magistus$$$Effect/Unclassified/Condition$
36326160$Live☆Twin Ki-sikil$Unlimited$LIGHT$[Cyberse/Effect]$$$$$2$500$0$$$$Each time an opponent's monster declares an attack, you gain 500 LP. If this card is Normal or Special Summoned and you control no other monsters: You can Special Summon 1 "Lil-la" monster from your hand or Deck. You can only use this effect of "Live☆Twin Ki-sikil" once per turn.$Supports archetypes /Lil-la$$Activates upon Normal Summon/Activates upon Special Summon/Activates upon attack declaration$Trigger/Condition/Continuous$
73810864$Live☆Twin Lil-la$Unlimited$DARK$[Cyberse/Effect]$$$$$2$500$0$$$$Your opponent must pay 500 LP to declare an attack. If this card is Normal or Special Summoned and you control no other monsters: You can Special Summon 1 "Ki-sikil" monster from your hand or Deck. You can only use this effect of "Live☆Twin Lil-la" once per turn.$Supports archetypes /Ki-sikil$$Activates upon Normal Summon/Activates upon Special Summon$Trigger/Condition/Continuous$
09205573$Evil★Twin Ki-sikil$Unlimited$LIGHT$[Fiend/Link/Effect]$2$Right/Bottom$$$$1100$- $$2 monsters, including a "Ki-sikil" monster$$If this card is Special Summoned and you control a "Lil-la" monster: You can draw 1 card. During the Main Phase, if you do not control a "Lil-la" monster (Quick Effect): You can Special Summon 1 "Lil-la" monster from your GY, also you cannot Special Summon monsters from the Extra Deck for the rest of this turn, except Fiend monsters. You can only use each effect of "Evil★Twin Ki-sikil" once per turn.$Supports archetypes /Ki-sikil/Lil-la$$Activates upon Special Summon/You draw cards$Trigger/Quick/Condition$
36609518$Evil★Twin Lil-la$Unlimited$DARK$[Fiend/Link/Effect]$2$Left/Bottom$$$$1100$- $$2 monsters, including a "Lil-la" monster$$If this card is Special Summoned and you control a "Ki-sikil" monster: You can target 1 card on the field; destroy it. During the Main Phase, if you do not control a "Ki-sikil" monster (Quick Effect): You can Special Summon 1 "Ki-sikil" monster from your GY, also you cannot Special Summon monsters from the Extra Deck for the rest of this turn, except Fiend monsters. You can only use each effect of "Evil★Twin Lil-la" once per turn.$Supports archetypes /Ki-sikil/Lil-la$$Activates upon Special Summon$Trigger/Quick/Condition$
62098216$Evil★Twins Ki-sikil & Lil-la$Unlimited$DARK$[Fiend/Effect]$$$$$8$2200$2200$$$$Cannot be Normal Summoned/Set. Must be Special Summoned (from your hand or GY) by Tributing 2 Link Monsters. If this card is Special Summoned: You can activate this effect; if your opponent controls 3 or more cards, they must send cards to the GY so they control 2 cards. You can only use this effect of "Evil★Twins Ki-sikil & Lil-la" once per turn. While you have a "Ki-sikil" monster in your GY and you have a "Lil-la" monster in your GY, this card gains 2200 ATK/DEF.$Supports archetypes /Ki-sikil/Lil-la$$Tributes for cost/Activates upon Special Summon/Sends from your opponent's field to your opponent's Graveyard$Summon/Trigger/Condition/Continuous$
08083925$Live☆Twin Home$Unlimited$SPELL$$$$$$$$$Quick-Play$$$Discard 1 card; Special Summon 1 "Ki-sikil" monster or 1 "Lil-la" monster from your Deck, also for the rest of this turn after this card resolves, you cannot Special Summon monsters from the Extra Deck, except "Evil★Twin" monsters. You can only activate 1 "Live☆Twin Home" per turn.$Supports archetypes /Evil★Twin/Ki-sikil/Lil-la$$Discards for cost$Effect/Condition$
35487920$Live☆Twin Channel$Unlimited$SPELL$$$$$$$$$Field$$$When a monster declares an attack: You can Tribute 1 "Ki-sikil" monster or 1 "Lil-la" monster; negate that attack. During the End Phase: You can target 1 "Ki-sikil" monster or 1 "Lil-la" monster in your GY; shuffle it into the Deck, or, if you control no monsters, you can add it to your hand instead. You can only use each effect of "Live☆Twin Channel" once per turn.$Supports archetypes /Ki-sikil/Lil-la$$Activates upon attack declaration/Tributes for cost/Returns from your Graveyard to your Deck/Adds from Graveyard to hand$Trigger-like/Condition$
61976639$Secret Password$Unlimited$SPELL$$$$$$$$$$$$Add 1 "Live☆Twin" or "Evil★Twin" Spell/Trap from your Deck to your hand. If you control a "Ki-sikil" monster and control a "Lil-la" monster, you can add 1 "Evil★Twin" monster from your Deck to your hand instead. You can only activate 1 "Secret Password" per turn.$Supports archetypes /Evil★Twin/Ki-sikil/Lil-la/Live☆Twin$$Adds from Deck to hand$Effect/Condition$
98360333$Evil★Twin Challenge$Unlimited$TRAP$$$$$$$$$$$$Target 1 "Ki-sikil" monster or 1 "Lil-la" monster in your GY; Special Summon it, then you can apply the following effect.●Immediately after this effect resolves, Link Summon 1 "Evil★Twin" Link Monster using monsters you control as material.You can only activate 1 "Evil★Twin Challenge" per turn.$Supports archetypes /Evil★Twin/Ki-sikil/Lil-la$$$Effect/Condition$
34365442$Evil★Twin GG EZ$Unlimited$TRAP$$$$$$$$$Continuous$$$You can Tribute 1 "Ki-sikil" monster or 1 "Lil-la" monster, then activate 1 of the following effects.●You can target 1 "Ki-sikil" monster or 1 "Lil-la" monster you control; it gains ATK equal to the original ATK of the Tributed monster, until the end of this turn.●When a card or effect is activated that would destroy a card(s) on the field: You can negate that effect.You can only use this effect of "Evil★Twin GG EZ" once per turn.$Supports archetypes /Ki-sikil/Lil-la$$Tributes for cost$Quick-like/Condition$
60759087$Evil★Twin Present$Unlimited$TRAP$$$$$$$$$$$$If you control a "Ki-sikil" monster and control a "Lil-la" monster: Activate 1 of these effects;●Target 1 "Ki-sikil" monster or 1 "Lil-la" monster you control and 1 face-up monster your opponent controls; switch control of those monsters.●Target 1 Set Spell/Trap your opponent controls; shuffle it into the Deck.You can only activate 1 "Evil★Twin Present" per turn.$Supports archetypes /Ki-sikil/Lil-la$$Changes control/Returns from your opponent's field to your opponent's Deck$Effect/Condition$
97148796$Drytron Alpha Thuban$Unlimited$LIGHT$[Machine/Effect]$$$$$1$2000$0$$$$Cannot be Normal Summoned/Set. Must be Special Summoned with the effect of a "Drytron" card. You can Tribute 1 other "Drytron" monster, or 1 Ritual Monster, from your hand or field; Special Summon this card from your hand or GY in Defense Position, then you can add 1 Ritual Monster from your Deck to your hand. You cannot Special Summon monsters, except monsters that cannot be Normal Summoned/Set, the turn you activate this effect. You can only use this effect of "Drytron Alpha Thuban" once per turn.$Supports archetypes /Drytron$$Activates from your hand/Activates from your Graveyard/Tributes for cost/Adds from Deck to hand$Summon/Ignition/Condition$
33543890$Drytron Beta Rastaban$Unlimited$LIGHT$[Machine/Effect]$$$$$1$2000$0$$$$Cannot be Normal Summoned/Set. Must be Special Summoned with the effect of a "Drytron" card. You can Tribute 1 other "Drytron" monster, or 1 Ritual Monster, from your hand or field; Special Summon this card from your hand or GY in Defense Position, then you can return 1 of your banished "Drytron" monsters to the GY. You cannot Special Summon monsters, except monsters that cannot be Normal Summoned/Set, the turn you activate this effect. You can only use this effect of "Drytron Beta Rastaban" once per turn.$Supports archetypes /Drytron$$Activates from your hand/Activates from your Graveyard/Tributes for cost/Returns the player's banished cards to the Graveyard$Summon/Ignition/Condition$
60037599$Drytron Gamma Eltanin$Unlimited$LIGHT$[Machine/Effect]$$$$$1$2000$0$$$$Cannot be Normal Summoned/Set. Must be Special Summoned with the effect of a "Drytron" card. You can Tribute 1 other "Drytron" monster, or 1 Ritual Monster, from your hand or field; Special Summon this card from your hand or GY in Defense Position, then you can Special Summon 1 "Drytron" monster with 2000 ATK from your GY, except "Drytron Gamma Eltanin". You cannot Special Summon monsters, except monsters that cannot be Normal Summoned/Set, the turn you activate this effect. You can only use this effect of "Drytron Gamma Eltanin" once per turn.$Supports archetypes /Drytron$$Activates from your hand/Activates from your Graveyard/Tributes for cost$Summon/Ignition/Condition$
22420202$Drytron Delta Altais$Unlimited$LIGHT$[Machine/Effect]$$$$$1$2000$0$$$$Cannot be Normal Summoned/Set. Must be Special Summoned with the effect of a "Drytron" card. You can Tribute 1 other "Drytron" monster, or 1 Ritual Monster, from your hand or field; Special Summon this card from your hand or GY in Defense Position, then you can reveal 1 Ritual Monster or 1 Ritual Spell in your hand, and if you do, draw 1 card. You cannot Special Summon monsters, except monsters that cannot be Normal Summoned/Set, the turn you activate this effect. You can only use this effect of "Drytron Delta Altais" once per turn.$Supports archetypes /Drytron$$Activates from your hand/Activates from your Graveyard/Tributes for cost/Reveals your hand for effect/You draw cards$Summon/Ignition/Condition$
96026108$Drytron Zeta Aldhibah$Unlimited$LIGHT$[Machine/Effect]$$$$$1$2000$0$$$$Cannot be Normal Summoned/Set. Must be Special Summoned with the effect of a "Drytron" card. You can Tribute 1 other "Drytron" monster, or 1 Ritual Monster, from your hand or field; Special Summon this card from your hand or GY in Defense Position, then you can add 1 Ritual Spell from your Deck to your hand. You cannot Special Summon monsters, except monsters that cannot be Normal Summoned/Set, the turn you activate this effect. You can only use this effect of "Drytron Zeta Aldhibah" once per turn.$Supports archetypes /Drytron$$Activates from your hand/Activates from your Graveyard/Tributes for cost/Adds from Deck to hand$Summon/Ignition/Condition$
69815951$Drytron Meteonis Draconids$Unlimited$LIGHT$[Machine/Ritual/Effect]$$$$$12$4000$4000$$$$You can Ritual Summon this card with "Meteonis Drytron". Your opponent cannot target this card with monster effects. If the total Levels of monsters used for its Ritual Summon are 2 or less, this card can attack all Special Summoned monsters your opponent controls once each. During your opponent's turn (Quick Effect): You can banish monsters from your GY whose combined ATK equals exactly 2000 or 4000, then target 1 face-up card your opponent controls for every 2000 ATK of the total; send that card(s) to the GY. You can only use this effect of "Drytron Meteonis Draconids" once per turn.$$$Sends from your opponent's field to your opponent's Graveyard$Continuous/Quick/Condition$
95209656$Drytron Meteonis Quadrantids$Unlimited$LIGHT$[Machine/Ritual/Effect]$$$$$12$4000$4000$$$$You can Ritual Summon this card with "Meteonis Drytron". Your opponent cannot target this card with Spell/Trap Cards or effects. You can only use each of the following effects of "Drytron Meteonis Quadrantids" once per turn. If the total Levels of monsters used for this card's Ritual Summon were 2 or less: You can destroy all Spells and Traps your opponent controls. If this Ritual Summoned card is destroyed: You can Special Summon "Drytron" monsters from your GY, except "Drytron Meteonis Quadrantids", whose combined ATK equals exactly 4000.$Supports archetypes /Drytron$$Activates if destroyed by battle/Activates if destroyed by card effect$Summon/Continuous/Condition/Ignition/Trigger$
58793369$Drytron Fafnir$Unlimited$SPELL$$$$$$$$$Field$$$When this card is activated: You can add 1 "Drytron" Spell/Trap from your Deck to your hand, except "Drytron Fafnir". The activation and the activated effects of Ritual Spell Cards cannot be negated. Once per turn, if a monster is Normal or Special Summoned face-up while you control a "Drytron" monster (except during the Damage Step): You can reduce that monster's Level by 1 per 1000 of its current ATK (min. Level 1) for the rest of this turn. You can only activate 1 "Drytron Fafnir" per turn.$Supports archetypes /Drytron$$Adds from Deck to hand/Prevents the negation of activations/Prevents the negation of card effects/Activates upon Normal Summon/Activates upon Special Summon$Effect/Continuous-like/Trigger-like/Condition$
22398665$Meteonis Drytron$Unlimited$SPELL$$$$$$$$$Ritual$$$This card can be used to Ritual Summon any Ritual Monster from your hand or GY. You must also Tribute Machine monsters from your hand or field whose total ATK equal or exceed the ATK of the Ritual Monster you Ritual Summon. If this card is in your GY: You can target 1 "Drytron" monster you control; it loses exactly 1000 ATK until the end of your opponent's turn, and if it does, add this card to your hand. You can only use this effect of "Meteonis Drytron" once per turn.$Supports archetypes /Drytron$$Tributes as an effect/Activates from your Graveyard/Returns itself from Graveyard to hand$Effect/Ignition-like/Condition$
94187078$Drytron Nova$Unlimited$SPELL$$$$$$$$$$$$Special Summon 1 "Drytron" monster from your Deck, but destroy it during the End Phase. You can only activate 1 "Drytron Nova" per turn. You cannot Special Summon monsters, except monsters that cannot be Normal Summoned/Set, the turn you activate this card.$Supports archetypes /Drytron$$$Effect/Condition$
21576077$Drytron Eclipse$Unlimited$SPELL$$$$$$$$$$$$Target 1 "Drytron" monster in your GY; add it to your hand. During your Main Phase, except the turn this card was sent to the GY: You can banish this card from your GY, then target 1 "Drytron" monster you control; it gains 2000 ATK until the end of your opponent's turn. You can only use each effect of "Drytron Eclipse" once per turn.$Supports archetypes /Drytron$$Adds from Graveyard to hand/Activates from your Graveyard$Effect/Ignition-like/Condition$
57970721$Drytron Asterism$Unlimited$SPELL$$$$$$$$$Quick-Play$$$During the Main Phase: Target 1 "Drytron" monster or 1 Ritual Monster you control, and 1 face-up monster your opponent controls; your monster loses exactly 1000 ATK until the end of your opponent's turn, and if it does, destroy that opponent's monster. You can only activate 1 "Drytron Asterism" per turn.$Supports archetypes /Drytron$$$Effect/Condition$
84965420$Drytron Meteor Shower$Unlimited$TRAP$$$$$$$$$Counter$$$When your opponent Normal or Special Summons a monster(s), while you control a Ritual Monster: Negate the Summon, and if you do, shuffle that monster into the Deck. You can only activate 1 "Drytron Meteor Shower" per turn.$Ritual Monster$$Returns negated Summons to Deck$Effect/Condition$
00645087$Cyberse Gadget$Unlimited$LIGHT$[Cyberse/Effect]$$$$$4$1400$300$$$$When this card is Normal Summoned: You can target 1 Level 2 or lower monster in your GY; Special Summon it in Defense Position, but its effects are negated. If this card is sent from the field to the GY: You can Special Summon 1 "Gadget Token" (Cyberse/LIGHT/Level 2/ATK 0/DEF 0). You can only use this effect of "Cyberse Gadget" once per turn.$$$Activates upon Normal Summon/Activates from your Graveyard$Trigger/Condition$
31292357$Performage Hat Tricker$Unlimited$EARTH$[Spellcaster/Effect]$$$$$4$1100$1100$$$$If 2 or more monsters are on the field, you can Special Summon this card (from your hand). When a card or effect is activated that would inflict damage to you (Quick Effect): You can place 1 Performage Counter on this card (max. 3), then make that effect damage to you 0. When the 3rd Performage Counter is placed on this card, its ATK/DEF become 3300.$$$$Summon/Quick/Continuous$
24610207$Star Drawing$Unlimited$EARTH$[Spellcaster/Effect]$$$$$4$1600$1000$$$$If this card is used for an Xyz Summon, you can treat it as a Level 5 monster. An Xyz Monster that was Summoned using this card on the field as material gains this effect.●If it is Xyz Summoned: Draw 1 card.$Xyz Monster$$Grants effect as Xyz Material/Activates upon Xyz Summon/You draw cards$Unclassified/Trigger$
77235086$Cyber Angel Benten$Unlimited$LIGHT$[Fairy/Ritual/Effect]$$$$$6$1800$1500$$$$You can Ritual Summon this card with "Machine Angel Ritual". If this card destroys a monster by battle and sends it to the GY: Inflict damage to your opponent equal to that monster's original DEF in the GY. If this card is Tributed: You can add 1 LIGHT Fairy monster from your Deck to your hand.$LIGHT/Fairy$$Activates when it destroys a monster by battle/Activates if Tributed/Adds from Deck to hand$Summon/Trigger$
65330383$Knightmare Gryphon$Unlimited$LIGHT$[Fiend/Link/Effect]$4$Left/Top/Right/Bottom$$$$2500$- $$2+ monsters with different names$$If this card is Link Summoned: You can discard 1 card, then target 1 Spell/Trap in your GY; Set it to your field, but it cannot be activated this turn, then, if this card was co-linked when this effect was activated, you can draw 1 card. You can only use this effect of "Knightmare Gryphon" once per turn. Special Summoned monsters on the field cannot activate their effects, unless they are linked.$$$Activates upon Link Summon/Discards for cost/You draw cards/Sets from your Graveyard$Trigger/Condition/Continuous$
60600126$Cyber Emergency$Unlimited$SPELL$$$$$$$$$$$$Add 1 LIGHT Machine monster that cannot be Normal Summoned/Set, or 1 "Cyber Dragon" monster, from your Deck to your hand. If the activation of this card in its owner's possession was negated by your opponent's card effect and sent to your GY: You can discard 1 card; add this card to your hand. You can only activate 1 "Cyber Emergency" per turn.$Supports archetypes /Cyber Dragon $$Adds from Deck to hand/Activates from your Graveyard/Discards for cost/Returns itself from Graveyard to hand$Effect/Trigger-like/Condition$
57995165$Extra-Foolish Burial$Unlimited$SPELL$$$$$$$$$$$$Pay half your LP; send 1 monster from your Extra Deck to the GY. You can only activate 1 "Extra-Foolish Burial" per turn. You cannot Set Spells/Traps during the turn you activate this card.$$$Sends from your Extra Deck to your Graveyard/Prevents your Sets$Cost/Effect/Condition$
96699830$Born from Draconis$Unlimited$TRAP$$$$$$$$$$$$Banish all LIGHT Machine monsters from your GY and your face-up field; Special Summon 1 Level 6 or higher LIGHT Machine monster from your hand, ignoring its Summoning conditions, and if you do, its ATK/DEF become equal to the number of monsters banished to activate this card x 500, also it is unaffected by card effects, except its own and this card's. You cannot Special Summon other monsters the turn you activate this card.$LIGHT/Machine$$$Cost/Effect/Condition$
29401950$Bottomless Trap Hole$Unlimited$TRAP$$$$$$$$$$$$When your opponent Summons a monster(s) with 1500 or more ATK: Destroy that monster(s) with 1500 or more ATK, and if you do, banish it.$$$$Activation requirement/Effect$
48546368$Herald of Ultimateness$Unlimited$LIGHT$[Fairy/Ritual/Effect]$$$$$12$2000$3000$$$$You can Ritual Summon this card with "Oracle of the Herald". Must be Ritual Summoned. When your opponent would Special Summon a monster(s), OR activates a Spell/Trap Card, or a monster effect (Quick Effect): You can send 1 Fairy monster from your hand to the GY; negate the Special Summon or activation, and if you do, destroy that card.$Fairy$$Sends from hand to Graveyard for cost$Summon/Quick$
65877963$Impcantation Chalislime$Unlimited$DARK$[Aqua/Ritual/Effect]$$$$$7$2500$1800$$$$You can Ritual Summon this card with "Impcantation Inception". You can reveal this card in your hand; discard 1 card, and if you do, Special Summon 1 "Impcantation" monster from your Deck, also, during the End Phase, lose 2500 LP if you did not Special Summon a Ritual Monster this turn after you resolved this effect. You can send 1 "Impcantation" card from your hand or face-up field to the GY, then target 1 monster your opponent controls; destroy it. You can only use 1 "Impcantation Chalislime" effect per turn, and only once that turn.$Supports archetypes /Impcantation$$Reveals itself in the hand for cost/Discards for effect/Sends from hand to Graveyard for cost/Sends from field to Graveyard for cost$Summon/Ignition/Condition$
99011763$Beat Cop from the Underworld$Unlimited$DARK$[Fiend/Link/Effect]$2$Bottom-Left/Bottom-Right$$$$1000$- $$2 monsters$$If this card is Link Summoned using 2 DARK monsters with different names as material, it gains this effect.●You can Tribute 1 monster, then target 1 face-up card on the field; place 1 Patrol Counter on it. You can only use this effect of "Beat Cop from the Underworld" once per turn. (If a card with a Patrol Counter would be destroyed by battle or card effect, remove 1 Patrol Counter from it instead.)$DARK$$Applies effects if Link Summoned using specific Link Material/Tributes for cost$Condition/Ignition$
63528891$Backup Secretary$Unlimited$LIGHT$[Cyberse/Effect]$$$$$3$1200$800$$$$If you control a Cyberse monster, you can Special Summon this card (from your hand). You can only Special Summon "Backup Secretary" once per turn this way.$Cyberse$$Activates from your hand$Unclassified/Condition$
38342335$Knightmare Unicorn$Unlimited$DARK$[Fiend/Link/Effect]$3$Left/Bottom/Right$$$$2200$- $$2+ monsters with different names$$If this card is Link Summoned: You can discard 1 card, then target 1 card on the field; shuffle it into the Deck, then, if this card was co-linked when this effect was activated, you can draw 1 card. You can only use this effect of "Knightmare Unicorn" once per turn. While any co-linked "Knightmare" monsters are on the field, for your normal draw in your Draw Phase, draw 1 card for each different card name among those co-linked "Knightmare" monsters, instead of drawing just 1 card.$Supports archetypes /Knightmare$$Activates upon Link Summon/Discards for cost/Returns from field to Deck/You draw cards/Increases normal draw$Trigger/Condition/Continuous$
02857636$Knightmare Phoenix$Unlimited$FIRE$[Fiend/Link/Effect]$2$Top/Right$$$$1900$- $$2 monsters with different names$$If this card is Link Summoned: You can discard 1 card, then target 1 Spell/Trap your opponent controls; destroy it, then, if this card was co-linked when this effect was activated, you can draw 1 card. You can only use this effect of "Knightmare Phoenix" once per turn. Co-linked monsters you control cannot be destroyed by battle.$$$Activates upon Link Summon/Discards for cost/You draw cards$Trigger/Condition/Continuous$
55727845$Number 96: Dark Mist$Unlimited$DARK$[Fiend/Xyz/Effect]$$$2$$$100$1000$$3 Level 2 monsters$$Once per battle, when an attack is declared involving this card and an opponent's monster (Quick Effect): You can detach 1 material from this card; halve the ATK of the opponent's monster, and if you do, this card gains that same amount of ATK.$$$Activates upon attack declaration$Quick$
97973962$Aleister the Invoker of Madness$Unlimited$DARK$[Spellcaster/Link/Effect]$2$Bottom-Left/Bottom-Right$$$$1800$- $$2 monsters with different Types and different Attributes$$This card's name becomes "Aleister the Invoker" while on the field or in the GY. If a monster is Fusion Summoned while you control this monster (except during the Damage Step): You can discard 1 card, and if you do, add 1 "Invocation" or "The Book of the Law" from your Deck to your hand. If this face-up card you control leaves the field because of an opponent's card effect: You can add 1 "Omega Summon" from your Deck to your hand.$Aleister the Invoker/Fusion Monster/Invocation/The Book of the Law/Omega Summon$Fusion Monster$Activates upon Fusion Summon/Discards for effect/Adds from Deck to hand/Activates when it leaves the field$Unclassified/Trigger$
00458748$The Book of the Law$Unlimited$SPELL$$$$$$$$$Quick-Play$$$Tribute 1 "Invoked" monster; Special Summon 1 "Invoked" monster from your Extra Deck with a different original Attribute from that monster's. (This is treated as a Fusion Summon.) You can only activate 1 "The Book of the Law" per turn.$Supports archetypes /Invoked$$Tributes for cost$Cost/Effect/Condition$
85908279$Invoked Cocytus$Unlimited$WATER$[Dragon/Fusion/Effect]$$$$$6$1800$2900$$"Aleister the Invoker" + 1 WATER monster$$Cannot be destroyed by your opponent's card effects. Your opponent cannot target this card with card effects. This card can attack while in face-up Defense Position. If it does, apply its ATK for damage calculation.$WATER$$$Continuous$
48791583$Invoked Magellanica$Unlimited$EARTH$[Rock/Fusion]$$$$$8$3000$3300$$$$"Aleister the Invoker" + 1 EARTH monster$EARTH$$$$
19943114$Cynet Regression$Unlimited$TRAP$$$$$$$$$$$$If you Special Summon a Link Monster(s): Target 1 card on the field; destroy it, then draw 1 card. You can only activate 1 "Cynet Regression" per turn.$Link Monster$$Activates upon Special Summon/You draw cards$Activation requirement/Effect/Condition$
46647144$World Legacy - "World Lance"$Unlimited$DARK$[Machine/Effect]$$$$$8$3000$0$$$$Monsters your opponent controls cannot attack "World Legacy" monsters you control, except this one. You can only use each of the following effects of "World Legacy - "World Lance"" once per turn.●During damage calculation, if a Link Monster battles a monster (Quick Effect): You can discard this card; the opponent's battling monster loses 3000 ATK.●If a monster(s) is Special Summoned from the Extra Deck: Special Summon 1 "World Legacy Token" (Machine/DARK/Level 1/ATK 0/DEF 0) to both players' fields in Defense Position.$Supports archetypes /World Legacy$$Activates from your hand/Discards itself for cost/Activates upon Special Summon$Continuous/Condition/Quick/Trigger$
50078320$Engraver of the Mark$Unlimited$DARK$[Spellcaster/Effect]$$$$$4$1800$1200$$$$When your opponent activates a card or effect by declaring exactly 1 card name (Quick Effect): You can send this card from your hand to the GY; declare 1 other card name. The card name your opponent declared becomes the card name declared by this effect. Once per turn (Quick Effect): You can target 1 face-up card on the field; destroy it during the End Phase of the next turn.$$$Sends itself from hand to Graveyard for cost/Declares a card name$Quick$
68819554$Performage Damage Juggler$Unlimited$LIGHT$[Spellcaster/Effect]$$$$$4$1500$1000$$$$When a card or effect is activated that would inflict damage to you (Quick Effect): You can discard this card; negate the activation, and if you do, destroy that card. During the Battle Phase (Quick Effect): You can discard this card; reduce the next battle damage you would take this turn to 0. You can banish this card from your GY; add 1 "Performage" monster from your Deck to your hand, except "Performage Damage Juggler". You can only use this effect of "Performage Damage Juggler" once per turn.$Supports archetypes /Performage$$Discards itself for cost/Adds from Deck to hand/Activates from your Graveyard$Quick/Ignition/Condition$
