Passcode$Name$Status$Attribute$type$link$link_arrows$rank$pendulum_scale$level$attack$defense$spell_attribute$summoning_condition$pendulum_condition$card_text$card_supports$card_anti_supports$card_actions$effect_types$
23771716$7 Colored Fish$Unlimited$WATER$[Fish/Normal]$$$$$4$1800$800$$$$A rare rainbow fish that has never been caught by mortal man.$$$$$
57617178$Sonic Bird$Unlimited$WIND$[Winged Beast/Effect]$$$$$4$1400$1000$$$$When this card is Normal or Flip Summoned: You can add 1 Ritual Spell from your Deck to your hand.$Ritual Spell Card$$Activates upon Normal Summon/Activates upon Flip Summon/Adds from Deck to hand$Trigger$
77585513$Jinzo$Unlimited$DARK$[Machine/Effect]$$$$$6$2400$1500$$$$Trap Cards, and their effects on the field, cannot be activated. Negate all Trap effects on the field.$$$$Continuous$
14644902$Summoner of Illusions$Unlimited$LIGHT$[Spellcaster/Flip/Effect]$$$$$3$800$900$$$$FLIP: Tribute 1 other monster, and if you do, Special Summon 1 Fusion Monster from your Extra Deck, but destroy it during the End Phase of this turn.$Fusion Monster$$Tributes as an effect$Flip$
64752646$Fire Princess$Unlimited$FIRE$[Pyro/Effect]$$$$$4$1300$1500$$$$Each time you gain Life Points, inflict 500 damage to your opponent.$$$Activates if you gain LP$Continuous$
81843628$Needle Worm$Unlimited$EARTH$[Insect/Effect]$$$$$2$750$600$$$$FLIP: Send the top 5 cards of your opponent's Deck to the Graveyard.$$$Sends from your opponent's Deck to your opponent's Graveyard$Flip$
14261867$8-Claws Scorpion$Unlimited$DARK$[Insect/Effect]$$$$$2$300$200$$$$Once per turn, you can flip this card into face-down Defense Position. When this card attacks an opponent's face-down Defense Position monster, this card's ATK becomes 2400 during damage calculation only.$$$Flips itself face-down/Changes battle positions$Ignition/Trigger$
15383415$Swarm of Scarabs$Unlimited$DARK$[Insect/Effect]$$$$$3$500$1000$$$$Once per turn: You can change this card to face-down Defense Position. If this card is Flip Summoned: Target 1 monster your opponent controls; destroy that target.$$$Flips itself face-down/Changes battle positions/Activates upon Flip Summon$Ignition/Trigger$
41872150$Swarm of Locusts$Unlimited$DARK$[Insect/Effect]$$$$$3$1000$500$$$$Once per turn: You can change this card to face-down Defense Position. If this card is Flip Summoned: Target 1 Spell/Trap your opponent controls; destroy that target.$$$Flips itself face-down/Changes battle positions/Activates upon Flip Summon$Ignition/Trigger$
02326738$Des Lacooda$Unlimited$EARTH$[Zombie/Effect]$$$$$3$500$600$$$$Once per turn: You can change this card to face-down Defense Position. If this card is Flip Summoned: Draw 1 card.$$$Flips itself face-down/Changes battle positions/Activates upon Flip Summon/You draw cards$Ignition/Trigger$
04335645$Newdoria$Unlimited$DARK$[Fiend/Effect]$$$$$4$1200$800$$$$If this card is destroyed by battle and sent to the GY: Target 1 monster on the field; destroy that target.$$$Activates if destroyed by battle/Activates from your Graveyard$Trigger$
76922029$Don Zaloog$Unlimited$DARK$[Warrior/Effect]$$$$$4$1400$1500$$$$When this card inflicts battle damage to your opponent: You can activate 1 of these effects;●Discard 1 random card from their hand.●Send the top 2 cards of their Deck to the GY.$$$Activates when it inflicts battle damage/Sends from your opponent's Deck to your opponent's Graveyard/Your opponent discards$Trigger$
45141844$Old Vindictive Magician$Unlimited$DARK$[Spellcaster/Flip/Effect]$$$$$2$450$600$$$$FLIP: Target 1 monster your opponent controls; destroy that target.$$$$Flip$
71413901$Breaker the Magical Warrior$Unlimited$DARK$[Spellcaster/Effect]$$$$$4$1600$1000$$$$If this card is Normal Summoned: Place 1 Spell Counter on it (max. 1). Gains 300 ATK for each Spell Counter on it. You can remove 1 Spell Counter from this card, then target 1 Spell/Trap on the field; destroy that target.$$$Activates upon Normal Summon$Trigger/Continuous/Ignition$
07572887$D.D. Warrior Lady$Unlimited$LIGHT$[Warrior/Effect]$$$$$4$1500$1600$$$$After damage calculation, when this card battles an opponent's monster: You can banish that monster, also banish this card.$$$$Trigger$
40737112$Dark Magician of Chaos$Unlimited$DARK$[Spellcaster/Effect]$$$$$8$2800$2600$$$$During the End Phase, if this card was Normal or Special Summoned this turn: You can target 1 Spell in your GY; add it to your hand. You can only use this effect of "Dark Magician of Chaos" once per turn. If this card destroys an opponent's monster by battle, after damage calculation: Banish that opponent's monster. If this face-up card would leave the field, banish it instead.$Spell Card$$Adds from Graveyard to hand/Activates when it destroys a monster by battle$Trigger/Condition/Unclassified$
03510565$Stealth Bird$Unlimited$DARK$[Winged Beast/Effect]$$$$$3$700$1700$$$$Once per turn: You can change this card to face-down Defense Position. When this card is Flip Summoned: Inflict 1000 damage to your opponent.$$$Changes battle positions/Flips itself face-down/Activates upon Flip Summon$Ignition/Trigger$
70821187$Regenerating Mummy$Unlimited$DARK$[Zombie/Effect]$$$$$4$1800$1500$$$$When this card is sent from your hand to your GY by an opponent's card effect: Return this card to the hand.$$$Returns itself from Graveyard to hand$Trigger$
45985838$Solar Flare Dragon$Unlimited$FIRE$[Pyro/Effect]$$$$$4$1500$1000$$$$While you control another Pyro-Type monster, this card cannot be attacked. During each of your End Phases: Inflict 500 damage to your opponent.$Pyro$$$Continuous/Trigger$
25236056$Rare Metal Dragon$Unlimited$DARK$[Dragon/Effect]$$$$$4$2400$1200$$$$This card cannot be Normal Summoned or Set.$$$$Summon$
81306586$Nightmare Penguin$Unlimited$WATER$[Aqua/Effect]$$$$$4$900$1800$$$$All face-up WATER monsters you control gain 200 ATK. When this card is flipped face-up: Target 1 card your opponent controls; return that target to the hand.$WATER$$Returns from your opponent's field to your opponent's hand$Continuous/Trigger$
70095154$Cyber Dragon$Unlimited$LIGHT$[Machine/Effect]$$$$$5$2100$1600$$$$If only your opponent controls a monster, you can Special Summon this card (from your hand).$$$Activates from your hand$Unclassified$
32619583$Sillva, Warlord of Dark World$Unlimited$DARK$[Fiend/Effect]$$$$$5$2300$1400$$$$If this card is discarded to the Graveyard by a card effect: Special Summon it from the Graveyard, then, if this card was discarded from your hand to your Graveyard by an opponent's card effect, your opponent returns exactly 2 cards from their hand to the bottom of their Deck, in any order.$$$Activates from your Graveyard/Returns from your opponent's hand to your opponent's Deck$Trigger$
78004197$Goldd, Wu-Lord of Dark World$Unlimited$DARK$[Fiend/Effect]$$$$$5$2300$1400$$$$If this card is discarded to the Graveyard by a card effect: If it was discarded from your hand to your Graveyard by an opponent's card effect, you can target up to 2 cards your opponent controls; Special Summon this card from the Graveyard, then destroy those targets (if any).$$$Activates from your Graveyard$Trigger$
76039636$Doom Dozer$Unlimited$EARTH$[Insect/Effect]$$$$$8$2800$2600$$$$Cannot be Normal Summoned/Set. Must be Special Summoned (from your hand) by banishing 2 Insect monsters from your GY. If this card inflicts battle damage to your opponent: Send the top card of their Deck to the GY.$Insect$$Activates when it inflicts battle damage/Sends from your opponent's Deck to your opponent's Graveyard$Summon/Trigger$
83039729$Grandmaster of the Six Samurai$Unlimited$EARTH$[Warrior/Effect]$$$$$5$2100$800$$$$You can only control 1 "Grandmaster of the Six Samurai". If you control a "Six Samurai" monster, you can Special Summon this card (from your hand). If this card in your possession is destroyed by an opponent's card effect: Target 1 "Six Samurai" monster in your GY; add that target to your hand.$Supports archetypes /Six Samurai$$Activates from your hand/Activates if destroyed by card effect/Returns from your Graveyard to your hand$Unclassified/Trigger$
82213171$Prometheus, King of the Shadows$Unlimited$DARK$[Fiend/Effect]$$$$$4$1200$800$$$$If this card is Normal Summoned: Banish 1 or more DARK monsters from your GY, and if you do, this card gains 400 ATK for each, until the end of this turn.$DARK$$Activates upon Normal Summon$Trigger$
23995346$Blue-Eyes Ultimate Dragon$Unlimited$LIGHT$[Dragon/Fusion]$$$$$12$4500$3800$$$$"Blue-Eyes White Dragon" + "Blue-Eyes White Dragon" + "Blue-Eyes White Dragon"$$$$$
64599569$Chimeratech Overdragon$Unlimited$DARK$[Machine/Fusion/Effect]$$$$$9$?$?$$"Cyber Dragon" + 1+ Machine monsters$$Must be Fusion Summoned. If this card is Fusion Summoned: Send all other cards you control to the GY. The original ATK/DEF of this card each become equal to the number of Fusion Materials used for its Fusion Summon x 800. This card can attack your opponent's monsters a number of times each Battle Phase, up to the number of Fusion Materials used for its Fusion Summon.$Machine$$Activates upon Fusion Summon/Sends from your field to your Graveyard$Summon/Trigger/Continuous$
72302403$Swords of Revealing Light$Unlimited$SPELL$$$$$$$$$$$$After this card's activation, it remains on the field, but you must destroy it during the End Phase of your opponent's 3rd turn. When this card is activated: If your opponent controls a face-down monster, flip all monsters they control face-up. While this card is face-up on the field, your opponent's monsters cannot declare an attack.$$$Flips monsters face-up$Condition/Effect/Continuous-like$
19613556$Heavy Storm$Forbidden(OCG)$SPELL$$$$$$$$$$$$Destroy all Spell and Trap Cards on the field.$$$$Effect$
32807846$Reinforcement of the Army$Limited$SPELL$$$$$$$$$$$$Add 1 Level 4 or lower Warrior monster from your Deck to your hand.$Warrior$$Adds from Deck to hand$Effect$
87910978$Brain Control$Unlimited$SPELL$$$$$$$$$$$$Pay 800 LP, then target 1 face-up monster your opponent controls that can be Normal Summoned/Set; take control of that target until the End Phase.$$$Changes control$Cost/Effect$
19230407$Offerings to the Doomed$Unlimited$SPELL$$$$$$$$$Quick-Play$$$Target 1 face-up monster on the field; destroy that target, also skip your next Draw Phase.$$$Skips Draw Phase$Effect$
20065549$Non-Spellcasting Area$Unlimited$SPELL$$$$$$$$$Continuous$$$All face-up monsters, except for Effect Monsters, are unaffected by other Spell effects.$Non-Effect Monster$Effect Monster$$Continuous-like$
47529357$Mist Body$Unlimited$SPELL$$$$$$$$$Equip$$$The equipped monster cannot be destroyed by battle.$$$$Continuous-like$
94585852$Pandemonium$Unlimited$SPELL$$$$$$$$$Field$$$Neither player has to pay Life Points during the Standby Phase for "Archfiend" monsters. Each time a player's "Archfiend" monster(s) is destroyed and sent to the Graveyard, except by battle, that player can add 1 "Archfiend" monster from their Deck to their hand with a lower Level than the destroyed card.$Supports archetypes /Archfiend$$Adds from Deck to hand/Reduces costs$Continuous-like/Trigger-like$
57728570$Crush Card Virus$Unlimited$TRAP$$$$$$$$$$$$Tribute 1 DARK monster with 1000 or less ATK; your opponent takes no damage until the end of the next turn after this card resolves, also, you look at your opponent's hand and all monsters they control, and if you do, destroy the monsters among them with 1500 or more ATK, then your opponent can destroy up to 3 monsters with 1500 or more ATK in their Deck.$DARK$$Tributes for cost/Reveals face-down cards/Reveals your opponent's hand$Cost/Effect$
44095762$Mirror Force$Unlimited$TRAP$$$$$$$$$$$$When an opponent's monster declares an attack: Destroy all your opponent's Attack Position monsters.$$$Activates upon attack declaration$Activation requirement/Effect$
53582587$Torrential Tribute$Unlimited$TRAP$$$$$$$$$$$$When a monster(s) is Summoned: Destroy all monsters on the field.$$$$Activation requirement/Effect$
38411870$Needle Ceiling$Unlimited$TRAP$$$$$$$$$$$$When there are 4 or more monsters on the field: Destroy all face-up monsters.$$$$Activation requirement/Effect$
33950246$Royal Command$Unlimited$TRAP$$$$$$$$$Continuous$$$Flip monsters' effects cannot be activated, also their effects are negated.$$Flip monster$$Continuous-like$
90846359$Rivalry of Warlords$Unlimited$TRAP$$$$$$$$$Continuous$$$Each player can only control 1 Type of monster. Send all other face-up monsters they control to the GY.$$$Sends from field to Graveyard$Continuous-like$
82732705$Skill Drain$Unlimited$TRAP$$$$$$$$$Continuous$$$Activate this card by paying 1000 LP. Negate the effects of all face-up monsters while they are face-up on the field (but their effects can still be activated).$$$$Cost/Continuous-like$
38275183$Spell Shield Type-8$Unlimited$TRAP$$$$$$$$$Counter$$$Activate 1 of these effects.●When a Spell Card is activated that targets exactly 1 monster on the field: Negate the activation, and if you do, destroy it.●When a Spell Card is activated: Send 1 Spell Card from your hand to the Graveyard; negate the activation, and if you do, destroy it.$$$Sends from your hand to your Graveyard for cost$Activation requirement/Effect/Cost$
