Passcode$Name$Status$Attribute$type$link$link_arrows$rank$pendulum_scale$level$attack$defense$spell_attribute$summoning_condition$pendulum_condition$card_text$card_supports$card_anti_supports$card_actions$effect_types$
89631139$Blue-Eyes White Dragon$Unlimited$LIGHT$[Dragon/Normal]$$$$$8$3000$2500$$$$This legendary dragon is a powerful engine of destruction. Virtually invincible, very few have faced this awesome creature and lived to tell the tale.$$$$$
19153634$Patrician of Darkness$Unlimited$DARK$[Zombie/Effect]$$$$$5$2000$1400$$$$You choose the attack targets for your opponent's attacks.$$$$Continuous$
77044671$Pyramid Turtle$Unlimited$EARTH$[Zombie/Effect]$$$$$4$1200$1400$$$$When this card is destroyed by battle and sent to the GY: You can Special Summon 1 Zombie monster with 2000 or less DEF from your Deck.$Zombie$$Activates if destroyed by battle/Activates from your Graveyard$Trigger$
40933924$Dark Scorpion Burglars$Unlimited$DARK$[Warrior/Effect]$$$$$4$1000$1000$$$$When this card inflicts Battle Damage to your opponent: Your opponent sends 1 Spell Card from their Deck to the Graveyard.$$$Activates when it inflicts battle damage/Sends from your opponent's Deck to your opponent's Graveyard$Trigger$
76922029$Don Zaloog$Unlimited$DARK$[Warrior/Effect]$$$$$4$1400$1500$$$$When this card inflicts battle damage to your opponent: You can activate 1 of these effects;●Discard 1 random card from their hand.●Send the top 2 cards of their Deck to the GY.$$$Activates when it inflicts battle damage/Sends from your opponent's Deck to your opponent's Graveyard/Your opponent discards$Trigger$
76052811$Helpoemer$Unlimited$DARK$[Fiend/Effect]$$$$$5$2000$1400$$$$Cannot be Special Summoned from the GY. At the end of your opponent's Battle Phase, if this card is in the GY because it was destroyed by battle: Make your opponent discard 1 random card. This card must be in the GY to activate and to resolve this effect.$$$Activates from your Graveyard/Your opponent discards$Summon/Trigger/Condition$
$Dark Scorpion - Cliff the Trap Remover (Updated from: Cliff the Trap Remover)$$DARK$[Warrior/Effect]$$$$$3$1200$1000$$$$When this card inflicts Battle Damage to your opponent, you can activate 1 of these effects:●Target 1 Spell/Trap Card on the field; destroy that target.●Send the top 2 cards of their Deck to the Graveyard.$$$$$
71200730$Despair from the Dark$Unlimited$DARK$[Zombie/Effect]$$$$$8$2800$3000$$$$If this card is sent from your hand or Deck to your GY by an opponent's card effect: Special Summon this card.$$$Activates from your Graveyard$Trigger$
34193084$Fear from the Dark$Unlimited$DARK$[Zombie/Effect]$$$$$4$1700$1500$$$$When this card is sent from your hand or Deck to your Graveyard by an opponent's card effect: Special Summon this card.$$$Activates from your Graveyard$Trigger$
61587183$Dark Scorpion - Chick the Yellow$Unlimited$DARK$[Warrior/Effect]$$$$$3$1000$1000$$$$When this card inflicts Battle Damage to your opponent, you can activate 1 of these effects:●Target 1 card on the field; return that target to the hand.●Look at the top card of their Deck, then return it to the top or bottom of the Deck.$$$Activates when it inflicts battle damage/Returns from field to hand/Looks at cards from the top of the opponent's Deck/Changes the opponent's Deck order/Places cards from the opponent's Deck on the top of the Deck/Places cards from the opponent's Deck on the bottom of the Deck$Trigger$
48768179$Dark Scorpion - Gorg the Strong$Unlimited$DARK$[Warrior/Effect]$$$$$5$1800$1500$$$$When this card inflicts battle damage to your opponent, you can activate 1 of these effects:●Target 1 monster your opponent controls; return that target to the top of the Deck.●Send the top card of their Deck to the GY.$$$Activates when it inflicts battle damage/Returns from your opponent's field to your opponent's Deck/Sends from your opponent's Deck to your opponent's Graveyard$Trigger$
74153887$Dark Scorpion - Meanae the Thorn$Unlimited$DARK$[Warrior/Effect]$$$$$4$1000$1800$$$$When this card inflicts battle damage to your opponent, you can activate 1 of these effects:●Add 1 "Dark Scorpion" card from your Deck to your hand.●Target 1 "Dark Scorpion" card in your GY; add that target to your hand.$Supports archetypes /Dark Scorpion$$Activates when it inflicts battle damage/Adds from Deck to hand/Adds from Graveyard to hand$Trigger$
57281778$Ryu Kokki$Unlimited$DARK$[Zombie/Effect]$$$$$6$2400$2000$$$$At the end of the Damage Step, if this card battled a Warrior or Spellcaster-Type monster: Destroy that monster.$$Spellcaster/Warrior$$Trigger$
26495087$Vampire Lady$Unlimited$DARK$[Zombie/Effect]$$$$$4$1550$1550$$$$When this card inflicts Battle Damage to your opponent: Declare 1 card type (Monster, Spell, or Trap); your opponent sends 1 card of that type from their Deck to the Graveyard.$$$Declares a card type/Sends from your opponent's Deck to your opponent's Graveyard$Trigger$
44436472$Double Coston$Unlimited$DARK$[Zombie/Effect]$$$$$4$1700$1650$$$$This card can be treated as 2 Tributes for the Tribute Summon of a DARK monster.$DARK$$$Unclassified$
70821187$Regenerating Mummy$Unlimited$DARK$[Zombie/Effect]$$$$$4$1800$1500$$$$When this card is sent from your hand to your GY by an opponent's card effect: Return this card to the hand.$$$Returns itself from Graveyard to hand$Trigger$
74713516$Dark Mimic LV1$Unlimited$DARK$[Fiend/Flip/Effect]$$$$$1$100$1000$$$$FLIP: Draw 1 card.Once per turn, during your Standby Phase: You can send this card to the GY; Special Summon 1 "Dark Mimic LV3" from your hand or Deck.$Dark Mimic LV3$$Activates upon being flipped face-up/You draw cards/Sends itself from field to Graveyard for cost$Flip/Trigger$
01102515$Dark Mimic LV3$Unlimited$DARK$[Fiend/Effect]$$$$$3$1000$1000$$$$If this card is destroyed by battle and sent to the GY: Draw 1 card, but if this card was Special Summoned by the effect of "Dark Mimic LV1", draw 2 cards instead.$Dark Mimic LV1$$Activates if destroyed by battle/Activates from your Graveyard/You draw cards$Trigger$
17259470$Zombie Master$Unlimited$DARK$[Zombie/Effect]$$$$$4$1800$0$$$$Once per turn: You can send 1 monster from your hand to the GY, then target 1 Level 4 or lower Zombie monster in either GY; Special Summon that target. This monster must be face-up on the field to activate and to resolve this effect.$Zombie$Zombie$Sends from hand to Graveyard for cost$Ignition/Condition$
77936940$Gernia$Unlimited$DARK$[Zombie/Effect]$$$$$4$1300$1200$$$$Once per turn, during your next Standby Phase after this face-up card you control was destroyed by an opponent's card effect and sent to your GY: Special Summon it from your GY.$$$Activates if destroyed by card effect/Activates from your Graveyard$Trigger$
63665875$Goblin Zombie$Unlimited$DARK$[Zombie/Effect]$$$$$4$1100$1050$$$$If this card inflicts battle damage to your opponent: Send the top card of their Deck to the GY. If this card is sent from the field to the GY: Add 1 Zombie monster with 1200 or less DEF from your Deck to your hand.$Zombie$$Activates when it inflicts battle damage/Sends from your opponent's Deck to your opponent's Graveyard/Adds from Deck to hand$Trigger$
40991587$The Lady in Wight$Unlimited$DARK$[Zombie/Effect]$$$$$3$0$2200$$$$Face-up Level 3 or lower Zombie monsters on the field, except "The Lady in Wight", cannot be destroyed by battle, also they are unaffected by Spell/Trap Cards and effects. This card's name becomes "Skull Servant" while it is in the GY.$Zombie/Skull Servant$$$Continuous/Unclassified$
68722455$Red Ogre$Unlimited$EARTH$[Zombie/Effect]$$$$$7$2800$2100$$$$When this card is Normal Summoned: You can send any number of cards from your hand to the Graveyard, then target the same number of cards on the field; return those targets to the hand.$$$Activates upon Normal Summon/Sends from hand to Graveyard for cost/Returns from field to hand$Trigger$
44330098$Gorz the Emissary of Darkness$Unlimited$DARK$[Fiend/Effect]$$$$$7$2700$2500$$$$When you take damage from a card in your opponent's possession: You can Special Summon this card from your hand. You must control no cards to activate and to resolve this effect. When this card is Special Summoned by its effect: Activate the appropriate effect, based on the type of damage.●Battle damage: Special Summon 1 "Emissary of Darkness Token" (Fairy/LIGHT/Level 7/ATK ?/DEF ?). Its ATK and DEF are each equal to the amount of battle damage you took.●Effect damage: Inflict damage to your opponent equal to the damage you took.$$$Activates upon Special Summon$Trigger/Condition$
37675138$Bone Crusher$Unlimited$EARTH$[Zombie/Effect]$$$$$4$1600$200$$$$When this card is Special Summoned from your Graveyard by the effect of a Zombie-Type monster: You can target 1 Spell/Trap Card your opponent controls; destroy that target. During the End Phase of the turn this card was Special Summoned: Destroy it.$Zombie$$$Trigger$
24040093$Fabled Grimro$Unlimited$LIGHT$[Fiend/Effect]$$$$$4$1700$1000$$$$If you control a "Fabled" monster: You can send this card from your hand to the GY; add 1 "Fabled" monster from your Deck to your hand, except "Fabled Grimro".$Supports archetypes /Fabled$$Sends itself from hand to Graveyard for cost/Adds from Deck to hand$Ignition$
55794644$Master Hyperion$Unlimited$LIGHT$[Fairy/Effect]$$$$$8$2700$2100$$$$You can Special Summon this card (from your hand) by banishing 1 "The Agent" monster from your hand, field, or GY. Once per turn: You can banish 1 LIGHT Fairy monster from your GY, then target 1 card on the field; destroy that target. While "The Sanctuary in the Sky" is on the field, you can activate this effect up to twice per turn.$Supports archetypes /The Agent$$$Summon/Ignition/Condition$
34230233$Grapha, Dragon Lord of Dark World$Unlimited$DARK$[Fiend/Effect]$$$$$8$2700$1800$$$$You can Special Summon this card (from your GY) by returning 1 "Dark World" monster you control to the hand, except "Grapha, Dragon Lord of Dark World". If this card is discarded to the GY by a card effect: Target 1 card your opponent controls; destroy that target, then, if this card was discarded from your hand to your GY by an opponent's card effect, look at 1 random card in your opponent's hand, then, if it was a monster, you can Special Summon it to your field.$Supports archetypes /Dark World$$Returns from your field to your hand/Returns from field to hand for cost/Reveals your opponent's hand/Activates from your Graveyard$Unclassified/Trigger$
08967776$Sephylon, the Ultimate Timelord$Unlimited$LIGHT$[Fairy/Effect]$$$$$10$4000$4000$$$$Cannot be Normal Summoned/Set. Must be Special Summoned (from your hand) by having 10 or more monsters in your GY. Once per turn: You can Special Summon 1 Level 8 or higher Fairy monster from your hand or GY, but its effects are negated, also its ATK becomes 4000.$Fairy$$$Summon/Ignition$
44665365$Herald of Perfection$Unlimited$LIGHT$[Fairy/Ritual/Effect]$$$$$6$1800$2800$$$$You can Ritual Summon this card with "Dawn of the Herald". During either player's turn, when your opponent activates a Spell Card, Trap Card, or monster effect: You can send 1 Fairy-Type monster from your hand to the Graveyard; negate the activation, and if you do, destroy it.$Fairy$$Sends from hand to Graveyard for cost$Summon/Quick$
50321796$Brionac, Dragon of the Ice Barrier$Unlimited$WATER$[Sea Serpent/Synchro/Effect]$$$$$6$2300$1400$$1 Tuner + 1+ non-Tuner monsters$$You can discard any number of cards to the GY, then target the same number of cards your opponent controls; return those cards to the hand. You can only use this effect of "Brionac, Dragon of the Ice Barrier" once per turn.$$$Discards for cost/Returns from field to hand$Ignition/Condition$
33198837$Naturia Beast$Unlimited$EARTH$[Beast/Synchro/Effect]$$$$$5$2200$1700$$1 EARTH Tuner + 1+ non-Tuner EARTH monsters$$When a Spell Card is activated (Quick Effect): You can send the top 2 cards of your Deck to the GY; negate the activation, and if you do, destroy it. This card must be face-up on the field to activate and to resolve this effect.$EARTH$$Sends from the top of your Deck to your Graveyard for cost$Quick/Condition$
02956282$Naturia Barkion$Unlimited$EARTH$[Dragon/Synchro/Effect]$$$$$6$2500$1800$$1 EARTH Tuner + 1+ non-Tuner EARTH monsters$$When a Trap Card is activated (Quick Effect): You can banish 2 cards from your GY; negate the activation, and if you do, destroy that card. This card must be face-up on the field to activate and to resolve this effect.$EARTH$$$Quick/Condition$
50091196$Formula Synchron$Unlimited$LIGHT$[Machine/Synchro/Tuner/Effect]$$$$$2$200$1500$$1 Tuner + 1 non-Tuner monster$$When this card is Synchro Summoned: You can draw 1 card. Once per Chain, during your opponent's Main Phase, you can (Quick Effect): Immediately after this effect resolves, Synchro Summon using this card you control.$$$Activates upon Synchro Summon/You draw cards/Uses itself as a Synchro Material$Trigger/Quick$
66976526$Karakuri Steel Shogun mdl 00X "Bureido"$Unlimited$EARTH$[Machine/Synchro/Effect]$$$$$8$2800$1700$$1 Tuner + 1 or more non-Tuner Machine-Type monsters$$When this card is Synchro Summoned: You can Special Summon 1 "Karakuri" monster from your Deck. Once per turn, when the battle position of a face-up "Karakuri" monster you control is changed (and remains face-up): Draw 1 card.$Supports archetypes /Karakuri$$Activates upon Synchro Summon/Activates if battle positions change/You draw cards$Trigger$
84013237$Number 39: Utopia$Unlimited$LIGHT$[Warrior/Xyz/Effect]$$$4$$$2500$2000$$2 Level 4 monsters$$When a monster declares an attack: You can detach 1 material from this card; negate the attack. If this card is targeted for an attack, while it has no material: Destroy this card.$$$Activates upon attack declaration$Trigger$
53129443$Dark Hole$Unlimited$SPELL$$$$$$$$$$$$Destroy all monsters on the field.$$$$Effect$
05318639$Mystical Space Typhoon$Unlimited$SPELL$$$$$$$$$Quick-Play$$$Target 1 Spell/Trap on the field; destroy that target.$$$$Effect$
02204140$Book of Life$Unlimited$SPELL$$$$$$$$$$$$Target 1 Zombie monster in your GY and 1 monster in your opponent's GY; Special Summon the first target, also banish the second target.$Zombie$$$Effect$
04861205$Call of the Mummy$Unlimited$SPELL$$$$$$$$$Continuous$$$Once per turn: You can Special Summon 1 Zombie monster from your hand. You must control no monsters to activate and to resolve this effect.$Zombie$$$Ignition-like/Condition$
$Spellbook Organization (Updated from: Pigeonholing Books of Spell)$$SPELL$$$$$$$$$Quick-Play$$$Look at the top 3 cards of your Deck, then return them to the top of the Deck in any order.$$$$$
68191243$Mustering of the Dark Scorpions$Unlimited$SPELL$$$$$$$$$$$$If you control a face-up "Don Zaloog": You can Special Summon any number of "Dark Scorpion" monsters from your hand, but only 1 copy of each.$Supports archetypes /Dark Scorpion$$$Activation requirement/Effect$
66835946$Pyramid of Wonders$Unlimited$SPELL$$$$$$$$$Continuous$$$All Zombie monsters you control gain 200 ATK for each monster your opponent controls. If exactly 1 Zombie monster you control (and no other cards) would be destroyed, you can send this card to the GY instead.$Zombie$$Sends itself from field to Graveyard$Continuous-like$
27383110$Dawn of the Herald$Unlimited$SPELL$$$$$$$$$Ritual$$$This card is used to Ritual Summon "Herald of Perfection". You must also Tribute monsters from your hand or field whose total Levels equal exactly 6. When "Herald of Perfection" is Ritual Summoned by this card's effect: You can banish this card from your Graveyard, then target 1 of the monsters in your Graveyard that was Tributed for that Ritual Summon; return that target to your hand.$$$Activates upon Ritual Summon/Activates from your Graveyard/Adds from Graveyard to hand/Tributes as an effect$Condition/Effect/Trigger-like$
41420027$Solemn Judgment$Unlimited$TRAP$$$$$$$$$Counter$$$When a monster(s) would be Summoned, OR a Spell/Trap Card is activated: Pay half your LP; negate the Summon or activation, and if you do, destroy that card.$$$$Activation requirement/Cost/Effect$
97077563$Call of the Haunted$Unlimited$TRAP$$$$$$$$$Continuous$$$Activate this card by targeting 1 monster in your GY; Special Summon that target in Attack Position. When this card leaves the field, destroy that monster. When that monster is destroyed, destroy this card.$$$$Effect/Continuous-like$
63442604$Physical Double$Unlimited$TRAP$$$$$$$$$$$$During your opponent's turn: Target 1 face-up monster your opponent controls; Special Summon 1 "Mirage Token" with the same Level, Type, Attribute, ATK, and DEF as that target. Destroy this Token during the End Phase.$$$$Activation requirement/Effect$
$Hidden Spellbook (Updated from: Hidden Book of Spell)$$TRAP$$$$$$$$$$$$During your Turn: Target 2 Spell Cards in your Graveyard; shuffle those targets into the Deck.$$$$$
79852326$Zoma the Spirit$Unlimited$TRAP$$$$$$$$$Continuous$$$Special Summon this card in Defense Position as an Effect Monster (Zombie/DARK/Level 4/ATK 1800/DEF 500). (This card is also still a Trap.) If this card Summoned this way is destroyed by battle: Inflict damage to your opponent equal to the ATK of the monster that destroyed it.$$$Activates if destroyed by battle/Activates from your Graveyard$Effect/Condition/Trigger-like$
28649820$Embodiment of Apophis$Unlimited$TRAP$$$$$$$$$Continuous$$$During the Main Phase: Special Summon this card as a Normal Monster (Reptile/EARTH/Level 4/ATK 1600/DEF 1800). (This card is also still a Trap.)$$$$Activation requirement/Effect/Condition$
70406920$Machine King - 3000 B.C.$Unlimited$TRAP$$$$$$$$$Continuous$$$Special Summon this card as an Effect Monster (Machine/EARTH/Level 4/ATK 1000/DEF 1000). (This card is also still a Trap.) If Summoned this way, once per turn, during your Main Phase: You can Tribute 1 Machine monster; this card gains ATK equal to the ATK the Tributed monster had on the field, until the end of this turn. You cannot Normal or Special Summon other monsters the turn you activate this card.$Machine$$Tributes for cost$Effect/Condition/Ignition-like$
58120309$Starlight Road$Unlimited$TRAP$$$$$$$$$$$$When a card or effect is activated that would destroy 2 or more cards you control: Negate the effect, and if you do, destroy that card, then you can Special Summon 1 "Stardust Dragon" from your Extra Deck.$Stardust Dragon$$$Activation requirement/Effect$
03129635$Tiki Curse$Unlimited$TRAP$$$$$$$$$Continuous$$$Special Summon this card as an Effect Monster (Rock-Type/DARK/Level 4/ATK 1800/DEF 1000). (This card is also still a Trap Card.) While this card is an Effect Monster, if another Trap Card that is a monster battles an opponent's monster, after damage calculation: Destroy that opponent's monster.$Trap Monster$$$Effect/Condition/Trigger-like$
49514333$Tiki Soul$Unlimited$TRAP$$$$$$$$$Continuous$$$Special Summon this card as an Effect Monster (Rock-Type/LIGHT/Level 4/ATK 1000/DEF 1800). (This card is also still a Trap Card.) While this card is an Effect Monster, if another Trap Card you control that is a monster would be destroyed by your opponent's card (either by battle or by card effect) and sent to your Graveyard, you can Set it in the Spell & Trap Card Zone instead.$Trap Monster$$Places destroyed cards in Spell & Trap Zone$Effect/Condition/Continuous-like$
21843307$Copy Knight$Unlimited$TRAP$$$$$$$$$Continuous$$$When a Level 4 or lower Warrior monster is Normal Summoned to your field: Special Summon this card as a Normal Monster with the same name and Level as the Normal Summoned monster (Warrior/LIGHT/ATK 0/DEF 0). (This card is also still a Trap.)$Warrior$$Activates upon Normal Summon$Activation requirement/Effect/Condition$
