Passcode$Name$Status$Attribute$type$link$link_arrows$rank$pendulum_scale$level$attack$defense$spell_attribute$summoning_condition$pendulum_condition$card_text$card_supports$card_anti_supports$card_actions$effect_types$
26202165$Sangan$Unlimited$DARK$[Fiend/Effect]$$$$$3$1000$600$$$$If this card is sent from the field to the GY: Add 1 monster with 1500 or less ATK from your Deck to your hand, but you cannot activate cards, or the effects of cards, with that name for the rest of this turn. You can only use this effect of "Sangan" once per turn.$$$Activates from your Graveyard/Adds from Deck to hand$Trigger/Condition$
81059524$Des Volstgalph$Unlimited$EARTH$[Dragon/Effect]$$$$$6$2200$1700$$$$If this card destroys an opponent's monster by battle and sends it to the Graveyard: Inflict 500 damage to your opponent. Each time a Normal or Quick-Play Spell Card resolves, this card gains 200 ATK until the end of this turn.$Normal Spell Card/Quick-Play Spell Card$Normal Spell Card/Quick-Play Spell Card$Activates when it destroys a monster by battle$Trigger/Continuous$
62543393$Lekunga$Unlimited$WATER$[Plant/Effect]$$$$$4$1700$500$$$$You can banish 2 WATER monsters from your Graveyard; Special Summon 1 "Lekunga Token" (Plant-Type/WATER/Level 2/ATK 700/DEF 700) in Attack Position.$WATER$$Banishes from Graveyard for cost/Banishes from your Graveyard$Ignition$
40320754$Lord Poison$Unlimited$WATER$[Plant/Effect]$$$$$4$1500$1000$$$$If this card is destroyed by battle and sent to the Graveyard: Target 1 Plant-Type monster in your Graveyard, except "Lord Poison"; Special Summon that target.$Plant$$Activates if destroyed by battle/Activates from your Graveyard$Trigger$
39180960$Rigorous Reaver$Unlimited$FIRE$[Plant/Effect]$$$$$3$1600$100$$$$FLIP: Each player discards 1 card.If this card is destroyed by battle: The monster that destroyed it loses 500 ATK and DEF.$$$Activates upon being flipped face-up/You discard/Your opponent discards/Discards for effect/Activates if destroyed by battle$Flip/Trigger$
51945556$Zaborg the Thunder Monarch$Unlimited$LIGHT$[Thunder/Effect]$$$$$5$2400$1000$$$$If this card is Tribute Summoned: Target 1 monster on the field; destroy that target.$$$Activates upon Tribute Summon$Trigger$
04929256$Mobius the Frost Monarch$Unlimited$WATER$[Aqua/Effect]$$$$$6$2400$1000$$$$When this card is Tribute Summoned: You can target up to 2 Spell/Trap Cards on the field; destroy those targets.$$$Activates upon Tribute Summon$Trigger$
26205777$Thestalos the Firestorm Monarch$Unlimited$FIRE$[Pyro/Effect]$$$$$6$2400$1000$$$$If this card is Tribute Summoned: Discard 1 random card from your opponent's hand, then, if it was a Monster Card, inflict damage to your opponent equal to its original Level x 100.$$$Activates upon Tribute Summon/Your opponent discards$Trigger$
60229110$Granmarg the Rock Monarch$Unlimited$EARTH$[Rock/Effect]$$$$$6$2400$1000$$$$If this card is Tribute Summoned: Target 1 Set card on the field; destroy that target.$$$Activates upon Tribute Summon$Trigger$
12538374$Treeborn Frog$Unlimited$WATER$[Aqua/Effect]$$$$$1$100$100$$$$Once per turn, during your Standby Phase, if this card is in your Graveyard and you do not control "Treeborn Frog": You can Special Summon this card. You must control no Spell/Trap Cards to activate and to resolve this effect.$$$Activates from your Graveyard$Trigger/Condition$
71181155$Phantom Beast Cross-Wing$Unlimited$LIGHT$[Beast-Warrior/Effect]$$$$$4$1300$1300$$$$While this card is in the GY, all "Phantom Beast" monsters on the field gain 300 ATK.$Supports archetypes /Phantom Beast$$$Unclassified$
07576264$Phantom Beast Wild-Horn$Unlimited$EARTH$[Beast-Warrior/Effect]$$$$$4$1700$0$$$$If this card attacks a Defense Position monster, inflict piercing battle damage.$$$$Continuous$
34961968$Phantom Beast Thunder-Pegasus$Unlimited$LIGHT$[Beast-Warrior/Effect]$$$$$4$700$2000$$$$When an opponent's monster declares an attack: You can banish this card from your GY, then target 1 "Phantom Beast" monster you control; that monster you control cannot be destroyed by battle this turn.$Supports archetypes /Phantom Beast$$Activates from your Graveyard$Quick$
70969517$Phantom Beast Rock-Lizard$Unlimited$DARK$[Beast-Warrior/Effect]$$$$$7$2200$2000$$$$If you're Tributing a "Phantom Beast" monster or "Gazelle the King of Mythical Beasts", this card can be Normal Summoned with 1 Tribute. When this card destroys a monster by battle, inflict 500 damage to your opponent. When this card is destroyed and sent to the Graveyard by an opponent's card effect, inflict 2000 damage to your opponent.$Supports archetypes /Phantom Beast$$Activates from your Graveyard$Summon/Trigger$
18430390$Winged Rhynos$Unlimited$WIND$[Beast-Warrior/Effect]$$$$$4$1800$500$$$$During either player's turn, when a Trap Card is activated (except during the Damage Step): You can return this face-up card from the field to the hand.$$$Returns itself from field to hand$Quick$
84290642$Snipe Hunter$Unlimited$DARK$[Fiend/Effect]$$$$$4$1500$600$$$$You can discard 1 card, then target 1 card on the field; roll a six-sided die, and destroy that target unless you roll a 1 or 6.$$$Discards for cost$Ignition$
64398890$The Six Samurai - Yaichi$Unlimited$WATER$[Warrior/Effect]$$$$$3$1300$800$$$$Once per turn: You can target 1 Set Spell/Trap Card; destroy that target. You must control a face-up "Six Samurai" monster with a different name to activate and to resolve this effect. This monster cannot declare an attack during the turn this effect is activated. If this card would be destroyed, you can destroy another face-up "Six Samurai" monster you control instead.$Supports archetypes /Six Samurai$$$Ignition/Condition/Continuous$
90397998$The Six Samurai - Kamon$Unlimited$FIRE$[Warrior/Effect]$$$$$3$1500$1000$$$$Once per turn: You can target 1 face-up Spell/Trap Card; destroy that target. You must control a face-up "Six Samurai" monster with a different name to activate and to resolve this effect. This card cannot declare an attack during the turn this effect is activated. If this card would be destroyed, you can destroy another face-up "Six Samurai" monster you control instead.$Supports archetypes /Six Samurai$$$Ignition/Continuous$
69025477$The Six Samurai - Yariza$Unlimited$EARTH$[Warrior/Effect]$$$$$3$1000$500$$$$While you control a face-up "Six Samurai" monster with a different name, this card can attack your opponent directly. If this card would be destroyed, you can destroy another face-up "Six Samurai" monster you control instead.$Supports archetypes /Six Samurai$$$Continuous$
31904181$The Six Samurai - Nisashi$Unlimited$WIND$[Warrior/Effect]$$$$$4$1400$700$$$$While you control a face-up "Six Samurai" monster with a different name, this card can attack twice during each Battle Phase. If this card would be destroyed, you can destroy another face-up "Six Samurai" monster you control instead.$Supports archetypes /Six Samurai$$$Continuous$
95519486$The Six Samurai - Zanji$Unlimited$LIGHT$[Warrior/Effect]$$$$$4$1800$1300$$$$At the end of the Damage Step, if this card attacked: Destroy the monster this card attacked. You must control a face-up "Six Samurai" monster with a different name to activate and to resolve this effect. If this card would be destroyed, you can destroy another face-up "Six Samurai" monster you control instead.$Supports archetypes /Six Samurai$$$Trigger/Continuous$
27782503$The Six Samurai - Irou$Unlimited$DARK$[Warrior/Effect]$$$$$4$1700$1200$$$$At the start of the Damage Step, if this card attacked a face-down Defense Position monster: Destroy that monster. You must control a face-up "Six Samurai" monster with a different name to activate and to resolve this effect. If this card would be destroyed, you can destroy another face-up "Six Samurai" monster you control instead.$Supports archetypes /Six Samurai$$$Trigger/Continuous$
76459806$Volcanic Rocket$Unlimited$FIRE$[Pyro/Effect]$$$$$4$1900$1400$$$$When this card is Summoned: You can add 1 "Blaze Accelerator" card from your Deck or GY to your hand.$Supports archetypes /Blaze Accelerator $$Adds from Deck to hand/Adds from Graveyard to hand$Trigger$
33365932$Volcanic Shell$Unlimited$FIRE$[Pyro/Effect]$$$$$1$100$0$$$$Once per turn: You can pay 500 LP; add 1 "Volcanic Shell" from your Deck to your hand. This card must be in the GY to activate and to resolve this effect.$$$Activates from your Graveyard/Adds from Deck to hand/Adds copies of itself to hand$Ignition/Condition$
80908502$Elemental HERO Captain Gold$Unlimited$LIGHT$[Warrior/Effect]$$$$$4$2100$800$$$$You can discard this card to the Graveyard; add 1 "Skyscraper" from your Deck to your hand. If "Skyscraper" is not face-up on the field, destroy this card.$Skyscraper$$Discards itself for cost/Adds from Deck to hand$Ignition/Continuous$
73125233$Raiza the Storm Monarch$Unlimited$WIND$[Winged Beast/Effect]$$$$$6$2400$1000$$$$If this card is Tribute Summoned: Target 1 card on the field; place that target on the top of the Deck.$$$Activates upon Tribute Summon/Returns from field to Deck$Trigger$
04906301$Necro Gardna$Unlimited$DARK$[Warrior/Effect]$$$$$3$600$1300$$$$During your opponent's turn: You can banish this card from your Graveyard; negate the next attack this turn from a monster your opponent controls (this is a Quick Effect).$$$Activates from your Graveyard$Quick$
69884162$Elemental HERO Neos Alius$Unlimited$LIGHT$[Warrior/Gemini/Effect]$$$$$4$1900$1300$$$$This card is treated as a Normal Monster while face-up on the field or in the GY. While this card is a Normal Monster on the field, you can Normal Summon it to have it become an Effect Monster with this effect.●This card's name becomes "Elemental HERO Neos" while on the field.$Elemental HERO Neos$$$Unclassified/Condition/Continuous$
92373006$Test Tiger$Unlimited$EARTH$[Beast/Effect]$$$$$3$600$300$$$$If you control a face-up "Gladiator Beast" monster, you can Special Summon this card (from your hand). You can Tribute this card to target 1 face-up "Gladiator Beast" monster you control; shuffle that target into the Deck, then Special Summon 1 "Gladiator Beast" from your Deck, and treat it as if it was Special Summoned by the effect of a "Gladiator Beast" monster.$Supports archetypes /Gladiator Beast$$Tributes itself for cost/Returns from your field to your Deck$Summon/Ignition$
54040221$Royal Firestorm Guards$Unlimited$FIRE$[Pyro/Effect]$$$$$4$1700$1200$$$$If this card is Normal Summoned: Target 4 Pyro monsters in your GY; shuffle all 4 into the Deck, then draw 2 cards.$Pyro$$Activates upon Normal Summon/Returns from your Graveyard to your Deck/You draw cards$Trigger$
65192027$Dark Armed Dragon$Unlimited$DARK$[Dragon/Effect]$$$$$7$2800$1000$$$$Cannot be Normal Summoned/Set. Must be Special Summoned (from your hand) by having exactly 3 DARK monsters in your GY. You can banish 1 DARK monster from your GY, then target 1 card on the field; destroy that target.$DARK$$$Summon/Ignition$
12298909$Prime Material Dragon$Unlimited$LIGHT$[Dragon/Effect]$$$$$6$2400$2000$$$$Any effect that would inflict damage to a player increases their Life Points by the same amount, instead. During either player's turn, when a card or effect is activated that would destroy a monster(s) on the field: You can send 1 card from your hand to the Graveyard; negate the activation, and if you do, destroy it.$$$Sends from your hand to your Graveyard/Sends from hand to Graveyard for cost$Continuous/Quick$
09748752$Caius the Shadow Monarch$Unlimited$DARK$[Fiend/Effect]$$$$$6$2400$1000$$$$If this card is Tribute Summoned: Target 1 card on the field; banish that target, and if you do, inflict 1000 damage to your opponent if it is a DARK monster.$DARK$DARK$Activates upon Tribute Summon$Trigger$
26725158$Exile of the Wicked$Unlimited$SPELL$$$$$$$$$$$$Destroy all Fiend monsters on the field.$$Fiend$$Effect$
90873992$Warrior Elimination$Unlimited$SPELL$$$$$$$$$$$$Destroy all Warrior monsters on the field.$$Warrior$$Effect$
42703248$Giant Trunade$Forbidden(OCG)$SPELL$$$$$$$$$$$$Return all Spell and Trap Cards on the field to the hand.$$$Returns from field to hand$Effect$
37520316$Mind Control$Unlimited(OCG)$SPELL$$$$$$$$$$$$Target 1 monster your opponent controls; until the End Phase, take control of that target, but it cannot declare an attack or be Tributed.$$$Changes control/Cannot be Tributed$Effect$
63035430$Skyscraper$Unlimited$SPELL$$$$$$$$$Field$$$If an "Elemental HERO" monster attacks a monster that has a higher ATK, the attacking monster gains 1000 ATK during damage calculation only.$Supports archetypes /Elemental HERO$$$Continuous-like$
77565204$Future Fusion$Unlimited$SPELL$$$$$$$$$Continuous$$$During your 1st Standby Phase after this card's activation: Show 1 Fusion Monster in your Extra Deck and send the Fusion Materials listed on it from your Main Deck to the GY. During your 2nd Standby Phase after this card's activation: Fusion Summon 1 Fusion Monster from your Extra Deck with the same name as the monster you showed, and target it with this card. When this card leaves the field, destroy that target. When that target is destroyed, destroy this card.$Fusion Monster$$Reveals your Extra Deck/Sends from your Deck to your Graveyard/Uses cards in the player's Deck as Fusion Materials$Trigger-like/Continuous-like$
75500286$Gold Sarcophagus$Limited$SPELL$$$$$$$$$$$$Banish 1 card from your Deck, face-up. During your 2nd Standby Phase after this card's activation, add that card to the hand.$$$Adds banished cards to the hand$Effect/Lingering$
11102908$Shien's Castle of Mist$Unlimited$SPELL$$$$$$$$$Field$$$When a "Six Samurai" monster is attacked, the attacking monster loses 500 ATK during damage calculation only.$Supports archetypes /Six Samurai$$$Continuous-like$
72345736$Six Samurai United$Unlimited$SPELL$$$$$$$$$Continuous$$$Each time a "Six Samurai" monster(s) is Normal or Special Summoned, place 1 Bushido Counter on this card (max. 2). You can send this card to the GY; draw 1 card for each Bushido Counter on this card.$Supports archetypes /Six Samurai$Anti-supports archetypes /Six Samurai$You draw cards/Sends itself from field to Graveyard for cost$Continuous-like/Ignition-like$
90434926$Veil of Darkness$Unlimited$SPELL$$$$$$$$$Continuous$$$During your Draw Phase, if you draw a DARK monster(s): You can reveal any number of them; send them to the GY, then you can draw 1 more card.$DARK$$Reveals your hand for cost/Sends from hand to Graveyard for cost/Sends from your hand to your Graveyard/You draw cards$Trigger-like$
41420027$Solemn Judgment$Unlimited$TRAP$$$$$$$$$Counter$$$When a monster(s) would be Summoned, OR a Spell/Trap Card is activated: Pay half your LP; negate the Summon or activation, and if you do, destroy that card.$$$$Activation requirement/Cost/Effect$
29401950$Bottomless Trap Hole$Unlimited$TRAP$$$$$$$$$$$$When your opponent Summons a monster(s) with 1500 or more ATK: Destroy that monster(s) with 1500 or more ATK, and if you do, banish it.$$$$Activation requirement/Effect$
94192409$Compulsory Evacuation Device$Unlimited$TRAP$$$$$$$$$$$$Target 1 monster on the field; return that target to the hand.$$$Returns from field to hand$Effect$
20374520$Begone, Knave!$Unlimited$TRAP$$$$$$$$$Continuous$$$If a monster inflicts battle damage to a player: Return that monster to the hand.$$$Activates when it inflicts battle damage/Returns from field to hand$Trigger-like$
63356631$Phoenix Wing Wind Blast$Unlimited$TRAP$$$$$$$$$$$$Discard 1 card, then target 1 card your opponent controls; place that target on the top of the Deck.$$$Discards for cost/Returns from your opponent's field to your opponent's Deck$Cost/Effect$
46874015$Return of the Six Samurai$Unlimited$TRAP$$$$$$$$$$$$Target 1 "Six Samurai" monster in your GY; Special Summon that target. Destroy it during the End Phase of this turn.$Supports archetypes /Six Samurai$$$Effect$
21007444$Double-Edged Sword Technique$Unlimited$TRAP$$$$$$$$$$$$Target 2 "Six Samurai" monsters in your GY; Special Summon those targets in Attack Position. During the End Phase of this turn, destroy them, and if you do, take damage equal to those destroyed monsters' ATK.$Supports archetypes /Six Samurai$$$Effect/Lingering$
