Passcode$Name$Status$Attribute$type$link$link_arrows$rank$pendulum_scale$level$attack$defense$spell_attribute$summoning_condition$pendulum_condition$card_text$card_supports$card_anti_supports$card_actions$effect_types$
76908448$Gem-Knight Crystal$Unlimited$EARTH$[Rock/Normal]$$$$$7$2450$1950$$$$A Gem-Knight officer of high rank, who has optimized the use of the crystal powers. Despite his ability to overwhelm most opponents, he's wary of stretching himself too thin, and opts for solidarity with his comrades.$$$$$
02407147$Laval Volcano Handmaiden$Unlimited$FIRE$[Pyro/Tuner/Effect]$$$$$1$100$200$$$$When this card is sent to the GY, if you have a "Laval" monster in your GY other than "Laval Volcano Handmaiden": You can send 1 "Laval" monster from your Deck to your GY.$Supports archetypes /Laval$$Activates from your Graveyard/Sends from your Deck to your Graveyard$Trigger$
38492752$Laval Cannon$Unlimited$FIRE$[Warrior/Effect]$$$$$4$1600$900$$$$When this card is Normal or Flip Summoned: You can target 1 of your banished "Laval" monsters; Special Summon that target.$Supports archetypes /Laval$$Activates upon Normal Summon/Activates upon Flip Summon$Trigger$
75886890$Vylon Sphere$Unlimited$LIGHT$[Machine/Tuner/Effect]$$$$$1$400$400$$$$If this card is sent from the Monster Card Zone to the Graveyard: You can pay 500 Life Points to target 1 face-up monster you control; equip this card to that target. You can send this Equip Card to the Graveyard to target 1 Equip Spell Card in your Graveyard; equip that target to the monster this card was equipped to.$Equip Spell Card$$Activates from your Graveyard/Sends itself from field to Graveyard for cost/Places cards from Graveyard in Spell & Trap Zone$Trigger/Ignition-like$
01281505$Vylon Tetra$Unlimited$LIGHT$[Machine/Tuner/Effect]$$$$$2$900$900$$$$If this card is sent from the Monster Card Zone to the Graveyard: You can pay 500 Life Points, then target 1 face-up monster you control; equip this card to that target. If the equipped monster would be destroyed, you can destroy this Equip Card instead.$$$Activates from your Graveyard/Equips self from Graveyard$Trigger/Continuous-like$
38679204$Vylon Stella$Unlimited$LIGHT$[Fairy/Tuner/Effect]$$$$$3$1400$200$$$$If this card is sent from the Monster Card Zone to the Graveyard: You can pay 500 Life Points, then target 1 face-up monster you control; equip this card to that target. At the end of the Damage Step, if the equipped monster battled an opponent's monster: Destroy that opponent's monster.$$$Activates from your Graveyard/Equips self from Graveyard$Trigger/Trigger-like$
74064212$Vylon Prism$Unlimited$LIGHT$[Thunder/Tuner/Effect]$$$$$4$1500$1500$$$$If this card is sent from the Monster Card Zone to the Graveyard: You can pay 500 Life Points, then target 1 face-up monster you control; equip this card to that target. If the equipped monster attacks or is attacked: It gains 1000 ATK during the Damage Step only.$$$Activates from your Graveyard/Equips self from Graveyard$Trigger/Trigger-like$
00168917$Vylon Hept$Unlimited$LIGHT$[Fairy/Effect]$$$$$4$1800$800$$$$Once per turn: You can target 1 "Vylon" Monster Card you control that is an Equip Card; Special Summon that target in face-up Defense Position. Banish it when it leaves the field.$Supports archetypes /Vylon$$$Ignition$
37557626$Gishki Reliever$Unlimited$WATER$[Aqua/Effect]$$$$$2$500$800$$$$When this card is Normal or Flip Summoned: You can target 1 other monster you control; return that target to the hand. You must control another face-up "Gishki" monster to activate and to resolve this effect.$Supports archetypes /Gishki$$Activates upon Normal Summon/Activates upon Flip Summon/Returns from your field to your hand$Trigger$
63942761$Gishki Noellia$Unlimited$WATER$[Spellcaster/Effect]$$$$$4$1700$1000$$$$When this card is Normal Summoned: You can excavate the top 5 cards of your Deck, send any excavated Ritual Spell Cards and "Gishki" monsters to the Graveyard, also place the other cards on the bottom of your Deck in any order.$Supports archetypes /Gishki$$Activates upon Normal Summon/Excavates from the player's Deck/Sends excavated cards to the Graveyard/Sends from the top of your Deck to your Graveyard/Changes your Deck order/Places excavated cards on the bottom of the Deck/Places cards from the Deck on the bottom of the Deck$Trigger$
00336369$Gusto Squirro$Unlimited$WIND$[Thunder/Tuner/Effect]$$$$$2$0$1800$$$$When this card is destroyed by a card effect and sent to the Graveyard: You can Special Summon 1 Level 5 or higher "Gusto" monster from your Deck.$Supports archetypes /Gusto$$Activates from your Graveyard$Trigger$
36331074$Reeze, Whirlwind of Gusto$Unlimited$WIND$[Psychic/Effect]$$$$$5$1900$1400$$$$Once per turn: You can return 1 card from your hand to the bottom of the Deck to target 1 monster your opponent controls and 1 face-up "Gusto" monster you control; switch control of both monsters.$Supports archetypes /Gusto$$Returns from hand to Deck for cost/Changes control$Ignition$
62729173$Steelswarm Genome$Unlimited$DARK$[Fiend/Effect]$$$$$2$1000$0$$$$This card can be treated as 2 Tributes for the Tribute Summon of a "Steelswarm" monster.$Supports archetypes /Steelswarm$$$Unclassified$
99214782$Steelswarm Sentinel$Unlimited$DARK$[Fiend/Effect]$$$$$3$1100$0$$$$While this card is in face-up Attack Position, Special Summoned Level 5 or higher monsters on the field cannot activate their effects.$$$$Continuous$
35618486$Steelswarm Sting$Unlimited$DARK$[Fiend/Effect]$$$$$4$1850$0$$$$When this card you control is sent to your Graveyard: Target 1 face-up Ritual, Fusion or Synchro Monster on the field; destroy that target.$$Ritual Monster/Fusion Monster/Synchro Monster$Activates from your Graveyard$Trigger$
62007535$Steelswarm Longhorn$Unlimited$DARK$[Fiend/Effect]$$$$$9$3000$0$$$$Once per turn, if this card was Tribute Summoned by Tributing a "Steelswarm" monster(s): You can pay 1000 Life Points to target 1 monster on the field; destroy that target.$Supports archetypes /Steelswarm$$$Ignition$
94092230$Steelswarm Hercules$Unlimited$DARK$[Fiend/Effect]$$$$$10$3200$0$$$$Cannot be Special Summoned. Requires 3 "Steelswarm" Tributes to Normal Summon (cannot be Normal Set). Once per turn: You can pay half your Life Points; destroy all other cards on the field.$Supports archetypes /Steelswarm$$$Summon/Ignition$
21496848$Evigishki Tetrogre$Unlimited$WATER$[Aqua/Ritual/Effect]$$$$$6$2600$2100$$$$You can Ritual Summon this card with any "Gishki" Ritual Spell Card. Once per turn: You can declare 1 card type (Monster, Spell, or Trap); your opponent can discard 1 card to negate this card's effect, otherwise both players send 1 card of the declared type from their Main Deck to the Graveyard.$Supports archetypes /Gishki$$Declares a card type/Your opponent discards/Discards for effect/Sends from your Deck to your Graveyard/Sends from your opponent's Deck to your opponent's Graveyard$Summon/Ignition$
67985943$Gem-Knight Citrine$Unlimited$EARTH$[Pyro/Fusion/Effect]$$$$$7$2200$1950$$1 "Gem-Knight" monster + 1 Pyro-Type monster$$Must first be Fusion Summoned. If this card attacks or is attacked, your opponent cannot activate cards or effects until the end of the Damage Step.$Supports archetypes /Gem-Knight$$$Continuous$
93379652$Gem-Knight Prismaura$Unlimited$EARTH$[Thunder/Fusion/Effect]$$$$$7$2450$1400$$1 "Gem-Knight" monster + 1 Thunder-Type monster$$Must first be Fusion Summoned. Once per turn: You can send 1 "Gem-Knight" card from your hand to the Graveyard to target 1 face-up card on the field; destroy that target.$Supports archetypes /Gem-Knight$$Sends from hand to Graveyard for cost/Sends from your hand to your Graveyard$Summon/Ignition$
20374351$Laval Stennon$Unlimited$FIRE$[Pyro/Synchro/Effect]$$$$$7$2700$1800$$1 Tuner + 1 or more non-Tuner FIRE monsters$$When this card is Synchro Summoned: Send 1 card from your hand to the Graveyard. During either player's turn, when this card is targeted by a card effect: You can banish 1 "Laval" monster from your Graveyard; negate the activation, and if you do, destroy the targeting card.$Supports archetypes /Laval$$Activates upon Synchro Summon/Sends from your hand to your Graveyard$Trigger/Quick$
56768355$Vylon Alpha$Unlimited$LIGHT$[Machine/Synchro/Effect]$$$$$9$2200$1100$$1 "Vylon" Tuner + 1 or more non-Tuner monsters$$When this card is Synchro Summoned: You can target 1 Equip Spell Card in your Graveyard; equip that target to this card. While this card is equipped with an Equip Card, it cannot be destroyed by Spell/Trap effects, except for Equip Cards.$Supports archetypes /Vylon$$Activates upon Synchro Summon/Places cards from Graveyard in Spell & Trap Zone$Trigger/Continuous$
93157004$Vylon Omega$Unlimited$LIGHT$[Fairy/Synchro/Effect]$$$$$10$3200$1900$$2 Tuners + 1 non-Tuner "Vylon" monster$$When this card is Synchro Summoned: Destroy all face-up monsters that were Normal Summoned/Set. Once per turn: You can target 1 "Vylon" monster in your Graveyard; equip that target to this card. During either player's turn, when a monster effect activates: You can send 1 Equip Card equipped to this card to the Graveyard; negate the activation, and if you do, destroy that monster.$Supports archetypes /Vylon$$Activates upon Synchro Summon/Equips monsters from the player's Graveyard to itself/Sends from field to Graveyard for cost$Trigger/Ignition/Quick$
29552709$Daigusto Sphreez$Unlimited$WIND$[Psychic/Synchro/Effect]$$$$$6$2000$1300$$1 Tuner + 1 or more non-Tuner "Gusto" monsters$$When this card is Synchro Summoned: You can target 1 "Gusto" card in your Graveyard; add that target to your hand. Your opponent takes any Battle Damage you would have taken from battles involving a face-up "Gusto" monster you control. This card cannot be destroyed by battle.$Supports archetypes /Gusto$$Activates upon Synchro Summon/Adds from Graveyard to hand$Trigger/Continuous$
55046718$Vylon Component$Unlimited$SPELL$$$$$$$$$Equip$$$Equip only to a "Vylon" monster. If it attacks a Defense Position monster, inflict piercing Battle Damage to your opponent. If this face-up card on the field is sent to the Graveyard: You can add 1 "Vylon" Spell Card from your Deck to your hand.$Supports archetypes /Vylon$$Adds from Deck to hand/Activates from your Graveyard$Condition/Continuous-like/Trigger-like$
92035412$Vylon Element$Unlimited$SPELL$$$$$$$$$Continuous$$$When any face-up "Vylon" Equip Card(s) you control are destroyed (except during the Damage Step): You can Special Summon an equal or lower number of "Vylon" Tuner monsters from your Deck. They cannot be used as Synchro Material Monsters, except for the Synchro Summon of a "Vylon" Synchro Monster.$Supports archetypes /Vylon$$$Trigger-like$
28429121$Forbidden Arts of the Gishki$Unlimited$SPELL$$$$$$$$$Ritual$$$This card can be used to Ritual Summon any "Gishki" Ritual Monster. You must also Tribute face-up monsters from anywhere on the field, whose total Levels equal the Level of the Ritual Monster you Ritual Summon. Halve the ATK of the monster Ritual Summoned by this effect. You cannot conduct your Battle Phase the turn you activate this card.$Supports archetypes /Gishki$Ritual Monster$Tributes as an effect/Tributes opponent's monsters/Cannot conduct Battle Phase$Effect/Condition$
55824220$Pyroxene Fusion$Unlimited$TRAP$$$$$$$$$$$$Send, from your hand or your side of the field to the Graveyard, the Fusion Material Monsters that are listed on a "Gem-Knight" Fusion Monster Card, then Special Summon that Fusion Monster from your Extra Deck. (This Special Summon is treated as a Fusion Summon.)$Supports archetypes /Gem-Knight$$Sends from your hand to your Graveyard/Sends from your field to your Graveyard/Uses cards in the hand as Fusion Materials/Uses cards on the player's field as Fusion Materials$Effect$
81218874$Infestation Ripples$Unlimited$TRAP$$$$$$$$$$$$Pay 500 Life Points to target 1 Level 4 or lower "Steelswarm" monster in your Graveyard; Special Summon it from the Graveyard.$Supports archetypes /Steelswarm$$$Cost/Effect$
27207573$Infestation Tool$Unlimited$TRAP$$$$$$$$$$$$Send 1 "Steelswarm" monster from your Deck to the Graveyard to target 1 face-up "Steelswarm" monster you control; it gains 800 ATK until the End Phase.$Supports archetypes /Steelswarm$$Sends from your Deck to your Graveyard for cost$Cost/Effect$
19163116$Gem-Knight Obsidian$Unlimited$EARTH$[Rock/Effect]$$$$$3$1500$1200$$$$If this card is sent from the hand to your Graveyard: You can target 1 Level 4 or lower Normal Monster in your Graveyard; Special Summon that target.$Normal Monster$$Activates from your Graveyard$Trigger$
45662855$Gem-Knight Iolite$Unlimited$EARTH$[Aqua/Gemini/Effect]$$$$$4$1300$2000$$$$This card is treated as a Normal Monster while face-up on the field or in the Graveyard. While this card is face-up on the field, you can Normal Summon it to have it become an Effect Monster with this effect.●Once per turn: You can banish 1 "Gem-" monster from your Graveyard to target 1 "Gem-Knight" card in your Graveyard; add that target to your hand.$Supports archetypes /Gem-/Gem-Knight$$Adds from Graveyard to hand$Unclassified/Condition/Ignition$
72056560$Gem-Knight Amber$Unlimited$EARTH$[Thunder/Gemini/Effect]$$$$$4$1600$1400$$$$This card is treated as a Normal Monster while face-up on the field or in the Graveyard. While this card is face-up on the field, you can Normal Summon it to have it become an Effect Monster with this effect.●Once per turn: You can send 1 "Gem-Knight" card from your hand to the Graveyard to target 1 of your banished monsters; add that target to your hand.$Supports archetypes /Gem-Knight$$Sends from hand to Graveyard for cost/Adds banished cards to the hand$Unclassified/Condition/Ignition$
08041569$Laval Lakeside Lady$Unlimited$FIRE$[Pyro/Tuner/Effect]$$$$$3$200$200$$$$If this card is in your Graveyard and you have 3 or more "Laval" monsters with different names in your Graveyard: You can banish this card and 1 other "Laval" monster from your Graveyard to target 1 Set card your opponent controls; destroy that target.$Supports archetypes /Laval$$Activates from your Graveyard$Ignition$
45439263$Laval Coatl$Unlimited$FIRE$[Pyro/Tuner/Effect]$$$$$2$1300$700$$$$If you have 3 or more "Laval" monsters with different names in your Graveyard, you can Special Summon this card (from your hand).$Supports archetypes /Laval$$$Summon$
11834972$Laval Blaster$Unlimited$FIRE$[Warrior/Effect]$$$$$4$1200$800$$$$When this card is Normal Summoned, if you have a "Laval" monster in your Graveyard other than "Laval Blaster": You can choose a number from 1 to 5, then send that many cards from the top of your Deck to the Graveyard; this card gains 200 ATK for each "Laval" monster sent to the Graveyard to activate this effect.$Supports archetypes /Laval$$Activates upon Normal Summon/Sends from the top of your Deck to your Graveyard for cost$Trigger$
47228077$Vylon Pentachloro$Unlimited$LIGHT$[Machine/Union/Effect]$$$$$4$500$400$$$$Once per turn, you can either: Target 1 face-up "Vylon" monster you control; equip this card to that target, OR: Unequip this card and Special Summon it in face-up Attack Position. While equipped by this effect, if the equipped monster destroys an opponent's monster by battle: You can target 1 card your opponent controls; destroy that target. (A monster can only be equipped with 1 Union Monster at a time. If the equipped monster would be destroyed, destroy this card instead.)$Supports archetypes /Vylon$Union monster$Equips self from field/Activates when it destroys a monster by battle$Ignition/Ignition-like/Trigger-like/Condition/Continuous-like$
84313685$Vylon Tesseract$Unlimited$LIGHT$[Machine/Union/Effect]$$$$$4$800$600$$$$Once per turn, you can either: Target 1 face-up "Vylon" monster you control; equip this card to that target, OR: Unequip this card and Special Summon it in face-up Attack Position. While equipped by this effect, if the equipped monster destroys an opponent's monster by battle: You can target 1 Level 4 or lower "Vylon" monster in your Graveyard; Special Summon that target. (A monster can only be equipped with 1 Union Monster at a time. If the equipped monster would be destroyed, destroy this card instead.)$Supports archetypes /Vylon$Union monster$Equips self from field/Activates when it destroys a monster by battle$Ignition/Ignition-like/Trigger-like/Condition/Continuous-like$
10712320$Vylon Stigma$Unlimited$LIGHT$[Fairy/Effect]$$$$$4$1600$1000$$$$Once per turn, during either player's turn: You can target 1 face-up "Vylon" Equip Card you control and 1 appropriate face-up monster; equip the first target to the second target.$Supports archetypes /Vylon$$Moves Equip Cards$Quick$
47106439$Gishki Vision$Unlimited$WATER$[Sea Serpent/Effect]$$$$$2$700$500$$$$If you Ritual Summon exactly 1 WATER Ritual Monster with a card effect that requires use of monsters, this card can be used as the entire requirement. You can discard this card; add 1 "Gishki" Ritual Monster from your Deck to your hand.$Supports archetypes /Gishki$$Discards itself for cost/Adds from Deck to hand$Unclassified/Ignition$
73551138$Gishki Emilia$Unlimited$WATER$[Spellcaster/Spirit/Effect]$$$$$4$1600$800$$$$Cannot be Special Summoned. During the End Phase of the turn this card is Normal Summoned or flipped face-up: Return it to the hand. When this card is Normal Summoned or flipped face-up: Negate all Trap Card effects on the field, until the End Phase. You must control another face-up "Gishki" monster to activate and to resolve this effect.$Supports archetypes /Gishki$$Returns itself from field to hand/Activates upon Normal Summon$Summon/Trigger$
19959742$Gishki Mollusk$Unlimited$WATER$[Aqua/Effect]$$$$$4$1700$900$$$$When this card is sent to the Graveyard by a card effect: Look at the top 3 cards of your Deck, then return them all to the top or to the bottom of the Deck, in any order.$$$Activates from your Graveyard/Looks at cards from the top of your Deck/Changes your Deck order/Places cards from your Deck on the top of the Deck/Places cards from your Deck on the bottom of the Deck$Trigger$
46044841$Gusto Falco$Unlimited$WIND$[Winged Beast/Tuner/Effect]$$$$$2$600$1400$$$$When this face-up card on the field is sent to the Graveyard, except by battle: You can Special Summon 1 "Gusto" monster from your Deck in face-down Defense Position.$Supports archetypes /Gusto$$Activates from your Graveyard$Trigger$
72439556$Kamui, Hope of Gusto$Unlimited$WIND$[Psychic/Effect]$$$$$2$200$1000$$$$FLIP: Special Summon 1 "Gusto" Tuner monster from your Deck.$Supports archetypes /Gusto$$$Flip$
09837195$Musto, Oracle of Gusto$Unlimited$WIND$[Psychic/Effect]$$$$$4$1800$900$$$$Once per turn: You can target 1 "Gusto" monster in your Graveyard and 1 face-up monster on the field; shuffle the first target into the Deck, and if you do, negate the second target's effects until the End Phase.$Supports archetypes /Gusto$$Returns from your Graveyard to your Deck$Ignition$
45222299$Evigishki Gustkraken$Unlimited$WATER$[Aqua/Ritual/Effect]$$$$$6$2400$1000$$$$You can Ritual Summon this card with any "Gishki" Ritual Spell Card. When this card is Ritual Summoned: Look at up to 2 random cards in your opponent's hand, then shuffle 1 of them into the Deck.$Supports archetypes /Gishki$$Activates upon Ritual Summon/Reveals your opponent's hand/Returns from your opponent's hand to your opponent's Deck$Summon/Trigger$
71616908$Gem-Knight Amethyst$Unlimited$EARTH$[Aqua/Fusion/Effect]$$$$$7$1950$2450$$1 "Gem-Knight" monster + 1 Aqua-Type monster$$Must first be Fusion Summoned. When this card is sent from the field to the Graveyard: Return all Set Spell and Trap Cards on the field to the hand.$Supports archetypes /Gem-Knight$$Activates from your Graveyard/Returns from field to hand$Summon/Trigger$
08611007$Lavalval Dragun$Unlimited$FIRE$[Dragon/Synchro/Effect]$$$$$6$2500$1200$$1 Tuner + 1 or more non-Tuner FIRE monsters$$Once per turn: You can add 1 "Laval" monster from your Deck to your hand, then send 1 "Laval" monster from your hand to the Graveyard.$Supports archetypes /Laval$$Adds from Deck to hand/Sends from your hand to your Graveyard$Ignition$
34109611$Daigusto Falcos$Unlimited$WIND$[Psychic/Synchro/Effect]$$$$$4$1400$1200$$1 Tuner + 1 or more non-Tuner "Gusto" monsters$$When this card is Synchro Summoned: All "Gusto" monsters currently on the field gain 600 ATK.$Supports archetypes /Gusto$$Activates upon Synchro Summon$Trigger$
71594310$Gem-Knight Pearl$Unlimited$EARTH$[Rock/Xyz]$$$4$$$2600$1900$$$$2 Level 4 monsters$$$$$
03989465$Lavalval Ignis$Unlimited$FIRE$[Warrior/Xyz/Effect]$$$3$$$1800$1400$$2 Level 3 monsters$$If this card attacks or is attacked, during the Damage Step (in either player's turn): You can detach 1 Xyz Material from this card once per battle; this card gains 500 ATK until the end of this turn.$$$$Quick$
39987164$Vylon Disigma$Unlimited$LIGHT$[Fairy/Xyz/Effect]$$$4$$$2500$2100$$3 Level 4 monsters$$Once per turn: You can detach 1 Xyz Material from this card to target 1 face-up Attack Position Effect Monster your opponent controls; equip that target to this card. At the start of the Damage Step, if this card battles a monster whose Attribute is the same as a card equipped by this effect: Destroy that monster.$$Effect Monster$Equips monsters from the opponent's field to itself$Ignition/Trigger$
76372778$Evigishki Merrowgeist$Unlimited$WATER$[Aqua/Xyz/Effect]$$$4$$$2100$1600$$2 Level 4 monsters$$After damage calculation, if this card destroys an opponent's monster by battle: You can detach 1 Xyz Material from this card; shuffle the destroyed monster into the Deck instead of sending it to the Graveyard.$$$Returns from your opponent's field to your opponent's Deck$Trigger$
02766877$Daigusto Phoenix$Unlimited$WIND$[Pyro/Xyz/Effect]$$$2$$$1500$1100$$2 Level 2 monsters$$Once per turn: You can detach 1 Xyz Material from this card to target 1 face-up WIND monster you control; this turn, it can attack twice during each Battle Phase.$WIND$$$Ignition$
39261576$Particle Fusion$Unlimited$SPELL$$$$$$$$$$$$Send, from your side of the field to the Graveyard, the Fusion Material Monsters that are listed on a "Gem-Knight" Fusion Monster Card, then Special Summon that Fusion Monster from your Extra Deck. (This Special Summon is treated as a Fusion Summon.) When you do: Banish this card from the Graveyard to target 1 "Gem-Knight" Fusion Material Monster used for the Fusion Summon; the Fusion Summoned monster gains that monster's ATK until the End Phase.$Supports archetypes /Gem-Knight$$Sends from your field to your Graveyard/Uses cards on the player's field as Fusion Materials/Activates from your Graveyard$Effect/Trigger-like$
65659181$Vylon Polytope$Unlimited$SPELL$$$$$$$$$Quick-Play$$$Target any number of "Vylon" Monster Cards you control that are Equip Cards; Special Summon them in face-up Defense Position. Banish them when they leave the field.$Supports archetypes /Vylon$$$Effect$
01644289$Vylon Segment$Unlimited$SPELL$$$$$$$$$Equip$$$Equip only to a "Vylon" monster. It cannot be targeted by the opponent's monster effects or Trap effects. If this face-up card on the field is sent to the Graveyard: You can add 1 "Vylon" Spell Card from your Deck to your hand.$Supports archetypes /Vylon$$Adds from Deck to hand/Activates from your Graveyard$Condition/Continuous-like/Trigger-like$
38049934$Dustflame Blast$Unlimited$TRAP$$$$$$$$$$$$Banish all "Laval" monsters from your Graveyard; destroy any number of cards on the field, up to the number of monsters banished for this card's activation.$Supports archetypes /Laval$$$Cost/Effect$
64437633$Aquamirror Illusion$Unlimited$TRAP$$$$$$$$$$$$Special Summon 1 "Gishki" Ritual Monster from your hand. It cannot attack, and is returned to the hand during the End Phase.$Supports archetypes /Gishki$$Returns from your field to your hand$Effect$
91822647$Whirlwind of Gusto$Unlimited$TRAP$$$$$$$$$$$$If you control no monsters: Target 2 "Gusto" monsters in your Graveyard; shuffle both targets into the Deck, then Special Summon 1 "Gusto" monster with 1000 or less DEF from your Deck.$Supports archetypes /Gusto$$Returns from your Graveyard to your Deck$Activation requirement/Effect$
