Passcode$Name$Status$Attribute$type$link$link_arrows$rank$pendulum_scale$level$attack$defense$spell_attribute$summoning_condition$pendulum_condition$card_text$card_supports$card_anti_supports$card_actions$effect_types$
27762803$Naturia Beetle$Unlimited$EARTH$[Insect/Effect]$$$$$4$400$1800$$$$Each time a Spell Card is activated, switch the original ATK and DEF of this card.$$$$Continuous$
54161401$Naturia Rock$Unlimited$EARTH$[Rock/Effect]$$$$$3$1200$1200$$$$Once per Chain, when a Trap Card is activated (Quick Effect): You can send the top card of your Deck to the GY; Special Summon this card from your hand.$$$Activates from your hand/Sends from the top of your Deck to your Graveyard for cost$Quick$
80555116$Naturia Guardian$Unlimited$EARTH$[Plant/Effect]$$$$$4$1600$400$$$$If your opponent Normal Summons a monster: This card gains 300 ATK until the end of this turn.$$$$Trigger$
16940215$Naturia Vein$Unlimited$EARTH$[Plant/Tuner/Effect]$$$$$1$200$300$$$$When your opponent activates a Spell/Trap Card (Quick Effect): You can Tribute 1 "Naturia" monster and this card; negate the activation, and if you do, destroy that card.$Supports archetypes /Naturia$$Tributes itself for cost$Quick$
53944920$Genex Furnace$Unlimited$FIRE$[Pyro/Effect]$$$$$5$2000$1300$$$$If you control a face-up "Genex Controller", you can Normal Summon this card without Tributing.$Genex Controller$$$Summon$
89333528$Genex Gaia$Unlimited$EARTH$[Rock/Effect]$$$$$3$1000$1900$$$$If this card would be destroyed, you can destroy 1 "Genex Controller" monster you control instead.$Genex Controller$$$Continuous$
16828633$Genex Spare$Unlimited$DARK$[Machine/Tuner/Effect]$$$$$3$800$1200$$$$Once per turn, if you control another "Genex" monster, you can make this card's name "Genex Controller" until the End Phase.$Supports archetypes /Genex$$$Ignition$
52222372$Genex Turbine$Unlimited$EARTH$[Machine/Effect]$$$$$4$1400$1300$$$$While you control this face-up card, all face-up "Genex" monsters you control gain 400 ATK.$Supports archetypes /Genex$$$Continuous$
89211486$Genex Doctor$Unlimited$DARK$[Spellcaster/Effect]$$$$$3$1500$1000$$$$You can Tribute 1 face-up "Genex Controller" to select and destroy 1 card on the field.$Genex Controller$$Tributes for cost$Ignition$
15605085$Genex Solar$Unlimited$LIGHT$[Machine/Effect]$$$$$7$2500$1500$$$$You can Normal Summon this card by Tributing 1 "Genex" monster. Inflict 500 damage to your opponent each time a face-up "Genex" monster you control is sent to the Graveyard.$Supports archetypes /Genex$$$Summon/Trigger$
41090784$Dai-sojo of the Ice Barrier$Unlimited$WATER$[Spellcaster/Effect]$$$$$6$1600$2200$$$$If this card is Normal or Flip Summoned: Change it to Defense Position. "Ice Barrier" monsters you control cannot be destroyed by Spell/Trap effects.$Supports archetypes /Ice Barrier$$Activates upon Normal Summon/Activates upon Flip Summon/Changes battle positions$Trigger/Continuous$
88494899$Medium of the Ice Barrier$Unlimited$WATER$[Spellcaster/Effect]$$$$$7$2200$1600$$$$If your opponent controls 4 or more cards than you do, you can Special Summon this card (from your hand). Your opponent can only activate 1 Spell/Trap Card each turn.$$$$Summon/Continuous$
14983497$Mist Valley Baby Roc$Unlimited$WIND$[Winged Beast/Tuner/Effect]$$$$$2$400$600$$$$When this card is sent from the hand to the GY: You can Special Summon it.$$$Activates from your Graveyard$Trigger$
41978142$Mist Valley Executor$Unlimited$WIND$[Thunder/Effect]$$$$$5$2100$1600$$$$If this card is Normal Summoned: Return all face-up Spells and Traps from the field to the hand.$$$Activates upon Normal Summon/Returns from field to hand$Trigger$
77372241$Flamvell Grunika$Unlimited$FIRE$[Dragon/Effect]$$$$$4$1700$200$$$$If this card destroys a monster by battle and sends it to the GY: Inflict damage to your opponent equal to the original Level of the destroyed monster x 200.$$$Activates when it destroys a monster by battle$Trigger$
13761956$Flamvell Baby$Unlimited$FIRE$[Pyro/Tuner/Effect]$$$$$1$800$200$$$$You can send this card from your hand to the GY, then target 1 FIRE monster you control; that target gains 400 ATK.$FIRE$$Activates from your hand/Sends itself from hand to Graveyard for cost$Ignition$
40155554$Ally Mind$Unlimited$DARK$[Machine/Tuner/Normal]$$$$$5$1800$1400$$$$A high-performance unit developed to enhance the Artificial Intelligence program in Ally of Justice. Loaded with elements collected from a meteor from the Worm Nebula, it allows for high tuning performance, but its true capacity is not yet uncovered.$$$$$
76650663$Ally of Justice Nullfier$Unlimited$DARK$[Machine/Effect]$$$$$4$1600$1200$$$$If this card battles a LIGHT monster, after damage calculation: Negate the effects of that monster (including in the GY).$$LIGHT$$Trigger$
03648368$Ally of Justice Searcher$Unlimited$DARK$[Machine/Effect]$$$$$3$1400$100$$$$Once per turn: You can discard 1 card, then target 1 face-down Defense Position monster your opponent controls; change that target to face-up Attack Position. (Flip monsters' effects are not activated.)$$Flip monster$Discards for cost/Changes battle positions/Flips monsters face-up$Ignition$
45033006$Ally of Justice Enemy Catcher$Unlimited$DARK$[Machine/Effect]$$$$$6$1800$1800$$$$When this card is Normal Summoned: You can target 1 face-down Defense Position monster your opponent controls; take control of that target until the End Phase.$$$Activates upon Normal Summon/Changes control$Trigger$
71438011$Ally of Justice Thunder Armor$Unlimited$DARK$[Machine/Effect]$$$$$8$2700$2200$$$$Cannot be Special Summoned. If your "Ally of Justice" monster attacks a Defense Position monster, inflict piercing battle damage to your opponent.$Supports archetypes /Ally of Justice$$$Summon/Continuous$
08822710$Ally of Justice Cosmic Gateway$Unlimited$DARK$[Machine/Effect]$$$$$8$2400$1200$$$$If your opponent controls 2 or more monsters including a LIGHT monster, you can Special Summon this card (from your hand).$$LIGHT$Activates from your hand$Summon$
44811425$Worm Linx$Unlimited$LIGHT$[Reptile/Effect]$$$$$2$300$1000$$$$FLIP: If this card is face-up during the End Phase, draw 1 card.$$$You draw cards$Flip/Trigger$
71315423$Worm Millidith$Unlimited$LIGHT$[Reptile/Effect]$$$$$4$400$1600$$$$FLIP: You can equip this card to a monster your opponent controls as an Equip Card. Inflict 400 damage to the controller of the equipped monster during each Standby Phase.$$$Activates upon being flipped face-up/Equips self from field$Flip/Trigger-like$
07700132$Worm Noble$Unlimited$LIGHT$[Reptile/Effect]$$$$$6$1500$2400$$$$FLIP: If this card is flipped face-up by an opponent's monster's attack, inflict damage equal to half the ATK of the attacking monster.$$$Activates upon being flipped face-up$Flip$
33198837$Naturia Beast$Unlimited$EARTH$[Beast/Synchro/Effect]$$$$$5$2200$1700$$1 EARTH Tuner + 1+ non-Tuner EARTH monsters$$When a Spell Card is activated (Quick Effect): You can send the top 2 cards of your Deck to the GY; negate the activation, and if you do, destroy it. This card must be face-up on the field to activate and to resolve this effect.$EARTH$$Sends from the top of your Deck to your Graveyard for cost$Quick/Condition$
70583986$Dewloren, Tiger King of the Ice Barrier$Semi-Limited(OCG)$WATER$[Beast/Synchro/Effect]$$$$$6$2000$1400$$1 Tuner + 1+ non-Tuner WATER monsters$$You can target any number of other face-up cards you control; return those targets to the hand, then, this card gains 500 ATK for each card returned to the hand by this effect, until the end of this turn. You can only use this effect of "Dewloren, Tiger King of the Ice Barrier" once per turn.$WATER$$Returns from your field to your hand$Ignition$
06588580$Thermal Genex$Unlimited$FIRE$[Machine/Synchro/Effect]$$$$$8$2400$1200$$"Genex Controller" + 1 or more non-Tuner FIRE monsters$$This card gains 200 ATK for each FIRE monster in your Graveyard. If this card destroys an opponent's monster by battle, inflict 200 damage to your opponent for each "Genex" monster in your Graveyard.$Supports archetypes /Genex$$$Continuous/Trigger$
33972299$Geo Genex$Unlimited$EARTH$[Machine/Synchro/Effect]$$$$$6$1800$2800$$"Genex Controller" + 1 or more non-Tuner EARTH monsters$$Once per turn, if you control a face-up Level 4 or lower "Genex" monster(s), you can switch the original ATK and DEF of this card until the End Phase, for as long as you control a face-up Level 4 or lower "Genex" monster(s).$Supports archetypes /Genex$$$Ignition$
69461394$Ally of Justice Field Marshal$Unlimited$DARK$[Machine/Synchro/Effect]$$$$$9$2900$2600$$1 Tuner + 2+ non-Tuner monsters$$Must be Synchro Summoned. If this attacking card destroys a face-down Defense Position monster by battle and sends it to the GY: Draw 1 card.$$$Activates when it destroys a monster by battle/You draw cards$Summon/Trigger$
97651498$Fabled Lurrie$Unlimited$LIGHT$[Fiend/Effect]$$$$$1$200$400$$$$If this card is discarded to the GY: Special Summon it.$$$Activates from your Graveyard$Trigger$
24040093$Fabled Grimro$Unlimited$LIGHT$[Fiend/Effect]$$$$$4$1700$1000$$$$If you control a "Fabled" monster: You can send this card from your hand to the GY; add 1 "Fabled" monster from your Deck to your hand, except "Fabled Grimro".$Supports archetypes /Fabled$$Sends itself from hand to Graveyard for cost/Adds from Deck to hand$Ignition$
60434101$Fabled Gallabas$Unlimited$LIGHT$[Fiend/Effect]$$$$$4$1500$800$$$$You can discard 1 card to the GY, then target 1 monster your opponent controls with DEF less than or equal to this card's ATK; destroy that target.$$$Discards for cost$Ignition$
97439806$Fabled Kushano$Unlimited$LIGHT$[Fiend/Tuner/Effect]$$$$$3$1100$800$$$$If this card is in your GY: You can discard 1 "Fabled" monster to the GY, except "Fabled Kushano"; add this card to your hand.$Supports archetypes /Fabled$$Discards for cost/Returns itself from Graveyard to hand/Activates from your Graveyard$Ignition$
23927545$Jurrac Protops$Unlimited$FIRE$[Dinosaur/Effect]$$$$$4$1700$1200$$$$This card gains 100 ATK for each monster your opponent controls.$$$$Continuous$
59312550$Jurrac Velo$Unlimited$FIRE$[Dinosaur/Effect]$$$$$4$1700$1000$$$$When this face-up Attack Position card you control is destroyed by battle and sent to the Graveyard, you can Special Summon 1 "Jurrac" monster with 1700 or less ATK from your Deck.$Supports archetypes /Jurrac$$Activates if destroyed by battle/Activates from your Graveyard$Trigger$
36717258$Jurrac Monoloph$Unlimited$FIRE$[Dinosaur/Tuner/Effect]$$$$$3$1500$1200$$$$This card can attack all monsters your opponent controls once each.$$$$Continuous$
62701967$Jurrac Tyrannus$Unlimited$FIRE$[Dinosaur/Effect]$$$$$7$2500$1400$$$$You can Tribute 1 Dinosaur monster; this card gains 500 ATK. If this card destroys an opponent's monster by battle and sends it to the GY: This card gains 300 ATK.$Dinosaur$$Tributes for cost/Activates when it destroys a monster by battle$Ignition/Trigger$
99150062$Naturia Antjaw$Unlimited$EARTH$[Insect/Effect]$$$$$2$400$200$$$$When your opponent Special Summons a monster(s) (except during the Damage Step): You can Special Summon 1 Level 3 or lower "Naturia" monster from your Deck.$Supports archetypes /Naturia$$Activates upon Special Summon$Trigger$
25654671$Naturia Spiderfang$Unlimited$EARTH$[Insect/Effect]$$$$$4$2100$400$$$$Cannot declare an attack unless your opponent activated a card or effect this turn.$$$$Continuous$
61049315$Naturia Rosewhip$Unlimited$EARTH$[Plant/Tuner/Effect]$$$$$3$400$1700$$$$Your opponent can only activate 1 Spell/Trap Card each turn.$$$$Continuous$
98437424$Naturia Cosmobeet$Unlimited$EARTH$[Plant/Tuner/Effect]$$$$$2$1000$700$$$$When your opponent Normal Summons/Sets a monster: You can Special Summon this card from your hand.$$$Activates upon Normal Summon$Trigger$
24432029$Genex Blastfan$Unlimited$WIND$[Spellcaster/Effect]$$$$$4$1600$1300$$$$When this card is Special Summoned, you can add to your hand 1 DARK "Genex" monster from your Deck.$Supports archetypes /Genex$$Adds from Deck to hand$Trigger$
51827737$Genex Recycled$Unlimited$DARK$[Machine/Tuner/Effect]$$$$$1$200$400$$$$Once per turn, you can select 1 "Genex" monster in your Graveyard. Until the End Phase, this card's name is treated as the selected monster's name.$Supports archetypes /Genex$$$Ignition$
93211836$Genex Army$Unlimited$EARTH$[Machine/Effect]$$$$$6$2300$1300$$$$When this card is Tribute Summoned by Tributing a "Genex" monster, you can destroy 1 card your opponent controls.$Supports archetypes /Genex$$Activates upon Tribute Summon$Trigger$
20700531$Pilgrim of the Ice Barrier$Unlimited$WATER$[Warrior/Effect]$$$$$4$1500$1000$$$$Cannot be destroyed by battle with a monster that has 1900 or more ATK.$$$$Continuous$
56704140$Geomancer of the Ice Barrier$Unlimited$WATER$[Spellcaster/Tuner/Effect]$$$$$3$800$1200$$$$Once while face-up on the field: You can discard 1 card and declare 1 Attribute; monsters with that declared Attribute cannot target this card for attacks.$$$Discards for cost/Declares an Attribute$Ignition$
82199284$Mist Valley Falcon$Unlimited$WIND$[Winged Beast/Effect]$$$$$4$2000$1200$$$$Cannot declare an attack unless you return 1 card you control to the hand.$$$Returns from field to hand for cost$Continuous$
29587993$Mist Valley Apex Avian$Unlimited$WIND$[Winged Beast/Effect]$$$$$7$2700$2000$$$$Once per Chain, when a card or effect is activated (Quick Effect): You can target 1 "Mist Valley" card you control; return that target to the hand, and if you do, negate the activation, and if you do that, destroy it.$Supports archetypes /Mist Valley$$Returns from your field to your hand$Quick$
55982698$Ally of Justice Reverse Break$Unlimited$DARK$[Machine/Effect]$$$$$4$1200$1200$$$$If a LIGHT monster is on the field, destroy this card. At the start of the Damage Step, if this card attacks a face-down Defense Position monster: Destroy that face-down monster.$$LIGHT$$Continuous/Trigger$
82377606$Ally of Justice Unlimiter$Unlimited$DARK$[Machine/Effect]$$$$$2$600$200$$$$You can Tribute this card, then target 1 "Ally of Justice" monster you control; that target's ATK becomes double its original ATK until the end of this turn.$Supports archetypes /Ally of Justice$$Tributes itself for cost$Ignition$
28465301$Worm Opera$Unlimited$LIGHT$[Reptile/Effect]$$$$$2$400$800$$$$FLIP: All face-up monsters on the field loses 500 ATK, except Reptile-Type "Worm" monsters.$Supports archetypes /Worm$$Activates upon being flipped face-up$Flip$
54860010$Worm Prince$Unlimited$LIGHT$[Reptile/Effect]$$$$$6$2200$400$$$$If this card destroys an opponent's monster by battle, you can add to your hand 1 Reptile-Type "Worm" monster from your Deck. Destroy this card during the End Phase if you do not control a Reptile-Type "Worm" monster other than this card.$Supports archetypes /Worm$$Activates when it destroys a monster by battle/Adds from Deck to hand$Trigger$
81254059$Worm Queen$Unlimited$LIGHT$[Reptile/Effect]$$$$$8$2700$1100$$$$You can Tribute Summon this card in face-up Attack Position by Tributing 1 Reptile-Type "Worm" monster. Once per turn, you can Tribute 1 Reptile-Type "Worm" monster to Special Summon from your Deck 1 Reptile-Type "Worm" monster with a Level less than or equal to the Tributed monster.$Supports archetypes /Worm$$Tributes for cost$Summon/Ignition$
17649753$Worm Rakuyeh$Unlimited$LIGHT$[Reptile/Effect]$$$$$4$2100$1200$$$$This card can only declare an attack the turn this card is flipped face-up. If this card attacks, it is changed to face-down Defense Position at the end of the Battle Phase.$$$Changes battle positions/Flips itself face-down$Continuous/Trigger$
54048462$Fabled Valkyrus$Unlimited$LIGHT$[Fiend/Synchro/Effect]$$$$$8$2900$1700$$1 "Fabled" Tuner + 1+ non-Tuner monsters$$Once per turn: You can discard 1 Fiend monster; draw 1 card.$Supports archetypes /Fabled$$Discards for cost/You draw cards$Ignition$
80032567$Jurrac Giganoto$Unlimited$FIRE$[Dinosaur/Synchro/Effect]$$$$$7$2100$1800$$1 Tuner + 1 or more non-Tuner Dinosaur-Type monsters$$While this card is face-up on the field, all face-up "Jurrac" monsters you control gain 200 ATK for each "Jurrac" monster in your Graveyard.$Supports archetypes /Jurrac$$$Continuous$
16527176$Naturia Leodrake$Unlimited$EARTH$[Beast/Synchro]$$$$$9$3000$1800$$$$1 EARTH Tuner + 1+ non-Tuner EARTH monsters$EARTH$$$$
43925870$Windmill Genex$Unlimited$WIND$[Machine/Synchro/Effect]$$$$$7$2000$1600$$"Genex Controller" + 1 or more non-Tuner WIND monsters$$This card gains 300 ATK for each Spell and Trap Card Set on the field. You can send 1 card from your hand to the Graveyard to select and destroy 1 Set Spell or Trap Card.$$$Sends from your hand to your Graveyard for cost$Continuous/Ignition$
89310929$Mist Valley Thunder Lord$Unlimited$WIND$[Thunder/Synchro/Effect]$$$$$7$2600$2400$$1 Tuner + 1+ non-Tuner "Mist Valley" monsters$$Once per turn (Quick Effect): You can target 1 other card you control; return that target to the hand, and if you do, this card gains 500 ATK until the end of this turn.$Supports archetypes /Mist Valley$$Returns from your field to your hand$Quick$
