Passcode$Name$Status$Attribute$type$link$link_arrows$rank$pendulum_scale$level$attack$defense$spell_attribute$summoning_condition$pendulum_condition$card_text$card_supports$card_anti_supports$card_actions$effect_types$
74131780$Exiled Force$Unlimited$EARTH$[Warrior/Effect]$$$$$4$1000$1000$$$$You can Tribute this card, then target 1 monster on the field; destroy that target.$$$Tributes itself for cost$Ignition$
72302403$Swords of Revealing Light$Unlimited$SPELL$$$$$$$$$$$$After this card's activation, it remains on the field, but you must destroy it during the End Phase of your opponent's 3rd turn. When this card is activated: If your opponent controls a face-down monster, flip all monsters they control face-up. While this card is face-up on the field, your opponent's monsters cannot declare an attack.$$$Flips monsters face-up$Condition/Effect/Continuous-like$
02134346$Asura Priest$Unlimited$LIGHT$[Fairy/Spirit/Effect]$$$$$4$1700$1200$$$$Cannot be Special Summoned. During the End Phase of the turn this card is Normal Summoned or flipped face-up: Return it to the hand. This card can attack all monsters your opponent controls once each.$$$Returns itself from field to hand$Summon/Trigger/Continuous$
79571449$Graceful Charity$Forbidden(OCG)$SPELL$$$$$$$$$$$$Draw 3 cards, then discard 2 cards.$$$You draw cards/You discard/Discards for effect$Effect$
88240808$Kycoo the Ghost Destroyer$Unlimited$DARK$[Spellcaster/Effect]$$$$$4$1800$700$$$$When this card inflicts battle damage to your opponent: You can target up to 2 monsters in their GY; banish those targets. Your opponent cannot banish cards from either GY.$$$Activates when it inflicts battle damage$Trigger/Continuous$
53582587$Torrential Tribute$Unlimited$TRAP$$$$$$$$$$$$When a monster(s) is Summoned: Destroy all monsters on the field.$$$$Activation requirement/Effect$
