Passcode$Name$Status$Attribute$type$link$link_arrows$rank$pendulum_scale$level$attack$defense$spell_attribute$summoning_condition$pendulum_condition$card_text$card_supports$card_anti_supports$card_actions$effect_types$
71044499$Nobleman of Crossout$Unlimited$SPELL$$$$$$$$$$$$Target 1 face-down monster on the field; destroy that target, and if you do, banish it, then, if it was a Flip monster, each player reveals their Main Deck, then banishes all cards from it with that monster's name.$$Flip monster$Reveals your Deck/Reveals your opponent's Deck$Effect$
23171610$Limiter Removal$Unlimited$SPELL$$$$$$$$$Quick-Play$$$Double the ATK of all Machine monsters you currently control, until the end of this turn. During the End Phase of this turn, destroy those monsters.$Machine$$$Effect/Lingering$
07572887$D.D. Warrior Lady$Unlimited$LIGHT$[Warrior/Effect]$$$$$4$1500$1600$$$$After damage calculation, when this card battles an opponent's monster: You can banish that monster, also banish this card.$$$$Trigger$
32807846$Reinforcement of the Army$Limited$SPELL$$$$$$$$$$$$Add 1 Level 4 or lower Warrior monster from your Deck to your hand.$Warrior$$Adds from Deck to hand$Effect$
97077563$Call of the Haunted$Unlimited$TRAP$$$$$$$$$Continuous$$$Activate this card by targeting 1 monster in your GY; Special Summon that target in Attack Position. When this card leaves the field, destroy that monster. When that monster is destroyed, destroy this card.$$$$Effect/Continuous-like$
95956346$Shining Angel$Unlimited$LIGHT$[Fairy/Effect]$$$$$4$1400$800$$$$When this card is destroyed by battle and sent to the Graveyard: You can Special Summon 1 LIGHT monster with 1500 or less ATK from your Deck, in face-up Attack Position.$LIGHT$$Activates from your Graveyard$Trigger$
