Passcode$Name$Status$Attribute$type$link$link_arrows$rank$pendulum_scale$level$attack$defense$spell_attribute$summoning_condition$pendulum_condition$card_text$card_supports$card_anti_supports$card_actions$effect_types$
11682713$Sylvan Bladefender$Unlimited$EARTH$[Plant/Effect]$$$$$4$1900$700$$$$When this card destroys an opponent's monster by battle and sends it to the Graveyard: You can excavate the top card of your Deck, and if it is a Plant-Type monster, send it to the Graveyard. Otherwise, place it on the bottom of your Deck. If this card is excavated from the Deck and sent to the Graveyard by a card effect: You can add this card from your Graveyard to your hand.$Plant$$Excavates from the player's Deck/Sends excavated cards to the Graveyard/Sends from your Deck to your Graveyard/Changes your Deck order/Places excavated cards on the bottom of the Deck/Places cards from the Deck on the bottom of the Deck/Activates from your Graveyard/Returns itself from Graveyard to hand$Trigger$
03557275$White Duston$Unlimited$LIGHT$[Fiend/Normal]$$$$$1$0$1000$$$$The proudust of them all.$$$$$
40941889$ZW - Asura Strike$Unlimited$FIRE$[Fairy/Effect]$$$$$4$1000$1000$$$$You can target 1 "Utopia" monster you control; equip this monster from your hand or your side of the field to that target. It gains 1000 ATK. While this card is equipped to a monster, that monster can attack all monsters your opponent controls once each. You can only control 1 "ZW - Asura Strike".$Supports archetypes /Utopia $$Activates from your hand/Equips self from hand/Equips self from field$Ignition/Continuous-like/Unclassified$
76436988$Gillagillancer$Unlimited$EARTH$[Warrior/Effect]$$$$$6$2200$800$$$$If your opponent controls a monster and you control no monsters, you can Special Summon this card (from your hand). During each End Phase: You take 500 damage. This card must be face-up on the field to activate and to resolve this effect.$$$Activates from your hand$Summon/Trigger/Condition$
02830693$Rainbow Kuriboh$Unlimited$LIGHT$[Fiend/Effect]$$$$$1$100$100$$$$You can only use each effect of "Rainbow Kuriboh" once per turn.●When an opponent's monster declares an attack: You can target that attacking monster; equip this card from your hand to that monster. It cannot attack.●When an opponent's monster declares a direct attack while this card is in your GY: You can Special Summon this card, but banish it when it leaves the field.$$$Activates upon attack declaration/Activates from your hand/Equips self from hand/Activates from your Graveyard$Condition/Trigger/Continuous-like$
39229392$Overlay Sentinel$Unlimited$LIGHT$[Warrior/Effect]$$$$$4$2000$0$$$$Cannot be Special Summoned. When this card is Normal Summoned: Change this card to Defense Position. If you control a face-up Xyz Monster that has Xyz Material: You can banish this card from your Graveyard, then target 1 monster your opponent controls; it loses 500 ATK for each Xyz Material attached to a monster you control.$Xyz Monster$$Activates upon Normal Summon/Changes battle positions$Summon/Trigger/Ignition$
75214390$Overlay Booster$Unlimited$LIGHT$[Warrior/Effect]$$$$$5$2000$0$$$$If you control a monster with 2000 or more ATK, you can Special Summon this card (from your hand) in face-up Defense Position. You can only Special Summon "Overlay Booster" once per turn this way. During your turn, except the turn this card was sent to the Graveyard: You can banish this card from your Graveyard, then target 1 face-up Xyz Monster you control that has Xyz Material; it gains 500 ATK for each Xyz Material attached to it.$Xyz Monster$$Activates from your hand/Activates from your Graveyard$Summon/Condition/Ignition$
02618045$Photon Chargeman$Unlimited$LIGHT$[Warrior/Effect]$$$$$4$1000$1000$$$$Once per turn: You can make this card's ATK become double its original ATK, until your next Standby Phase. This card cannot attack the turn you activate this effect.$$$$Ignition/Condition$
38007744$Chronomaly Moai Carrier$Unlimited$EARTH$[Rock/Effect]$$$$$5$900$1800$$$$If your opponent controls a card and you control no cards, you can Special Summon this card (from your hand).$$$$Summon$
65591858$Chronomaly Winged Sphinx$Unlimited$EARTH$[Rock/Effect]$$$$$5$1600$1900$$$$When this card is Normal Summoned: You can target 1 Level 5 "Chronomaly" monster in your Graveyard; Special Summon that target. You cannot Special Summon monsters the turn you activate this effect, except "Chronomaly" monsters.$Supports archetypes /Chronomaly$$$Trigger/Condition$
01586457$Deep-Space Cruiser IX$Unlimited$LIGHT$[Machine/Effect]$$$$$9$900$900$$$$You can Special Summon this card (from your hand) by sending 1 other Machine-Type monster from your hand to the Graveyard.$Machine$$Sends from your hand to your Graveyard$Summon$
37984162$Gorgonic Golem$Unlimited$DARK$[Rock/Effect]$$$$$3$1200$600$$$$If this card is destroyed by battle and sent to the Graveyard: The ATK of the monster that destroyed it becomes 0. You can banish this card from your Graveyard, then target 1 Set Spell/Trap Card your opponent controls; that target cannot be activated this turn. Your opponent cannot activate the targeted card in response to this effect's activation.$$$Activates from your Graveyard$Trigger/Ignition/Condition$
64379261$Gorgonic Gargoyle$Unlimited$DARK$[Rock/Effect]$$$$$3$1000$800$$$$When you Normal Summon a Rock-Type monster: You can Special Summon this card from your hand.$Rock$$$Trigger$
90764875$Gorgonic Ghoul$Unlimited$DARK$[Rock/Effect]$$$$$1$100$100$$$$If you control a "Gorgonic Ghoul": You can pay 300 LP; Special Summon this card from your hand. You can use the effect of "Gorgonic Ghoul" up to twice per turn.$$$$Ignition/Condition$
37168514$Gorgonic Cerberus$Unlimited$DARK$[Rock/Effect]$$$$$3$1300$300$$$$When this card is Normal Summoned: You can make all Rock-Type monsters you control become Level 3.$Rock$$Activates upon Normal Summon$Trigger$
63257623$Sylvan Peaskeeper$Unlimited$WIND$[Plant/Effect]$$$$$1$400$100$$$$When this card is Normal or Special Summoned: You can excavate the top card of your Deck, and if it is a Plant-Type monster, send it to the Graveyard. Otherwise, place it on the bottom of your Deck. If this card is excavated from the Deck and sent to the Graveyard by a card effect: You can target 1 Level 4 or lower Plant-Type monster in your Graveyard; Special Summon that target. You can only use this effect of "Sylvan Peaskeeper" once per turn.$Plant$$Activates upon Normal Summon/Activates upon Special Summon/Excavates from the player's Deck/Sends excavated cards to the Graveyard/Sends from your Deck to your Graveyard/Changes your Deck order/Places excavated cards on the bottom of the Deck/Places cards from the Deck on the bottom of the Deck/Activates from your Graveyard$Trigger/Condition$
99641328$Sylvan Komushroomo$Unlimited$FIRE$[Plant/Effect]$$$$$2$100$2000$$$$When this card is flipped face-up: You can choose a number from 1 to 5, then excavate that many cards from the top of your Deck, send any excavated Plant-Type monsters to the Graveyard, also place the other cards on the bottom of your Deck in any order. If this card is excavated from the Deck and sent to the Graveyard by a card effect: You can target 1 Spell/Trap Card on the field; destroy that target.$Plant$$Excavates from the player's Deck/Sends excavated cards to the Graveyard/Sends from your Deck to your Graveyard/Changes your Deck order/Places excavated cards on the bottom of the Deck/Places cards from the Deck on the bottom of the Deck/Activates from your Graveyard$Trigger$
36046926$Sylvan Marshalleaf$Unlimited$WATER$[Plant/Effect]$$$$$3$1500$1200$$$$When this card is Normal Summoned: You can choose either 1 or 2, then excavate that many cards from the top of your Deck, send any excavated Plant-Type monsters to the Graveyard, also place the other cards on the bottom of your Deck in any order. If this card is excavated from the Deck and sent to the Graveyard by a card effect: You can target 1 monster on the field; destroy that target.$Plant$$Activates upon Normal Summon/Excavates from the player's Deck/Sends excavated cards to the Graveyard/Sends from your Deck to your Graveyard/Changes your Deck order/Places excavated cards on the bottom of the Deck/Places cards from the Deck on the bottom of the Deck/Activates from your Graveyard$Trigger$
62434031$Sylvan Flowerknight$Unlimited$EARTH$[Plant/Effect]$$$$$4$1800$1000$$$$When this card is Normal Summoned: You can excavate the top card of your Deck, and if it is a Plant-Type monster, send it to the Graveyard. Otherwise, place it on the bottom of your Deck. If this card is excavated from the Deck and sent to the Graveyard by a card effect: You can choose 1 "Sylvan" card from your Deck and place it on top of your Deck.$Supports archetypes /Sylvan$$Activates upon Normal Summon/Excavates from the player's Deck/Sends excavated cards to the Graveyard/Sends from your Deck to your Graveyard/Changes your Deck order/Places excavated cards on the bottom of the Deck/Places cards from the Deck on the bottom of the Deck/Activates from your Graveyard/Places cards from your Deck on the top of the Deck$Trigger$
99429730$Sylvan Guardioak$Unlimited$EARTH$[Plant/Effect]$$$$$6$2400$1500$$$$Once per turn: You can choose a number from 1 to 3, then excavate that many cards from the top of your Deck, send any excavated Plant-Type monsters to the Graveyard, also place the other cards on the bottom of your Deck in any order. If this card is excavated from the Deck and sent to the Graveyard by a card effect: You can target 1 other Plant-Type monster in your Graveyard; place that target on the top of your Deck.$Plant$$Excavates from the player's Deck/Sends excavated cards to the Graveyard/Sends from your Deck to your Graveyard/Changes your Deck order/Places excavated cards on the bottom of the Deck/Places cards from the Deck on the bottom of the Deck/Activates from your Graveyard/Returns from your Graveyard to your Deck$Ignition/Trigger$
25824484$Sylvan Hermitree$Unlimited$FIRE$[Plant/Effect]$$$$$8$2700$1800$$$$Once per turn: You can excavate the top card of your Deck, and if it is a Plant-Type monster, send it to the Graveyard, and if you do, draw 1 card. Otherwise, place it on the bottom of your Deck. If this card is excavated from the Deck and sent to the Graveyard by a card effect: Look at up to 3 cards from the top of your Deck, then place them on the top of the Deck in any order.$Plant$$Excavates from the player's Deck/Sends excavated cards to the Graveyard/Sends from your Deck to your Graveyard/You draw cards/Changes your Deck order/Places excavated cards on the bottom of the Deck/Places cards from the Deck on the bottom of the Deck/Activates from your Graveyard/Looks at cards from the top of your Deck/Places cards from your Deck on the top of the Deck$Ignition/Trigger$
61318483$Ghostrick Jackfrost$Unlimited$DARK$[Fiend/Effect]$$$$$1$800$100$$$$Cannot be Normal Summoned, unless you control a "Ghostrick" monster. Once per turn: You can change this card to face-down Defense Position. When an opponent's monster declares a direct attack: You can change that opponent's monster to face-down Defense Position, and if you do, Special Summon this card from your hand in face-down Defense Position.$Supports archetypes /Ghostrick$$Changes battle positions/Flips itself face-down/Flips monsters face-down/Activates upon attack declaration$Summon/Ignition/Trigger$
98707192$Ghostrick Mary$Unlimited$DARK$[Fiend/Effect]$$$$$1$100$1600$$$$Cannot be Normal Summoned, unless you control a "Ghostrick" monster. Once per turn: You can change this card to face-down Defense Position. When you take damage: You can discard this card; Special Summon 1 "Ghostrick" monster from your Deck in face-down Defense Position. You can only use this effect of "Ghostrick Mary" once per turn.$Supports archetypes /Ghostrick$$Flips itself face-down/Changes battle positions/Activates from your hand/Activates if you take battle damage/Activates if you take effect damage/Discards itself for cost$Summon/Ignition/Trigger/Condition$
24101897$Ghostrick Nekomusume$Unlimited$DARK$[Spellcaster/Effect]$$$$$2$400$900$$$$Cannot be Normal Summoned, unless you control a "Ghostrick" monster. Once per turn: You can change this card to face-down Defense Position. When a Level 4 or higher monster(s) is Normal or Special Summoned: Change that monster(s) to face-down Defense Position. There must be another "Ghostrick" monster on the field to activate and to resolve this effect.$Supports archetypes /Ghostrick$$Changes battle positions/Flips itself face-down/Flips monsters face-down$Summon/Ignition/Trigger/Condition$
51196805$Ghostrick Skeleton$Unlimited$DARK$[Zombie/Effect]$$$$$3$1200$1100$$$$Cannot be Normal Summoned, unless you control a "Ghostrick" monster. Once per turn: You can change this card to face-down Defense Position. When this card is flipped face-up: Banish cards from the top of your opponent's Deck face-down, up to the number of "Ghostrick" monsters you control. You can only use this effect of "Ghostrick Skeleton" once per turn.$Supports archetypes /Ghostrick$$Changes battle positions/Flips itself face-down/Activates upon being flipped face-up$Summon/Ignition/Trigger/Condition$
97584500$Ghostrick Mummy$Unlimited$DARK$[Zombie/Effect]$$$$$3$1500$0$$$$Cannot be Normal Summoned, unless you control a "Ghostrick" monster. Once per turn: You can change this card to face-down Defense Position. While this card is face-up on the field, you can Normal Summon 1 "Ghostrick" monster in addition to your Normal Summon/Set. (You can only gain this effect once per turn.) You cannot Special Summon any monsters, except DARK monsters.$Supports archetypes /Ghostrick$$Changes battle positions/Flips itself face-down$Summon/Ignition/Continuous$
23979249$Bujin Arasuda$Unlimited$LIGHT$[Beast-Warrior/Effect]$$$$$4$1600$1900$$$$If a "Bujin" monster in your Graveyard or face-up on your side of the field is banished (except during the Damage Step): You can Special Summon this card from your hand in face-up Defense Position. Once per turn, during the End Phase, if a "Bujin" card was added from your Deck to your hand this turn, except by drawing it, while you controlled this face-up card: You can draw 1 card, then discard 1 card. You can only control 1 "Bujin Arasuda".$Supports archetypes /Bujin$$You draw cards/You discard$Trigger/Unclassified$
50474354$Bujingi Peacock$Unlimited$LIGHT$[Winged Beast/Effect]$$$$$4$1800$700$$$$During your Main Phase 2: You can send this card from your hand to the Graveyard; add 1 "Bujin" monster from your Deck to your hand. You cannot activate cards or effects the turn you activate this effect, except "Bujin" cards. You can only use the effect of "Bujingi Peacock" once per turn.$Supports archetypes /Bujin$$Sends itself from hand to Graveyard for cost/Adds from Deck to hand$Ignition/Condition$
86868952$Bujingi Swallow$Unlimited$LIGHT$[Winged Beast/Effect]$$$$$4$1700$800$$$$During your Main Phase 1: You can send this card from your hand to the Graveyard, then target 1 "Bujin" monster you control; it can make a second attack during each Battle Phase this turn. Other monsters cannot attack during the turn you activate this effect.$Supports archetypes /Bujin$$Sends itself from hand to Graveyard for cost$Ignition/Condition$
23857661$Bujingi Fox$Unlimited$LIGHT$[Beast/Effect]$$$$$4$200$2100$$$$During either player's turn: You can banish this card from your Graveyard and send 1 "Bujin" monster from your hand to the Graveyard; you take no damage this turn.$Supports archetypes /Bujin$$Activates from your Graveyard/Sends from hand to Graveyard for cost$Quick$
59251766$Bujingi Hare$Unlimited$LIGHT$[Beast/Effect]$$$$$4$1700$500$$$$During either player's turn: You can banish this card from your Graveyard, then target 1 Beast-Warrior-Type "Bujin" monster you control; once during this turn, it cannot be destroyed by battle or by card effects. You can only use the effect of "Bujingi Hare" once per turn.$Supports archetypes /Bujin$$$Quick/Condition$
85646474$Gravekeeper's Nobleman$Unlimited$DARK$[Spellcaster/Effect]$$$$$3$1000$1000$$$$When this card you control is destroyed by battle with an opponent's attacking monster and sent to your Graveyard: You can Special Summon 1 "Gravekeeper's" monster from your Deck in face-down Defense Position, except "Gravekeeper's Nobleman".$Supports archetypes /Gravekeeper's$$Activates if destroyed by battle/Activates from your Graveyard$Trigger$
22134079$Gravekeeper's Ambusher$Unlimited$DARK$[Spellcaster/Effect]$$$$$4$1700$0$$$$When this card is flipped face-up: You can target 1 card in your opponent's GY; place that target on the bottom of their Deck. If this card is sent from the field to the GY after being flipped face-up: You can target 1 "Necrovalley" card in your GY; add that target to your hand. These effects are unaffected by "Necrovalley".$Supports archetypes /Necrovalley $$Activates upon being flipped face-up/Returns from your opponent's Graveyard to your opponent's Deck/Activates from your Graveyard/Adds from Deck to hand/Prevents the negation of card effects$Trigger/Condition$
58139128$Gravekeeper's Shaman$Unlimited$DARK$[Spellcaster/Effect]$$$$$6$1500$1500$$$$Gains 200 DEF for each "Gravekeeper's" monster in your GY. Negate all monster effects that activate in the GY, except "Gravekeeper's" monsters. While "Necrovalley" is on the field, your opponent cannot activate Field Spell Cards, also Field Spell Cards cannot be destroyed by your opponent's card effects.$Supports archetypes /Gravekeeper's$Field Spell Card$$Continuous$
25524823$Gravekeeper's Oracle$Unlimited$DARK$[Spellcaster/Effect]$$$$$10$2000$1500$$$$You can Tribute 3 monsters or 1 "Gravekeeper's" monster to Tribute Summon (but not Set) this card. When this card is Tribute Summoned: You can activate any of these effects, and resolve in sequence, up to the number of "Gravekeeper's" monsters Tributed for its Summon;●This card gains ATK equal to the combined Levels that all monsters Tributed for its Tribute Summon had on the field x 100.●Destroy all Set monsters your opponent controls.●All monsters your opponent currently controls lose 2000 ATK/DEF.$Supports archetypes /Gravekeeper's$$Activates upon Tribute Summon$Summon/Trigger$
51912531$Mystic Macrocarpa Seed$Unlimited$EARTH$[Plant/Tuner/Effect]$$$$$3$500$1000$$$$Cannot be used as a Synchro Material Monster, except for the Synchro Summon of an EARTH monster. You can target 1 EARTH monster on the field; reduce its Level by 1. You can use the effect of "Mystic Macrocarpa Seed" up to twice per turn.$EARTH$$$Condition/Ignition$
97317530$Kalantosa, Mystical Beast of the Forest$Unlimited$EARTH$[Beast/Effect]$$$$$2$200$1400$$$$If this card is Special Summoned by the effect of a Beast monster: You can target 1 card on the field; destroy that target.$Beast$$$Trigger$
24701235$Nikitama$Unlimited$LIGHT$[Fairy/Spirit/Effect]$$$$$4$800$1800$$$$Cannot be Special Summoned. During the End Phase of the turn this card is Normal Summoned or flipped face-up: Return it to the hand. During the turn this card was Normal Summoned or flipped face-up, you can Normal Summon 1 Spirit monster in addition to your Normal Summon/Set. (You can only gain this effect once per turn.) When this card is sent to the Graveyard: Draw 1 card. You must control a Spirit monster to activate and to resolve this effect.$Spirit monster$$Returns itself from field to hand/Activates from your Graveyard/You draw cards$Summon/Trigger/Unclassified/Condition$
50896944$Black Brachios$Unlimited$EARTH$[Dinosaur/Effect]$$$$$4$1800$1100$$$$When this card is Normal Summoned: You can target 1 monster on the field; change that target to face-up Defense Position.$$$Activates upon Normal Summon/Changes battle positions/Flips monsters face-up$Trigger$
87294988$Chirubimé, Princess of Autumn Leaves$Unlimited$EARTH$[Plant/Effect]$$$$$8$1800$2800$$$$Your opponent cannot target face-up Plant monsters for attacks, except this one. If this card in your possession is sent to your GY by your opponent's card: You can Special Summon 1 Plant monster from your Deck, except "Chirubimé, Princess of Autumn Leaves".$Plant$$Activates if destroyed by battle/Activates if destroyed by card effect/Activates from your Graveyard$Continuous/Trigger$
23689697$Mobius the Mega Monarch$Unlimited$WATER$[Aqua/Effect]$$$$$8$2800$1000$$$$You can Tribute Summon this card by Tributing 1 Tribute Summoned monster. When this card is Tribute Summoned: You can target up to 3 Spell/Trap Cards on the field; destroy those targets. If this card was Tribute Summoned by Tributing a WATER monster, add this additional effect.●Your opponent cannot activate the targeted cards in response to this effect's activation.$Tribute Monster/WATER$$Activates upon Tribute Summon$Summon/Trigger/Condition$
50074392$Sirenorca$Unlimited$WATER$[Winged Beast/Effect]$$$$$5$2200$1000$$$$If you control both Fish and Winged Beast-Type monsters, you can Special Summon this card (from your hand). When you do: You can declare a Level from 3 to 5; the Levels of all monsters you currently control become the declared Level. If you activate this effect, monsters you control cannot activate their effects for the rest of this turn, except WATER monsters.$WATER/Fish/Winged Beast$$Activates upon Special Summon/Declares a Level$Summon/Trigger/Unclassified$
86062400$Xyz Avenger$Unlimited$DARK$[Fiend/Effect]$$$$$4$1800$700$$$$This card is unaffected by the effects of Xyz Monsters. When this card is destroyed by battle with an Xyz Monster and sent to the Graveyard: Activate 1 of these effects, depending on the Rank of the Xyz Monster that destroyed this card;●Rank 3 or lower: Your opponent sends 1 card from their Extra Deck to the Graveyard.●Rank 4: Choose 1 card in your opponent's Extra Deck and send it to the Graveyard.●Rank 5 or higher: Your opponent sends as many cards from their Extra Deck to the Graveyard as possible, but not more than the Xyz Monster's Rank.$$Xyz Monster$Activates from your Graveyard/Sends from your opponent's Extra Deck to the Graveyard/Reveals your opponent's Extra Deck$Continuous/Trigger$
12467005$Tackle Crusader$Unlimited$EARTH$[Rock/Effect]$$$$$4$1500$1800$$$$If this card is sent to the GY: You can activate 1 of these effects.●Target 1 face-up monster your opponent controls; change that target to face-down Defense Position.●Target 1 face-up Spell/Trap your opponent controls; return that target to the hand. This turn, your opponent cannot activate cards with the same name as the card returned to the hand by this effect.$$$Activates from your Graveyard/Changes battle positions/Flips monsters face-down/Returns from field to hand$Trigger/Condition$
59951714$Majiosheldon$Unlimited$WATER$[Warrior/Effect]$$$$$3$800$2000$$$$Cannot be Special Summoned, except by its own effect. If this card is Tributed for a Tribute Summon, during your next Standby Phase: You can Special Summon this card from your Graveyard. You cannot Special Summon monsters from the Extra Deck during the turn you activate this effect.$$$Activates if Tributed/Activates from your Graveyard$Summon/Trigger/Condition$
85346853$Paladin of Photon Dragon$Unlimited$LIGHT$[Warrior/Ritual/Effect]$$$$$4$1900$800$$$$You can Ritual Summon this card with "Luminous Dragon Ritual". You can Tribute this card; Special Summon 1 "Galaxy-Eyes Photon Dragon" from your hand or Deck. When this card destroys an opponent's monster by battle and sends it to the Graveyard: Draw 1 card.$Galaxy-Eyes Photon Dragon$$Tributes itself for cost/You draw cards$Summon/Ignition/Trigger$
12744567$Number C101: Silent Honor DARK$Unlimited$WATER$[Aqua/Xyz/Effect]$$$5$$$2800$1500$$3 Level 5 monsters$$Once per turn: You can target 1 Special Summoned monster your opponent controls; attach it to this card as material. When this card is destroyed and sent to the GY while it has material: You can Special Summon this card from your GY, then gain LP equal to the original ATK of this card. "Number 101: Silent Honor ARK" must be in your GY to activate and to resolve this effect. If this card is Special Summoned this way, it cannot attack for the rest of this turn.$Number 101: Silent Honor ARK$$Attaches from your opponent's field as Xyz Material/Exchanges cards/Activates if destroyed by battle/Activates if destroyed by card effect/Activates from your Graveyard$Ignition/Trigger/Condition/Unclassified$
48739166$Number 101: Silent Honor ARK$Unlimited$WATER$[Aqua/Xyz/Effect]$$$4$$$2100$1000$$2 Level 4 monsters$$You can detach 2 materials from this card, then target 1 Special Summoned monster your opponent controls in face-up Attack Position; attach it to this card as material. You can only use this effect of "Number 101: Silent Honor ARK" once per turn. If this face-up card on the field would be destroyed by battle or card effect, you can detach 1 material from this card instead.$$$Detaches multiple Xyz Materials as cost/Attaches from your opponent's field as Xyz Material/Exchanges cards/Detaches Xyz Materials for effect$Ignition/Condition/Continuous$
84124261$Number 39: Utopia Roots$Unlimited$LIGHT$[Warrior/Xyz/Effect]$$$1$$$500$100$$2 Level 1 monsters$$When any player's monster declares an attack: You can detach 1 Xyz Material from this card; negate the attack, and if you negated an Xyz Monster's attack, this card gains ATK equal to that monster's Rank x 500.$$Xyz Monster$Activates upon attack declaration$Trigger$
11522979$Number C69: Heraldry Crest of Horror$Unlimited$LIGHT$[Psychic/Xyz/Effect]$$$5$$$4000$1800$$4 Level 5 monsters$$When an opponent's monster declares an attack: You can destroy all cards your opponent controls. If this card has "Number 69: Heraldry Crest" as an Xyz Material, it gains this effect.●Once per turn: You can detach 1 Xyz Material from this card, then target 1 face-up Xyz Monster your opponent controls; this card gains ATK equal to that face-up monster's original ATK, and if it gains ATK this way, this card's name becomes that monster's, and it gains that monster's original effect. These effects last until the End Phase.$Number 69: Heraldry Crest$Xyz Monster$Activates upon attack declaration$Trigger/Condition/Ignition$
47017574$Number C92: Heart-eartH Chaos Dragon$Unlimited$DARK$[Dragon/Xyz/Effect]$$$10$$$1000$0$$4 Level 10 monsters$$Cannot be destroyed by battle. When a monster you control inflicts battle damage to your opponent: You gain LP equal to the damage they took. If this card has "Number 92: Heart-eartH Dragon" as an Xyz Material, it gains this effect.●Once per turn: You can detach 1 material from this card; negate the effects of all face-up cards your opponent currently controls, until the end of this turn. This activation and effect cannot be negated.$Number 92: Heart-eartH Dragon$$Activation cannot be negated/Effect that cannot be negated$Continuous/Trigger/Condition/Ignition$
84401683$Gorgonic Guardian$Unlimited$DARK$[Rock/Xyz/Effect]$$$3$$$1600$1200$$2 Level 3 Rock-Type monsters$$Once per turn, during either player's turn: You can detach 1 Xyz Material from this card, then target 1 face-up monster your opponent controls; its ATK becomes 0, and if it does, its effects are negated. These effects last until the end of this turn. Once per turn: You can target 1 monster on the field with 0 ATK; destroy it.$Rock$$$Quick/Condition/Ignition$
10406322$Alsei, the Sylvan High Protector$Unlimited$LIGHT$[Plant/Xyz/Effect]$$$8$$$2300$3200$$2 Level 8 monsters$$Once per turn: You can declare 1 card name; excavate the top card of your Deck, and if it is the declared card, add it to your hand. Otherwise, send it to the Graveyard. If a card is sent from your Deck to the Graveyard by a card effect (except during the Damage Step): You can detach 1 Xyz Material from this card, then target 1 card on the field; place that target on either the top or bottom of the Deck. You can only use this effect of "Alsei, the Sylvan High Protector" once per turn.$$$Declares a card name/Excavates from the player's Deck/Adds excavated cards to the hand/Adds from Deck to hand/Sends excavated cards to the Graveyard/Sends from the top of your Deck to your Graveyard/Returns from field to Deck$Ignition/Trigger/Condition$
46895036$Ghostrick Dullahan$Unlimited$DARK$[Fiend/Xyz/Effect]$$$1$$$1000$0$$2 Level 1 monsters$$This card gains 200 ATK for each "Ghostrick" card you control. Once per turn (Quick Effect): You can detach 1 material from this card, then target 1 face-up monster on the field; halve its ATK, until the end of this turn. If this card is sent to the GY: You can target 1 other "Ghostrick" card in your GY; add that target to your hand.$Supports archetypes /Ghostrick$$Activates from your Graveyard/Returns from Graveyard to hand$Continuous/Quick/Trigger$
73289035$Bujintei Tsukuyomi$Unlimited$LIGHT$[Beast-Warrior/Xyz/Effect]$$$4$$$1800$2300$$2 Level 4 LIGHT monsters$$Once per turn: You can detach 1 material from this card; send your entire hand to the GY (min. 1), and if you do, draw 2 cards. When this card you controlled while face-up leaves the field because of an opponent's card effect: You can target Level 4 Beast-Warrior "Bujin" monsters in your GY, up to the number of Xyz Materials this card had on the field; Special Summon those targets. You can only control 1 "Bujintei Tsukuyomi".$Supports archetypes /Bujin$$Sends from your hand to your Graveyard/You draw cards$Ignition/Trigger/Condition$
19684740$Fairy Knight Ingunar$Unlimited$EARTH$[Plant/Xyz/Effect]$$$6$$$2200$3000$$3 Level 6 monsters$$Once per turn: You can detach 2 Xyz Materials from this card; return all other cards on the field to the hand. Your opponent cannot activate cards or effects in response to this effect's activation.$$$Detaches multiple Xyz Materials as cost/Returns from field to hand$Ignition/Condition$
46772449$Evilswarm Exciton Knight$Unlimited$LIGHT$[Fiend/Xyz/Effect]$$$4$$$1900$0$$2 Level 4 monsters$$Once per chain, during your Main Phase or your opponent's Battle Phase, if your opponent has more total cards in their hand and field than you do (Quick Effect): You can detach 1 material from this card; destroy all other cards on the field, also your opponent takes no further damage this turn.$$$$Quick$
72167543$Downerd Magician$Unlimited$DARK$[Spellcaster/Xyz/Effect]$$$4$$$2100$200$$2 Level 4 Spellcaster monsters$$During your Main Phase 2, you can also Xyz Summon this card by using a Rank 3 or lower Xyz Monster you control as material. (Transfer its materials to this card.) This card gains 200 ATK for each material attached to it. If this card attacks a Defense Position monster, inflict piercing battle damage. If this card battles, after damage calculation: Detach 1 material from this card.$Spellcaster/Xyz Monster$$Transfers/Detaches Xyz Materials for effect$Summon/Continuous/Trigger$
08561192$Leo, the Keeper of the Sacred Tree$Unlimited$EARTH$[Beast/Synchro/Effect]$$$$$10$3100$1900$$1 Tuner + 1+ non-Tuner monsters$$Your opponent cannot target this card with card effects, except during your Main Phase 2.$$$$Continuous$
45950291$Rank-Up-Magic Astral Force$Unlimited$SPELL$$$$$$$$$$$$Target the 1 Xyz Monster you control with the highest Rank (your choice, if tied); Special Summon from your Extra Deck, 1 monster with the same Type and Attribute as that monster you control but 2 Ranks higher, by using it as material. (This is treated as an Xyz Summon. Transfer its materials to the Summoned monster.) During your Draw Phase, if this card is in your GY, instead of conducting your normal draw: You can add this card from your GY to your hand. You cannot Special Summon during the turn you activate this effect, except by the effect of "Rank-Up-Magic Astral Force".$Xyz Monster$$Transfers/Activates from your Graveyard/Returns itself from Graveyard to hand/Replaces normal draw$Effect/Trigger-like/Condition$
71345905$Rank-Down-Magic Numeron Fall$Unlimited$SPELL$$$$$$$$$$$$Target 1 "Utopia" monster you control; Special Summon from your Extra Deck, 1 "Utopia" monster with a lower Rank than that monster you control, by using it as the Xyz Material. (This Special Summon is treated as an Xyz Summon. Xyz Materials attached to it also become Xyz Materials on the Summoned monster.) The monster Xyz Summoned by this effect gains this effect.●If this card attacks, or is attacked by, an opponent's monster, the opponent's monster's effects are negated during the Battle Phase only.$Supports archetypes /Utopia $$Transfers$Effect/Condition/Continuous-like$
08339504$Xyz Shift$Unlimited$SPELL$$$$$$$$$$$$Tribute 1 Xyz Monster; Special Summon from your Extra Deck, 1 monster with the same Type, Attribute, and Rank as that Tributed monster had on the field, but with a different name, and if you do, attach this card to it as an Xyz Material. During the End Phase, send it to the Graveyard. You can only activate 1 "Xyz Shift" per turn.$Xyz Monster$$Tributes for cost/Attaches itself as Xyz Material/Sends from field to Graveyard$Cost/Effect/Condition$
34834619$Luminous Dragon Ritual$Unlimited$SPELL$$$$$$$$$Ritual$$$This card is used to Ritual Summon "Paladin of Photon Dragon". You must also Tribute monsters from your hand or field whose total Levels equal exactly 4. You can banish this card from your Graveyard; banish monsters from your Graveyard whose total Levels equal exactly 4, and Special Summon 1 "Paladin of Photon Dragon" from your hand after that. (This Special Summon is treated as a Ritual Summon.)$Paladin of Photon Dragon$$Tributes as an effect/Activates from your Graveyard$Effect/Ignition-like$
70222318$Mount Sylvania$Unlimited$SPELL$$$$$$$$$Field$$$You can send 1 Plant-Type monster from your hand or face-up from your side of the field to the Graveyard; choose 1 "Sylvan" card from your Deck and place it on top of the Deck. You can only use this effect of "Mount Sylvania" once per turn. Once per turn, during your opponent's End Phase: You can excavate the top card of your Deck, and if it is a Plant-Type monster, send it to the Graveyard. Otherwise, place it on either the top or bottom of your Deck.$Supports archetypes /Sylvan$$Sends from hand to Graveyard for cost/Sends from field to Graveyard for cost/Changes your Deck order/Places cards from your Deck on the top of the Deck/Excavates from the player's Deck/Sends excavated cards to the Graveyard/Sends from your Deck to your Graveyard/Places excavated cards on the top of the Deck/Places excavated cards on the bottom of the Deck/Places cards from the Deck on the bottom of the Deck$Ignition-like/Condition/Trigger-like$
07617062$Ghostrick Museum$Unlimited$SPELL$$$$$$$$$Field$$$Monsters you control, except "Ghostrick" monsters, cannot attack. Monsters cannot attack face-down Defense Position monsters, but can attack directly if all monsters their opponent controls are face-down Defense Position. At the end of the Damage Step, change any monster that inflicted battle damage to a player during this battle to face-down Defense Position.$Supports archetypes /Ghostrick$$Changes battle positions/Flips monsters face-down$Continuous-like$
33611061$Bujinunity$Unlimited$SPELL$$$$$$$$$$$$If you control no other cards and have at least 1 other card in your hand: Shuffle all Beast-Warrior-Type "Bujin" monsters from your Graveyard into the Deck (min. 1), and if you do, send your entire hand to the Graveyard (min. 1), then you can add up to 3 Beast-Warrior-Type "Bujin" monsters with different names from your Deck to your hand. You can only activate 1 "Bujinunity" per turn.$Supports archetypes /Bujin$$Returns from your Graveyard to your Deck/Sends from hand to Graveyard/Adds from Deck to hand$Activation requirement/Effect/Condition$
70000776$Hidden Temples of Necrovalley$Unlimited$SPELL$$$$$$$$$Continuous$$$Activate only if both a "Gravekeeper's" monster and "Necrovalley" are on the field. Neither player can Special Summon monsters, except "Gravekeeper's" monsters. If either a "Gravekeeper's" monster or "Necrovalley" is not on the field, destroy this card.$Supports archetypes /Gravekeeper's$Anti-supports archetypes /Gravekeeper's$$Activation requirement/Continuous-like$
06595475$Onomatopaira$Unlimited$SPELL$$$$$$$$$$$$You can only activate 1 "Onomatopaira" per turn. Send 1 card from your hand to the GY; add up to 2 of these monsters from your Deck to your hand (you cannot add 2 from the same category).●1 "Zubaba" monster●1 "Gagaga" monster●1 "Gogogo" monster●1 "Dododo" monster$Supports archetypes /Zubaba/Gagaga/Gogogo/Dododo$$Sends from your hand to your Graveyard/Sends from hand to Graveyard for cost/Adds from Deck to hand$Condition/Cost/Effect$
32999573$Xyz Override$Unlimited$SPELL$$$$$$$$$Field$$$If an Xyz Monster on the field would activate its effect by detaching its own Xyz Material(s), its controller can banish 1 card from their hand face-down instead of detaching 1 of those Xyz Materials. Each player can only use this effect once per turn.$Xyz Monster$$Replaces detaching own Xyz Materials for cost$Continuous-like/Condition$
65384188$Stand-Off$Unlimited$SPELL$$$$$$$$$$$$Target 1 face-up Attack Position Effect Monster on each side of the field; if both monsters are still face-up on the field, negate their effects, then if both their effects were negated by this effect, as long as those monsters are in face-up Attack Position, they cannot be destroyed by battle, are unaffected by other card effects, also they cannot attack or change their battle positions.$$$Prevents Battle Position changes$Effect$
01372887$Shared Ride$Unlimited$SPELL$$$$$$$$$Quick-Play$$$For the rest of this turn, each time a card(s) is added from the Main Deck or GY to your opponent's hand, except by drawing them, you immediately draw 1 card. You can only activate 1 "Shared Ride" per turn.$$$Activates if your opponent draws a card/You draw cards$Effect/Condition$
38777931$Release, Reverse, Burst$Unlimited$TRAP$$$$$$$$$$$$Tribute 1 "Utopia" monster; destroy all Set Spell and Trap Cards your opponent controls.$Supports archetypes /Utopia $$Tributes for cost$Cost/Effect$
64161630$Purge Ray$Unlimited$TRAP$$$$$$$$$$$$Tribute 1 Xyz Monster; during the End Phase, Special Summon from your Extra Deck, 1 "Number" monster with the same Type, but 1 Rank lower, as the Tributed monster had when it was on the field.$Supports archetypes /Number$$Tributes for cost$Cost/Effect$
91650245$Sylvan Blessing$Unlimited$TRAP$$$$$$$$$$$$Place 1 card from your hand on either the top or bottom of the Deck, and if you do, Special Summon 1 "Sylvan" monster from your hand or Graveyard. It is unaffected by other card effects this turn. Place it on either the top or bottom of the Deck during the End Phase.$Supports archetypes /Sylvan$$Returns from hand to Deck/Returns from field to Deck$Effect/Condition$
37055344$Ghostrick-Go-Round$Unlimited$TRAP$$$$$$$$$Continuous$$$Once per turn, during the Battle Phase: You can activate 1 of these effects.●Target 1 "Ghostrick" monster you control; change that target to face-down Defense Position, and if you do, change 1 face-down Defense Position monster your opponent controls to face-up Attack Position.●Target 1 face-down Defense Position monster you control; change that target to face-up Attack Position, and if it is a "Ghostrick" monster, change 1 face-up monster your opponent controls to face-down Defense Position.$Supports archetypes /Ghostrick$$Changes battle positions/Flips monsters face-down/Flips monsters face-up$Quick-like$
63049052$Bujin Regalia - The Jewel$Unlimited$TRAP$$$$$$$$$$$$Target 1 Rank 4 Xyz Monster you control; equip this card to that target. It gains 300 ATK for each Xyz Material attached to it. Once per turn, while this card is equipped to a monster by this effect: You can attach 1 "Bujin" monster from your hand to the equipped monster as an Xyz Material.$Supports archetypes /Bujin$$Equips self from field/Attaches as Xyz Material$Effect/Continuous-like/Quick-like$
90434657$Imperial Tombs of Necrovalley$Unlimited$TRAP$$$$$$$$$Counter$$$When a Spell/Trap Card, or monster effect, is activated, while both a "Gravekeeper's" monster and "Necrovalley" are on the field: Negate the activation, and if you do, destroy it. You can only activate 1 "Imperial Tombs of Necrovalley" per turn.$Supports archetypes /Gravekeeper's$Anti-supports archetypes /Gravekeeper's$$Activation requirement/Effect/Condition$
26822796$The Monarchs Awaken$Unlimited$TRAP$$$$$$$$$$$$If you have no cards in your Extra Deck: Target 1 face-up Tribute Summoned monster you control; its effects are negated, also it is unaffected by the effects of cards other than this card.$Tribute Monster$$$Activation requirement/Effect$
63227401$Skill Prisoner$Unlimited$TRAP$$$$$$$$$$$$Target 1 card you control; this turn, when any monster effect resolves that targeted that card at activation, negate that effect. During either player's turn, except the turn this card was sent to the Graveyard: You can banish this card from your Graveyard, then target 1 card you control; this turn, when any monster effect resolves that targeted that card at activation, negate that effect.$$$Activates from your Graveyard$Effect/Quick-like$
99311109$Oath of Companionship$Unlimited$TRAP$$$$$$$$$$$$If you control no monsters that were Special Summoned from the Extra Deck: Target 1 face-up monster your opponent controls that was Special Summoned from the Extra Deck; take control of it until the End Phase. You cannot Special Summon during the turn you activate this card.$$$Changes control$Activation requirement/Effect/Condition$
25700114$Duston Roller$Unlimited$TRAP$$$$$$$$$$$$Target 1 monster on the field; this turn, it cannot be Tributed, or be used as a Fusion, Synchro, or Xyz Material for a Summon. If this Set card you control is destroyed by your opponent's card effect and sent to your Graveyard: You can add 1 "Duston" monster from your Deck to your hand.$Supports archetypes /Duston$$Cannot be Tributed/Activates if destroyed while Set/Activates from your Graveyard/Adds from Deck to hand$Effect/Trigger-like$
47077318$Sylvan Mikorange$Unlimited$WATER$[Plant/Effect]$$$$$3$400$1100$$$$When this card you control is destroyed by your opponent's card (either by battle or by card effect) and sent to your Graveyard: You can excavate the top card of your Deck, and if it is a Plant-Type monster, send it to the Graveyard. Otherwise, place it on the bottom of your Deck. If this card is excavated from the Deck and sent to the Graveyard by a card effect: All Plant-Type monsters you currently control gain 300 ATK and DEF.$Plant$$Activates from your Graveyard/Excavates from the player's Deck/Sends excavated cards to the Graveyard/Sends from your Deck to your Graveyard/Changes your Deck order/Places excavated cards on the bottom of the Deck/Places cards from the Deck on the bottom of the Deck$Trigger$
84472026$Ghostrick Yeti$Unlimited$DARK$[Zombie/Effect]$$$$$3$300$2000$$$$Cannot be Normal Summoned, unless you control a "Ghostrick" monster. Once per turn: You can change this card to face-down Defense Position. When this card is flipped face-up: You can target 1 "Ghostrick" monster on the field; this turn, it cannot be destroyed by battle or card effects.$Supports archetypes /Ghostrick$$Changes battle positions/Flips itself face-down$Summon/Ignition/Trigger$
10860121$Bujingi Pavo$Unlimited$LIGHT$[Winged Beast/Effect]$$$$$4$1700$800$$$$When a Beast-Warrior-Type "Bujin" monster you control is destroyed by battle and sent to the Graveyard: You can send this card from your hand to the Graveyard; Special Summon 1 "Bujin" monster from your Deck. You can only use the effect of "Bujingi Pavo" once per turn.$Supports archetypes /Bujin$$Sends itself from hand to Graveyard for cost$Trigger/Condition$
46955770$Gravekeeper's Heretic$Unlimited$DARK$[Spellcaster/Effect]$$$$$4$1800$1500$$$$This card on the field is unaffected by all other card effects, as long as "Necrovalley" is also on the field.$Necrovalley$Necrovalley$$Continuous$
73359475$Noble Knight Peredur$Unlimited$LIGHT$[Warrior/Effect]$$$$$4$1900$300$$$$While equipped with a "Noble Arms" Equip Spell Card, this card becomes DARK and its Level is increased by 1. When this card is sent to the Graveyard while equipped with a "Noble Arms" Equip Spell Card: Target 1 "Noble Arms" card in your Graveyard; add that target to your hand.$Supports archetypes /Noble Arms$$Activates from your Graveyard/Adds from Graveyard to hand$Continuous/Trigger$
19748583$Gwenhwyfar, Queen of Noble Arms$Unlimited$LIGHT$[Spellcaster/Effect]$$$$$2$300$300$$$$You can target 1 "Noble Knight" monster you control; equip this card from your hand or Graveyard to that target. You can only use this effect of "Gwenhwyfar, Queen of Noble Arms" once per turn. The equipped monster gains 300 ATK. Apply the appropriate effect, depending on the Attribute of the equipped monster.●LIGHT: If the equipped monster would be destroyed by a card effect, you can destroy this card instead.●DARK: If the equipped monster battles an opponent's monster, at the start of the Damage Step: You can destroy that monster, then destroy this card.$Supports archetypes /Noble Knight$$Equips self from hand/Activates from your Graveyard/Equips self from Graveyard$Ignition/Condition/Continuous-like/Trigger-like$
46132282$Powered Inzektron$Unlimited$LIGHT$[Machine/Synchro/Effect]$$$$$6$2500$1600$$1 Tuner + 1 or more non-Tuner monsters$$When this card is Synchro Summoned: This turn, this card cannot be destroyed by battle or by card effects, also you take no damage.$$$Activates upon Synchro Summon$Trigger$
72537897$Obedience Schooled$Unlimited$SPELL$$$$$$$$$$$$If you control no monsters: Special Summon 3 Level 2 or lower Beast Effect Monsters with different names from your Deck, but their effects are negated, also they are destroyed during the End Phase. For the rest of this turn after this card resolves, you cannot Special Summon monsters, except Beast monsters.$Beast$$$Activation requirement/Effect/Condition/Unclassified$
08522996$The First Monarch$Unlimited$TRAP$$$$$$$$$Continuous$$$Special Summon this card as an Effect Monster (Fiend/DARK/Level 6/ATK 1000/DEF 2400). (This card is also still a Trap.) If Summoned this way: You can discard 1 card, then declare 1 Attribute; this card becomes that Attribute, and can be treated as 2 Tributes for the Tribute Summon of a monster with the same Attribute as this card. If this card was Summoned this way, you cannot Special Summon monsters, except monsters with this card's Attribute.$$$Discards for cost/Activates upon Special Summon/Declares an Attribute$Effect/Trigger-like/Continuous-like$
72520073$Dark Artist$Unlimited$DARK$[Fiend/Effect]$$$$$3$600$1400$$$$If this card is being attacked by a LIGHT monster, its DEF is halved during damage calculation only.$$$$Continuous$
85255550$Swordsman from a Distant Land$Unlimited$EARTH$[Warrior/Effect]$$$$$1$250$250$$$$If this card attacked an opponent's monster, after damage calculation: Destroy that monster during the 5th End Phase after the attack.$$$$Trigger$
96470883$Queen Angel of Roses$Unlimited$EARTH$[Plant/Effect]$$$$$7$2400$1300$$$$You can Tribute Summon this card in face-up Attack Position by Tributing 1 Plant monster. Once per turn, during your Standby Phase: Destroy the 1 face-up monster on the field that has the lowest ATK (your choice, if tied).$Plant$$$Summon/Trigger$
23087070$Rose Witch$Unlimited$EARTH$[Plant/Effect]$$$$$4$1600$1000$$$$This card can be treated as 2 Tributes for the Tribute Summon of a Plant monster.$Plant$$$Unclassified$
75673220$Snapdragon$Unlimited$EARTH$[Plant/Effect]$$$$$2$300$100$$$$When this card is sent to the Graveyard: Banish 1 random card from your opponent's hand, until the End Phase. You can only use the effect of "Snapdragon" once per turn.$$$Activates from your Graveyard$Trigger/Condition$
77797992$Alpacaribou, Mystical Beast of the Forest$Unlimited$EARTH$[Beast/Effect]$$$$$7$2700$2100$$$$●While in Attack Position: Attack Position Winged Beast, Insect, and Plant-Type monsters you control cannot be destroyed by battle.●While in Defense Position: Defense Position Winged Beast, Insect, and Plant-Type monsters you control cannot be targeted by, or be destroyed by, card effects.$Insect/Plant/Winged Beast$$$Continuous$
53981499$Mighty Warrior$Unlimited$EARTH$[Warrior/Synchro/Effect]$$$$$6$2200$2000$$1 Tuner + 1 or more non-Tuner monsters$$If this card destroys an opponent's monster by battle: Inflict damage to your opponent equal to half the destroyed monster's original ATK.$$$$Trigger$
57996334$Dododo Buster$Unlimited$EARTH$[Warrior/Effect]$$$$$6$1900$800$$$$If only your opponent controls a monster, you can Special Summon this card (from your hand). If Summoned this way, its Level becomes 4. When this card is Tribute Summoned: You can target 1 "Dododo" monster in your GY; Special Summon that target in Defense Position.$Supports archetypes /Dododo$$Activates upon Tribute Summon$Summon/Trigger$
80208323$Interplanetarypurplythorny Beast$Unlimited$DARK$[Beast/Effect]$$$$$5$1100$2200$$$$When a monster you control is destroyed by battle and sent to the Graveyard, while this card is in your Graveyard: You can Special Summon this card from your Graveyard. If Summoned this way, banish this card when it leaves the field. You can only use the effect of "Interplanetarypurplythorny Beast" once per turn.$$$Activates if destroyed by battle/Activates from your Graveyard$Trigger/Unclassified/Condition$
15458892$Starship Spy Plane$Unlimited$WIND$[Machine/Effect]$$$$$4$1100$500$$$$If your opponent controls a face-up Xyz Monster, you can Special Summon this card (from your hand). When this card is Special Summoned from the hand: Target 1 Spell/Trap Card your opponent controls; return that target to the hand.$$Xyz Monster$Activates upon Special Summon/Returns from your opponent's field to your opponent's hand$Summon/Trigger$
