Passcode$Name$Status$Attribute$type$link$link_arrows$rank$pendulum_scale$level$attack$defense$spell_attribute$summoning_condition$pendulum_condition$card_text$card_supports$card_anti_supports$card_actions$effect_types$
03078576$Yata-Garasu$Limited$WIND$[Fiend/Spirit/Effect]$$$$$2$200$100$$$$Cannot be Special Summoned. During the End Phase of the turn this card was Normal Summoned or flipped face-up: Return it to the hand. If this card inflicts battle damage to your opponent: Skip the Draw Phase of their next turn.$$$Returns itself from field to hand/Skips Draw Phase$Summon/Trigger$
53982768$Dark Ruler Ha Des$Unlimited$DARK$[Fiend/Effect]$$$$$6$2450$1600$$$$Cannot be Special Summoned from the GY. Negate the effects of monsters destroyed by battle with Fiend monsters you control.$Fiend$$$Condition/Continuous$
80071763$Dark Balter the Terrible$Unlimited$DARK$[Fiend/Fusion/Effect]$$$$$5$2000$1200$$"Possessed Dark Soul" + "Frontier Wiseman"$$A Fusion Summon of this monster can only be conducted with the above Fusion Material Monsters. When a Normal Spell Card is activated, negate the effect by paying 1000 Life Points. The effect of an Effect Monster that this monster destroys as a result of battle is negated.$$$$Summon/Quick/Continuous$
16475472$Lesser Fiend$Unlimited$DARK$[Fiend/Effect]$$$$$5$2100$1000$$$$(This card is always treated as an "Archfiend" card.)Banish any monster destroyed by battle with this card.$$$$Condition/Continuous$
52860176$Possessed Dark Soul$Unlimited$DARK$[Fiend/Effect]$$$$$3$1200$800$$$$You can Tribute this face-up card; take control of all face-up Level 3 or lower monsters your opponent currently controls.$$$Tributes itself for cost/Changes control$Ignition$
89258225$Winged Minion$Unlimited$DARK$[Fiend/Effect]$$$$$2$700$700$$$$Tribute this face-up card. Select 1 face-up Fiend-Type monster on the field. Increase the ATK and DEF of the monster by 700 points as long as it remains face-up on the field.$Fiend$$Tributes itself for cost$Ignition$
02504891$Skull Knight #2$Unlimited$DARK$[Fiend/Effect]$$$$$3$1000$1200$$$$If you Tribute Summon a Fiend-Type monster by Tributing this monster, Special Summon 1 "Skull Knight #2" from your Deck. Then shuffle your Deck.$$$$$
42647539$Ryu-Kishin Clown$Unlimited$DARK$[Fiend/Effect]$$$$$2$800$500$$$$When this card is Summoned (including Flip Summon and Special Summon), select 1 face-up monster on the field and change its battle position.$$$Activates upon Normal Summon/Activates upon Flip Summon/Activates upon Special Summon/Changes battle positions$Trigger$
88132637$Twin-Headed Wolf$Unlimited$DARK$[Fiend/Effect]$$$$$4$1500$1000$$$$While you control another Fiend monster, negate the effects of Flip monsters destroyed by battle with this card.$Fiend$Flip monster$$Continuous$
14531242$Opticlops$Unlimited$DARK$[Fiend/Normal]$$$$$4$1800$1700$$$$A one-eyed giant that serves the "Dark Ruler Ha Des", it skewers its enemies with its sharp horn, shattering them to pieces.$$$$$
41925941$Bark of Dark Ruler$Unlimited$TRAP$$$$$$$$$$$$If a Fiend monster you control battles, during the Damage Step: Pay LP (in multiples of 100), then target the opponent's battling monster; that opponent's monster loses that much ATK and DEF, until the end of this turn.$Fiend$$$Activation requirement/Cost/Effect$
77910045$Fatal Abacus$Unlimited$TRAP$$$$$$$$$Continuous$$$Each time 1 monster is sent from the field to the Graveyard, inflict 500 points of damage per card to the respective card owner's Life Points.$$$$Continuous-like$
14318794$Life Absorbing Machine$Unlimited$TRAP$$$$$$$$$Continuous$$$During your Standby Phase, gain Life Points equal to half of the total Life Points you paid during your last turn.$$$$Trigger-like$
40703393$The Puppet Magic of Dark Ruler$Unlimited$SPELL$$$$$$$$$$$$Target 1 Fiend monster in your GY; banish face-up monsters you control whose total Levels exactly equal the Level of that monster, then Special Summon it.$Fiend$$$Effect$
76297408$Soul Demolition$Unlimited$TRAP$$$$$$$$$Continuous$$$If you control a Fiend monster: You can pay 500 LP, then each player targets 1 monster in their opponent's GY; banish those targets.$Fiend$$$Quick-like$
03682106$Double Snare$Unlimited$SPELL$$$$$$$$$$$$Destroy 1 face-up card on the field that has an effect that negates Trap Cards' effects.$$$$Effect$
49681811$Freed the Matchless General$Unlimited$EARTH$[Warrior/Effect]$$$$$5$2300$1700$$$$Negate any Spell effect that targets this card on the field when it resolves, and if you do, destroy that card. During your Draw Phase, instead of conducting your normal draw: You can add 1 Level 4 or lower Warrior monster from your Deck to your hand. This card must be face-up on the field to activate and to resolve this effect.$Warrior$$Adds from Deck to hand/Replaces normal draw$Continuous/Trigger$
76075810$Throwstone Unit$Unlimited$EARTH$[Warrior/Effect]$$$$$4$900$2000$$$$Offer 1 Warrior-Type monster on your side of the field as a Tribute to destroy 1 face-up monster on the field whose DEF is equal to or lower than the ATK of this monster.$Warrior$$Tributes for cost$Ignition$
02460565$Marauding Captain$Unlimited$EARTH$[Warrior/Effect]$$$$$3$1200$400$$$$Your opponent cannot target Warrior monsters for attacks, except this one. When this card is Normal Summoned: You can Special Summon 1 Level 4 or lower monster from your hand.$Warrior$$Activates upon Normal Summon$Continuous/Trigger$
49868263$Ryu Senshi$Unlimited$EARTH$[Warrior/Fusion/Effect]$$$$$6$2000$1200$$"Warrior Dai Grepher" + "Spirit Ryu"$$A Fusion Summon of this card can only be done with the above Fusion Materials. When a Normal Trap Card is activated (Quick Effect): You can pay 1000 LP; negate that effect. This card must be face-up on the field to activate and to resolve this effect. Negate the effects of any Spell Card that targets this card and destroy it.$$Spell Card/Normal Trap Card$$Summon/Quick/Continuous$
75953262$Warrior Dai Grepher$Unlimited$EARTH$[Warrior/Normal]$$$$$4$1700$1600$$$$The warrior who can manipulate dragons. Nobody knows his mysterious past.$$$$$
01347977$Mysterious Guard$Unlimited$EARTH$[Spellcaster/Flip/Effect]$$$$$3$800$1200$$$$FLIP: Target 1 face-up monster on the field, and if you control a face-up Warrior monster, you can target 1 additional face-up monster on the field; place the first target to the top of the Deck, then return the additional target (if any) to the hand if you still control a face-up Warrior monster.$Warrior$$Returns from field to Deck/Returns from field to hand$Flip$
38742075$Frontier Wiseman$Unlimited$EARTH$[Spellcaster/Effect]$$$$$3$1600$800$$$$Negate any Spell effects that target a Warrior-Type monster you control, and if you do, destroy that card.$Warrior$$$Continuous$
74131780$Exiled Force$Unlimited$EARTH$[Warrior/Effect]$$$$$4$1000$1000$$$$You can Tribute this card, then target 1 monster on the field; destroy that target.$$$Tributes itself for cost$Ignition$
01525329$The Hunter with 7 Weapons$Unlimited$EARTH$[Warrior/Effect]$$$$$3$1000$600$$$$When this card is Normal Summoned, declare 1 Type of monster. When battling that Type of monster, increase the ATK of this card by 1000 points during Damage Calculation.$$$Activates upon Normal Summon/Declares a Type$Trigger$
37620434$Shadow Tamer$Unlimited$EARTH$[Warrior/Effect]$$$$$3$800$700$$$$(This card is always treated as an "Archfiend" card.)FLIP: Target 1 Fiend-Type monster your opponent controls; take control of that target until the End Phase.$$Fiend$Changes control$Condition/Flip$
63018132$Dragon Manipulator$Unlimited$EARTH$[Warrior/Effect]$$$$$3$700$800$$$$FLIP: Take control of 1 face-up Dragon-Type monster on your opponent's side of the field until the end of the End Phase.$$Dragon$Changes control$Flip$
00403847$The A. Forces$Unlimited$SPELL$$$$$$$$$Continuous$$$All Warrior-Type monsters you control gain 200 ATK for each Warrior or Spellcaster-Type monster you control.$Warrior/Spellcaster$$$Continuous-like$
32807846$Reinforcement of the Army$Limited$SPELL$$$$$$$$$$$$Add 1 Level 4 or lower Warrior monster from your Deck to your hand.$Warrior$$Adds from Deck to hand$Effect$
69296555$Array of Revealing Light$Unlimited$SPELL$$$$$$$$$Field$$$Declare 1 Type of monster. Any monster of the declared Type cannot declare an attack during the turn it is Normal Summoned, Flip Summoned or Special Summoned.$$$Declares a Type$Continuous-like$
95281259$The Warrior Returning Alive$Unlimited$SPELL$$$$$$$$$$$$Target 1 Warrior monster in your GY; add that target to your hand.$Warrior$$Adds from Graveyard to hand$Effect$
31785398$Ready for Intercepting$Unlimited$TRAP$$$$$$$$$$$$Target 1 Warrior or Spellcaster monster on the field; change that target to face-down Defense Position.$Spellcaster/Warrior$Spellcaster/Warrior$Flips monsters face-down/Changes battle positions$Effect$
68170903$A Feint Plan$Unlimited$TRAP$$$$$$$$$$$$A player cannot attack face-down monsters during this turn.$$$$Effect$
53046408$Emergency Provisions$Unlimited$SPELL$$$$$$$$$Quick-Play$$$Send any number of other Spell/Trap Cards you control to the Graveyard; gain 1000 LP for each card sent to the Graveyard this way.$$$Sends from field to Graveyard for cost$Cost/Effect$
94568601$Tyrant Dragon$Unlimited$FIRE$[Dragon/Effect]$$$$$8$2900$2500$$$$During your Battle Phase, if your opponent controls a monster after this card's first attack, this card can make a second attack. Negate any Trap effects that target this card on the field, and if you do, destroy that Trap. This card cannot be Special Summoned from the GY, unless you Tribute 1 Dragon monster.$Dragon$$Tributes for cost$Continuous/Condition$
31553716$Spear Dragon$Unlimited$WIND$[Dragon/Effect]$$$$$4$1900$0$$$$If this card attacks a Defense Position monster, inflict piercing battle damage. If this card attacks, it is changed to Defense Position at the end of the Damage Step.$$$Changes battle positions$Continuous$
67957315$Spirit Ryu$Unlimited$WIND$[Dragon/Effect]$$$$$4$1000$1000$$$$During your Battle Step, if this card battles (Quick Effect): You can discard 1 Dragon monster to the GY; this card gains 1000 ATK/DEF until the end of the Battle Phase.$Dragon$$Discards for cost$Quick$
93346024$The Dragon Dwelling in the Cave$Unlimited$WIND$[Dragon/Normal]$$$$$4$1300$2000$$$$A huge dragon dwelling in a cave. It is horrible when it gets angry, although it is usually quiet. It is said to preserve certain treasures.$$$$$
20831168$Lizard Soldier$Unlimited$WIND$[Dragon/Normal]$$$$$3$1100$800$$$$A beast soldier derived from dragons, it is small for a Dragon-Type. Moving very quickly, this monster is an excellent strategist.$$$$$
66235877$Fiend Skull Dragon$Unlimited$WIND$[Dragon/Fusion/Effect]$$$$$5$2000$1200$$"Cave Dragon" + "Lesser Fiend"$$(This card is always treated as an "Archfiend" card.)A Fusion Summon of this card can only be done with the above Fusion Material Monsters. Negate the effects of Flip Effect Monsters. Negate any Trap effects that target this card on the field, and if you do, destroy that Trap Card.$$Flip monster$$Condition/Summon/Continuous$
93220472$Cave Dragon$Unlimited$WIND$[Dragon/Effect]$$$$$4$2000$100$$$$Cannot be Normal Summoned while you control a monster. This card cannot declare an attack unless you control another Dragon-Type monster.$Dragon$$$Summon/Continuous$
29618570$Gray Wing$Unlimited$WIND$[Dragon/Effect]$$$$$3$1300$700$$$$Discard 1 card from your hand during your Main Phase 1. This monster can attack twice during the Battle Phase of this turn.$$$Discards for cost$Ignition$
55013285$Troop Dragon$Unlimited$WIND$[Dragon/Effect]$$$$$2$700$800$$$$If this card is destroyed by battle and sent to the GY: Special Summon 1 "Troop Dragon" from your Deck.$$$Activates from your Graveyard$Trigger$
92408984$The Dragon's Bead$Unlimited$TRAP$$$$$$$$$Continuous$$$Discard 1 card from your hand. Negate the effect of a Trap Card that targets 1 face-up Dragon-Type monster and destroy the Trap Card.$Dragon$$Discards for cost$Quick-like$
28596933$A Wingbeat of Giant Dragon$Unlimited$SPELL$$$$$$$$$$$$Return 1 Level 5 or higher Dragon-Type monster you control to the hand, and if you do, destroy all Spell and Trap Cards on the field.$Dragon$$Returns from your field to your hand$Effect$
55991637$Dragon's Gunfire$Unlimited$SPELL$$$$$$$$$$$$If you control a Dragon monster: Activate 1 of these effects;●Inflict 800 damage to your opponent.●Target 1 monster with 800 or less DEF; destroy that target.$Dragon$$$Activation requirement/Effect$
81385346$Stamping Destruction$Unlimited$SPELL$$$$$$$$$$$$If you control a Dragon monster: Target 1 Spell/Trap on the field; destroy that target, and if you do, inflict 500 damage to its controller.$Dragon$$$Activation requirement/Effect$
27770341$Super Rejuvenation$Unlimited$SPELL$$$$$$$$$Quick-Play$$$During the End Phase of the turn this card was activated, draw a number of cards equal to the combined number of Dragon monsters you discarded or Tributed from your hand or field this turn.$Dragon$$You draw cards$Effect$
54178050$Dragon's Rage$Unlimited$TRAP$$$$$$$$$Continuous$$$During battle between an attacking Dragon-Type monster you control and a Defense Position monster whose DEF is lower than the ATK of the attacking monster, inflict the difference as Battle Damage to your opponent.$Dragon$$$Continuous-like$
80163754$Burst Breath$Unlimited$TRAP$$$$$$$$$$$$Tribute 1 Dragon-Type monster; destroy all face-up monsters on the field whose DEF is less than or equal to the ATK the Tributed monster had on the field.$Dragon$$Tributes for cost$Cost/Effect$
11091375$Luster Dragon #2$Unlimited$WIND$[Dragon/Normal]$$$$$6$2400$1400$$$$This dragon feeds on emerald. Enchanted by this monster even when attacked, few people live to tell of its beauty.$$$$$
44203504$Robotic Knight$Unlimited$FIRE$[Machine/Normal]$$$$$4$1600$1800$$$$The Commander of Machine-Types, he serves the Machine King. He is famous for the way he controls his troops.$$$$$
56369281$Wolf Axwielder$Unlimited$EARTH$[Beast-Warrior/Normal]$$$$$4$1650$1000$$$$Once it has started battle, this monster attacks fiercely and cannot stop.$$$$$
83764996$The Illusory Gentleman$Unlimited$DARK$[Spellcaster/Normal]$$$$$4$1500$1600$$$$Wearing odd fashions, this gentleman is very fickle. He sometimes saves people and at other times commits crimes.$$$$$
92421852$Robolady$Unlimited$EARTH$[Machine/Normal]$$$$$3$450$900$$$$A warrior fully covered with metal. It upgrades by fusing with "Roboyarou".$$$$$
38916461$Roboyarou$Unlimited$EARTH$[Machine/Normal]$$$$$3$900$450$$$$A warrior fully covered with metal. It upgrades by fusing with "Robolady".$$$$$
78706415$Fiber Jar$Forbidden(OCG)$EARTH$[Plant/Effect]$$$$$3$500$500$$$$FLIP: Each player shuffles all cards from their hand, field, and Graveyard into the Deck, then draws 5 cards.$$$Returns from hand to Deck/Returns from field to Deck/Returns from Graveyard to Deck/You draw cards/Your opponent draws cards$Flip$
71829750$Serpentine Princess$Unlimited$WATER$[Reptile/Effect]$$$$$4$1400$2000$$$$If this face-up card is returned from the field to your Deck, select and Special Summon 1 Level 3 or lower monster from your Deck to your side of the field. Then shuffle your Deck.$$$Activates from your Deck$Trigger$
19153634$Patrician of Darkness$Unlimited$DARK$[Zombie/Effect]$$$$$5$2000$1400$$$$You choose the attack targets for your opponent's attacks.$$$$Continuous$
70797118$Thunder Nyan Nyan$Unlimited$LIGHT$[Thunder/Effect]$$$$$4$1900$800$$$$If there is a non-LIGHT monster on your side of the field, destroy this face-up card.$LIGHT$$$Continuous$
14291024$Gradius' Option$Unlimited$LIGHT$[Machine/Effect]$$$$$1$?$?$$$$This card cannot be Normal Summoned or Set. This monster can only be Special Summoned by selecting 1 face-up "Gradius" on your side of the field. The ATK and DEF of this card becomes the same as the ATK and DEF of the selected "Gradius". If the selected "Gradius" is removed from the field, destroy this card.$Gradius$$$Summon/Continuous$
06979239$Woodland Sprite$Unlimited$EARTH$[Plant/Effect]$$$$$3$900$400$$$$Send 1 Equip Card equipped to this card to the Graveyard. Inflict 500 points of damage to your opponent's Life Points.$Equip Card$$Sends from field to Graveyard for cost$Ignition$
18036057$Airknight Parshath$Unlimited$LIGHT$[Fairy/Effect]$$$$$5$1900$1400$$$$If this card attacks a Defense Position monster, inflict piercing battle damage. If this card inflicts battle damage to your opponent: Draw 1 card.$$$Activates when it inflicts battle damage/You draw cards$Continuous/Trigger$
43586926$Twin-Headed Behemoth$Unlimited$WIND$[Dragon/Effect]$$$$$3$1500$1200$$$$During the End Phase, if this card is in the GY because it was destroyed on the field and sent there this turn: You can Special Summon this card, but its ATK/DEF become 1000. You can only use this effect of "Twin-Headed Behemoth" once per Duel.$$$Activates from your Graveyard$Trigger/Condition$
40695128$Maharaghi$Unlimited$EARTH$[Rock/Spirit/Effect]$$$$$4$1200$1700$$$$This card cannot be Special Summoned. This card returns to the owner's hand during the End Phase of the turn that this card is Normal Summoned or flipped face-up. If this card is Normal Summoned or flipped face-up, look at 1 card on the top of your Deck during your next Draw Phase (before you draw), and return the card to the top or the bottom of your Deck.$$$Returns itself from field to hand/Activates upon Normal Summon/Activates upon being flipped face-up/Looks at cards from the top of your Deck/Changes your Deck order/Places cards from your Deck on the top of the Deck/Places cards from your Deck on the bottom of the Deck$Summon/Trigger$
77084837$Inaba White Rabbit$Unlimited$EARTH$[Beast/Spirit/Effect]$$$$$3$700$500$$$$This card cannot be Special Summoned. This card returns to the owner's hand during the End Phase of the turn that this card is Normal Summoned or flipped face-up. This monster attacks your opponent's Life Points directly.$$$Returns itself from field to hand$Summon/Trigger/Continuous$
40473581$Susa Soldier$Unlimited$EARTH$[Thunder/Spirit/Effect]$$$$$4$2000$1600$$$$This card cannot be Special Summoned. This card returns to the owner's hand during the End Phase of the turn that this card is Normal Summoned or flipped face-up. The Battle Damage this card inflicts to your opponent's Life Points is halved.$$$Returns itself from field to hand$Summon/Trigger/Continuous$
76862289$Yamata Dragon$Unlimited$FIRE$[Dragon/Spirit/Effect]$$$$$7$2600$3100$$$$This card cannot be Special Summoned. This card returns to its owner's hand during the End Phase of the turn it is Normal Summoned or flipped face-up. When this card inflicts Battle Damage to your opponent, draw cards until you have 5 cards in your hand.$$$Activates when it inflicts battle damage/Returns itself from field to hand/You draw cards$Summon/Trigger$
02356994$Great Long Nose$Unlimited$DARK$[Beast-Warrior/Spirit/Effect]$$$$$5$1900$1700$$$$This card cannot be Special Summoned. This card returns to the owner's hand during the End Phase of the turn that this card is Normal Summoned or flipped face-up. If this card inflicts Battle Damage to your opponent's Life Points, your opponent skips their next Battle Phase.$$$Returns itself from field to hand/Skips Battle Phase$Summon/Trigger$
39751093$Otohime$Unlimited$LIGHT$[Spellcaster/Spirit/Effect]$$$$$3$0$100$$$$Cannot be Special Summoned. During the End Phase of the turn this card is Normal Summoned or flipped face-up: Return it to the hand. When this card is Normal Summoned or flipped face-up: You can target 1 face-up monster your opponent controls; change that target's battle position.$$$Returns itself from field to hand/Activates upon Normal Summon/Changes battle positions$Summon/Trigger$
75745607$Hino-Kagu-Tsuchi$Unlimited$FIRE$[Pyro/Spirit/Effect]$$$$$8$2800$2900$$$$This card cannot be Special Summoned. This card returns to its owner's hand during the End Phase of the turn it is Normal Summoned or flipped face-up. If this card inflicts Battle Damage to your opponent, they discard all cards in their hand during the next Draw Phase, before they draw.$$$Activates when it inflicts battle damage/Returns itself from field to hand/Your opponent discards$Summon/Trigger$
02134346$Asura Priest$Unlimited$LIGHT$[Fairy/Spirit/Effect]$$$$$4$1700$1200$$$$Cannot be Special Summoned. During the End Phase of the turn this card is Normal Summoned or flipped face-up: Return it to the hand. This card can attack all monsters your opponent controls once each.$$$Returns itself from field to hand$Summon/Trigger/Continuous$
38538445$Fushi No Tori$Unlimited$FIRE$[Winged Beast/Spirit/Effect]$$$$$4$1200$0$$$$This card cannot be Special Summoned. This card returns to the owner's hand during the End Phase of the turn that this card is Normal Summoned or flipped face-up. When this card inflicts Battle Damage to your opponent's Life Points, increase your Life Points by an amount equal to the Battle Damage.$$$Activates when it inflicts battle damage/Returns itself from field to hand$Summon/Trigger$
75923050$Super Robolady$Unlimited$EARTH$[Machine/Fusion/Effect]$$$$$6$1200$500$$"Robolady" + "Roboyarou"$$You can Special Summon "Super Roboyarou" by returning this card from the field to the Extra Deck. You cannot use this effect during the same turn this monster is Special Summoned. In addition, increase the ATK of this monster by 1000 points during the Damage Step when this monster inflicts Direct Damage to your opponent's Life Points.$Super Roboyarou$$Returns itself from field to Extra Deck for cost$Ignition/Trigger$
01412158$Super Roboyarou$Unlimited$EARTH$[Machine/Fusion/Effect]$$$$$6$1200$500$$"Roboyarou" + "Robolady"$$You can Special Summon "Super Robolady" by returning this card from the field to the Extra Deck. You cannot use this effect during the same turn this monster is Special Summoned. In addition, increase the ATK of this monster by 1000 points during the Damage Step when this monster battles with a monster.$Super Robolady$$Returns itself from field to Extra Deck for cost$Ignition/Condition/Trigger$
37406863$Fengsheng Mirror$Unlimited$SPELL$$$$$$$$$$$$Look at your opponent's hand. Select and discard 1 Spirit monster to the Graveyard if Spirit monsters exist in his/her hand.$$Spirit monster$Reveals your opponent's hand/Your opponent discards$Effect$
94425169$Spring of Rebirth$Unlimited$SPELL$$$$$$$$$Continuous$$$Increase your Life Points by 500 points every time monsters return from the field to the owner's hand.$$$$Trigger-like$
64801562$Heart of Clear Water$Unlimited$SPELL$$$$$$$$$Equip$$$If the equipped monster's ATK is 1300 or higher, this card is destroyed. The monster equipped with this card is not destroyed as a result of battle or by the effect of a card that targets the monster. (Damage calculation is applied normally.)$$$$Continuous-like$
00295517$A Legendary Ocean$Unlimited$SPELL$$$$$$$$$Field$$$(This card is always treated as "Umi".)All WATER monsters on the field gain 200 ATK/DEF. Reduce the Level of all WATER monsters in both players' hands and on the field by 1.$WATER$$$Condition/Continuous-like$
37684215$Fusion Sword Murasame Blade$Unlimited$SPELL$$$$$$$$$Equip$$$Equip only to a Warrior monster. It gains 800 ATK. While equipped to a monster, this card cannot be destroyed by card effects.$Warrior$$$Condition/Continuous-like$
63789924$Smoke Grenade of the Thief$Unlimited(OCG)$SPELL$$$$$$$$$Equip$$$When this card is destroyed by a card effect while equipped to a monster: Look at your opponent's hand and discard 1 card from their hand.$$$Reveals your opponent's hand/Your opponent discards$Trigger-like$
31036355$Creature Swap$Unlimited$SPELL$$$$$$$$$$$$Each player chooses 1 monster they control and switches control of those monsters with each other. Those monsters cannot change their battle positions for the rest of this turn.$$$Changes control/Prevents Battle Position changes$Effect/Condition$
99173029$Spiritual Energy Settle Machine$Unlimited$SPELL$$$$$$$$$Continuous$$$As long as this card remains face-up on the field, all Spirit monsters remain face-up on the field and do not return to their owners' hands during the End Phase even if they are Normal Summoned or flipped face-up. Discard 1 card from your hand during each of your End Phases. If you do not, destroy this card. When this card is removed from the field, all face-up Spirit monsters return to the owners' hands.$Spirit monster$Spirit monster$Discards for cost/Returns from your field to your hand$Continuous-like/Maintenance cost$
36562627$Second Coin Toss$Unlimited$SPELL$$$$$$$$$Continuous$$$When a coin toss is performed, you can choose to redo the coin toss. (If the toss involved multiple coin flips, redo all of them.) You can only use the effect of "Second Coin Toss" once per turn.$$$Changes coin toss result$Continuous-like/Condition$
62966332$Convulsion of Nature$Unlimited$SPELL$$$$$$$$$Continuous$$$As long as this card remains face-up on the field, both players must turn their respective Decks upside down and proceed with the current Duel.$$$Allows face-up cards in Main Deck$Continuous-like$
99351431$The Secret of the Bandit$Unlimited$SPELL$$$$$$$$$$$$This card can only be activated during Main Phase 1. Select 1 face-up monster on the field. Each time the selected monster inflicts Battle Damage to your opponent's Life Points this turn, your opponent discards 1 random card.$$$Activates when it inflicts battle damage/Your opponent discards$Activation requirement/Trigger-like$
25345186$After the Struggle$Unlimited$SPELL$$$$$$$$$$$$This card can only be activated during Main Phase 1. All monsters on both sides of the field that have been involved in damage calculation are destroyed during the End Step of the turn.$$$$Activation requirement/Effect$
61844784$Magic Reflector$Unlimited$SPELL$$$$$$$$$$$$Select 1 Spell Card that remains face-up on the field and put 1 counter on it. If the selected card would be destroyed, the counter is removed instead.$Spell Card$$$Effect/Condition$
98239899$Blast with Chain$Unlimited$TRAP$$$$$$$$$$$$Target 1 face-up monster you control; equip this card to that target. It gains 500 ATK. If this card is destroyed by a card effect while equipped: Target 1 card on the field; destroy that target.$$$Equips self from field$Effect/Continuous-like/Trigger-like$
24623598$Disappear$Unlimited$TRAP$$$$$$$$$$$$Remove from play 1 card from your opponent's Graveyard.$$$$Effect$
61622107$Bubble Crash$Unlimited$TRAP$$$$$$$$$$$$This card can only be activated when any player has 6 or more cards on the field and/or in their hand. The player(s) then select and send cards to their respective Graveyards until the amount remaining on the field and in their hand is 5.$$$Sends from your hand to your Graveyard/Sends from your opponent's hand to your opponent's Graveyard$Activation requirement/Effect$
93016201$Royal Oppression$Forbidden(OCG)$TRAP$$$$$$$$$Continuous$$$Either player can pay 800 Life Points to negate the Special Summon of a monster(s), and/or an effect that Special Summons a monster(s), and destroy those cards.$$$$Quick-like$
29401950$Bottomless Trap Hole$Unlimited$TRAP$$$$$$$$$$$$When your opponent Summons a monster(s) with 1500 or more ATK: Destroy that monster(s) with 1500 or more ATK, and if you do, banish it.$$$$Activation requirement/Effect$
40633297$Bad Reaction to Simochi$Unlimited$TRAP$$$$$$$$$Continuous$$$As long as this card remains face-up on the field, any effect of increasing your opponent's Life Points is changed to inflict the same amount of points in damage to your opponent's Life Points.$$$$Continuous-like$
56995655$Ominous Fortunetelling$Unlimited$TRAP$$$$$$$$$Continuous$$$During your Standby Phase, select 1 random card from your opponent's hand. Call the type of card (Monster, Spell, or Trap). If you call it right, inflict 700 points of damage to your opponent's Life Points. You can use this effect only once per turn.$$$Declares a card type/Reveals your opponent's hand$Trigger-like$
92394653$Spirit's Invitation$Unlimited$TRAP$$$$$$$$$Continuous$$$Each time your Spirit monster returns to your hand, select 1 monster on your opponent's side of the field and return it to its owner's hand. Pay 500 Life Points during each of your Standby Phases. If you do not, destroy this card.$Spirit monster$$Returns from your opponent's field to your opponent's hand$Trigger-like/Maintenance cost$
29389368$Nutrient Z$Unlimited$TRAP$$$$$$$$$$$$During damage calculation, when you are about to take 2000 or more battle damage: Gain 4000 LP first.$$$$Activation requirement/Effect$
55773067$Drop Off$Unlimited$TRAP$$$$$$$$$$$$When your opponent draws for their normal draw in their Draw Phase: Your opponent discards 1 card they just drew.$$$Your opponent discards$Activation requirement/Effect$
81172176$Fiend Comedian$Unlimited$TRAP$$$$$$$$$$$$Toss a coin and call it. If you call it right, all your opponent's cards in the Graveyard are removed from play immediately. If you call it wrong, send a number of cards equal to the cards in your opponent's Graveyard from your Deck to your Graveyard.$$$Sends from Deck to Graveyard/Sends from your Deck to your Graveyard$Effect$
28566710$Last Turn$Forbidden(OCG)$TRAP$$$$$$$$$$$$This card can only be activated during your opponent's turn when your Life Points are 1000 or less. Select 1 monster on your side of the field and send all other cards on the field and in their respective owners' hands to their respective Graveyards. After that, your opponent selects and Special Summons 1 monster from their Deck in face-up Attack Position and attacks your selected monster. (Any Battle Damage from this battle is treated as 0.) The player whose monster remains alone on the field at the End Phase of this turn wins the Duel. Any other case results in a DRAW.$$$Sends from field to Graveyard/Sends from hand to Graveyard/Conducts multiple Battle Phases$Activation requirement/Effect/Lingering$
79575620$Injection Fairy Lily$Unlimited$EARTH$[Spellcaster/Effect]$$$$$3$400$1500$$$$If this card attacks or is attacked, during damage calculation (in either player's turn): You can pay 2000 LP once per battle; this card gains 3000 ATK during that damage calculation only.$$$$Quick$
