Passcode$Name$Status$Attribute$type$link$link_arrows$rank$pendulum_scale$level$attack$defense$spell_attribute$summoning_condition$pendulum_condition$card_text$card_supports$card_anti_supports$card_actions$effect_types$
48739166$Number 101: Silent Honor ARK$Unlimited$WATER$[Aqua/Xyz/Effect]$$$4$$$2100$1000$$2 Level 4 monsters$$You can detach 2 materials from this card, then target 1 Special Summoned monster your opponent controls in face-up Attack Position; attach it to this card as material. You can only use this effect of "Number 101: Silent Honor ARK" once per turn. If this face-up card on the field would be destroyed by battle or card effect, you can detach 1 material from this card instead.$$$Detaches multiple Xyz Materials as cost/Attaches from your opponent's field as Xyz Material/Exchanges cards/Detaches Xyz Materials for effect$Ignition/Condition/Continuous$
61496006$Abyss Shark$Unlimited$WATER$[Fish/Effect]$$$$$5$1200$700$$$$If this card is used for the Xyz Summon of a "Number" monster, it can be treated as a Level 3 or 4 monster. If all monsters you control are WATER (min. 1): You can Special Summon this card from your hand, and if you do, add 1 Level 3, 4, or 5 Fish monster from your Deck to your hand, except "Abyss Shark". For the rest of this turn, you cannot Special Summon monsters, except WATER monsters, also, double the first battle damage inflicted to your opponent this turn by your "Number" monster battling another monster. You can only use this effect of "Abyss Shark" once per turn.$Supports archetypes /Number$$Activates from your hand$Ignition/Condition/Unclassified$
98881700$Crystal Shark$Unlimited$WATER$[Fish/Effect]$$$$$5$1100$800$$$$If this card is used for the Xyz Summon of a "Number" monster, it can be treated as a Level 3 or 4 monster. If this card is in your hand or GY: You can target 1 WATER monster on the field; Special Summon this card (but banish this card when it leaves the field), and if you do, halve that monster's ATK, also, you cannot Special Summon monsters from the Extra Deck for the rest of this turn, except Xyz Monsters. You can only use this effect of "Crystal Shark" once per turn.$Supports archetypes /Number$WATER$Activates from your hand/Activates from your Graveyard$Ignition/Condition/Unclassified$
34876719$N.As.H. Knight$Unlimited$WATER$[Aqua/Xyz/Effect]$$$5$$$1700$2700$$2 Level 5 monsters$$Cannot be destroyed by battle while a "Number" monster is on the field. During the Main Phase (Quick Effect): You can detach 2 materials from this card; attach 1 "Number" Xyz Monster from your Extra Deck to this card as material that has a number between "101" and "107" in its name, then you can attach 1 other face-up monster on the field to this card as material. You can only use this effect of "N.As.H. Knight" once per turn.$Supports archetypes /Number/Number 10X$Anti-supports archetypes /Number$Detaches multiple Xyz Materials as cost/Attaches from your Extra Deck as Xyz Material/Attaches from your field as Xyz Material/Attaches from your opponent's field as Xyz Material$Continuous/Quick/Condition$
61374414$CXyz N.As.Ch. Knight$Unlimited$WATER$[Aqua/Xyz/Effect]$$$6$$$2000$3000$$3 Level 6 monsters$$You can also Xyz Summon this card by using "N.As.H. Knight" you control. (Transfer its materials to this card.) Cannot be destroyed by card effects. You can detach 1 material from this card; Special Summon from your Extra Deck, 1 "Number" Xyz Monster that has a number between "101" and "107" in its name, using this face-up card you control as material, but destroy it during your opponent's next End Phase. (This is treated as an Xyz Summon. Transfer its materials to the Summoned monster.) You can only use this effect of "CXyz N.As.Ch. Knight" once per turn.$Supports archetypes /Number/Number 10X$$Transfers$$
97769122$Barian's Chaos Draw$Unlimited$SPELL$$$$$$$$$$$$To activate this card, you must draw it for your normal draw in your Draw Phase, reveal it, and keep it revealed until Main Phase 1. During that Main Phase: You can activate 1 of these effects;●Send 1 "Seventh" Normal Spell from your Deck to the GY; this effect becomes that Spell's effect when that card is activated.●Special Summon up to 2 monsters from your Deck, but negate their effects, then immediately after this effect resolves, Xyz Summon 1 "Number" monster using materials you control, including both those monsters.$Supports archetypes /Number/Seventh$$Must be drawn for normal draw to be activated/Reveals itself in the hand/Sends from Deck to Graveyard for cost/Resolves as another card's effect$Activation requirement/Effect$
23153227$Seventh Ascension$Unlimited$SPELL$$$$$$$$$$$$Take 1 card from your Deck (either a "Barian's" Spell/Trap, a "Rank-Up-Magic" Quick-Play Spell, or a "Seventh" Spell/Trap except "Seventh Ascension"), and either add it to your hand or place it on top of your Deck. If your opponent controls a monster Special Summoned from the Extra Deck: You can banish this card from your GY and send 1 "Rank-Up-Magic" Spell from your hand to the GY; this effect becomes that Spell's effect when that card is activated. You can only use each effect of "Seventh Ascension" once per turn.$Supports archetypes /Rank-Up-Magic/Barian's/Seventh$$Adds from Deck to hand/Places cards from the player's Deck on the top of the Deck/Activates from your Graveyard/Sends from hand to Graveyard for cost/Resolves as another card's effect$Effect/Ignition-like/Condition$
60158866$Seventh Eternity$Unlimited$TRAP$$$$$$$$$Continuous$$$Target 1 "Number" Xyz Monster you control that has a number between "101" and "107" in its name, or 1 Xyz Monster you control that has any such monsters as material, then activate 1 of these effects;●Negate the effects of 1 monster your opponent controls with ATK less than or equal to the targeted monster's ATK, until the end of this turn.●Detach all materials from the targeted monster, then you can Special Summon 1 "Number" Xyz Monster from your GY.You can only use this effect of "Seventh Eternity" once per turn.$Supports archetypes /Number/Number 10X$$Detaches multiple Xyz Materials for effect$Quick-like/Condition$
90303176$Silent Angler$Unlimited$WATER$[Fish/Effect]$$$$$4$800$1400$$$$If you control a WATER monster, you can Special Summon this card (from your hand), but you cannot Special Summon monsters from your hand for the rest of this turn.$WATER$$$Summon$
43138260$Xyz Remora$Unlimited$WATER$[Fish/Effect]$$$$$4$800$800$$$$You can Special Summon this card (from your hand) by detaching 2 materials from monster(s) you control. When Summoned this way: You can target 2 Level 4 Fish monsters in your GY; Special Summon those targets in Defense Position. Their effects are negated, they cannot attack or change their battle positions, and cannot be used as material for an Xyz Summon, except for the Xyz Summon of a WATER monster.$WATER/Fish$$Detaches Xyz Materials for cost/Prevents Battle Position changes$Summon/Trigger/Condition$
12744567$Number C101: Silent Honor DARK$Unlimited$WATER$[Aqua/Xyz/Effect]$$$5$$$2800$1500$$3 Level 5 monsters$$Once per turn: You can target 1 Special Summoned monster your opponent controls; attach it to this card as material. When this card is destroyed and sent to the GY while it has material: You can Special Summon this card from your GY, then gain LP equal to the original ATK of this card. "Number 101: Silent Honor ARK" must be in your GY to activate and to resolve this effect. If this card is Special Summoned this way, it cannot attack for the rest of this turn.$Number 101: Silent Honor ARK$$Attaches from your opponent's field as Xyz Material/Exchanges cards/Activates if destroyed by battle/Activates if destroyed by card effect/Activates from your Graveyard$Ignition/Trigger/Condition/Unclassified$
00440556$Bahamut Shark$Unlimited$WATER$[Sea Serpent/Xyz/Effect]$$$4$$$2600$2100$$2 Level 4 WATER monsters$$Once per turn: You can detach 1 material from this card; Special Summon 1 Rank 3 or lower WATER Xyz Monster from your Extra Deck. This card cannot attack for the rest of this turn.$WATER/Xyz Monster$$$Ignition$
25853045$Full Armored Black Ray Lancer$Unlimited$WATER$[Beast-Warrior/Xyz/Effect]$$$4$$$2100$600$$3 Level 4 WATER monsters$$You can also Xyz Summon this card by using a Rank 3 WATER Xyz Monster you control that has no material. Gains 200 ATK for each material attached to it. If this card on the field would be destroyed by battle or card effect, you can detach all materials from this card instead. When this card destroys an opponent's monster by battle: You can target 1 Spell/Trap your opponent controls; destroy that target.$WATER/Xyz Monster$$Does not have effects which detach Xyz Materials for cost/Detaches Xyz Materials for effect/Detaches multiple Xyz Materials for effect/Activates when it destroys a monster by battle$Summon/Continuous/Trigger$
59479050$Number 71: Rebarian Shark$Unlimited$WATER$[Dragon/Xyz/Effect]$$$3$$$0$2000$$2 Level 3 monsters$$Once per turn, if this card has material: You can target 1 "Number" Xyz Monster in your GY, except "Number 71: Rebarian Shark"; Special Summon it, and if you do, attach 1 material from this card to it. If this card is sent to the GY: You can place 1 "Rank-Up-Magic" Spell from your Deck on top of your Deck.$Supports archetypes /Number/Rank-Up-Magic$$Transfers/Activates from your Graveyard/Changes the player's Deck order/Places cards from the player's Deck on the top of the Deck$Ignition/Trigger$
57734012$Rank-Up-Magic - The Seventh One$Unlimited$SPELL$$$$$$$$$$$$To activate this card, you must draw it for your normal draw in your Draw Phase, reveal it, and keep it revealed until the start of Main Phase 1. At the start of your Main Phase 1 that same turn, you can: Special Summon, from your Extra Deck or GY, 1 "Number" monster that has a number between "101" and "107" in its name, except "Number C" monsters, then Special Summon, from your Extra Deck, 1 "Number C" monster with the same number in its name as the first monster, by using it as material. (The Second Special Summon is treated as an Xyz Summon. Transfer its materials to the Summoned monster.) You can only apply this effect of "Rank-Up-Magic - The Seventh One" once per Duel.$Supports archetypes /Number/Number C/Number 10X/Number C10X$$Must be drawn for normal draw to be activated/Reveals itself in the hand$Activation requirement/Trigger-like/Condition$
33252803$Rank-Up-Magic Quick Chaos$Unlimited$SPELL$$$$$$$$$Quick-Play$$$Target 1 "Number" Xyz Monster you control, except a "Number C" monster; Special Summon from your Extra Deck, 1 "Number C" monster with the same number in its name as that target, but 1 Rank higher, by using it as the Xyz Material. (This is treated as an Xyz Summon. Transfer its materials to the Summoned monster.)$Supports archetypes /Number/Number C$$Transfers$Activation requirement/Effect$
96546575$Mega Fortress Whale$Unlimited$WATER$[Fish/Effect]$$$$$7$2550$2350$$$$If "Umi" is on the field: You can activate this effect; your WATER monsters can attack directly this turn. During your opponent's Battle Phase (Quick Effect): You can target 1 face-up monster your opponent controls; destroy it. If this card on the field is destroyed by battle or card effect: You can either add to your hand or Special Summon 1 WATER Warrior monster from your Deck or GY. You can only use each effect of "Mega Fortress Whale" once per turn.$Umi/WATER/Warrior$Umi$Activates if destroyed by battle/Activates if destroyed by card effect/Adds from Deck to hand/Adds from Graveyard to hand$Ignition/Quick/Trigger/Condition$
23931679$Ocean Dragon Lord - Kairyu-Shin$Unlimited$WATER$[Sea Serpent/Effect]$$$$$5$2000$1700$$$$While "Umi" is on the field, each player can only control 1 face-up non-WATER monster. (If a player controls 2 or more, they must send some to the GY so they only control 1.) During your Main Phase: You can add from your Deck to your hand 1 "Umi", 1 "Kairyu-Shin" Spell/Trap, or 1 "Sea Stealth" Spell/Trap. You can only use this effect of "Ocean Dragon Lord - Kairyu-Shin" once per turn.$Supports archetypes /Kairyu-Shin /Sea Stealth$$Sends from field to Graveyard/Adds from Deck to hand$$
69436288$Doom Kraken$Unlimited$WATER$[Aqua/Effect]$$$$$4$1400$1600$$$$If "Umi" is on the field (Quick Effect): You can target 1 WATER monster you control, except "Doom Kraken", and 1 monster your opponent controls; Special Summon this card from your hand, and if you do, return that monster you control to the hand, and if you do that, destroy that opponent's monster. When an opponent's monster declares an attack: You can return this card to the hand, and if you do, negate that attack. You can only use each effect of "Doom Kraken" once per turn.$Umi/WATER$Umi$Activates from your hand/Returns from your field to your hand/Activates upon attack declaration/Returns itself from field to hand$Quick/Trigger/Condition$
95824983$Electric Jellyfish$Unlimited$WATER$[Aqua/Effect]$$$$$4$1400$1700$$$$You can send 1 "Umi" from your hand, Deck, or face-up field to the GY; Special Summon 1 WATER monster from your hand. When your opponent activates a monster effect, or Spell Card or effect, while "Umi" is on the field (Quick Effect): You can negate that effect, then, you can make this card gain 600 ATK/DEF. You can only use each effect of "Electric Jellyfish" once per turn.$Umi/WATER$Umi$Sends from hand to Graveyard for cost/Sends from Deck to Graveyard for cost/Sends from field to Graveyard for cost$Ignition/Quick/Condition$
22819092$Fish Sonar$Unlimited$SPELL$$$$$$$$$$$$Add 1 Level 7 or lower monster from your Deck to your hand, that mentions "Umi", or is a WATER Normal Monster, then if "Umi" is on the field, you can Special Summon 1 WATER Normal Monster from your Deck. You can only activate 1 "Fish Sonar" per turn.$WATER/Normal Monster/Umi$Umi$Adds from Deck to hand$Effect/Condition$
58203736$Sea Stealth II$Unlimited$SPELL$$$$$$$$$Continuous$$$This card's name becomes "Umi" while on the field or in the GY. Your opponent cannot target WATER monsters you control with non-WATER monster effects. At the start of the Battle Phase: You can Special Summon from your hand or GY, 1 monster that mentions "Umi", or 1 WATER Normal Monster, in Defense Position, but destroy it at the end of the Battle Phase. You can only use this effect of "Sea Stealth II" once per turn.$Umi/WATER/Normal Monster$Umi$$Unclassified/Continuous-like/Trigger-like/Condition$
95602345$Kairyu-Shin's Dark Reef$Unlimited$TRAP$$$$$$$$$$$$Send 1 face-up "Umi" you control to the GY; Special Summon up to 2 monsters with different names from your hand and/or Deck, that mention "Umi" or are WATER Normal Monsters, in Defense Position, then if your opponent controls a monster, you can Special Summon any number of Level 6 or lower WATER Normal Monsters from your hand and/or Deck. Until the end of your next turn after this card resolves, you cannot Special Summon monsters, except WATER monsters. You can only activate 1 "Kairyu-Shin's Dark Reef" per turn.$Umi/WATER/Normal Monster$$$Effect/Lingering/Condition$
03643300$The Legendary Fisherman$Unlimited$WATER$[Warrior/Effect]$$$$$5$1850$1600$$$$While "Umi" is on the field, this card is unaffected by Spell effects and cannot be targeted for attacks, but does not prevent your opponent from attacking you directly.$Umi$$$Continuous$
19801646$The Legendary Fisherman II$Unlimited$WATER$[Warrior/Effect]$$$$$5$2200$1800$$$$This card's name becomes "The Legendary Fisherman" while on the field or in the GY. While "Umi" is on the field, this card is unaffected by other monsters' effects. If this face-up card is destroyed by battle, or leaves the field because of an opponent's card effect while its owner controls it: You can add 1 Level 7 WATER monster from your Deck to your hand.$The Legendary Fisherman/Umi/WATER$$Activates if destroyed by battle/Activates when it leaves the field/Adds from Deck to hand$Unclassified/Continuous/Trigger$
44968687$The Legendary Fisherman III$Unlimited$WATER$[Warrior/Effect]$$$$$7$2500$2000$$$$Cannot be Normal Summoned/Set. Must be Special Summoned (from your hand) by Tributing 1 "The Legendary Fisherman". When this card is Special Summoned: You can banish all monsters your opponent controls, also this card cannot attack this turn. Cannot be destroyed by battle or card effects, also unaffected by Spell/Trap effects. Once per turn: You can return as many of your opponent's banished cards as possible to their GY, and if you do, the first battle or effect damage your opponent takes this turn becomes doubled.$The Legendary Fisherman$$Activates upon Special Summon/Returns the opponent's banished cards to the Graveyard$Summon/Trigger/Continuous/Ignition$
46290741$Citadel Whale$Unlimited$WATER$[Fish/Effect]$$$$$7$2350$2150$$$$If this card is in your hand or GY: You can Tribute 2 WATER monsters; Special Summon this card. You can only use this effect of "Citadel Whale" once per turn. If this card is Special Summoned: You can Set 1 "Sea Stealth Attack" directly from your Deck. Once per turn, when your opponent activates a card or effect that targets 1 WATER monster you control (and no other cards) (Quick Effect): You can negate the activation, and if you do, destroy that card.$WATER/Sea Stealth Attack$$Tributes for cost/Activates upon Special Summon/Sets from your Deck/Activates from your hand/Activates from your Graveyard$Ignition/Condition/Trigger/Quick$
82685480$Rage of Kairyu-Shin$Unlimited$SPELL$$$$$$$$$Quick-Play$$$If "Umi" is on the field: Target monsters your opponent controls, up to the number of WATER monsters you control whose original Levels are 5 or higher; destroy them, and if you do, the zones they were in cannot be used until the end of the next turn. You can only activate 1 "Rage of Kairyu-Shin" per turn.$Umi/WATER$$$Activation requirement/Effect/Condition$
98804359$Fury of Kairyu-Shin$Unlimited$SPELL$$$$$$$$$$$$Add 1 "Torrential Tribute" from your Deck to your hand. If a WATER monster(s) you control would be destroyed by card effect, you can banish this card from your GY instead. You can only use each effect of "Fury of Kairyu-Shin" once per turn.$Torrential Tribute/WATER$$Adds from Deck to hand$Effect/Unclassified/Condition$
53582587$Torrential Tribute$Unlimited$TRAP$$$$$$$$$$$$When a monster(s) is Summoned: Destroy all monsters on the field.$$$$Activation requirement/Effect$
19089195$Sea Stealth Attack$Unlimited$TRAP$$$$$$$$$Continuous$$$When this card is activated: You can activate 1 "Umi" from your hand or GY. While "Umi" is on the field, this face-up card gains these effects.●Once per turn: You can banish 1 WATER monster you control until the End Phase; this turn, face-up Spells/Traps you control cannot be destroyed by your opponent's card effects (even if this card leaves the field).●At the start of the Damage Step, if your WATER monster whose original Level is 5 or higher battles an opponent's monster: Destroy that opponent's monster.$Umi/WATER$$Activates cards from your hand/Activates cards from your Graveyard/Returns banished cards to the field$Effect/Condition/Quick-like/Trigger-like$
21057444$Marincess Springirl$Unlimited$WATER$[Cyberse/Effect]$$$$$4$1200$1000$$$$You can banish 1 "Marincess" monster from your GY; Special Summon this card from your hand. If this card is sent to the GY as material for the Link Summon of a WATER monster: You can send cards from the top of your Deck to the GY, equal to the number of "Marincess" monsters you control, then, if a "Marincess" card(s) was sent to the GY by this effect, inflict 200 damage to your opponent for each "Marincess" card sent. You can only use each effect of "Marincess Springirl" once per turn.$Supports archetypes /Marincess$$Activates from your hand/Activates from your Graveyard/Activates if used as Link Material/Sends from the top of your Deck to your Graveyard$Ignition/Trigger/Condition$
57541158$Marincess Sleepy Maiden$Unlimited$WATER$[Cyberse/Effect]$$$$$5$500$2500$$$$You can target 1 "Marincess" card you control; Special Summon this card from your hand, and if you do, it gains this effect.●While this card is in the Monster Zone, the targeted card cannot be destroyed by your opponent's card effects.You can banish this card from your GY, then target 1 "Marincess" Link Monster you control; equip it with 1 "Marincess" Link Monster from your GY. You can only use each effect of "Marincess Sleepy Maiden" once per turn.$Supports archetypes /Marincess$$Activates from your hand/Activates from your Graveyard/Equips from the player's Graveyard$Ignition/Continuous/Condition$
84546257$Marincess Coral Triangle$Unlimited$WATER$[Cyberse/Link/Effect]$3$Top/Bottom-Left/Bottom-Right$$$$1500$- $$2+ "Marincess" monsters$$You can send 1 WATER monster from your hand to your GY; add 1 "Marincess" Trap from your Deck to your hand. If only your opponent controls a monster: You can banish this card from your GY; Special Summon WATER Link Monsters from your GY whose combined Link Ratings equal exactly 3. You can only use each effect of "Marincess Coral Triangle" once per turn. You cannot Special Summon monsters the turn you activate either of this card's effects, except WATER monsters.$Supports archetypes /Marincess$$Sends from hand to Graveyard for cost/Adds from Deck to hand/Activates from your Graveyard$Ignition/Condition$
20934852$Marincess Aqua Argonaut$Unlimited$WATER$[Cyberse/Link/Effect]$4$Top/Bottom/Left/Right$$$$2300$- $$2+ WATER monsters$$While this card is in the Extra Monster Zone, your opponent's monsters cannot attack any monsters, except this one. You can only use each of the following effects of "Marincess Aqua Argonaut" once per turn. You can target 1 WATER monster you control and 1 card your opponent controls; return them to the hand. During your opponent's turn, when a Spell/Trap Card or effect is activated on the field (Quick Effect): You can Special Summon 1 of your "Marincess" Monster Cards equipped to this card, and if you do, negate that activated effect.$Supports archetypes /Marincess$$Returns from your field to your hand/Returns from your opponent's field to your opponent's hand$Continuous/Condition/Ignition/Quick$
57329501$Marincess Dive$Unlimited$SPELL$$$$$$$$$$$$Activate 1 of the following effects. For the rest of this turn after this card resolves, you cannot Special Summon monsters, except WATER monsters.●Target 1 non-Link "Marincess" monster in your GY; Special Summon it.●If "Marincess Battle Ocean" is in your Field Zone: Special Summon 1 "Marincess" monster from your Deck.You can only activate 1 "Marincess Dive" per turn.$Supports archetypes /Marincess$$$Effect/Condition$
83723605$Marincess Circulation$Unlimited$TRAP$$$$$$$$$$$$Target 1 WATER Link Monster you control; return it to the Extra Deck, and if you do, Special Summon 1 "Marincess" Link Monster from your Extra Deck with the same Link Rating but a different name, but it cannot attack directly or be destroyed by battle this turn. (This is treated as a Link Summon.) If you control a Link-3 or higher "Marincess" monster, you can activate this card from your hand.$Supports archetypes /Marincess$$Returns from your field to your Extra Deck$Effect/Condition$
19712214$Marincess Bubble Ring$Unlimited$TRAP$$$$$$$$$$$$When a monster declares an attack: Negate the attack, and if you do, Special Summon 1 "Marincess Crystal Heart" from your Extra Deck or GY. You can banish this card from your GY, then target 1 Link-2 or higher "Marincess" monster you control; it can attack a number of times each Battle Phase this turn, up to its Link Rating, also your opponent takes no damage from attacks involving it this turn. You can only activate 1 "Marincess Bubble Ring" per turn.$Supports archetypes /Marincess$$Activates upon attack declaration/Activates from your Graveyard$Effect/Quick-like/Condition$
36492575$Marincess Sea Horse$Unlimited$WATER$[Cyberse/Effect]$$$$$3$1400$1000$$$$You can Special Summon this card (from your hand) to your zone a "Marincess" Link Monster points to. You can only Special Summon "Marincess Sea Horse" once per turn this way. During your Main Phase, except the turn this card was sent to the GY: You can banish this card from your GY; Special Summon 1 WATER monster from your hand to your zone a "Marincess" Link Monster points to. You can only use this effect of "Marincess Sea Horse" once per turn.$Supports archetypes /Marincess$$Activates from your Graveyard$Unclassified/Ignition$
99885917$Marincess Pascalus$Unlimited$WATER$[Cyberse/Effect]$$$$$4$1200$2000$$$$If this card is Normal or Special Summoned: You can Special Summon 1 "Marincess" monster from your hand in Defense Position, except "Marincess Pascalus". During your Main Phase, except the turn this card was sent to the GY: You can banish this card from your GY, then target 1 "Marincess" Spell/Trap in your GY; add it to your hand. You can only use each effect of "Marincess Pascalus" once per turn.$Supports archetypes /Marincess$$Activates upon Normal Summon/Activates upon Special Summon/Activates from your Graveyard/Adds from Graveyard to hand$Trigger/Ignition$
30691817$Marincess Sea Angel$Unlimited$WATER$[Cyberse/Link/Effect]$1$Left$$$$1000$- $$1 Level 4 or lower "Marincess" monster$$If this card is Link Summoned: You can add 1 "Marincess" Spell from your Deck to your hand. You can only Link Summon "Marincess Sea Angel" once per turn.$Supports archetypes /Marincess$$Activates upon Link Summon/Adds from Deck to hand$Trigger/Condition$
79130389$Marincess Coral Anemone$Unlimited$WATER$[Cyberse/Link/Effect]$2$Left/Bottom$$$$2000$- $$2 WATER monsters$$You can target 1 WATER monster with 1500 or less ATK in your GY; Special Summon it to your zone this card points to, also you cannot Special Summon monsters for the rest of this turn, except WATER monsters. If this card is sent from the field to the GY: You can target 1 "Marincess" card in your GY, except "Marincess Coral Anemone"; add it to your hand. You can only use each effect of "Marincess Coral Anemone" once per turn.$Supports archetypes /Marincess$$Activates from your Graveyard/Adds from Graveyard to hand$Ignition/Trigger/Condition$
67712104$Marincess Crystal Heart$Unlimited$WATER$[Cyberse/Link/Effect]$2$Bottom-Left/Bottom-Right$$$$0$- $$2 WATER monsters$$Unaffected by your opponent's monster effects while this card is in the Extra Monster Zone. During the Damage Step, if this card battles an opponent's monster, that opponent's monster is unaffected by card effects, except its own. When this card, or your "Marincess" Link Monster this card points to, is targeted for an attack: You can send 1 "Marincess" monster from your hand to the GY; for that battle, your monster cannot be destroyed by battle, also you take no battle damage.$Supports archetypes /Marincess$$Sends from hand to Graveyard for cost$Continuous/Trigger$
94207108$Marincess Wonder Heart$Unlimited$WATER$[Cyberse/Link/Effect]$4$Left/Bottom-Left/Bottom-Right/Right$$$$2400$- $$2+ WATER monsters$$Once per battle, during damage calculation, if this card battles a monster (Quick Effect): You can Special Summon 1 of your "Marincess" Monster Cards equipped to this card, also this card cannot be destroyed by that battle, and you take no battle damage from that battle. Equip that Special Summoned monster to this card during the End Phase. If this card in its owner's possession is destroyed by an opponent's card: You can Special Summon 1 Link-3 or lower "Marincess" monster from your GY.$Supports archetypes /Marincess$$Equips monsters from the player's field to itself/Activates if destroyed by battle/Activates if destroyed by card effect$Quick/Lingering/Trigger$
91027843$Marincess Battle Ocean$Unlimited$SPELL$$$$$$$$$Field$$$All "Marincess" monsters you control gain 200 ATK, also each one gains 600 ATK for each "Marincess" card equipped to it. Monsters you control in the Extra Monster Zone that were Link Summoned using "Marincess Crystal Heart" as material are unaffected by your opponent's card effects. When you Link Summon a "Marincess" monster to the Extra Monster Zone (except during the Damage Step): You can equip up to 3 "Marincess" Link Monsters with different names from your GY to that Link Summoned monster.$Supports archetypes /Marincess$$Activates upon Link Summon/Equips monsters from the player's Graveyard$Continuous-like/Trigger-like$
52945066$Marincess Wave$Unlimited$TRAP$$$$$$$$$$$$If you control a "Marincess" Link Monster: Target 1 face-up monster your opponent controls; negate that face-up monster's effects until the end of this turn, then, if you control a Link-2 or higher "Marincess" monster, all face-up monsters you currently control are unaffected by your opponent's card effects until the end of this turn. If you control a Link-3 or higher "Marincess" monster, you can activate this card from your hand.$Supports archetypes /Marincess$$$Activation requirement/Effect/Condition$
06631034$Frostosaurus$Unlimited$WATER$[Dinosaur/Normal]$$$$$6$2600$1700$$$$This monster's metabolism enables it to endure long periods of cold, harnessing the power to become a creature of solid ice! Nothing else can withstand such temperatures, especially victims of its glacial rampage.$$$$$
37721209$Levia-Dragon - Daedalus$Unlimited$WATER$[Sea Serpent/Effect]$$$$$7$2600$1500$$$$You can send 1 face-up "Umi" you control to the GY; destroy all other cards on the field.$$$Sends from field to Graveyard for cost$Ignition$
32393580$Cyber Shark$Unlimited$WATER$[Fish/Effect]$$$$$5$2100$2000$$$$If you control a WATER monster, you can Normal Summon this card without Tributing.$WATER$$$Summon$
64319467$Double Fin Shark$Unlimited$WATER$[Fish/Effect]$$$$$4$1000$1200$$$$When this card is Normal Summoned: You can target 1 Level 3 or 4 WATER Fish monster in your GY; Special Summon that target in Defense Position, but negate its effects. You cannot Special Summon any monsters during the turn you activate this effect, except WATER monsters.$WATER/Fish$$Activates upon Normal Summon$Trigger/Condition$
63193879$Saber Shark$Unlimited$WATER$[Fish/Effect]$$$$$4$1600$1200$$$$Cannot be used as a Synchro Material. Twice per turn: You can target 1 Fish monster on the field, then activate 1 of these effects.●Increase its Level by 1.●Reduce its Level by 1.You cannot Special Summon any monsters during the turn you activate this effect, except WATER monsters.$Fish/WATER$$$Condition/Ignition$
91953000$Marincess Blue Tang$Unlimited$WATER$[Cyberse/Effect]$$$$$4$1500$1200$$$$If this card is Normal or Special Summoned: You can send 1 "Marincess" monster from your Deck to the GY, except "Marincess Blue Tang". If this card is sent to the GY as material for the Link Summon of a WATER monster: You can excavate the top 3 cards of your Deck, and if you do, you can add 1 excavated "Marincess" card to your hand, also shuffle the rest into your Deck. You can only use each effect of "Marincess Blue Tang" once per turn.$Supports archetypes /Marincess$$Activates upon Normal Summon/Activates upon Special Summon/Sends from Deck to Graveyard/Activates from your Graveyard/Activates if used as Link Material/Excavates from the player's Deck/Adds excavated cards to the hand/Shuffles excavated cards into the Deck/Adds from Deck to hand$Trigger/Condition$
07150545$Buzzsaw Shark$Unlimited$WATER$[Fish/Effect]$$$$$4$1600$500$$$$You can target 1 WATER monster you control; Special Summon from your Deck in Defense Position, 1 Fish monster with the same Level as that monster, but with a different name, and if you do, it cannot activate its effects this turn, also, you cannot Special Summon monsters from the Extra Deck for the rest of this turn, except Xyz Monsters. You can only use this effect of "Buzzsaw Shark" once per turn. If this card is used for the Xyz Summon of a WATER monster, it can be treated as a Level 3 or 5 monster.$WATER/Fish/Xyz Monster$$$Ignition/Condition/Unclassified$
63746411$Number 106: Giant Hand$Unlimited$EARTH$[Rock/Xyz/Effect]$$$4$$$2000$2000$$2 Level 4 monsters$$When a monster effect is activated on your opponent's field (Quick Effect): You can detach 2 materials from this card, then target 1 Effect Monster your opponent controls; while this monster is face-up on the field, that Effect Monster's effects are negated, also it cannot change its battle position.$$$Detaches multiple Xyz Materials as cost/Prevents Battle Position changes$Quick$
05524387$Marincess Marbled Rock$Unlimited$WATER$[Cyberse/Link/Effect]$3$Left/Bottom/Right$$$$2500$- $$2+ WATER monsters$$You can target 1 "Marincess" card in your GY, except "Marincess Marbled Rock"; add it to your hand. You can only use this effect of "Marincess Marbled Rock" once per turn. When an opponent's monster declares an attack: You can send 1 "Marincess" monster from your hand to the GY; for that battle, monsters cannot be destroyed by battle, also you take no battle damage.$Supports archetypes /Marincess$$Adds from Graveyard to hand/Activates upon attack declaration/Sends from your hand to your Graveyard$Ignition/Condition/Trigger$
34103656$Lemuria, the Forgotten City$Unlimited$SPELL$$$$$$$$$Field$$$(This card is always treated as "Umi".)All WATER monsters gain 200 ATK/DEF. Once per turn, during your Main Phase: You can have all WATER monsters you currently control gain Levels equal to the number of WATER monsters you currently control, until the end of this turn.$WATER$$$Condition/Continuous-like/Ignition-like$
24299458$Forbidden Droplet$Unlimited$SPELL$$$$$$$$$Quick-Play$$$Send any number of other cards from your hand and/or field to the GY; choose that many Effect Monsters your opponent controls, and until the end of this turn, their ATK is halved, also their effects are negated. In response to this card's activation, your opponent cannot activate cards, or the effects of cards, with the same original type (Monster/Spell/Trap) as the cards sent to the GY to activate this card. You can only activate 1 "Forbidden Droplet" per turn.$$$Sends from hand to Graveyard for cost/Sends from field to Graveyard for cost$Effect/Condition$
