Passcode$Name$Status$Attribute$type$link$link_arrows$rank$pendulum_scale$level$attack$defense$spell_attribute$summoning_condition$pendulum_condition$card_text$card_supports$card_anti_supports$card_actions$effect_types$
74677422$Red-Eyes Black Dragon$Unlimited$DARK$[Dragon/Normal]$$$$$7$2400$2000$$$$A ferocious dragon with a deadly attack.$$$$$
36262024$Black Dragon's Chick$Unlimited$DARK$[Dragon/Effect]$$$$$1$800$500$$$$You can send this face-up card you control to the GY; Special Summon 1 "Red-Eyes Black Dragon" from your hand.$Red-Eyes Black Dragon$$Sends itself from field to Graveyard for cost$Ignition$
96561011$Red-Eyes Darkness Dragon$Unlimited$DARK$[Dragon/Effect]$$$$$9$2400$2000$$$$Cannot be Normal Summoned/Set. Must be Special Summoned (from your hand) by Tributing 1 "Red-Eyes Black Dragon". Gains 300 ATK for each Dragon monster in your GY.$Red-Eyes Black Dragon/Dragon$$Tributes for cost$Summon/Continuous$
88264978$Red-Eyes Darkness Metal Dragon$Unlimited$DARK$[Dragon/Effect]$$$$$10$2800$2400$$$$You can Special Summon this card (from your hand) by banishing 1 face-up Dragon monster you control. You can only Special Summon "Red-Eyes Darkness Metal Dragon" once per turn this way. During your Main Phase: You can Special Summon 1 Dragon monster from your hand or GY, except "Red-Eyes Darkness Metal Dragon". You can only use this effect of "Red-Eyes Darkness Metal Dragon" once per turn.$Dragon$$$Summon/Ignition$
67300516$Red-Eyes Wyvern$Unlimited$WIND$[Dragon/Effect]$$$$$4$1800$1600$$$$Once per turn, during your End Phase: You can banish this card from your GY, then target 1 "Red-Eyes" monster in your GY; Special Summon that target. You cannot Normal Summon/Set during the turn you activate this effect.$Supports archetypes /Red-Eyes$$Activates from your Graveyard$Trigger$
$Malefic Red-Eyes Black Dragon (Updated from: Malefic Red-Eyes B. Dragon)$$DARK$[Dragon/Effect]$$$$$7$2400$2000$$$$Cannot be Normal Summoned/Set. Must first be Special Summoned (from your hand) by banishing 1 "Red-Eyes Black Dragon" from your Deck. There can only be 1 "Malefic" monster on the field. Other monsters you control cannot declare an attack. If there is no face-up Field Spell on the field, destroy this card.$$$$$
66574418$The Black Stone of Legend$Unlimited$DARK$[Dragon/Effect]$$$$$1$0$0$$$$You can Tribute this card; Special Summon 1 Level 7 or lower "Red-Eyes" monster from your Deck. If this card is in your GY: You can target 1 Level 7 or lower "Red-Eyes" monster in your GY; shuffle it into the Deck, and if you do, add this card to your hand. You can only use 1 "The Black Stone of Legend" effect per turn, and only once that turn.$Supports archetypes /Red-Eyes$$Tributes itself for cost/Returns from your Graveyard to your Deck/Returns itself from Graveyard to hand/Activates from your Graveyard$Ignition/Condition$
93969023$Black Metal Dragon$Unlimited$DARK$[Dragon/Effect]$$$$$1$600$600$$$$You can target 1 "Red-Eyes" monster you control; equip this monster from your hand or field to that target. It gains 600 ATK. If this card is sent from the field to the GY: You can add 1 "Red-Eyes" card from your Deck to your hand.$Supports archetypes /Red-Eyes$$Activates from your hand/Equips self from hand/Equips self from field/Activates from your Graveyard/Adds from Deck to hand$Ignition/Continuous-like/Trigger$
53485634$Red-Eyes Retro Dragon$Unlimited$DARK$[Dragon/Effect]$$$$$4$1700$1600$$$$If a Level 7 or lower "Red-Eyes" monster(s) you control is destroyed by your opponent's attack or card effect and sent to your GY, while this card is in your hand: You can Special Summon this card in Defense Position, and if you do, Special Summon as many of those destroyed monsters as possible in the same position they were in when destroyed. You can Tribute this card; you can Normal Summon 1 "Red-Eyes" monster during your Main Phase this turn in addition to your Normal Summon/Set. (You can only gain this effect once per turn.)$Supports archetypes /Red-Eyes$$Activates from your hand/Activates if destroyed by battle/Activates if destroyed by card effect/Tributes itself for cost$Trigger/Ignition$
58257569$Red-Eyes Baby Dragon$Unlimited$DARK$[Dragon/Effect]$$$$$3$1200$700$$$$When this card is destroyed by battle and sent to the GY: You can Special Summon 1 Level 7 or lower "Red-Eyes" monster from your Deck, and if you do, equip this card from the GY to it. It gains 300 ATK. If this card is sent to the GY while equipped to a monster: You can add 1 Level 1 Dragon monster from your Deck or GY to your hand.$Supports archetypes /Red-Eyes$$Activates if destroyed by battle/Activates from your Graveyard/Equips self from Graveyard/Adds from Deck to hand/Adds from Graveyard to hand$Trigger/Continuous-like$
85651167$Gearfried the Red-Eyes Iron Knight$Unlimited$DARK$[Warrior/Effect]$$$$$4$1800$1600$$$$Once per turn, if either player equips an Equip Card(s) to this card: You can destroy those Equip Cards, then you can destroy 1 Spell/Trap your opponent controls. Once per turn: You can send 1 Equip Card you control that is equipped to this card to the GY, then target 1 Level 7 or lower "Red-Eyes" monster in your GY; Special Summon it.$Supports archetypes /Red-Eyes$Equip Card$Sends from field to Graveyard for cost$Trigger/Ignition$
$Black Skull Dragon (Updated from: B. Skull Dragon)$$DARK$[Dragon/Fusion]$$$$$9$3200$2500$$$$"Summoned Skull" + "Red-Eyes Black Dragon"$$$$$
90660762$Meteor Black Dragon$Unlimited$FIRE$[Dragon/Fusion]$$$$$8$3500$2000$$$$"Red-Eyes Black Dragon" + "Meteor Dragon"$$$$$
21140872$Red-Eyes Slash Dragon$Unlimited$DARK$[Dragon/Fusion/Effect]$$$$$7$2800$2400$$"Red-Eyes Black Dragon" + 1 Warrior monster$$When a "Red-Eyes" monster declares an attack: You can target 1 Warrior monster in your GY; equip it to this card as an Equip Spell that gives this card 200 ATK. When a card or effect is activated that targets a card you control (Quick Effect): You can send 1 Equip Card you control to the GY; negate the activation, and if you do, destroy that card. If this card is destroyed by battle or card effect: You can Special Summon as many monsters from your GY as possible, that were equipped to this card.$Warrior/Equip Card$$Activates upon attack declaration/Equips monsters from the player's Graveyard to itself/Grants effect to Equip Spell Card/Sends from field to Graveyard for cost/Activates if destroyed by battle/Activates if destroyed by card effect$Trigger/Continuous/Quick$
44405066$Red-Eyes Flare Metal Dragon$Unlimited$DARK$[Dragon/Xyz/Effect]$$$7$$$2800$2400$$2 Level 7 monsters$$Cannot be destroyed by card effects while it has Xyz Material. While this card has Xyz Material, each time your opponent activates a card or effect, inflict 500 damage to your opponent immediately after it resolves. Once per turn (Quick Effect): You can detach 1 Xyz Material from this card, then target 1 "Red-Eyes" Normal Monster in your GY; Special Summon it.$Supports archetypes /Red-Eyes$$Applies effects if Xyz Material is attached$Continuous/Quick$
52684508$Inferno Fire Blast$Unlimited$SPELL$$$$$$$$$$$$Target 1 "Red-Eyes Black Dragon" in your Monster Zone; inflict damage to your opponent equal to the original ATK of that "Red-Eyes Black Dragon". "Red-Eyes Black Dragon" cannot attack the turn you activate this card.$Red-Eyes Black Dragon$$$Effect/Condition$
06172122$Red-Eyes Fusion$Unlimited$SPELL$$$$$$$$$$$$Fusion Summon 1 Fusion Monster that lists a "Red-Eyes" monster as material from your Extra Deck, using monsters from your hand, Deck, or field as Fusion Material, and if you do, its name becomes "Red-Eyes Black Dragon". You cannot Normal or Special Summon other monsters the turn you activate this card. You can only activate 1 "Red-Eyes Fusion" per turn.$Supports archetypes /Red-Eyes$$Sends from your hand to your Graveyard/Sends from your Deck to your Graveyard/Sends from your field to your Graveyard/Uses cards in the hand as Fusion Materials/Uses cards in the player's Deck as Fusion Materials/Uses cards on the player's field as Fusion Materials$Effect/Condition$
32566831$Cards of the Red Stone$Unlimited$SPELL$$$$$$$$$$$$Send 1 Level 7 "Red-Eyes" monster from your hand to the GY; draw 2 cards, then you can send 1 Level 7 "Red-Eyes" monster from your Deck to the GY. You can only activate 1 "Cards of the Red Stone" per turn.$Supports archetypes /Red-Eyes$$Sends from your hand to your Graveyard for cost/You draw cards/Sends from your Deck to your Graveyard$Effect/Condition$
92353449$Red-Eyes Insight$Unlimited$SPELL$$$$$$$$$$$$Send 1 "Red-Eyes" monster from your hand or Deck to the GY; add 1 "Red-Eyes" Spell/Trap from your Deck to your hand, except "Red-Eyes Insight". You can only activate 1 "Red-Eyes Insight" per turn.$Supports archetypes /Red-Eyes$$Sends from hand to Graveyard for cost/Sends from Deck to Graveyard for cost/Sends from your Deck to your Graveyard for cost/Adds from Deck to hand$Cost/Effect/Condition$
39387565$Return of the Red-Eyes$Unlimited$TRAP$$$$$$$$$Continuous$$$If you control a "Red-Eyes" monster: You can target 1 Normal Monster in your GY; Special Summon it. If this card in your possession is destroyed by an opponent's card effect and sent to your GY: You can target 1 "Red-Eyes" monster in your GY; Special Summon it. You can only use each effect of "Return of the Red-Eyes" once per turn.$Supports archetypes /Red-Eyes$$Activates if destroyed by card effect/Activates from your Graveyard$Quick-like/Trigger-like/Condition$
57135971$Red-Eyes Fang with Chain$Unlimited$TRAP$$$$$$$$$$$$Target 1 "Red-Eyes" monster you control; equip this card to it. It can make up to 2 attacks on monsters during each Battle Phase. You can send this Equip Card to the GY, then target 1 Effect Monster on the field; equip that target to the monster this card was equipped to, and if you do, while a monster is equipped to it by this effect, its ATK/DEF become equal to the original ATK/DEF of that equipped monster.$Effect Monster$Effect Monster$Equips self from field/Sends itself from field to Graveyard for cost$Effect/Continuous-like/Quick-like$
84539520$Amazoness Princess$Unlimited$EARTH$[Warrior/Effect]$$$$$3$1200$900$$$$This card's name becomes "Amazoness Queen" while on the field or in the GY. If this card is Normal or Special Summoned: You can add 1 "Amazoness" Spell/Trap from your Deck to your hand. You can only use this effect of "Amazoness Princess" once per turn. When this card declares an attack: You can send 1 other card from your hand or field to the GY; Special Summon 1 "Amazoness" monster from your Deck in Defense Position, except "Amazoness Princess".$Supports archetypes /Amazoness$$Activates upon Normal Summon/Activates upon Special Summon/Adds from Deck to hand/Activates upon attack declaration/Sends from hand to Graveyard for cost/Sends from field to Graveyard for cost$Unclassified/Trigger/Condition$
10928224$Amazoness Baby Tiger$Unlimited$EARTH$[Beast/Effect]$$$$$2$500$500$$$$This card's name becomes "Amazoness Tiger" while on the field or in the GY. If an "Amazoness" monster is Normal or Special Summoned to your field while this card is in your hand or GY: You can Special Summon this card. You can only use this effect of "Amazoness Baby Tiger" once per turn. Gains 100 ATK for each "Amazoness" card in your GY.$Supports archetypes /Amazoness$$Activates from your hand/Activates from your Graveyard/Activates upon Normal Summon/Activates upon Special Summon$Unclassified/Trigger/Condition/Continuous$
57312333$Amazoness Call$Unlimited$SPELL$$$$$$$$$Quick-Play$$$Take 1 "Amazoness" card from your Deck, except "Amazoness Call", and either add it to your hand or send it to the GY. During your Main Phase: You can banish this card from your GY, then target 1 "Amazoness" monster you control; this turn, that monster can attack all monsters your opponent controls, once each, also other monsters you control cannot attack. You can only activate 1 "Amazoness Call" per turn.$Supports archetypes /Amazoness$$Adds from Deck to hand/Sends from your Deck to your Graveyard$Effect/Ignition-like/Condition$
83407038$Amazoness Onslaught$Unlimited$TRAP$$$$$$$$$Continuous$$$Once per turn, during the Battle Phase: You can Special Summon 1 "Amazoness" monster from your hand, and if you do, it gains 500 ATK until the end of this turn (even if this card leaves the field). After damage calculation, if your "Amazoness" monster battled an opponent's monster while this card is already face-up in your Spell & Trap Zone: You can banish that opponent's monster. If this card on the field is destroyed and sent to the GY: You can target 1 "Amazoness" monster in your GY; Special Summon it.$Supports archetypes /Amazoness$$Activates from your Graveyard$Quick-like/Trigger-like$
19801646$The Legendary Fisherman II$Unlimited$WATER$[Warrior/Effect]$$$$$5$2200$1800$$$$This card's name becomes "The Legendary Fisherman" while on the field or in the GY. While "Umi" is on the field, this card is unaffected by other monsters' effects. If this face-up card is destroyed by battle, or leaves the field because of an opponent's card effect while its owner controls it: You can add 1 Level 7 WATER monster from your Deck to your hand.$The Legendary Fisherman/Umi/WATER$$Activates if destroyed by battle/Activates when it leaves the field/Adds from Deck to hand$Unclassified/Continuous/Trigger$
46290741$Citadel Whale$Unlimited$WATER$[Fish/Effect]$$$$$7$2350$2150$$$$If this card is in your hand or GY: You can Tribute 2 WATER monsters; Special Summon this card. You can only use this effect of "Citadel Whale" once per turn. If this card is Special Summoned: You can Set 1 "Sea Stealth Attack" directly from your Deck. Once per turn, when your opponent activates a card or effect that targets 1 WATER monster you control (and no other cards) (Quick Effect): You can negate the activation, and if you do, destroy that card.$WATER/Sea Stealth Attack$$Tributes for cost/Activates upon Special Summon/Sets from your Deck/Activates from your hand/Activates from your Graveyard$Ignition/Condition/Trigger/Quick$
82685480$Rage of Kairyu-Shin$Unlimited$SPELL$$$$$$$$$Quick-Play$$$If "Umi" is on the field: Target monsters your opponent controls, up to the number of WATER monsters you control whose original Levels are 5 or higher; destroy them, and if you do, the zones they were in cannot be used until the end of the next turn. You can only activate 1 "Rage of Kairyu-Shin" per turn.$Umi/WATER$$$Activation requirement/Effect/Condition$
00295517$A Legendary Ocean$Unlimited$SPELL$$$$$$$$$Field$$$(This card is always treated as "Umi".)All WATER monsters on the field gain 200 ATK/DEF. Reduce the Level of all WATER monsters in both players' hands and on the field by 1.$WATER$$$Condition/Continuous-like$
19089195$Sea Stealth Attack$Unlimited$TRAP$$$$$$$$$Continuous$$$When this card is activated: You can activate 1 "Umi" from your hand or GY. While "Umi" is on the field, this face-up card gains these effects.●Once per turn: You can banish 1 WATER monster you control until the End Phase; this turn, face-up Spells/Traps you control cannot be destroyed by your opponent's card effects (even if this card leaves the field).●At the start of the Damage Step, if your WATER monster whose original Level is 5 or higher battles an opponent's monster: Destroy that opponent's monster.$Umi/WATER$$Activates cards from your hand/Activates cards from your Graveyard/Returns banished cards to the field$Effect/Condition/Quick-like/Trigger-like$
41230939$Cyberdark Horn$Unlimited$DARK$[Machine/Effect]$$$$$4$800$800$$$$If this card is Normal Summoned: Target 1 Level 3 or lower Dragon monster in your GY; equip that Dragon monster to this card. Gains ATK equal to the original ATK of the monster equipped to it by this effect. If this card attacks a Defense Position monster, inflict piercing battle damage. If this card would be destroyed by battle, destroy that equipped monster, instead.$Dragon$$Activates upon Normal Summon/Equips monsters from the player's Graveyard to itself$Trigger/Continuous$
77625948$Cyberdark Edge$Unlimited$DARK$[Machine/Effect]$$$$$4$800$800$$$$If this card is Normal Summoned: Target 1 Level 3 or lower Dragon monster in your GY; equip that Dragon monster to this card. Gains ATK equal to the original ATK of the monster equipped to it by this effect. This card can attack directly. If it does using this effect, its ATK is halved during damage calculation only. If this card would be destroyed by battle, destroy that equipped monster, instead.$Dragon$$Activates upon Normal Summon/Equips monsters from the player's Graveyard to itself$Trigger/Continuous$
03019642$Cyberdark Keel$Unlimited$DARK$[Machine/Effect]$$$$$4$800$800$$$$If this card is Normal Summoned: Target 1 Level 3 or lower Dragon monster in your GY; equip that Dragon monster to this card. Gains ATK equal to the original ATK of the monster equipped to it by this effect. If this card destroys an opponent's monster by battle: Inflict 300 damage to your opponent. If this card would be destroyed by battle, destroy that equipped monster, instead.$Dragon$$Activates upon Normal Summon/Activates when it destroys a monster by battle/Equips monsters from the player's Graveyard to itself$Trigger/Continuous$
45078193$Cyberdark Cannon$Unlimited$DARK$[Dragon/Effect]$$$$$3$1600$800$$$$If this card is sent to the GY while equipped to a monster: You can draw 1 card. You can only use each of the following effects of "Cyberdark Cannon" once per turn.●You can discard this card; add 1 Machine "Cyberdark" monster from your Deck to your hand.●During damage calculation, if a monster equipped with this card battles: You can send 1 monster from your Deck to the GY.$Supports archetypes /Cyberdark$$You draw cards/Discards itself for cost/Adds from Deck to hand/Sends from your Deck to your Graveyard/Activates from your Graveyard/Activates from your hand$Trigger/Condition/Ignition$
82562802$Cyberdark Claw$Unlimited$DARK$[Dragon/Effect]$$$$$3$1600$800$$$$If this card is sent to the GY while equipped to a monster: You can target 1 "Cyberdark" monster in your GY; add it to your hand. You can only use each of the following effects of "Cyberdark Claw" once per turn.●You can discard this card; add 1 "Cyberdark" Spell/Trap from your Deck to your hand.●During damage calculation, if a monster equipped with this card battles: You can send 1 monster from your Extra Deck to the GY.$Supports archetypes /Cyberdark/Cyberdark $$Adds from Graveyard to hand/Discards itself for cost/Adds from Deck to hand/Sends from Extra Deck to Graveyard/Activates from your Graveyard/Activates from your hand$Trigger/Condition/Ignition$
40418351$Cyberdark Dragon$Unlimited$DARK$[Machine/Fusion/Effect]$$$$$8$1000$1000$$"Cyberdark Horn" + "Cyberdark Edge" + "Cyberdark Keel"$$Must be Fusion Summoned. If this card is Special Summoned: Target 1 Dragon monster in your GY; equip that target to this card. Gains ATK equal to the original ATK of the monster equipped to it by this effect. Gains 100 ATK for each monster in your GY. If this card would be destroyed by battle, destroy that equipped monster instead.$Dragon$$Activates upon Special Summon/Equips monsters from the player's Graveyard to itself$Summon/Trigger/Continuous$
18967507$Cyberdarkness Dragon$Unlimited$DARK$[Machine/Fusion/Effect]$$$$$10$2000$2000$$5 "Cyberdark" Effect Monsters$$Must first be Fusion Summoned. If this card is Special Summoned: You can equip 1 Dragon or Machine monster from your GY to this card. Gains ATK equal to the original ATK of the monster equipped to it by this effect. When your opponent activates a card or effect (Quick Effect): You can send 1 Equip Card you control to the GY; negate the activation, and if you do, destroy that card.$Supports archetypes /Cyberdark$$Activates upon Special Summon/Equips monsters from the player's Graveyard to itself/Sends from field to Graveyard for cost$Summon/Trigger/Continuous/Quick$
80033124$Cyberdark Impact!$Unlimited$SPELL$$$$$$$$$$$$Fusion Summon 1 "Cyberdark Dragon" from your Extra Deck, by shuffling 1 each of "Cyberdark Horn", "Cyberdark Edge", and "Cyberdark Keel" from your hand, field, and/or GY, into the Deck, as Fusion Material.$Cyberdark Horn/Cyberdark Edge/Cyberdark Keel/Cyberdark Dragon$$Uses cards in the hand as Fusion Materials/Uses cards in the player's Graveyard as Fusion Materials/Uses cards on the player's field as Fusion Materials/Returns from your hand to your Deck/Returns from your Graveyard to your Deck/Returns from your field to your Deck/Returns Fusion Materials used in a Fusion Summon to Deck$Effect$
44352516$Cyberdark Inferno$Unlimited$SPELL$$$$$$$$$Field$$$"Cyberdark" Effect Monsters you control that are equipped with an Equip Card cannot be destroyed by your opponent's card effects, also your opponent cannot target them with card effects. You can target 1 "Cyberdark" monster you control; return it to the hand, then, immediately after this effect resolves, you can Normal Summon 1 "Cyberdark" monster. You can only use this effect of "Cyberdark Inferno" once per turn. If this card in its owner's control is destroyed by an opponent's card effect: You can add 1 "Polymerization" Spell or "Fusion" Spell from your Deck to your hand.$Supports archetypes /Cyberdark/Fusion /Polymerization $$Returns from your field to your hand/Activates from your Graveyard/Adds from Deck to hand$Continuous-like/Ignition-like/Condition/Trigger-like$
71340250$Mixeroid$Unlimited$WIND$[Machine/Effect]$$$$$4$0$2200$$$$You can Tribute 1 Machine monster; Special Summon 1 non-WIND "roid" monster from your Deck. You can pay half your LP and banish any number of Machine monsters from your GY, including this card; Special Summon from your Extra Deck, 1 "roid" Fusion Monster with the same Level as the number of those banished monsters, ignoring its Summoning conditions, but destroy it during the End Phase. You can only use each effect of "Mixeroid" once per turn.$Supports archetypes /roid$$Tributes for cost$Ignition/Condition$
17745969$Super Vehicroid - Mobile Base$Unlimited$EARTH$[Machine/Fusion/Effect]$$$$$10$0$5000$$1 "roid" Fusion Monster + 1 "roid" monster$$You can target 1 face-up monster your opponent controls; Special Summon 1 "roid" monster from your Deck or Extra Deck with ATK less than or equal to that monster. You can only use this effect of "Super Vehicroid - Mobile Base" once per turn. Once per turn, during the End Phase: You can target 1 "roid" monster in your Main Monster Zone (other than this card); return that monster you control to the hand, and if you do, move this card you control to that monster's Monster Zone.$Supports archetypes /roid$$Returns from your field to your hand$Ignition/Condition/Trigger$
23299957$Vehicroid Connection Zone$Unlimited$SPELL$$$$$$$$$$$$Fusion Summon 1 "Vehicroid" Fusion Monster from your Extra Deck, using monsters from your hand or field as Fusion Materials, and if you do, it cannot be destroyed by card effects, and its effects cannot be negated.$Supports archetypes /Vehicroid$$Sends from your hand to your Graveyard/Sends from your field to your Graveyard/Uses cards in the hand as Fusion Materials/Uses cards on the player's field as Fusion Materials/Prevents the negation of card effects$Effect$
44139064$Megaroid City$Unlimited$SPELL$$$$$$$$$Field$$$You can target 1 other card you control; destroy it, and if you do, add 1 "roid" card from your Deck to your hand. During damage calculation, if your "roid" monster battles: You can send 1 "roid" monster from your Deck to the GY; switch the original ATK and DEF of your battling monster during the damage calculation only. You can only use each effect of "Megaroid City" once per turn. You cannot Special Summon monsters from the Extra Deck, except Fusion Monsters, the turn you activate either of this card's effects (even if this card leaves the field).$Supports archetypes /roid$$Adds from Deck to hand/Sends from your Deck to your Graveyard$Ignition-like/Trigger-like/Condition$
70628672$Emergeroid Call$Unlimited$TRAP$$$$$$$$$Counter$$$When a Spell/Trap Card, or monster effect, is activated while you control a "roid" Fusion Monster: Negate the activation, then send all cards with the same name as that card from the activating player's Deck and Extra Deck to the GY. You can banish this card from the GY, then target 1 "roid" monster in your GY; add it to your hand. You can only use this effect of "Emergeroid Call" once per turn.$Supports archetypes /roid$$Sends from Deck to Graveyard/Sends from Extra Deck to Graveyard/Adds from Graveyard to hand$Activation requirement/Effect/Quick-like/Condition$
89785779$Millennium-Eyes Illusionist$Unlimited$DARK$[Spellcaster/Effect]$$$$$2$0$1400$$$$(Quick Effect): You can discard this card, then target 1 Effect Monster your opponent controls; equip that target to an "Eyes Restrict" Fusion Monster or "Relinquished" you control, as if it were equipped by that monster's effect. If an "Eyes Restrict" Fusion Monster(s) or a "Relinquished" is Special Summoned: Add this card from your GY to your hand (this is not optional). You can only use each effect of "Millennium-Eyes Illusionist" once per turn.$Supports archetypes /Eyes Restrict$Effect Monster$Activates from your hand/Discards itself for cost/Equips monsters from the opponent's field/Activates from your Graveyard/Activates upon Special Summon/Returns itself from Graveyard to hand$Quick/Trigger/Condition$
15173384$Illusionist Faceless Magician$Unlimited$DARK$[Spellcaster/Effect]$$$$$5$1200$2200$$$$If a face-up "Eyes Restrict" Fusion Monster(s) or "Relinquished" you control is destroyed by battle or card effect: You can Special Summon this card from the GY (if it was there when that monster was destroyed) or hand (even if not). If this card is sent from the field to the GY: You can target 1 "Eyes Restrict" Fusion Monster or "Relinquished" in your GY; Special Summon it. You can only use each effect of "Illusionist Faceless Magician" once per turn.$Supports archetypes /Eyes Restrict$$Activates if destroyed by battle/Activates if destroyed by card effect/Activates from your hand/Activates from your Graveyard$Trigger/Condition$
64631466$Relinquished$Unlimited$DARK$[Spellcaster/Ritual/Effect]$$$$$1$0$0$$$$You can Ritual Summon this card with "Black Illusion Ritual". Once per turn: You can target 1 monster your opponent controls; equip that target to this card (max. 1). This card's ATK/DEF become equal to that equipped monster's. If this card would be destroyed by battle, destroy that equipped monster instead. While equipped with that monster, any battle damage you take from battles involving this card inflicts equal effect damage to your opponent.$$$Equips monsters from the opponent's field to itself$Summon/Ignition/Continuous$
41426869$Black Illusion Ritual$Unlimited$SPELL$$$$$$$$$Ritual$$$This card is used to Ritual Summon "Relinquished". You must also Tribute a monster from your hand or field whose Level is 1 or more.$$$Tributes as an effect$Effect$
78063197$Relinquished Fusion$Unlimited$SPELL$$$$$$$$$Quick-Play$$$Fusion Summon 1 "Eyes Restrict" Fusion Monster from your Extra Deck, by banishing materials from your hand, field, and/or GY. During your Main Phase: You can banish this card from your GY, then target 1 Effect Monster your opponent controls; equip that target to an "Eyes Restrict" Fusion Monster or "Relinquished" you control, as if it were equipped by that monster's effect. You can only use each effect of "Relinquished Fusion" once per turn.$Supports archetypes /Eyes Restrict$Effect Monster$Uses cards in the hand as Fusion Materials/Uses cards on the player's field as Fusion Materials/Uses cards in the player's Graveyard as Fusion Materials/Activates from your Graveyard$Effect/Ignition-like/Condition$
63519819$Thousand-Eyes Restrict$Unlimited$DARK$[Spellcaster/Fusion/Effect]$$$$$1$0$0$$"Relinquished" + "Thousand-Eyes Idol"$$Other monsters on the field cannot change their battle positions or attack. Once per turn: You can target 1 monster your opponent controls; equip that target to this card (max. 1). This card's ATK/DEF become equal to that equipped monster's. If this card would be destroyed by battle, destroy that equipped monster instead.$$$Prevents battle position changes/Equips monsters from the opponent's field to itself$Continuous/Ignition$
41578483$Millennium-Eyes Restrict$Unlimited$DARK$[Spellcaster/Fusion/Effect]$$$$$1$0$0$$"Relinquished" + 1 Effect Monster$$Once per turn, when your opponent activates a monster effect (Quick Effect): You can target 1 Effect Monster your opponent controls or in their GY; equip that target to this card you control. This card gains ATK/DEF equal to that equipped monster's. Monsters with that equipped monster's original name cannot attack, also their effects on the field and their activated effects are negated.$Effect Monster$$Equips monsters from the opponent's field to itself/Equips monsters from the opponent's Graveyard to itself$Quick/Continuous$
59383041$Toon Alligator$Unlimited$WATER$[Reptile/Normal]$$$$$4$800$1600$$$$An alligator monster straight from the cartoons.$$$$$
38369349$Manga Ryu-Ran$Unlimited$FIRE$[Dragon/Toon/Effect]$$$$$7$2200$2600$$$$(This card is always treated as a "Toon" card.)Cannot be Normal Summoned/Set. Must first be Special Summoned (from your hand) by Tributing 2 monsters, while you control "Toon World". Cannot attack the turn it is Special Summoned. You must pay 500 LP to declare an attack with this monster. If "Toon World" on the field is destroyed, destroy this card. Can attack your opponent directly, unless they control a Toon monster, in which case this card must target a Toon monster for its attacks.$Toon World/Toon monster$$$Condition/Summon/Continuous$
65458948$Toon Mermaid$Unlimited$WATER$[Aqua/Toon/Effect]$$$$$4$1400$1500$$$$Cannot be Normal Summoned/Set. Must first be Special Summoned (from your hand), while you control "Toon World". Cannot attack the turn it is Special Summoned. You must pay 500 LP to declare an attack with this monster. If "Toon World" on the field is destroyed, destroy this card. Can attack your opponent directly, unless they control a Toon monster, in which case this card must target a Toon monster for its attacks.$Toon World/Toon monster$$$Summon/Continuous$
91842653$Toon Summoned Skull$Unlimited$DARK$[Fiend/Toon/Effect]$$$$$6$2500$1200$$$$(This card is always treated as an "Archfiend" card.)Cannot be Normal Summoned/Set. Must first be Special Summoned (from your hand) by Tributing 1 monster, while you control "Toon World". Cannot attack the turn it is Special Summoned. You must pay 500 LP to declare an attack with this monster. If "Toon World" on the field is destroyed, destroy this card. Can attack your opponent directly, unless they control a Toon monster, in which case this card must target a Toon monster for its attacks.$Toon World/Toon monster$$$Condition/Summon/Continuous$
53183600$Blue-Eyes Toon Dragon$Unlimited$LIGHT$[Dragon/Toon/Effect]$$$$$8$3000$2500$$$$Cannot be Normal Summoned/Set. Must first be Special Summoned (from your hand) by Tributing 2 monsters, while you control "Toon World". Cannot attack the turn it is Special Summoned. You must pay 500 LP to declare an attack with this monster. If "Toon World" on the field is destroyed, destroy this card. Can attack your opponent directly, unless they control a Toon monster, in which case this card must target a Toon monster for its attacks.$Toon World/Toon monster$$Tributes for cost$Summon/Continuous$
90960358$Toon Dark Magician Girl$Unlimited$DARK$[Spellcaster/Toon/Effect]$$$$$6$2000$1700$$$$Cannot be Normal Summoned/Set. Must first be Special Summoned (from your hand) by Tributing 1 monster, while you control "Toon World". If "Toon World" on the field is destroyed, destroy this card. Can attack your opponent directly, unless they control a Toon monster, in which case this card must target a Toon monster for its attacks. Gains 300 ATK for every "Dark Magician" or "Magician of Black Chaos" in either player's GY.$Toon World/Dark Magician/Magician of Black Chaos/Toon monster$$Tributes for cost$Summon/Continuous$
16392422$Toon Masked Sorcerer$Unlimited$DARK$[Spellcaster/Toon/Effect]$$$$$4$900$1400$$$$Cannot attack the turn it is Summoned. If "Toon World" on the field is destroyed, destroy this card. While you control "Toon World" and your opponent controls no Toon monsters, this card can attack your opponent directly. If this card inflicts battle damage to your opponent: Draw 1 card.$Toon World/Toon monster$$Activates when it inflicts battle damage/You draw cards$Continuous/Trigger$
42386471$Toon Gemini Elf$Unlimited$EARTH$[Spellcaster/Toon/Effect]$$$$$4$1900$900$$$$Cannot attack the turn it is Summoned. If "Toon World" on the field is destroyed, destroy this card. While you control "Toon World" and your opponent controls no Toon monsters, this card can attack your opponent directly. If this card inflicts battle damage to your opponent: Discard 1 random card from your opponent's hand.$Toon World/Toon monster$$Activates when it inflicts battle damage/Discards from your opponent's hand to your opponent's Graveyard$Continuous/Trigger$
79875176$Toon Cannon Soldier$Forbidden(OCG)$DARK$[Machine/Toon/Effect]$$$$$4$1400$1300$$$$Cannot attack the turn it is Summoned. If "Toon World" on the field is destroyed, destroy this card. While you control "Toon World" and your opponent controls no Toon monsters, this card can attack your opponent directly. You can Tribute 1 monster; inflict 500 damage to your opponent.$Toon World/Toon monster$$Tributes for cost$Continuous/Ignition$
15270885$Toon Goblin Attack Force$Unlimited$EARTH$[Warrior/Toon/Effect]$$$$$4$2300$0$$$$Cannot attack the turn it is Summoned. If "Toon World" on the field is destroyed, destroy this card. While you control "Toon World" and your opponent controls no Toon monsters, this card can attack your opponent directly. If this card attacks, it is changed to Defense Position at the end of the Battle Phase, and its battle position cannot be changed until the End Phase of your next turn.$Toon World/Toon monster$$Changes battle positions/Prevents battle position changes$Continuous$
83629030$Toon Cyber Dragon$Unlimited$LIGHT$[Machine/Toon/Effect]$$$$$5$2100$1600$$$$If your opponent controls a monster and you control no monsters, you can Special Summon this card (from your hand). Cannot attack the turn it is Summoned. While you control "Toon World" and your opponent controls no Toon monsters, this card can attack your opponent directly.$Toon World/Toon monster$$$Summon/Continuous$
07171149$Toon Ancient Gear Golem$Unlimited$EARTH$[Machine/Toon/Effect]$$$$$8$3000$3000$$$$Cannot attack the turn it is Summoned. While you control "Toon World" and your opponent controls no Toon monsters, this card can attack your opponent directly. If this card attacks a Defense Position monster, inflict piercing battle damage to your opponent. If this card attacks, your opponent cannot activate any Spell/Trap until the end of the Damage Step.$Toon World/Toon monster$$$Continuous$
28112535$Toon Barrel Dragon$Unlimited$DARK$[Machine/Toon/Effect]$$$$$7$2600$2200$$$$Cannot attack the turn it is Summoned. While you control "Toon World" and your opponent controls no Toon monsters, this card can attack your opponent directly. Once per turn: You can target 1 card on the field; toss a coin 3 times and destroy it if at least 2 of the results are heads.$Toon World/Toon monster$$$Continuous/Ignition$
61190918$Toon Buster Blader$Unlimited$EARTH$[Warrior/Toon/Effect]$$$$$7$2600$2300$$$$Cannot attack the turn it is Summoned. Gains 500 ATK for each Dragon monster your opponent controls or is in their GY. While you control "Toon World" and your opponent controls no Toon monsters, this card can attack your opponent directly.$Toon World/Toon monster$Dragon$$Continuous$
31733941$Red-Eyes Toon Dragon$Unlimited$DARK$[Dragon/Toon/Effect]$$$$$7$2400$2000$$$$Cannot attack the turn it is Summoned. While you control "Toon World" and your opponent controls no Toon monsters, this card can attack your opponent directly. Once per turn: You can Special Summon 1 Toon monster from your hand, except "Red-Eyes Toon Dragon", ignoring its Summoning conditions.$Toon World/Toon monster$$$Continuous/Ignition$
21296502$Toon Dark Magician$Unlimited$DARK$[Spellcaster/Toon/Effect]$$$$$7$2500$2100$$$$Cannot attack the turn it is Summoned. While you control "Toon World" and your opponent controls no Toon monsters, this card can attack your opponent directly. Once per turn: You can discard 1 "Toon" card, then activate 1 of these effects;●Special Summon 1 Toon monster from your Deck, except "Toon Dark Magician", ignoring its Summoning conditions.●Add 1 "Toon" Spell/Trap from your Deck to your hand.$Supports archetypes /Toon$$Discards for cost/Adds from Deck to hand$Continuous/Ignition$
15259703$Toon World$Unlimited$SPELL$$$$$$$$$Continuous$$$Activate this card by paying 1000 LP.$$$$Cost$
89997728$Toon Table of Contents$Unlimited$SPELL$$$$$$$$$$$$Add 1 "Toon" card from your Deck to your hand.$Supports archetypes /Toon$$Adds from Deck to hand$Effect$
43509019$Toon Defense$Unlimited$TRAP$$$$$$$$$Continuous$$$When an opponent's monster declares an attack targeting a face-up Level 4 or lower Toon monster you control: You can make the attack a direct attack instead.$Toon monster$$Activates upon attack declaration$Trigger-like$
14457896$Parasite Paranoid$Unlimited$EARTH$[Insect/Effect]$$$$$2$500$300$$$$(Quick Effect): You can target 1 face-up monster on the field; equip this card from your hand to that target. The equipped monster becomes an Insect monster, cannot attack Insect monsters, also its effects that activate by targeting an Insect monster(s) are negated. You can only use this effect of "Parasite Paranoid" once per turn. If this Equip Card is sent to the GY: You can Special Summon 1 Level 7 or higher Insect monster from your hand, ignoring its Summoning conditions.$Insect$$Activates from your hand/Equips self from hand/Activates from your Graveyard$Quick/Condition/Continuous-like/Trigger$
41456841$Metamorphosed Insect Queen$Unlimited$EARTH$[Insect/Effect]$$$$$7$2800$2400$$$$Cannot be Normal Summoned/Set. Must be Special Summoned by a card effect. If another Insect monster is on the field, your opponent cannot target Insect monsters you control with card effects, also they cannot be destroyed by your opponent's card effects. At the end of the Damage Step, if this card attacked: You can Tribute 1 monster; this card can attack an opponent's monster again in a row. Once per turn, during the End Phase: You can Special Summon 1 "Insect Monster Token" (Insect/EARTH/Level 1/ATK 100/DEF 100).$Insect$$Tributes for cost$Summon/Continuous/Trigger$
77840540$Cocoon of Ultra Evolution$Unlimited$SPELL$$$$$$$$$Quick-Play$$$Tribute 1 Insect monster from either field equipped with an Equip Card, and if you do, Special Summon 1 Insect monster from your Deck, ignoring its Summoning conditions. During your Main Phase: You can banish this card from your GY, then target 1 Insect monster in your GY; shuffle it into the Deck, then draw 1 card. You can only use this effect of "Cocoon of Ultra Evolution" once per turn.$Insect/Equip Card$Insect/Equip Card$Tributes as an effect/Tributes opponent's monsters/Activates from your Graveyard/Returns from your Graveyard to your Deck/You draw cards$Effect/Ignition-like/Condition$
13235258$Corrosive Scales$Unlimited$TRAP$$$$$$$$$$$$Target 1 Insect monster you control; equip this card to it. While you control the equipped monster, your opponent's monsters cannot attack Insect monsters, except the equipped monster. While this card is equipped to a monster, each time your opponent Normal or Special Summons a monster(s), OR activates a card or effect, place 1 Scale Counter on each face-up monster they control. Each monster your opponent controls loses 100 ATK/DEF for each Scale Counter it has.$Insect$$Equips self from field$Effect/Continuous-like$
81480460$Barrel Dragon$Unlimited$DARK$[Machine/Effect]$$$$$7$2600$2200$$$$Once per turn: You can target 1 monster your opponent controls; toss a coin 3 times and destroy it if at least 2 of the results are heads.$$$$Ignition$
76728962$Desperado Barrel Dragon$Unlimited$DARK$[Machine/Effect]$$$$$8$2800$2200$$$$If a face-up DARK Machine monster(s) you control is destroyed by battle or card effect: You can Special Summon this card from your hand. Once per turn, during the Battle Phase (Quick Effect): You can toss a coin 3 times; destroy face-up monsters on the field, up to the number of heads, then if the result was 3 heads, draw 1 card. This card cannot attack the turn this effect is activated. If this card is sent to the GY: You can add 1 Level 7 or lower monster that has a coin tossing effect, from your Deck to your hand.$DARK/Machine/Coin toss$$Activates if destroyed by battle/Activates if destroyed by card effect/Activates from your hand/You draw cards/Activates from your Graveyard/Adds from Deck to hand$Trigger/Quick/Condition$
03113667$Heavy Metal Raiders$Unlimited$SPELL$$$$$$$$$Field$$$The first time each DARK Machine monster you control would be destroyed by battle each turn, it is not destroyed, and if you took battle damage from the battle, it gains that much ATK after damage calculation, and keeps that ATK gain while this card is on the field. Once per turn, if a monster you control that was originally a DARK Machine destroys a card(s) on the field by battle or card effect: You can Special Summon 1 DARK Machine monster from your hand.$DARK/Machine$$Activates when it destroys a monster by battle$Continuous-like/Trigger-like$
80987696$Time Machine$Unlimited$TRAP$$$$$$$$$$$$When a monster is destroyed by battle and sent to the GY: Special Summon that monster to the same field it was on, in the same battle position it was in when destroyed.$$$Activates if destroyed by battle$Activation requirement/Effect$
49511705$Proton Blast$Unlimited$TRAP$$$$$$$$$Continuous$$$Once per turn, if an activated card effect tosses coins, immediately after it resolves, apply the following effect(s), depending on the number of heads.●1+: Inflict 500 damage to your opponent.●2+: Destroy 1 card your opponent controls.●3+: Look at your opponent's hand and discard 1 card from their hand.When an effect is activated that tosses a coin 2 or more times: You can banish this card from the GY; treat all results as heads.$$$Reveals your opponent's hand/Your opponent discards/Activates from your Graveyard/Changes coin toss result$Continuous-like/Quick-like$
83104731$Ancient Gear Golem$Unlimited$EARTH$[Machine/Effect]$$$$$8$3000$3000$$$$Cannot be Special Summoned. If this card attacks, your opponent cannot activate any Spell/Trap Cards until the end of the Damage Step. If this card attacks a Defense Position monster, inflict piercing battle damage.$$$$Summon/Continuous$
18486927$Ancient Gear Gadget$Unlimited$EARTH$[Machine/Effect]$$$$$4$500$2000$$$$If this card is Normal or Special Summoned: You can declare 1 card type (Monster, Spell, or Trap); this turn, if your monster attacks, your opponent cannot activate Spell/Trap Cards or monster effects (whichever was declared) until the end of the Damage Step. Once per turn: You can declare 1 "Gadget" monster's card name; until the End Phase, this card's name becomes that name.$Supports archetypes /Gadget$$Activates upon Normal Summon/Activates upon Special Summon/Declares a card type/Declares a card name$Trigger/Ignition$
44874522$Ancient Gear Reactor Dragon$Unlimited$EARTH$[Machine/Effect]$$$$$9$3000$3000$$$$If this card that was Tribute Summoned by Tributing an "Ancient Gear" monster attacks a Defense Position monster, inflict piercing battle damage. If this card was Tribute Summoned by Tributing a "Gadget" monster, it can make a second attack during each Battle Phase. If this card attacks, your opponent cannot activate Spell/Trap Cards and monster effects until the end of the Damage Step. At the end of the Damage Step, if this card attacked: You can destroy 1 Spell/Trap on the field.$Supports archetypes /Ancient Gear/Gadget$$$Unclassified/Continuous/Trigger$
81269231$Ancient Gear Hydra$Unlimited$EARTH$[Machine/Effect]$$$$$7$2700$1700$$$$At the end of the Damage Step, when this card that was Tribute Summoned by Tributing an "Ancient Gear" monster battles an opponent's monster, but the opponent's monster was not destroyed by the battle: You can banish that opponent's monster. If this card was Tribute Summoned by Tributing a "Gadget" monster, it can attack all monsters your opponent controls, once each. If an "Ancient Gear" monster you control attacks, your opponent cannot activate Spell/Trap Cards and monster effects until the end of the Damage Step.$Supports archetypes /Ancient Gear/Gadget$$$Trigger/Unclassified/Continuous$
17663375$Ancient Gear Wyvern$Unlimited$EARTH$[Machine/Effect]$$$$$4$1700$1200$$$$If this card is Normal or Special Summoned: You can add 1 "Ancient Gear" card from your Deck to your hand, except "Ancient Gear Wyvern", also you cannot Set cards for the rest of this turn. You can only use this effect of "Ancient Gear Wyvern" once per turn. If this card attacks, your opponent cannot activate monster effects until the end of the Damage Step.$Supports archetypes /Ancient Gear$$Adds from Deck to hand/Prevents your Sets$Trigger/Condition/Continuous$
95735217$Ancient Gear Golem - Ultimate Pound$Unlimited$EARTH$[Machine/Effect]$$$$$8$3000$3000$$$$Cannot be Special Summoned. If this card attacks a Defense Position monster, inflict piercing battle damage. Up to twice per turn, when this attacking card destroys a monster by battle: You can discard 1 Machine monster; this card can attack again in a row. If this card on the field is destroyed by battle or card effect: You can add 1 "Polymerization" from your Deck to your hand, and if you do, add 1 other "Ancient Gear" monster from your GY to your hand.$Supports archetypes /Ancient Gear$$Activates when it destroys a monster by battle/Discards for cost/Activates if destroyed by battle/Activates if destroyed by card effect/Adds from Deck to hand/Adds from Graveyard to hand$Summon/Continuous/Trigger$
01278431$Ancient Gear Frame$Unlimited$EARTH$[Machine/Effect]$$$$$4$1600$500$$$$You can discard 1 card; add 1 "Ancient Gear Golem", or 1 Spell/Trap that specifically lists the card "Ancient Gear Golem" in its text, from your Deck to your hand. You can only use this effect of "Ancient Gear Frame" once per turn. If this card attacks, your opponent cannot activate Spell/Trap Cards until the end of the Damage Step. If this face-up card in its owner's control leaves the field because of an opponent's card effect: You can Special Summon up to 3 "Ancient Gear Golem" and/or "Ancient Gear Golem - Ultimate Pound" from your hand, ignoring their Summoning conditions.$Ancient Gear Golem/Ancient Gear Golem - Ultimate Pound$$Discards for cost/Adds from Deck to hand/Activates when it leaves the field$Ignition/Condition/Continuous/Trigger$
12652643$Ultimate Ancient Gear Golem$Unlimited$EARTH$[Machine/Fusion/Effect]$$$$$10$4400$3400$$"Ancient Gear Golem" + 2 "Ancient Gear" monsters$$Must be Fusion Summoned. If this card attacks a Defense Position monster, inflict piercing battle damage. If this card attacks, your opponent cannot activate Spell/Trap Cards until the end of the Damage Step. If this card is destroyed: You can target 1 "Ancient Gear Golem" in your GY; Special Summon it, ignoring its Summoning conditions.$Supports archetypes /Ancient Gear$$Activates if destroyed by battle/Activates if destroyed by card effect$Summon/Continuous/Trigger$
37663536$Ancient Gear Megaton Golem$Unlimited$EARTH$[Machine/Fusion/Effect]$$$$$9$3300$3300$$3 "Ancient Gear" monsters$$If this card attacks, your opponent cannot activate Spell/Trap Cards until the end of the Damage Step. If this card was Fusion Summoned using 2 or more "Ancient Gear Golem" and/or "Ancient Gear Golem - Ultimate Pound" as material, it can attack up to that many times during each Battle Phase. If this face-up Fusion Summoned card in its owner's control leaves the field because of an opponent's card effect: You can Special Summon 1 "Ultimate Ancient Gear Golem" from your Extra Deck, ignoring its Summoning conditions.$Supports archetypes /Ancient Gear$$Activates from your Graveyard$Continuous/Trigger$
44052074$Ancient Gear Catapult$Unlimited$SPELL$$$$$$$$$$$$While you control no monsters: Target 1 face-up card you control; destroy it, and if you do, Special Summon 1 "Ancient Gear" monster from your Deck, ignoring its Summoning conditions. You can banish this card from your GY, then target 1 face-up card you control; destroy it, and if you do, Special Summon 1 "Ancient Gear Token" (Machine/EARTH/Level 1/ATK 0/DEF 0). You can only use 1 "Ancient Gear Catapult" effect per turn, and only once that turn.$Supports archetypes /Ancient Gear$$Activates from your Graveyard$Activation requirement/Effect/Ignition-like/Condition$
64061284$Ancient Gear Fusion$Unlimited$SPELL$$$$$$$$$$$$Fusion Summon 1 "Ancient Gear" Fusion Monster from your Extra Deck, using monsters from your hand or field as Fusion Material. If you use "Ancient Gear Golem" or "Ancient Gear Golem - Ultimate Pound" you control as Fusion Material, you can also use monsters from your Deck as material.$Supports archetypes /Ancient Gear$$Uses cards in the hand as Fusion Materials/Uses cards on the player's field as Fusion Materials/Uses cards in the player's Deck as Fusion Materials$Effect$
00056889$Cross-Dimensional Duel$Unlimited$TRAP$$$$$$$$$$$$Target 1 "Ancient Gear" monster you control; banish it. During the next Standby Phase, return that banished monster to the field, and if you do, its ATK becomes double its original ATK until the end of that turn. If 1 or more "Ancient Gear Golem" or "Ancient Gear Golem - Ultimate Pound" you control would be destroyed by battle or card effect, you can banish this card from your GY instead.$Supports archetypes /Ancient Gear$$Returns banished cards to the field$Effect/Lingering/Unclassified$
32710364$Crystal Beast Ruby Carbuncle$Unlimited$LIGHT$[Fairy/Effect]$$$$$3$300$300$$$$When this card is Special Summoned: You can Special Summon as many "Crystal Beast" Monster Cards as possible from your Spell & Trap Zones. If this face-up card is destroyed in a Monster Zone, you can place it face-up in your Spell & Trap Zone as a Continuous Spell, instead of sending it to the GY.$Supports archetypes /Crystal Beast$$Activates upon Special Summon/Activates if destroyed by battle/Activates if destroyed by card effect/Places itself in Spell & Trap Zone/Places destroyed cards in Spell & Trap Zone$Trigger/Unclassified$
32933942$Crystal Beast Amethyst Cat$Unlimited$EARTH$[Beast/Effect]$$$$$3$1200$400$$$$This card can attack your opponent directly, but when it uses this effect, any battle damage it inflicts to your opponent is halved. If this face-up card is destroyed in a Monster Zone, you can place it face-up in your Spell & Trap Zone as a Continuous Spell, instead of sending it to the GY.$$$Activates if destroyed by battle/Activates if destroyed by card effect/Places itself in Spell & Trap Zone/Places destroyed cards in Spell & Trap Zone$Continuous/Unclassified$
69937550$Crystal Beast Amber Mammoth$Unlimited$EARTH$[Beast/Effect]$$$$$4$1700$1600$$$$When another "Crystal Beast" monster you control is targeted for an attack: You can change the attack target to this card. If this face-up card is destroyed in a Monster Zone, you can place it face-up in your Spell & Trap Zone as a Continuous Spell, instead of sending it to the GY.$Supports archetypes /Crystal Beast$$Activates if destroyed by battle/Activates if destroyed by card effect/Places itself in Spell & Trap Zone/Places destroyed cards in Spell & Trap Zone$Trigger/Unclassified$
68215963$Crystal Beast Emerald Tortoise$Unlimited$WATER$[Aqua/Effect]$$$$$3$600$2000$$$$Once per turn: You can target 1 monster you control that attacked this turn; change that target to Defense Position. If this face-up card is destroyed in a Monster Zone, you can place it face-up in your Spell & Trap Zone as a Continuous Spell, instead of sending it to the GY.$$$Activates if destroyed by battle/Activates if destroyed by card effect/Changes battle positions/Places itself in Spell & Trap Zone/Places destroyed cards in Spell & Trap Zone$Ignition/Unclassified$
95600067$Crystal Beast Topaz Tiger$Unlimited$EARTH$[Beast/Effect]$$$$$4$1600$1000$$$$If this card attacks an opponent's monster, it gains 400 ATK during the Damage Step only. If this face-up card is destroyed in a Monster Zone, you can place it face-up in your Spell & Trap Zone as a Continuous Spell, instead of sending it to the GY.$$$Activates if destroyed by battle/Activates if destroyed by card effect/Places itself in Spell & Trap Zone/Places destroyed cards in Spell & Trap Zone$Continuous/Unclassified$
21698716$Crystal Beast Cobalt Eagle$Unlimited$WIND$[Winged Beast/Effect]$$$$$4$1400$800$$$$Once per turn: You can target 1 "Crystal Beast" card you control; place that target on top of the Deck. If this face-up card is destroyed in a Monster Zone, you can place it face-up in your Spell & Trap Zone as a Continuous Spell, instead of sending it to the GY.$Supports archetypes /Crystal Beast$$Activates if destroyed by battle/Activates if destroyed by card effect/Returns from field to Deck/Places itself in Spell & Trap Zone/Places destroyed cards in Spell & Trap Zone$Ignition/Unclassified$
07093411$Crystal Beast Sapphire Pegasus$Unlimited$WIND$[Beast/Effect]$$$$$4$1800$1200$$$$When this card is Summoned: You can place 1 "Crystal Beast" monster from your hand, Deck, or GY, face-up in your Spell & Trap Zone as a Continuous Spell. If this face-up card is destroyed in a Monster Zone, you can place it face-up in your Spell & Trap Zone as a Continuous Spell, instead of sending it to the GY.$Supports archetypes /Crystal Beast$$Activates upon Normal Summon/Activates upon Flip Summon/Activates upon Special Summon/Places cards from hand in Spell & Trap Zone/Places cards from Deck in Spell & Trap Zone/Places cards from Graveyard in Spell & Trap Zone/Activates if destroyed by battle/Activates if destroyed by card effect/Places itself in Spell & Trap Zone/Places destroyed cards in Spell & Trap Zone$Trigger/Unclassified$
79856792$Rainbow Dragon$Unlimited$LIGHT$[Dragon/Effect]$$$$$10$4000$0$$$$(This card is always treated as an "Ultimate Crystal" card.)Cannot be Normal Summoned/Set. Must be Special Summoned (from your hand) by having 7 "Crystal Beast" cards with different names on your field and/or GY. This card cannot activate the following effects the turn it is Special Summoned. (Quick Effect): You can send all "Crystal Beast" monsters you control to the GY; this card gains 1000 ATK for each monster sent to the GY. You can banish all "Crystal Beast" monsters from your GY; shuffle all cards on the field into the Deck.$Supports archetypes /Crystal Beast$$Returns from field to Deck/Sends from field to Graveyard for cost$Summon/Quick/Ignition$
79407975$Rainbow Dark Dragon$Unlimited$DARK$[Dragon/Effect]$$$$$10$4000$0$$$$(This card is always treated as an "Ultimate Crystal" card.)Cannot be Normal Summoned/Set. Must be Special Summoned (from your hand) by banishing 7 DARK monsters with different names from your GY. You can banish all other DARK monsters from your field and GY; this card gains 500 ATK for each card banished this way.$DARK$$$Summon/Ignition$
37440988$Rainbow Overdragon$Unlimited$LIGHT$[Dragon/Fusion/Effect]$$$$$12$4000$0$$7 "Crystal Beast" monsters$$(This card is always treated as an "Ultimate Crystal" card.)Must be either Fusion Summoned, or Special Summoned by Tributing 1 Level 10 "Ultimate Crystal" monster. Once per turn: You can banish 1 "Crystal Beast" monster from your GY; this card gains ATK equal to the banished monster's, until the end of this turn. (Quick Effect): You can Tribute this Fusion Summoned card; shuffle all cards on the field into the Deck.$Supports archetypes /Crystal Beast/Ultimate Crystal$$Tributes Fusion Materials for Contact Fusion/Tributes itself for cost/Returns from field to Deck$Summon/Ignition/Quick$
95326659$Crystal Beacon$Unlimited$SPELL$$$$$$$$$$$$Special Summon 1 "Crystal Beast" monster from your Deck. You must have 2 or more "Crystal Beast" cards in your Spell & Trap Zone to activate and to resolve this effect.$Supports archetypes /Crystal Beast$$$Effect/Condition$
34487429$Ancient City - Rainbow Ruins$Unlimited$SPELL$$$$$$$$$Field$$$You must have this many "Crystal Beast" cards in your Spell & Trap Zone to activate and to resolve these effects.●1+: This card cannot be destroyed by card effects.●2+: Once per turn (including the opponent's) you can halve the battle damage you take.●3+: When a Spell/Trap Card is activated: You can send 1 "Crystal Beast" monster you control to the GY; negate the activation, and if you do, destroy it.●4+: Once per turn, during your Main Phase: You can draw 1 card.●5: Once per turn, during your Main Phase: You can target 1 "Crystal Beast" card in your Spell & Trap Zone; Special Summon that target.$Supports archetypes /Crystal Beast$$Sends from your field to your Graveyard for cost/You draw cards$Condition/Continuous-like/Quick-like/Ignition-like$
60876124$Rare Value$Unlimited$SPELL$$$$$$$$$$$$If you control 2 or more "Crystal Beast" cards in your Spell & Trap Zone: Your opponent chooses 1 "Crystal Beast" card in your Spell & Trap Zone, you send it to the GY, and if you do, you draw 2 cards.$Supports archetypes /Crystal Beast$$Sends from your field to your Graveyard for cost/You draw cards$Activation requirement/Effect$
35486099$Crystal Blessing$Unlimited$SPELL$$$$$$$$$$$$Target up to 2 "Crystal Beast" monsters in your GY; place those targets face-up in your Spell & Trap Zone as Continuous Spells.$Supports archetypes /Crystal Beast$$Places cards from Graveyard in Spell & Trap Zone$Effect$
72881007$Crystal Abundance$Unlimited$SPELL$$$$$$$$$$$$Send 4 "Crystal Beast" cards from your Spell & Trap Zone to the GY; send as many cards on the field as possible to the GY, then Special Summon as many "Crystal Beast" monsters as possible from your GY, up to the number of cards sent from your opponent's field to the GY by this card's effect.$Supports archetypes /Crystal Beast$$Sends from field to Graveyard/Sends from field to Graveyard for cost/Sends from your field to your Graveyard/Sends from your opponent's field to your opponent's Graveyard$Effect$
10004783$Crystal Release$Unlimited$SPELL$$$$$$$$$Equip$$$Equip only to a "Crystal Beast" monster. It gains 800 ATK. When this card is sent from the field to the GY: You can place 1 "Crystal Beast" monster from your Deck face-up in your Spell & Trap Zone as a Continuous Spell.$Supports archetypes /Crystal Beast$$Activates from your Graveyard/Places cards from Deck in Spell & Trap Zone$Condition/Continuous-like/Trigger-like$
47408488$Crystal Tree$Unlimited$SPELL$$$$$$$$$Continuous$$$Each time a "Crystal Beast" monster(s) is placed in either player's Spell & Trap Zone, place 1 Crystal Counter on this card. You can send this card to the GY; take a number of "Crystal Beast" monsters from your Deck equal to the number of Crystal Counters that were on this card, and place them face-up in your Spell & Trap Zone as Continuous Spells.$Supports archetypes /Crystal Beast$$Sends itself from field to Graveyard for cost$Trigger-like/Ignition-like$
12644061$Advanced Dark$Unlimited$SPELL$$$$$$$$$Field$$$All "Crystal Beast" monsters on the field and in the GY become DARK. If an "Ultimate Crystal" monster attacks, negate the effects of the attack target during that Battle Phase. During damage calculation, if a "Crystal Beast" monster you control battles and you would take damage: You can send 1 "Crystal Beast" monster from your Deck to the GY; you take no battle damage from that battle.$Supports archetypes /Crystal Beast/Ultimate Crystal$$Sends from your Deck to your Graveyard for cost$Continuous-like/Trigger-like$
40854824$Rainbow Refraction$Unlimited$SPELL$$$$$$$$$Quick-Play$$$If a monster(s) you control whose original name is "Rainbow Dragon" or "Rainbow Dark Dragon" activated its effect this turn: Special Summon any number of "Crystal Beast" monsters with different names from your Deck.$Supports archetypes /Crystal Beast$$$Activation requirement/Effect$
63945693$Rainbow Bridge$Unlimited$SPELL$$$$$$$$$$$$Add 1 "Crystal" Spell/Trap from your Deck to your hand.$Supports archetypes /Crystal$$Adds from Deck to hand$Effect$
09334391$Crystal Bond$Unlimited$SPELL$$$$$$$$$$$$Add 1 "Crystal Beast" monster from your Deck to your hand, and place 1 "Crystal Beast" monster with a different name from your Deck face-up in your Spell & Trap Zone as a Continuous Spell. You can only activate 1 "Crystal Bond" per turn.$Supports archetypes /Crystal Beast$$Adds from Deck to hand/Places cards from Deck in Spell & Trap Zone$Effect/Condition$
11136371$Counter Gem$Unlimited$TRAP$$$$$$$$$$$$Send all cards in your Spell & Trap Zone to the GY. Place as many "Crystal Beast" monsters as possible from your GY face-up in your Spell & Trap Zone as Continuous Spells. During the End Phase of this turn, destroy all "Crystal Beast" cards you control.$Supports archetypes /Crystal Beast$Anti-supports archetypes /Crystal Beast$Sends from field to Graveyard/Places cards from Graveyard in Spell & Trap Zone$Cost/Effect$
07617253$Rainbow Path$Unlimited$TRAP$$$$$$$$$$$$When an opponent's monster declares an attack: Send 1 "Crystal Beast" card from your Spell & Trap Zone to the GY, then target the attacking monster; negate the attack, then you can add 1 "Rainbow Dragon" or "Rainbow Dark Dragon" from your Deck to your hand.$Supports archetypes /Crystal Beast/Ultimate Crystal$$Activates upon attack declaration/Sends from field to Graveyard/Adds from Deck to hand$Activation requirement/Cost/Effect$
63806265$Rainbow Gravity$Unlimited$TRAP$$$$$$$$$$$$If you have 7 "Crystal Beast" cards with different names on your field and/or in your GY: Special Summon 1 "Ultimate Crystal" monster from your Deck or GY, ignoring its Summoning conditions.$Supports archetypes /Crystal Beast/Ultimate Crystal$$$Activation requirement/Effect$
87259933$Crystal Conclave$Unlimited$TRAP$$$$$$$$$Continuous$$$Once per turn, if a face-up "Crystal Beast" monster(s) you control is destroyed by battle or card effect: You can Special Summon 1 "Crystal Beast" monster from your Deck. You can send this face-up card from the field to the GY, then target 1 "Crystal Beast" card you control and 1 card on the field; return them to the hand. You cannot activate these effects in the same Chain.$Supports archetypes /Crystal Beast$$Activates if destroyed by battle/Activates if destroyed by card effect/Sends itself from field to Graveyard for cost/Returns from field to hand$Trigger-like/Quick-like/Condition$
36328300$Ultimate Crystal Magic$Unlimited$TRAP$$$$$$$$$$$$When your "Crystal Beast" monster is destroyed by battle: You can send 7 "Crystal Beast" cards with different names from your hand, Deck, and/or face-up field to the GY; Special Summon 1 "Ultimate Crystal" Fusion Monster from your Extra Deck. (This is treated as a Fusion Summon.) If a face-up "Ultimate Crystal" monster you control leaves the field because of an opponent's card effect: You can banish this card from your GY; place any number of "Crystal Beast" monsters from your GY, face-up in your Spell & Trap Zone as Continuous Spells.$Supports archetypes /Crystal Beast/Ultimate Crystal$$Activates if destroyed by battle/Sends from your hand to your Graveyard/Sends from your Deck to your Graveyard/Sends from your field to your Graveyard/Activates from your Graveyard/Places cards from Graveyard in Spell & Trap Zone$Activation requirement/Cost/Effect/Trigger-like$
61525276$Curse of Dragon, the Cursed Dragon$Unlimited$DARK$[Dragon/Effect]$$$$$5$2000$1500$$$$If this card is Normal or Special Summoned: You can add 1 Spell/Trap from your Deck to your hand, that specifically lists the card "Gaia the Dragon Champion" in its text. If this card is sent to the GY: You can target 1 "Gaia the Dragon Champion" in your Monster Zone; negate the effects of face-up monsters your opponent currently controls with ATK less than or equal to it until the end of this turn. You can only use each effect of "Curse of Dragon, the Cursed Dragon" once per turn.$Gaia the Dragon Champion$$Activates upon Normal Summon/Activates upon Special Summon/Adds from Deck to hand/Activates from your Graveyard$Trigger/Condition$
54563536$Machina Resavenger$Unlimited$DARK$[Machine/Effect]$$$$$4$1200$1800$$$$(Quick Effect): You can send this card from your hand or field to the GY, then target 1 "Machina" monster you control; it gains 1200 ATK until the end of this turn. When your "Machina" monster destroys an opponent's monster by battle, while this card is in your GY: You can add this card to your hand. You can only use each effect of "Machina Resavenger" once per turn.$Supports archetypes /Machina$$Activates from your hand/Sends itself from hand to Graveyard for cost/Sends itself from field to Graveyard for cost/Activates from your Graveyard/Activates if destroyed by battle/Returns itself from Graveyard to hand$Quick/Trigger/Condition$
98804359$Fury of Kairyu-Shin$Unlimited$SPELL$$$$$$$$$$$$Add 1 "Torrential Tribute" from your Deck to your hand. If a WATER monster(s) you control would be destroyed by card effect, you can banish this card from your GY instead. You can only use each effect of "Fury of Kairyu-Shin" once per turn.$Torrential Tribute/WATER$$Adds from Deck to hand$Effect/Unclassified/Condition$
20129614$Melffy Rabby$Unlimited$EARTH$[Beast/Normal]$$$$$2$0$2100$$$$Rabby's up on that favorite stump again, looking all around the forest at all the fluffy friends! Do you like exploring, too? Good! Let's go find more Melffy friends with Rabby!$$$$$
