Passcode$Name$Status$Attribute$type$link$link_arrows$rank$pendulum_scale$level$attack$defense$spell_attribute$summoning_condition$pendulum_condition$card_text$card_supports$card_anti_supports$card_actions$effect_types$
55410871$Blue-Eyes Chaos MAX Dragon$Unlimited$DARK$[Dragon/Ritual/Effect]$$$$$8$4000$0$$$$You can Ritual Summon this card with "Chaos Form". Must be Ritual Summoned. Your opponent cannot target this card with card effects, also it cannot be destroyed by your opponent's card effects. If this card attacks a Defense Position monster, inflict double piercing battle damage.$$$$Summon/Continuous$
20654247$Blue-Eyes Chaos Dragon$Unlimited$DARK$[Dragon/Ritual/Effect]$$$$$8$3000$0$$$$You can Ritual Summon this card with "Chaos Form". Must be Ritual Summoned. Your opponent cannot target this card with card effects, also it cannot be destroyed by your opponent's card effects. If this card was Ritual Summoned using "Blue-Eyes White Dragon", when it declares an attack: You can change the battle positions of as many monsters your opponent controls as possible, and if you do, the ATK/DEF of those changed monsters become 0, also, this turn, if this card attacks a Defense Position monster, inflict piercing battle damage.$Blue-Eyes White Dragon$$Activates upon attack declaration/Changes battle positions$Summon/Continuous/Trigger$
57043986$Blue-Eyes Solid Dragon$Unlimited$LIGHT$[Dragon/Effect]$$$$$8$2500$2000$$$$If this card is Normal or Special Summoned: You can target 1 face-up monster your opponent controls; negate its effects. When your opponent activates a card or effect (Quick Effect): You can shuffle this card from the field into the Deck, and if you do, Special Summon 1 "Blue-Eyes White Dragon" from your Deck. You can only use each effect of "Blue-Eyes Solid Dragon" once per turn.$Blue-Eyes White Dragon$$Activates upon Normal Summon/Activates upon Special Summon/Returns itself from field to Deck for cost$Trigger/Quick/Condition$
93437091$Bingo Machine, Go!!!$Unlimited$SPELL$$$$$$$$$$$$Reveal 3 cards from your Deck that each meets at least 1 of the criteria listed below, your opponent randomly picks 1 for you to add to your hand, and you shuffle the rest into your Deck. You can only activate 1 "Bingo Machine, Go!!!" per turn.●"Blue-Eyes" monster●Spell/Trap that specifically lists the card "Blue-Eyes White Dragon" or "Blue-Eyes Ultimate Dragon", except "Bingo Machine, Go!!!"$Supports archetypes /Blue-Eyes$$Reveals cards from your Deck/Adds from Deck to hand$Effect/Condition$
29432790$Rage with Eyes of Blue$Unlimited$SPELL$$$$$$$$$Quick-Play$$$Banish this card, and as many cards as possible from your hand, field, and GY, face-down, and if you do, Special Summon up to 3 copies of "Blue-Eyes White Dragon" from your Deck. You cannot Normal or Special Summon monsters the turn you activate this card, except "Blue-Eyes White Dragon".$Blue-Eyes White Dragon$$$Condition/Effect$
56920308$The Ultimate Creature of Destruction$Unlimited$TRAP$$$$$$$$$$$$Target 1 "Blue-Eyes" monster you control; this turn, that face-up monster is unaffected by card effects, except its own, it cannot be destroyed by battle, also any opponent's monster it battles is destroyed at the end of the Damage Step. While this card is in your GY, if you Normal or Special Summon a "Blue-Eyes White Dragon": You can Set this card, but banish it when it leaves the field. You can only use this effect of "The Ultimate Creature of Destruction" once per turn.$Supports archetypes /Blue-Eyes$$Activates upon Normal Summon/Activates upon Special Summon/Activates from your Graveyard/Sets itself from your Graveyard$Effect/Trigger-like/Condition$
89631139$Blue-Eyes White Dragon$Unlimited$LIGHT$[Dragon/Normal]$$$$$8$3000$2500$$$$This legendary dragon is a powerful engine of destruction. Virtually invincible, very few have faced this awesome creature and lived to tell the tale.$$$$$
79814787$The White Stone of Legend$Unlimited$LIGHT$[Dragon/Tuner/Effect]$$$$$1$300$250$$$$If this card is sent to the GY: Add 1 "Blue-Eyes White Dragon" from your Deck to your hand.$Blue-Eyes White Dragon$$Activates from your Graveyard/Adds from Deck to hand$Trigger$
88241506$Maiden with Eyes of Blue$Unlimited$LIGHT$[Spellcaster/Tuner/Effect]$$$$$1$0$0$$$$When a card or effect is activated that targets this card (Quick Effect): You can Special Summon 1 "Blue-Eyes White Dragon" from your hand, Deck, or GY. When this card is targeted for an attack: You can negate the attack, and if you do, change the battle position of this card, then you can Special Summon 1 "Blue-Eyes White Dragon" from your hand, Deck, or GY. You can only use 1 "Maiden with Eyes of Blue" effect per turn, and only once that turn.$Blue-Eyes White Dragon$$Changes battle positions$Trigger/Quick/Condition$
48800175$The Melody of Awakening Dragon$Unlimited$SPELL$$$$$$$$$$$$Discard 1 card; add up to 2 Dragon monsters with 3000 or more ATK and 2500 or less DEF from your Deck to your hand.$Dragon$$Discards for cost/Adds from Deck to hand$Cost/Effect$
41620959$Dragon Shrine$Unlimited$SPELL$$$$$$$$$$$$Send 1 Dragon monster from your Deck to the GY, then, if that monster in your GY is a Dragon Normal Monster, you can send 1 more Dragon monster from your Deck to the GY. You can only activate 1 "Dragon Shrine" per turn.$Dragon/Normal Monster$$Sends from your Deck to your Graveyard$Effect/Condition$
21082832$Chaos Form$Unlimited$SPELL$$$$$$$$$Ritual$$$This card can be used to Ritual Summon any "Chaos" or "Black Luster Soldier" Ritual Monster. You must also Tribute monsters from your hand or field and/or banish "Blue-Eyes White Dragon" or "Dark Magician" from your GY, whose total Levels exactly equal the Level of the "Chaos" or "Black Luster Soldier" Ritual Monster you Ritual Summon.$Supports archetypes /Chaos/Black Luster Soldier $$Tributes as an effect$Effect$
82315403$Cyber Eternity Dragon$Unlimited$LIGHT$[Machine/Fusion/Effect]$$$$$10$2800$4000$$1 "Cyber Dragon" monster + 2 Machine monsters$$If you have a Machine Fusion Monster(s) in your GY, your opponent cannot target this card with card effects, also it cannot be destroyed by your opponent's card effects. If this Fusion Summoned card you control is sent to your GY by an opponent's card: You can Special Summon 1 "Cyber Dragon" from your hand, Deck, or GY. You can banish this card from your GY; this turn, your opponent cannot target Fusion Monsters you control with card effects, also they cannot be destroyed by your opponent's card effects.$Supports archetypes /Cyber Dragon $$Activates if destroyed by battle/Activates if destroyed by card effect/Activates from your Graveyard$Continuous/Trigger/Ignition$
29719112$Cyber Pharos$Unlimited$LIGHT$[Machine/Effect]$$$$$1$0$2100$$$$You can Special Summon this card (from your hand) by Tributing 1 Machine monster. Once per turn, during your Main Phase: You can Fusion Summon 1 Machine Fusion Monster from your Extra Deck, using monsters from your hand and/or field as material. When a Fusion Monster you control is destroyed by battle: You can banish this card from your GY; add 1 "Power Bond" from your Deck to your hand. You can only use this effect of "Cyber Pharos" once per turn.$Machine/Fusion Monster/Power Bond$$Tributes for cost/Uses cards in the hand as Fusion Materials/Uses cards on the player's field as Fusion Materials/Sends from your hand to your Graveyard/Sends from your field to your Graveyard/Activates if destroyed by battle/Activates from your Graveyard/Adds from Deck to hand$Summon/Ignition/Trigger/Condition$
55704856$Cyberload Fusion$Unlimited$SPELL$$$$$$$$$Quick-Play$$$Fusion Summon 1 Fusion Monster from your Extra Deck that lists a "Cyber Dragon" monster as material, by shuffling the Fusion Materials listed on it into the Deck, from among your cards on the field and/or your face-up banished cards, but monsters you control cannot attack for the rest of this turn, except that Fusion Summoned monster. You can only activate 1 "Cyberload Fusion" per turn.$Supports archetypes /Cyber Dragon $$Uses cards on the player's field as Fusion Materials/Uses the player's banished cards as Fusion Materials/Returns the player's banished cards to the Deck by effect/Returns the player's banished cards to the Extra Deck/Returns Fusion Materials used in a Fusion Summon to Deck$Effect/Condition$
81193865$Super Strident Blaze$Unlimited$SPELL$$$$$$$$$Equip$$$Equip only to a Machine Fusion Monster. Your opponent cannot activate cards or effects during your Battle Phase. At the end of the Damage Step, if the equipped monster attacked an opponent's monster: You can banish 1 "Cyber Dragon" monster from your GY; the equipped monster can attack an opponent's monster again in a row. Your other monsters cannot attack the turn you activate this effect.$Supports archetypes /Cyber Dragon $$$Condition/Continuous-like/Trigger-like$
$Cybernetic Revolution$$TRAP$$$$$$$$$$$$Tribute 1 "Cyber Dragon"; Special Summon 1 Fusion Monster from your Extra Deck that lists a "Cyber Dragon" monster as material, but it cannot attack directly, and is destroyed during the End Phase of the next turn. You can only activate 1 "Cybernetic Revolution" per turn.$$$$$
01546123$Cyber End Dragon$Unlimited$LIGHT$[Machine/Fusion/Effect]$$$$$10$4000$2800$$"Cyber Dragon" + "Cyber Dragon" + "Cyber Dragon"$$A Fusion Summon of this card can only be done with the above Fusion Materials. If this card attacks a Defense Position monster, inflict piercing battle damage.$$$$Summon/Continuous$
74157028$Cyber Twin Dragon$Unlimited$LIGHT$[Machine/Fusion/Effect]$$$$$8$2800$2100$$"Cyber Dragon" + "Cyber Dragon"$$A Fusion Summon of this card can only be done with the above Fusion Materials. This card can make a second attack during each Battle Phase.$$$$Summon/Continuous$
84058253$Chimeratech Rampage Dragon$Unlimited$DARK$[Machine/Fusion/Effect]$$$$$5$2100$1600$$2+ "Cyber Dragon" monsters$$A Fusion Summon of this card can only be done with the above Fusion Materials. When this card is Fusion Summoned: You can target Spells/Traps on the field, up to the number of materials used for its Fusion Summon; destroy them. Once per turn: You can send up to 2 LIGHT Machine monsters from your Deck to the GY, and if you do, for each monster sent to the GY, this card gains 1 additional attack during each Battle Phase this turn.$Supports archetypes /Cyber Dragon $$Activates upon Fusion Summon/Sends from your Deck to your Graveyard$Summon/Trigger/Ignition$
59281922$Cyber Dragon Drei$Unlimited$LIGHT$[Machine/Effect]$$$$$4$1800$800$$$$This card's name becomes "Cyber Dragon" while on the field or in the GY. When this card is Normal Summoned: You can make all "Cyber Dragon" you currently control become Level 5. You cannot Special Summon monsters the turn you activate this effect, except Machine monsters. If this card is banished: You can target 1 "Cyber Dragon" you control; it cannot be destroyed by battle or card effects this turn.$Cyber Dragon/Machine$$Activates upon Normal Summon/Activates while banished$Trigger/Condition/Unclassified$
86686671$Cyber Repair Plant$Unlimited$SPELL$$$$$$$$$$$$If "Cyber Dragon" is in your GY: You can activate 1 of these effects. If you have 3 or more "Cyber Dragon" in your GY at this card's activation, you can activate both effects and resolve in sequence. You can only activate 1 "Cyber Repair Plant" per turn.●Add 1 LIGHT Machine monster from your Deck to your hand.●Target 1 LIGHT Machine monster in your GY; shuffle that target into your Deck.$Cyber Dragon/LIGHT/Machine$$Adds from Deck to hand/Returns from Graveyard to Deck$Activation requirement/Effect/Condition$
37630732$Power Bond$Unlimited$SPELL$$$$$$$$$$$$Fusion Summon 1 Machine Fusion Monster from your Extra Deck, using monsters from your hand or field as Fusion Material, and it gains ATK equal to its original ATK. During the End Phase of the turn this card is activated, you take damage equal to the amount of ATK gained from this effect at the time of the Summon.$Machine/Fusion Monster$$Sends from your hand to your Graveyard/Sends from your field to your Graveyard/Uses cards in the hand as Fusion Materials/Uses cards on the player's field as Fusion Materials$Effect/Lingering$
54082269$Blackwing Full Armor Master$Unlimited$DARK$[Winged Beast/Synchro/Effect]$$$$$10$3000$3000$$1 "Blackwing" Tuner + 1+ non-Tuner monsters$$Unaffected by other cards' effects. Each time an opponent's monster activates its effect, place 1 Wedge Counter on that opponent's monster (max. 1) after that effect resolves. Once per turn: You can target 1 monster your opponent controls with a Wedge Counter; take control of it. Once per turn, during your End Phase: You can destroy all monsters on the field that have a Wedge Counter.$$$Changes control$Continuous/Ignition/Trigger$
81470373$Blackwing - Simoon the Poison Wind$Unlimited$DARK$[Winged Beast/Effect]$$$$$6$1600$2000$$$$If you control no monsters and have this card in your hand: You can banish 1 other "Blackwing" monster from your hand; place 1 "Black Whirlwind" from your Deck face-up in your Spell & Trap Zone, then, either send this card to the GY, or immediately after this effect resolves, Normal Summon it without Tributing. You cannot Special Summon monsters from the Extra Deck for the rest of this turn, except DARK monsters. You can only use this effect of "Blackwing - Simoon the Poison Wind" once per turn. During the End Phase, send the "Black Whirlwind" placed by this effect to the GY, and if you do, take 1000 damage.$Supports archetypes /Blackwing$$Places cards from Deck in Spell & Trap Zone/Sends itself from hand to Graveyard/Sends from your field to your Graveyard$Ignition/Lingering/Condition$
17465972$Blackwing - Auster the South Wind$Unlimited$DARK$[Winged Beast/Tuner/Effect]$$$$$4$1300$0$$$$Cannot be Special Summoned. When this card is Normal Summoned: You can target 1 of your banished Level 4 or lower "Blackwing" monsters; Special Summon it in Defense Position. You can banish this card from the GY to activate 1 of the following effects;●Place Black Feather Counter(s) on 1 "Black-Winged Dragon" you control, equal to the number of card(s) your opponent controls.●Place 1 Wedge Counter on each face-up monster your opponent controls that does not have one.$Supports archetypes /Blackwing$$Activates upon Normal Summon$Summon/Trigger/Ignition$
53860621$Glowing Crossbow$Unlimited$SPELL$$$$$$$$$Equip$$$Equip only to a "Blackwing" monster. It gains 500 ATK/DEF. You can only use each of the following effects of "Glowing Crossbow" once per turn.●If the equipped monster destroys an opponent's monster by battle: You can discard 1 random card from your opponent's hand.●If this card is sent to the GY because the equipped monster was used as a Synchro Material: You can add this card from the GY to your hand.$Supports archetypes /Blackwing$$Activates when it destroys a monster by battle/Your opponent discards/Activates from your Graveyard/Returns itself from Graveyard to hand$Condition/Continuous-like/Trigger-like$
80254726$Blackbird Close$Unlimited$TRAP$$$$$$$$$Counter$$$When a monster your opponent controls activates its effect: You can send 1 face-up "Blackwing" monster you control to the GY; negate the activation, and if you do, destroy it, then, you can Special Summon 1 "Black-Winged Dragon" from your Extra Deck. If you control a "Blackwing" Synchro Monster or "Black-Winged Dragon", you can activate this card from your hand.$Supports archetypes /Blackwing$$Sends from field to Graveyard for cost$Activation requirement/Cost/Effect/Condition$
09012916$Black-Winged Dragon$Unlimited$DARK$[Dragon/Synchro/Effect]$$$$$8$2800$1600$$1 Tuner + 1+ non-Tuner monsters$$If you would take damage from a card effect, place 1 Black Feather Counter on this card instead. This card loses 700 ATK for each Black Feather Counter on it. Once per turn: You can remove all Black Feather Counters from this card, then target 1 face-up monster your opponent controls; that target loses 700 ATK for each Black Feather Counter removed, and if it does, inflict damage to your opponent equal to the ATK lost by this effect.$$$$Continuous/Ignition$
49003716$Blackwing - Bora the Spear$Unlimited$DARK$[Winged Beast/Effect]$$$$$4$1700$800$$$$If you control a "Blackwing" monster other than "Blackwing - Bora the Spear", you can Special Summon this card (from your hand). If this card attacks a Defense Position monster, inflict piercing battle damage.$Supports archetypes /Blackwing$$$Summon/Continuous$
73652465$Blackwing - Oroshi the Squall$Unlimited$DARK$[Winged Beast/Tuner/Effect]$$$$$1$400$600$$$$If you control a "Blackwing" monster other than "Blackwing - Oroshi the Squall", you can Special Summon this card (from your hand). You can only Special Summon "Blackwing - Oroshi the Squall" once per turn this way. If this card is sent to the GY as a Synchro Material: You can target 1 monster on the field; change that target's battle position.$Supports archetypes /Blackwing$$Activates from your hand/Activates from your Graveyard/Activates if used as Synchro Material/Changes battle positions$Summon/Condition/Trigger$
14785765$Blackwing - Zephyros the Elite$Unlimited$DARK$[Winged Beast/Effect]$$$$$4$1600$1000$$$$If this card is in your GY: You can return 1 face-up card you control to the hand; Special Summon this card, and if you do, take 400 damage. You can only use this effect of "Blackwing - Zephyros the Elite" once per Duel.$$$Activates from your Graveyard/Returns from field to hand for cost/Returns from your field to your hand$Ignition/Condition$
91351370$Black Whirlwind$Unlimited$SPELL$$$$$$$$$Continuous$$$When a "Blackwing" monster is Normal Summoned to your field: You can add 1 "Blackwing" monster from your Deck to your hand with less ATK than that monster.$Supports archetypes /Blackwing$$Activates upon Normal Summon/Adds from Deck to hand$Trigger-like$
59839761$Delta Crow - Anti Reverse$Unlimited$TRAP$$$$$$$$$$$$If you control a "Blackwing" monster: Destroy all face-down Spells and Traps your opponent controls. If you control exactly 3 "Blackwing" monsters, you can activate this card from your hand.$Supports archetypes /Blackwing$$$Activation requirement/Effect/Condition$
16643334$Starliege Photon Blast Dragon$Unlimited$LIGHT$[Dragon/Xyz/Effect]$$$4$$$1800$2500$$2 Level 4 monsters$$If this card is Xyz Summoned: You can Special Summon 1 "Photon" monster from your hand. While this Xyz Summoned monster is on the field, your opponent cannot target monsters you control with 2000 or more ATK with card effects, also they cannot be destroyed by your opponent's card effects. Once per opponent's turn (Quick Effect): You can detach 1 material from this card, then target 1 of your "Galaxy-Eyes Photon Dragon" that is banished or in your GY; Special Summon it.$Supports archetypes /Photon$$Activates upon Xyz Summon$Trigger/Continuous/Quick$
43147039$Photon Vanisher$Unlimited$LIGHT$[Warrior/Effect]$$$$$4$2000$0$$$$Cannot be Normal Summoned/Set. Must first be Special Summoned (from your hand) while you control a "Photon" or "Galaxy" monster. Cannot attack the turn it is Special Summoned. You can only Special Summon "Photon Vanisher(s)" once per turn. If this card is Special Summoned: You can add 1 "Galaxy-Eyes Photon Dragon" from your Deck to your hand. An Xyz Monster that was Summoned using this card on the field as material gains this effect.●Banish any monster destroyed by battle with this card.$Supports archetypes /Galaxy/Photon$$Activates upon Special Summon/Adds from Deck to hand/Grants effect as Xyz Material$Summon/Condition/Trigger/Continuous/Unclassified$
89132148$Photon Orbital$Unlimited$LIGHT$[Machine/Effect]$$$$$4$500$2000$$$$During your Main Phase: You can target 1 "Photon" or "Galaxy" monster you control; equip this monster from your hand or field to that target. It gains 500 ATK, also it cannot be destroyed by battle. You can send this Equip Card to the GY; add 1 "Photon" or "Galaxy" monster from your Deck to your hand, except "Photon Orbital". You can only use this effect of "Photon Orbital" once per turn.$Supports archetypes /Photon/Galaxy$$Activates from your hand/Equips self from hand/Equips self from field/Sends itself from field to Graveyard for cost/Adds from Deck to hand$Ignition/Continuous-like/Ignition-like/Condition$
15520842$Photon Hand$Unlimited$SPELL$$$$$$$$$$$$If you control a "Photon" or "Galaxy" monster: Pay 1000 LP, then target 1 monster your opponent controls; take control of it. If you do not control "Galaxy-Eyes Photon Dragon" at activation, you can only target an Xyz Monster. You can only activate 1 "Photon Hand" per turn.$Supports archetypes /Photon/Galaxy$Xyz Monster$Changes control$Effect/Condition$
42925441$Photon Change$Unlimited$TRAP$$$$$$$$$Continuous$$$Send this card to the GY during your 2nd Standby Phase after activation. You can only use the following effect of "Photon Change" once per turn. Send 1 "Photon" or "Galaxy" monster you control to the GY to activate 1 of these effects, or, if you send "Galaxy-Eyes Photon Dragon", you can activate both, in sequence;●Special Summon 1 "Photon" monster from your Deck with a different original name than the sent monster.●Add 1 "Photon" card from your Deck to your hand, except "Photon Change".$Supports archetypes /Photon/Galaxy$$Sends itself from field to Graveyard/Sends from field to Graveyard for cost/Adds from Deck to hand$Condition/Quick-like$
93717133$Galaxy-Eyes Photon Dragon$Unlimited$LIGHT$[Dragon/Effect]$$$$$8$3000$2500$$$$You can Special Summon this card (from your hand) by Tributing 2 monsters with 2000 or more ATK. During the Battle Step, if this card battles an opponent's monster (Quick Effect): You can target that opponent's monster; banish both this card from the field and that target. Return those banished monsters to the field at the end of the Battle Phase, and if you banished an Xyz Monster, this card gains 500 ATK for each material it had when it was banished.$$Xyz Material/Xyz Monster$Tributes for cost/Returns banished cards to the field/Returns itself to the field while banished$Summon/Quick$
35950025$Galaxy Knight$Unlimited$LIGHT$[Warrior/Effect]$$$$$8$2800$2600$$$$If you control a "Photon" or "Galaxy" monster, you can Normal Summon this card without Tributing. If Summoned this way: Target 1 "Galaxy-Eyes Photon Dragon" in your GY (if possible); regardless, this card loses 1000 ATK, and if it does, Special Summon that target (if any) in Defense Position. This ATK decrease lasts until the end of this turn.$Supports archetypes /Photon/Galaxy$$$Summon/Trigger$
65367484$Photon Thrasher$Unlimited$LIGHT$[Warrior/Effect]$$$$$4$2100$0$$$$Cannot be Normal Summoned/Set. Must first be Special Summoned (from your hand) while you control no monsters. Cannot attack if you control another monster.$$$$Summon/Continuous$
01362589$Photon Crusher$Unlimited$LIGHT$[Warrior/Effect]$$$$$4$2000$0$$$$If this card attacks, it is changed to Defense Position at the end of the Damage Step.$$$Changes battle positions$Continuous$
35112613$Kuriphoton$Unlimited$LIGHT$[Fiend/Effect]$$$$$1$300$200$$$$(Quick Effect): You can send this card from your hand to the GY and pay 2000 LP; you take no damage this turn. If this card is in your GY: You can send 1 "Photon" monster from your hand to the GY, except "Kuriphoton"; add this card from your GY to your hand. You can only use this effect of "Kuriphoton" once per turn.$Supports archetypes /Photon$$Sends itself from hand to Graveyard for cost/Sends from hand to Graveyard for cost/Activates from your Graveyard/Returns itself from Graveyard to hand$Quick/Ignition/Condition$
34838437$Accellight$Unlimited$SPELL$$$$$$$$$$$$If you control no monsters: Special Summon 1 Level 4 or lower "Photon" or "Galaxy" monster from your Deck. You can only activate 1 "Accellight" per turn. You cannot Normal Summon/Set during the turn you activate this card.$Supports archetypes /Photon/Galaxy$$$Activation requirement/Effect/Condition$
78310590$Abyss Actor - Mellow Madonna$Unlimited$DARK$[Fiend/Pendulum/Effect]$$$$0$7$1800$2500$$$You can pay 1000 LP; add 1 "Abyss Actor" Pendulum Monster from your Deck to your hand, except "Abyss Actor - Mellow Madonna", also you cannot Special Summon monsters for the rest of this turn, except "Abyss Actor" Pendulum Monsters (even if this card leaves the field). You can only use this effect of "Abyss Actor - Mellow Madonna" once per turn.$Gains 100 ATK for each "Abyss Script" Spell in your GY. You can only use each of the following effects of "Abyss Actor - Mellow Madonna" once per turn.●When a Pendulum Monster you control is destroyed by battle: You can Special Summon this card from your hand.●If an "Abyss Script" Spell Card or effect is activated: You can Special Summon 1 Level 4 or lower "Abyss Actor" Pendulum Monster from your Deck, but return it to the hand during the End Phase.$Supports archetypes /Abyss Actor/Abyss Script$$Adds from Deck to hand/Activates if destroyed by battle/Returns from your field to your hand$Pendulum Effect /Ignition-like/Condition/Monster Effect/Continuous/Trigger$
15308295$Abyss Actor - Comic Relief$Unlimited$DARK$[Fiend/Pendulum/Effect]$$$$8$3$1000$2000$$$You can target 1 "Abyss Actor" Pendulum Monster you control and 1 monster your opponent controls; switch control of both monsters, then destroy this card. You can only use this effect of "Abyss Actor - Comic Relief" once per turn.$You take no battle damage from attacks involving this card. Once per turn, during your Standby Phase: Give control of this card to your opponent. Once per turn, if control of this face-up card changes: Activate this effect; the owner of this card can destroy 1 Set "Abyss Script" Spell in their Spell & Trap Zone.$Supports archetypes /Abyss Actor/Abyss Script$$Changes control$Pendulum Effect /Ignition-like/Monster Effect/Continuous/Trigger$
41803903$Abyss Script - Romantic Terror$Unlimited$SPELL$$$$$$$$$Quick-Play$$$Return 1 "Abyss Actor" Pendulum Monster you control to the hand, and if you do, Special Summon from your Extra Deck in Defense Position, 1 face-up "Abyss Actor" Pendulum Monster with a different original name from that monster. If this Set card in its owner's control is destroyed by an opponent's card effect, and you have a face-up "Abyss Actor" Pendulum Monster in your Extra Deck: You can Set any number of "Abyss Script" Spells directly from your Deck. You can only activate 1 "Abyss Script - Romantic Terror" per turn.$Supports archetypes /Abyss Actor/Abyss Script$$Returns from your field to your hand/Activates if destroyed while Set/Sets from your Deck$Effect/Trigger-like$
77297908$Abyss Playhouse - Fantastic Theater$Unlimited$SPELL$$$$$$$$$Field$$$You can reveal 1 "Abyss Actor" Pendulum Monster and 1 "Abyss Script" Spell in your hand; add 1 "Abyss Script" Spell from your Deck to your hand, with a different name than that revealed Spell. While you control a Pendulum Summoned "Abyss Actor" Pendulum Monster, any monster effect activated by your opponent becomes "Destroy 1 Set Spell/Trap your opponent controls". You can only use each effect of "Abyss Playhouse - Fantastic Theater" once per turn.$Supports archetypes /Abyss Actor/Abyss Script$Effect Monster$Reveals your hand for cost/Adds from Deck to hand/Overwrites card effects$Ignition-like/Continuous-like$
04682617$Abyss Actors' Curtain Call$Unlimited$TRAP$$$$$$$$$$$$If an "Abyss Script" Spell Card or effect is activated this turn: Add face-up "Abyss Actor" Pendulum Monsters from your Extra Deck to your hand, up to the number of "Abyss Script" Spells in your GY. Then, you can Special Summon "Abyss Actor" Pendulum Monsters from your hand with different names, up to the number of monsters added to the hand by this effect. You cannot Special Summon monsters for the rest of this turn, except "Abyss Actor" Pendulum Monsters. You can only activate 1 "Abyss Actors' Curtain Call" per turn.$Supports archetypes /Abyss Actor/Abyss Script$$Adds from Extra Deck to hand$Activation requirement/Effect/Lingering/Condition$
25629622$Abyss Actor - Superstar$Unlimited$DARK$[Fiend/Pendulum/Effect]$$$$3$7$2500$1800$$$Once per turn: You can Tribute 1 "Abyss Actor" monster, then target 1 "Abyss Script" Spell in your GY; add it to your hand.$When Normal or Special Summoned, your opponent's Spell/Trap Cards and effects cannot be activated. Once per turn: You can Set 1 "Abyss Script" Spell directly from your Deck, but it is sent to the GY during the End Phase.$Supports archetypes /Abyss Actor/Abyss Script$$Tributes for cost/Adds from Graveyard to hand/Sets from your Deck/Sends from your field to your Graveyard$Pendulum Effect /Ignition-like/Monster Effect/Continuous/Ignition$
24907044$Abyss Actor - Leading Lady$Unlimited$DARK$[Fiend/Pendulum/Effect]$$$$2$4$1500$1000$$$Once per turn, when you take battle damage from an opponent's attacking monster: You can activate 1 of these effects;●That opponent's monster loses ATK equal to the damage you took (even if this card leaves the field).●Add 1 face-up "Abyss Actor" Pendulum Monster from your Extra Deck to your hand with ATK less than or equal to the damage you took.$Once per turn, when battle damage is inflicted: You can target 1 face-up monster your opponent controls; it loses ATK equal to that battle damage. When this card is destroyed by battle, or if this card in its owner's Monster Zone is destroyed by an opponent's card effect: You can Set 1 "Abyss Script" Spell directly from your Deck.$Supports archetypes /Abyss Actor/Abyss Script$$Adds from Extra Deck to hand/Activates if destroyed by battle/Activates if destroyed by card effect/Sets from your Deck$Pendulum Effect /Trigger-like/Monster Effect/Trigger$
39024589$Abyss Actor - Trendy Understudy$Unlimited$DARK$[Fiend/Pendulum/Effect]$$$$8$2$700$700$$$When you Pendulum Summon a monster: You can add 1 face-up Level 1 or 8 "Abyss Actor" Pendulum Monster from your Extra Deck to your hand.$If you have 2 "Abyss Actor" cards in your Pendulum Zones: You can Tribute this card; Special Summon 1 Level 1 or 8 "Abyss Actor" Pendulum Monster from your hand or face-up from your Extra Deck. You can only use this effect of "Abyss Actor - Trendy Understudy" once per turn.$Supports archetypes /Abyss Actor$$Adds from Extra Deck to hand/Tributes itself for cost$Pendulum Effect /Trigger-like/Monster Effect/Ignition/Condition$
23784496$Abyss Script - Opening Ceremony$Unlimited$SPELL$$$$$$$$$$$$Gain 500 LP for each "Abyss Actor" monster you control. If this Set card in its owner's control is destroyed by an opponent's card effect, and you have a face-up "Abyss Actor" Pendulum Monster in your Extra Deck: You can draw until you have 5 cards in your hand. You can only use each effect of "Abyss Script - Opening Ceremony" once per turn.$Supports archetypes /Abyss Actor$$Activates if destroyed while Set/Activates from your Graveyard/You draw cards$Effect/Trigger-like/Condition$
13662809$Abyss Script - Rise of the Abyss King$Unlimited$SPELL$$$$$$$$$$$$Target face-up cards on the field, up to the number of Attack Position "Abyss Actor" monsters with different names you control; destroy them. If you control a Level 7 or higher "Abyss Actor" monster, your opponent cannot activate cards or effects in response to this card's activation. If this Set card in its owner's control is destroyed by an opponent's card effect, and you have a face-up "Abyss Actor" Pendulum Monster in your Extra Deck: You can add up to 2 "Abyss Actor" cards and/or "Abyss Script" Spells with different names from your Deck to your hand.$Supports archetypes /Abyss Actor/Abyss Script$$Activates if destroyed while Set/Activates from your Graveyard/Adds from Deck to hand$Effect/Condition/Trigger-like$
59057953$Abyss Actors Back Stage$Unlimited$TRAP$$$$$$$$$$$$If you have 2 "Abyss Actor" cards in your Pendulum Zones: Add 2 "Abyss Actor" Pendulum Monsters with different names from your Deck to your Extra Deck face-up. You can only activate 1 "Abyss Actors Back Stage" per turn.$Supports archetypes /Abyss Actor$$Adds from Deck to Extra Deck$Activation requirement/Effect/Condition$
