Passcode$Name$Status$Attribute$type$link$link_arrows$rank$pendulum_scale$level$attack$defense$spell_attribute$summoning_condition$pendulum_condition$card_text$card_supports$card_anti_supports$card_actions$effect_types$
64203620$Jormungardr the Nordic Serpent$Unlimited$DARK$[Dragon/Effect]$$$$$8$3000$3000$$$$Cannot be Normal Summoned/Set. If an "Aesir" monster is on the field, you can Special Summon this card (from your hand) to your opponent's side of the field in Defense Position. If an "Aesir" monster is not on the field, destroy this card. If this face-up Defense Position card you control is changed to face-up Attack Position: Take 3000 damage. This effect can only be used once while this card is face-up on the field.$Supports archetypes /Aesir$$Activates from your hand$Summon/Continuous/Trigger/Condition$
91697229$Fenrir the Nordic Wolf$Unlimited$DARK$[Beast/Effect]$$$$$10$4000$4000$$$$Cannot be Normal Summoned/Set. During your Main Phase 2, if an "Aesir" monster is on the field, you can Special Summon this card (from your hand) to your opponent's side of the field in Defense Position. If an "Aesir" monster is not on the field, destroy this card. At the start of your Battle Phase: Change all Defense Position monsters you control to face-up Attack Position. Both players take any battle damage from attacks involving this card.$Supports archetypes /Aesir$$Activates from your hand/Changes battle positions$Summon/Continuous/Trigger$
27196937$Stardust Flash$Unlimited$TRAP$$$$$$$$$$$$Target 1 "Stardust" monster in your GY; Special Summon it.$Supports archetypes /Stardust $$$Effect$
73580471$Black Rose Dragon$Unlimited$FIRE$[Dragon/Synchro/Effect]$$$$$7$2400$1800$$1 Tuner + 1+ non-Tuner monsters$$When this card is Synchro Summoned: You can destroy all cards on the field. Once per turn: You can banish 1 Plant monster from your GY, then target 1 Defense Position monster your opponent controls; change that target to face-up Attack Position, and if you do, its ATK becomes 0 until the end of this turn.$Plant$$Activates upon Synchro Summon/Changes battle positions$Trigger/Ignition$
35952884$Shooting Quasar Dragon$Unlimited$LIGHT$[Dragon/Synchro/Effect]$$$$$12$4000$4000$$1 Tuner Synchro Monster + 2 or more non-Tuner Synchro Monsters$$Must be Synchro Summoned, and cannot be Special Summoned by other ways. This card's maximum number of attacks per turn equals the number of non-Tuner monsters used as its Synchro Material. Once per turn, when a card or effect is activated: You can negate the activation and destroy it. When this card leaves the field: You can Special Summon 1 "Shooting Star Dragon" from your Extra Deck.$Synchro Monster/Shooting Star Dragon$$Activates when it leaves the field$Summon/Continuous/Quick/Trigger$
