Passcode$Name$Status$Attribute$type$link$link_arrows$rank$pendulum_scale$level$attack$defense$spell_attribute$summoning_condition$pendulum_condition$card_text$card_supports$card_anti_supports$card_actions$effect_types$
74677422$Red-Eyes Black Dragon$Unlimited$DARK$[Dragon/Normal]$$$$$7$2400$2000$$$$A ferocious dragon with a deadly attack.$$$$$
30079770$Red-Eyes Black Flare Dragon$Unlimited$DARK$[Dragon/Gemini/Effect]$$$$$7$2400$2000$$$$This card is treated as a Normal Monster while face-up on the field or in the Graveyard. While this card is a Normal Monster on the field, you can Normal Summon it to have it become an Effect Monster with this effect.●If damage calculation is performed involving this card, at the end of the Battle Phase: You can inflict damage to your opponent equal to this card's original ATK. You can only use this effect of "Red-Eyes Black Flare Dragon" once per turn.$$$$Unclassified/Condition/Trigger$
39357122$Red-Eyes Archfiend of Lightning$Unlimited$DARK$[Fiend/Gemini/Effect]$$$$$6$2500$1200$$$$This card is treated as a Normal Monster while face-up on the field or in the Graveyard. While this card is a Normal Monster on the field, you can Normal Summon it to have it become an Effect Monster with this effect.●Once per turn: You can destroy all face-up monsters your opponent controls with DEF lower than this card's ATK.$$$$Unclassified/Condition/Ignition$
53485634$Red-Eyes Retro Dragon$Unlimited$DARK$[Dragon/Effect]$$$$$4$1700$1600$$$$If a Level 7 or lower "Red-Eyes" monster(s) you control is destroyed by your opponent's attack or card effect and sent to your GY, while this card is in your hand: You can Special Summon this card in Defense Position, and if you do, Special Summon as many of those destroyed monsters as possible in the same position they were in when destroyed. You can Tribute this card; you can Normal Summon 1 "Red-Eyes" monster during your Main Phase this turn in addition to your Normal Summon/Set. (You can only gain this effect once per turn.)$Supports archetypes /Red-Eyes$$Activates from your hand/Activates if destroyed by battle/Activates if destroyed by card effect/Tributes itself for cost$Trigger/Ignition$
66574418$The Black Stone of Legend$Unlimited$DARK$[Dragon/Effect]$$$$$1$0$0$$$$You can Tribute this card; Special Summon 1 Level 7 or lower "Red-Eyes" monster from your Deck. If this card is in your GY: You can target 1 Level 7 or lower "Red-Eyes" monster in your GY; shuffle it into the Deck, and if you do, add this card to your hand. You can only use 1 "The Black Stone of Legend" effect per turn, and only once that turn.$Supports archetypes /Red-Eyes$$Tributes itself for cost/Returns from your Graveyard to your Deck/Returns itself from Graveyard to hand/Activates from your Graveyard$Ignition/Condition$
93969023$Black Metal Dragon$Unlimited$DARK$[Dragon/Effect]$$$$$1$600$600$$$$You can target 1 "Red-Eyes" monster you control; equip this monster from your hand or field to that target. It gains 600 ATK. If this card is sent from the field to the GY: You can add 1 "Red-Eyes" card from your Deck to your hand.$Supports archetypes /Red-Eyes$$Activates from your hand/Equips self from hand/Equips self from field/Activates from your Graveyard/Adds from Deck to hand$Ignition/Continuous-like/Trigger$
48305365$Axe Raider$Unlimited$EARTH$[Warrior/Normal]$$$$$4$1700$1150$$$$An axe-wielding monster of tremendous strength and agility.$$$$$
64428736$Alligator's Sword$Unlimited$EARTH$[Beast/Normal]$$$$$4$1500$1200$$$$ey, dis mighty lissard man can swing his sword so fast, dat it's more dan da speed a sound!$$$$$
88819587$Baby Dragon$Unlimited$WIND$[Dragon/Normal]$$$$$3$1200$700$$$$Much more than just a child, this dragon is gifted with untapped power.$$$$$
77585513$Jinzo$Unlimited$DARK$[Machine/Effect]$$$$$6$2400$1500$$$$Trap Cards, and their effects on the field, cannot be activated. Negate all Trap effects on the field.$$$$Continuous$
78658564$Goblin Attack Force$Unlimited$EARTH$[Warrior/Effect]$$$$$4$2300$0$$$$If this card attacks, it is changed to Defense Position at the end of the Battle Phase, and its battle position cannot be changed until the End Phase of your next turn.$$$Changes battle positions/Prevents Battle Position changes$Continuous$
00423705$Gearfried the Iron Knight$Unlimited$EARTH$[Warrior/Effect]$$$$$4$1800$1600$$$$If either player equips an Equip Card(s) to this card: Destroy that Equip Card(s).$$Equip Card$$Trigger$
30860696$Rocket Warrior$Unlimited$LIGHT$[Warrior/Effect]$$$$$4$1500$1300$$$$During your Battle Phase, this card cannot be destroyed by battle and you take no battle damage from attacks involving this card. If this card attacks a monster, after damage calculation: That attack target loses 500 ATK until the end of this turn.$$$$Continuous/Trigger$
50903514$Blue Flame Swordsman$Unlimited$FIRE$[Warrior/Effect]$$$$$4$1800$1600$$$$Once per turn, during either player's Battle Phase: You can target 1 other Warrior-Type monster you control; this card loses exactly 600 ATK, and if it does, that monster gains 600 ATK. When this card you control is destroyed by your opponent's card (by battle or card effect) and sent to your Graveyard: You can banish this card from your Graveyard, then target 1 FIRE Warrior-Type monster in your Graveyard; Special Summon that target.$Warrior/FIRE$$Activates if destroyed by battle/Activates if destroyed by card effect/Activates from your Graveyard$Quick/Trigger$
71625222$Time Wizard$Unlimited$LIGHT$[Spellcaster/Effect]$$$$$2$500$400$$$$Once per turn: You can toss a coin and call it. If you call it right, destroy all monsters your opponent controls. If you call it wrong, destroy as many monsters you control as possible, and if you do, take damage equal to half the total ATK those destroyed monsters had while face-up on the field.$$$$Ignition$
69488544$Phoenix Gearfried$Unlimited$FIRE$[Warrior/Gemini/Effect]$$$$$8$2800$2200$$$$This card is treated as a Normal Monster while face-up on the field or in the Graveyard. While this card is a Normal Monster on the field, you can Normal Summon it to have it become an Effect Monster with this effect.●If your opponent activates a Spell Card: You can target 1 Gemini monster in your Graveyard; Special Summon that target. During either player's turn, when a Spell/Trap Card is activated that targets a monster(s) on the field: You can send 1 face-up Equip Card you control to the Graveyard; negate the activation, and if you do, destroy it.$Gemini monster/Equip Card$$Sends from your field to your Graveyard for cost$Unclassified/Condition/Trigger/Quick$
19041767$Gemini Summoner$Unlimited$WATER$[Spellcaster/Effect]$$$$$4$1500$0$$$$Once per turn, during your opponent's End Phase: You can pay 500 LP; Normal Summon/Set 1 Gemini monster from your hand or Normal Summon 1 face-up Gemini monster you control. The first time this card would be destroyed by battle each turn, it is not destroyed.$Gemini monster$$$Trigger/Continuous$
16984449$Blazewing Butterfly$Unlimited$FIRE$[Insect/Gemini/Effect]$$$$$4$1500$1500$$$$This card is treated as a Normal Monster while face-up on the field or in the Graveyard. While this card is a Normal Monster on the field, you can Normal Summon it to have it become an Effect Monster with this effect.●You can Tribute this card, then target 1 Gemini monster in your Graveyard, except "Blazewing Butterfly"; Special Summon that target, and if you do, it becomes an Effect Monster, and gains its effect.$Gemini monster$$Tributes itself for cost$Unclassified/Condition/Ignition$
83269557$Dark Valkyria$Unlimited$DARK$[Fairy/Gemini/Effect]$$$$$4$1800$1050$$$$This card is treated as a Normal Monster while face-up on the field or in the Graveyard. While this card is a Normal Monster on the field, you can Normal Summon it to have it become an Effect Monster with this effect.●Once, while this card is face-up on the field: You can place 1 Spell Counter on it. This card gains 300 ATK for each Spell Counter on it. You can remove 1 Spell Counter from this card, then target 1 monster on the field; destroy that target.$$$$Unclassified/Condition/Ignition/Continuous$
10375182$Command Knight$Unlimited$FIRE$[Warrior/Effect]$$$$$4$1200$1900$$$$All Warrior monsters you control gain 400 ATK. If you control another monster, monsters your opponent controls cannot target this card for attacks.$Warrior$$$Continuous$
99348756$Valkyrian Knight$Unlimited$FIRE$[Warrior/Effect]$$$$$4$1900$1200$$$$Monsters your opponent controls cannot target face-up Warrior-Type monsters for attacks, except "Valkyrian Knight". When this card is destroyed by battle and sent to the Graveyard: You can banish 1 Warrior-Type monster and this card from your Graveyard, then target 1 Level 5 or higher Warrior-Type monster in your Graveyard; Special Summon that target.$Warrior$$Activates from your Graveyard$Continuous/Trigger$
66752837$Keeper of the Shrine$Unlimited$DARK$[Dragon/Effect]$$$$$4$0$2100$$$$This card can be treated as 2 Tributes for the Tribute Summon of a Dragon monster. While this card is in your hand or GY, if a face-up Dragon monster on the field, except "Keeper of the Shrine", is sent to the GY by a card effect or because it was destroyed by battle: You can Special Summon this card, then, if that monster sent to the GY is a Normal Monster, you can add 1 Dragon Normal Monster from your GY to your hand. You can only use this effect of "Keeper of the Shrine" once per turn.$Dragon/Normal Monster$$Activates if destroyed by battle/Activates if destroyed by card effect/Activates from your hand/Activates from your Graveyard/Adds from Graveyard to hand$Unclassified/Trigger/Condition$
52684508$Inferno Fire Blast$Unlimited$SPELL$$$$$$$$$$$$Target 1 "Red-Eyes Black Dragon" in your Monster Zone; inflict damage to your opponent equal to the original ATK of that "Red-Eyes Black Dragon". "Red-Eyes Black Dragon" cannot attack the turn you activate this card.$Red-Eyes Black Dragon$$$Effect/Condition$
06172122$Red-Eyes Fusion$Unlimited$SPELL$$$$$$$$$$$$Fusion Summon 1 Fusion Monster that lists a "Red-Eyes" monster as material from your Extra Deck, using monsters from your hand, Deck, or field as Fusion Material, and if you do, its name becomes "Red-Eyes Black Dragon". You cannot Normal or Special Summon other monsters the turn you activate this card. You can only activate 1 "Red-Eyes Fusion" per turn.$Supports archetypes /Red-Eyes$$Sends from your hand to your Graveyard/Sends from your Deck to your Graveyard/Sends from your field to your Graveyard/Uses cards in the hand as Fusion Materials/Uses cards in the player's Deck as Fusion Materials/Uses cards on the player's field as Fusion Materials$Effect/Condition$
32566831$Cards of the Red Stone$Unlimited$SPELL$$$$$$$$$$$$Send 1 Level 7 "Red-Eyes" monster from your hand to the GY; draw 2 cards, then you can send 1 Level 7 "Red-Eyes" monster from your Deck to the GY. You can only activate 1 "Cards of the Red Stone" per turn.$Supports archetypes /Red-Eyes$$Sends from your hand to your Graveyard for cost/You draw cards/Sends from your Deck to your Graveyard$Effect/Condition$
24094653$Polymerization$Unlimited$SPELL$$$$$$$$$$$$Fusion Summon 1 Fusion Monster from your Extra Deck, using monsters from your hand or field as Fusion Material.$Fusion Monster$$Sends from your hand to your Graveyard/Sends from your field to your Graveyard/Uses cards on the player's field as Fusion Materials/Uses cards in the hand as Fusion Materials$Effect$
32268901$Salamandra$Unlimited$SPELL$$$$$$$$$Equip$$$Equip only to a FIRE monster. It gains 700 ATK.$FIRE$$$Condition/Continuous-like$
73915051$Scapegoat$Unlimited$SPELL$$$$$$$$$Quick-Play$$$Special Summon 4 "Sheep Tokens" (Beast/EARTH/Level 1/ATK 0/DEF 0) in Defense Position. They cannot be Tributed for a Tribute Summon. You cannot Summon other monsters the turn you activate this card (but you can Normal Set).$$$$Effect/Lingering/Condition$
81439173$Foolish Burial$Limited$SPELL$$$$$$$$$$$$Send 1 monster from your Deck to the GY.$$$Sends from your Deck to your Graveyard$Effect$
36708764$Roulette Spider$Unlimited$SPELL$$$$$$$$$Quick-Play$$$When an opponent's monster declares an attack: Roll a six-sided die and apply the result.1: Halve your LP.2: Make that attack a direct attack.3: Choose 1 monster you control, change the attack target to it, and perform damage calculation.4: Choose 1 other monster your opponent controls, change the attack target to it, and perform damage calculation.5: Negate the attack, and if you do, inflict damage to your opponent equal to that monster's ATK.6: Destroy that opponent's monster.$$$Activates upon attack declaration$Activation requirement/Effect$
95750695$Supervise$Unlimited$SPELL$$$$$$$$$Equip$$$Equip only to a Gemini monster. It becomes an Effect Monster, and gains its effects. If this face-up card is sent from the field to the GY: Target 1 Normal Monster in your GY; Special Summon it.$Gemini monster/Normal Monster$$Activates from your Graveyard$Condition/Continuous-like/Trigger-like$
05318639$Mystical Space Typhoon$Unlimited$SPELL$$$$$$$$$Quick-Play$$$Target 1 Spell/Trap on the field; destroy that target.$$$$Effect$
78794994$Symbols of Duty$Unlimited$SPELL$$$$$$$$$Equip$$$Send 1 Normal Monster you control to the Graveyard, then target 1 monster in either player's Graveyard; Special Summon it, and if you do, equip this card to it. When this card leaves the field, destroy the equipped monster.$Normal Monster$$Sends from field to Graveyard for cost/Equips self from field$Cost/Effect/Continuous-like$
39387565$Return of the Red-Eyes$Unlimited$TRAP$$$$$$$$$Continuous$$$If you control a "Red-Eyes" monster: You can target 1 Normal Monster in your GY; Special Summon it. If this card in your possession is destroyed by an opponent's card effect and sent to your GY: You can target 1 "Red-Eyes" monster in your GY; Special Summon it. You can only use each effect of "Return of the Red-Eyes" once per turn.$Supports archetypes /Red-Eyes$$Activates if destroyed by card effect/Activates from your Graveyard$Quick-like/Trigger-like/Condition$
44397496$Red-Eyes Spirit$Unlimited$TRAP$$$$$$$$$$$$Target 1 "Red-Eyes" monster in your GY; Special Summon it.$Supports archetypes /Red-Eyes$$$Effect$
37390589$Kunai with Chain$Unlimited$TRAP$$$$$$$$$$$$Activate 1 or both of these effects (simultaneously).●When an opponent's monster declares an attack: Target the attacking monster; change that target to Defense Position.●Target 1 face-up monster you control; equip this card to that target. It gains 500 ATK.$$$Activates upon attack declaration/Equips self from field/Changes battle positions$Condition/Activation requirement/Effect/Continuous-like$
97077563$Call of the Haunted$Unlimited$TRAP$$$$$$$$$Continuous$$$Activate this card by targeting 1 monster in your GY; Special Summon that target in Attack Position. When this card leaves the field, destroy that monster. When that monster is destroyed, destroy this card.$$$$Effect/Continuous-like$
53582587$Torrential Tribute$Unlimited$TRAP$$$$$$$$$$$$When a monster(s) is Summoned: Destroy all monsters on the field.$$$$Activation requirement/Effect$
80163754$Burst Breath$Unlimited$TRAP$$$$$$$$$$$$Tribute 1 Dragon-Type monster; destroy all face-up monsters on the field whose DEF is less than or equal to the ATK the Tributed monster had on the field.$Dragon$$Tributes for cost$Cost/Effect$
66742250$Curse of Anubis$Unlimited$TRAP$$$$$$$$$$$$Change all Effect Monsters on the field to Defense Position. Until the end of this turn, the original DEF of those monsters becomes 0, also their battle positions cannot be changed.$$Effect Monster$Changes battle positions/Prevents battle position changes$Effect/Condition$
44405066$Red-Eyes Flare Metal Dragon$Unlimited$DARK$[Dragon/Xyz/Effect]$$$7$$$2800$2400$$2 Level 7 monsters$$Cannot be destroyed by card effects while it has Xyz Material. While this card has Xyz Material, each time your opponent activates a card or effect, inflict 500 damage to your opponent immediately after it resolves. Once per turn (Quick Effect): You can detach 1 Xyz Material from this card, then target 1 "Red-Eyes" Normal Monster in your GY; Special Summon it.$Supports archetypes /Red-Eyes$$Applies effects if Xyz Material is attached$Continuous/Quick$
45349196$Archfiend Black Skull Dragon$Unlimited$DARK$[Dragon/Fusion/Effect]$$$$$9$3200$2500$$1 Level 6 "Archfiend" Normal Monster + 1 "Red-Eyes" Normal Monster$$You can only Special Summon "Archfiend Black Skull Dragon(s)" once per turn. If this card battles, your opponent's cards and effects cannot be activated until the end of the Damage Step. If damage calculation is performed involving this Fusion Summoned card, at the end of the Battle Phase: You can target 1 "Red-Eyes" Normal Monster in your Graveyard; inflict damage to your opponent equal to its ATK in the Graveyard, then shuffle it into the Deck.$Supports archetypes /Archfiend/Red-Eyes$$Returns from your Graveyard to your Deck$Condition/Continuous/Trigger$
03366982$Alligator's Sword Dragon$Unlimited$WIND$[Dragon/Fusion/Effect]$$$$$5$1700$1500$$"Baby Dragon" + "Alligator's Sword"$$This card can attack your opponent directly if the only face-up monsters they control are EARTH, WATER, or FIRE.$$EARTH/FIRE/WATER$$Continuous$
89631139$Blue-Eyes White Dragon$Unlimited$LIGHT$[Dragon/Normal]$$$$$8$3000$2500$$$$This legendary dragon is a powerful engine of destruction. Virtually invincible, very few have faced this awesome creature and lived to tell the tale.$$$$$
45467446$Dragon Spirit of White$Unlimited$LIGHT$[Dragon/Effect]$$$$$8$2500$2000$$$$(This card is always treated as a "Blue-Eyes" card.)This card is treated as a Normal Monster while in the hand or GY. When this card is Normal or Special Summoned: You can target 1 Spell/Trap your opponent controls; banish it. If your opponent controls a monster (Quick Effect): You can Tribute this card; Special Summon 1 "Blue-Eyes White Dragon" from your hand.$Blue-Eyes White Dragon$$Activates upon Normal Summon/Activates upon Special Summon/Tributes itself for cost$Condition/Unclassified/Trigger/Quick$
34627841$Kaibaman$Unlimited$LIGHT$[Warrior/Effect]$$$$$3$200$700$$$$You can Tribute this card; Special Summon 1 "Blue-Eyes White Dragon" from your hand.$Blue-Eyes White Dragon$$Tributes itself for cost$Ignition$
79814787$The White Stone of Legend$Unlimited$LIGHT$[Dragon/Tuner/Effect]$$$$$1$300$250$$$$If this card is sent to the GY: Add 1 "Blue-Eyes White Dragon" from your Deck to your hand.$Blue-Eyes White Dragon$$Activates from your Graveyard/Adds from Deck to hand$Trigger$
71039903$The White Stone of Ancients$Unlimited$LIGHT$[Dragon/Tuner/Effect]$$$$$1$600$500$$$$Once per turn, during the End Phase, if this card is in the GY because it was sent there this turn: You can Special Summon 1 "Blue-Eyes" monster from your Deck. You can banish this card from your GY, then target 1 "Blue-Eyes" monster in your GY; add it to your hand. You can only use this effect of "The White Stone of Ancients" once per turn.$Supports archetypes /Blue-Eyes$$Activates from your Graveyard/Adds from Graveyard to hand$Trigger/Ignition/Condition$
88241506$Maiden with Eyes of Blue$Unlimited$LIGHT$[Spellcaster/Tuner/Effect]$$$$$1$0$0$$$$When a card or effect is activated that targets this card (Quick Effect): You can Special Summon 1 "Blue-Eyes White Dragon" from your hand, Deck, or GY. When this card is targeted for an attack: You can negate the attack, and if you do, change the battle position of this card, then you can Special Summon 1 "Blue-Eyes White Dragon" from your hand, Deck, or GY. You can only use 1 "Maiden with Eyes of Blue" effect per turn, and only once that turn.$Blue-Eyes White Dragon$$Changes battle positions$Trigger/Quick/Condition$
72855441$Protector with Eyes of Blue$Unlimited$LIGHT$[Spellcaster/Tuner/Effect]$$$$$1$800$1300$$$$When this card is Normal Summoned: You can Special Summon 1 Level 1 LIGHT Tuner from your hand. You can target 1 Effect Monster you control; send it to the GY, and if you do, Special Summon 1 "Blue-Eyes" monster from your hand. You can only use this effect of "Protector with Eyes of Blue" once per turn.$Supports archetypes /Blue-Eyes$$Activates upon Normal Summon/Sends from your field to your Graveyard for cost$Trigger/Ignition/Condition$
45644898$Master with Eyes of Blue$Unlimited$LIGHT$[Spellcaster/Tuner/Effect]$$$$$1$300$1200$$$$When this card is Normal Summoned: You can target 1 Level 1 LIGHT Tuner in your GY; add it to your hand. You can shuffle this card from your GY into the Deck, then target 1 Effect Monster you control; send it to the GY, and if you do, Special Summon 1 "Blue-Eyes" monster from your GY, other than the sent monster. You can only use this effect of "Master with Eyes of Blue" once per turn.$Supports archetypes /Blue-Eyes$$Activates upon Normal Summon/Adds from Graveyard to hand/Activates from your Graveyard/Returns itself from Graveyard to Deck for cost/Sends from your field to your Graveyard$Trigger/Ignition/Condition$
05053103$Battle Ox$Unlimited$EARTH$[Beast-Warrior/Normal]$$$$$4$1700$1000$$$$A monster with tremendous power, it destroys enemies with a swing of its axe.$$$$$
97590747$La Jinn the Mystical Genie of the Lamp$Unlimited$DARK$[Fiend/Normal]$$$$$4$1800$1000$$$$A genie of the lamp that is at the beck and call of its master.$$$$$
14898066$Vorse Raider$Unlimited$DARK$[Beast-Warrior/Normal]$$$$$4$1900$1200$$$$This wicked Beast-Warrior does every horrid thing imaginable, and loves it! His axe bears the marks of his countless victims.$$$$$
43096270$Alexandrite Dragon$Unlimited$LIGHT$[Dragon/Normal]$$$$$4$2000$100$$$$Many of the czars' lost jewels can be found in the scales of this priceless dragon. Its creator remains a mystery, along with how they acquired the imperial treasures. But whosoever finds this dragon has hit the jackpot... whether they know it or not.$$$$$
39507162$Blade Knight$Unlimited$LIGHT$[Warrior/Effect]$$$$$4$1600$1000$$$$Gains 400 ATK while you have 1 or less cards in your hand. If you control no other monsters, the effects of Flip monsters destroyed by battle with this card are negated.$$Flip monster$$Continuous$
54912977$Ancient Lamp$Unlimited$WIND$[Spellcaster/Effect]$$$$$3$900$1400$$$$During your Main Phase: You can Special Summon "La Jinn the Mystical Genie of the Lamp" from your hand. This card must be face-up on the field to activate and to resolve this effect. Before damage calculation, if this card is being attacked by an opponent's monster, and was face-down at the start of the Damage Step: You can target 1 monster your opponent controls, except the attacking monster; the attacking monster attacks it instead, and you proceed to damage calculation.$La Jinn the Mystical Genie of the Lamp$$$Ignition/Condition/Trigger$
10097168$Tiger Dragon$Unlimited$EARTH$[Dragon/Effect]$$$$$6$2400$1800$$$$When this card is Tribute Summoned by Tributing a Dragon monster: You can target up to 2 Set cards in your opponent's Spell & Trap Zone; destroy those targets.$Dragon$$Activates upon Tribute Summon$Trigger$
35629124$Kidmodo Dragon$Unlimited$EARTH$[Dragon/Effect]$$$$$3$100$200$$$$If this card is sent to the Graveyard: You can Special Summon 1 Dragon-Type monster from your hand. You cannot Special Summon monsters, except Dragon-Type monsters, nor conduct your Battle Phase, the turn you activate this effect. You can only use this effect of "Kidmodo Dragon" once per turn.$Dragon$$Activates from your Graveyard/Cannot conduct Battle Phase$Trigger/Condition$
79109599$King of the Swamp$Unlimited$WATER$[Aqua/Effect]$$$$$3$500$1100$$$$This card in your hand, field, or GY can be used as a substitute for any 1 Fusion Material whose name is mentioned on the Fusion Monster Card, but the other materials must be correct. You can discard this card to the GY; add 1 "Polymerization" from your Deck to your hand.$Polymerization/Fusion Monster$$Discards itself for cost/Adds from Deck to hand$Unclassified/Ignition$
14235211$Rider of the Storm Winds$Unlimited$LIGHT$[Dragon/Tuner/Effect]$$$$$1$500$200$$$$You can target 1 Dragon Normal Monster you control; equip this monster from your hand or field to that target. If a monster equipped with this card attacks a Defense Position monster, inflict piercing battle damage to your opponent. If a monster equipped with this card would be destroyed, destroy this card instead.$Dragon/Normal Monster$$Equips self from hand/Equips self from field$Ignition/Continuous-like$
17655904$Burst Stream of Destruction$Unlimited$SPELL$$$$$$$$$$$$If you control "Blue-Eyes White Dragon": Destroy all monsters your opponent controls. "Blue-Eyes White Dragon" you control cannot attack the turn you activate this card.$Blue-Eyes White Dragon$$$Activation requirement/Effect/Condition$
50371210$Beacon of White$Unlimited$SPELL$$$$$$$$$Equip$$$If you do not control another "Beacon of White", and you have 3 or more "Blue-Eyes" monsters in your GY: Target 1 of them; Special Summon it, but negate its effects, also equip it with this card. When this card leaves the field, banish the equipped monster. Other monsters you control cannot attack, also if you have any number of "Blue-Eyes" monster(s) in your GY, the equipped monster can attack up to that number of times during each Battle Phase.$Supports archetypes /Blue-Eyes$$Equips self from field$Activation requirement/Effect/Continuous-like$
24382602$Mausoleum of White$Unlimited$SPELL$$$$$$$$$Field$$$During your Main Phase, you can Normal Summon 1 Level 1 LIGHT Tuner in addition to your Normal Summon/Set. (You can only gain this effect once per turn.) Once per turn: You can target 1 face-up monster you control; send 1 Normal Monster from your hand or Deck to the GY, and if you do, the targeted monster gains ATK/DEF equal to the Level of the monster sent to the GY x 100, until the end of this turn (even if this card leaves the field). You can banish this card from your GY; add 1 "Burst Stream of Destruction" from your Deck to your hand.$LIGHT/Tuner monster/Normal Monster/Burst Stream of Destruction$$Sends from your hand to your Graveyard/Sends from your Deck to your Graveyard/Activates from your Graveyard/Adds from Deck to hand$Continuous-like/Ignition-like$
98045062$Enemy Controller$Unlimited$SPELL$$$$$$$$$Quick-Play$$$Activate 1 of these effects.●Target 1 face-up monster your opponent controls; change that target's battle position.●Tribute 1 monster, then target 1 face-up monster your opponent controls; take control of that target until the End Phase.$$$Tributes for cost/Changes control/Changes battle positions$Condition/Effect/Cost$
55713623$Shrink$Unlimited$SPELL$$$$$$$$$Quick-Play$$$Target 1 face-up monster on the field; its original ATK becomes halved until the end of this turn.$$$$Effect$
42534368$Silent Doom$Unlimited$SPELL$$$$$$$$$$$$Target 1 Normal Monster in your GY; Special Summon it in face-up Defense Position, but it cannot attack.$Normal Monster$$$Effect/Condition$
48800175$The Melody of Awakening Dragon$Unlimited$SPELL$$$$$$$$$$$$Discard 1 card; add up to 2 Dragon monsters with 3000 or more ATK and 2500 or less DEF from your Deck to your hand.$Dragon$$Discards for cost/Adds from Deck to hand$Cost/Effect$
10667321$Ancient Rules$Unlimited$SPELL$$$$$$$$$$$$Special Summon 1 Level 5 or higher Normal Monster from your hand.$Normal Monster$$$Effect$
38120068$Trade-In$Unlimited$SPELL$$$$$$$$$$$$Discard 1 Level 8 monster; draw 2 cards.$$$Discards for cost/You discard/You draw cards$Cost/Effect$
$Where Arf Thou?$$SPELL$$$$$$$$$$$$If you control a Level 1 monster: Add 1 Level 1 monster from your Deck to your hand. During the End Phase of this turn, take 2000 damage if you did not Normal Summon the added monster, or a card with the same name, after activating this card.$$$$$
98672567$Pot of Dichotomy$Unlimited$SPELL$$$$$$$$$$$$At the start of your Main Phase 1: Target 3 monsters with different Types in your Graveyard; Shuffle all 3 into the Deck, then draw 2 cards. You cannot conduct your Battle Phase the turn you activate this card.$$$Returns from your Graveyard to your Deck/You draw cards/Cannot conduct Battle Phase$Activation requirement/Effect/Condition$
74335036$Fusion Substitute$Unlimited$SPELL$$$$$$$$$$$$(This card is always treated as "Polymerization".)Fusion Summon 1 Fusion Monster from your Extra Deck, using monsters you control as Fusion Material. You can banish this card from your GY, then target 1 Fusion Monster in your GY; return it to the Extra Deck, then draw 1 card.$Fusion Monster$$Sends from your field to your Graveyard/Uses cards on the player's field as Fusion Materials/Activates from your Graveyard/Returns from your Graveyard to your Extra Deck/You draw cards$Condition/Effect/Ignition-like$
00911883$Unexpected Dai$Unlimited$SPELL$$$$$$$$$$$$If you control no monsters: Special Summon 1 Level 4 or lower Normal Monster from the Deck.$Normal Monster$$$Activation requirement/Effect$
14315573$Negate Attack$Unlimited$TRAP$$$$$$$$$Counter$$$When an opponent's monster declares an attack: Target the attacking monster; negate the attack, then end the Battle Phase.$$$Activates upon attack declaration/Ends the Battle Phase$Activation requirement/Effect$
52503575$Final Attack Orders$Unlimited$TRAP$$$$$$$$$Continuous$$$All face-up monsters on the field are changed to Attack Position and their battle positions cannot be changed.$$$Changes battle positions/Prevents Battle Position changes$Continuous-like$
29267084$Shadow Spell$Unlimited$TRAP$$$$$$$$$Continuous$$$Activate this card by targeting 1 face-up monster your opponent controls; it loses 700 ATK, also it cannot attack or change its battle position. When it leaves the field, destroy this card.$$$Prevents Battle Position changes$Continuous-like$
86871614$Cloning$Unlimited$TRAP$$$$$$$$$$$$When your opponent Normal or Flip Summons a monster that has a Level: Target that face-up monster; Special Summon 1 "Clone Token", with the same original Type, Attribute, Level, ATK, and DEF as that target. When that target is destroyed and sent to the GY, destroy this Token.$$$$Activation requirement/Effect/Condition$
66127916$Fusion Reserve$Unlimited$TRAP$$$$$$$$$$$$Reveal 1 Fusion Monster in your Extra Deck, add 1 of the Fusion Materials whose name is specifically listed on that card from your Deck to your hand, then you can add 1 "Polymerization" from your Graveyard to your hand.$Fusion Monster/Polymerization/Fusion Material$$Reveals your Extra Deck/Adds from Deck to hand/Adds from Graveyard to hand$Effect$
98954106$Jar of Avarice$Unlimited$TRAP$$$$$$$$$$$$Target 5 cards in your GY, except "Jar of Avarice"; shuffle all 5 into the Deck, then draw 1 card. You can only activate 1 "Jar of Avarice" per turn.$$$Returns from your Graveyard to your Deck/You draw cards$Effect/Condition$
40908371$Azure-Eyes Silver Dragon$Unlimited$LIGHT$[Dragon/Synchro/Effect]$$$$$9$2500$3000$$1 Tuner + 1+ non-Tuner Normal Monsters$$If this card is Special Summoned: Until the end of the next turn, neither player can target Dragon monsters you currently control with card effects, also they cannot be destroyed by card effects. Once per turn, during your Standby Phase: You can target 1 Normal Monster in your GY; Special Summon it.$Normal Monster/Dragon$$Activates upon Special Summon$Trigger$
23995346$Blue-Eyes Ultimate Dragon$Unlimited$LIGHT$[Dragon/Fusion]$$$$$12$4500$3800$$$$"Blue-Eyes White Dragon" + "Blue-Eyes White Dragon" + "Blue-Eyes White Dragon"$$$$$
10817524$First of the Dragons$Unlimited$DARK$[Dragon/Fusion/Effect]$$$$$9$2700$2000$$2 Normal Monsters$$Must be Fusion Summoned and cannot be Special Summoned by other ways. You can only control 1 "First of the Dragons". This card cannot be destroyed by battle, except by battle with a Normal Monster, and is unaffected by other monsters' effects.$Normal Monster$$$Summon/Unclassified/Continuous$
$Slifer the Sky Dragon$Unlimited$DIVINE$[Divine-Beast/Effect]$$$$$10$?$?$$$$Requires 3 Tributes to Normal Summon (cannot be Normal Set). This card's Normal Summon cannot be negated. When Normal Summoned, cards and effects cannot be activated. Once per turn, during the End Phase, if this card was Special Summoned: Send it to the GY. Gains 1000 ATK/DEF for each card in your hand. If a monster(s) is Normal or Special Summoned to your opponent's field in Attack Position: That monster(s) loses 2000 ATK, then if its ATK has been reduced to 0 as a result, destroy it.$$$Sends itself from field to Graveyard$Summon/Unclassified/Continuous/Trigger$
$Obelisk the Tormentor$Unlimited$DIVINE$[Divine-Beast/Effect]$$$$$10$4000$4000$$$$Requires 3 Tributes to Normal Summon (cannot be Normal Set). This card's Normal Summon cannot be negated. When Normal Summoned, cards and effects cannot be activated. Neither player can target this card with card effects. Once per turn, during the End Phase, if this card was Special Summoned: Send it to the GY. You can Tribute 2 monsters; destroy all monsters your opponent controls. This card cannot declare an attack the turn this effect is activated.$$$Sends itself from field to Graveyard/Tributes for cost$Summon/Unclassified/Continuous/Trigger/Ignition/Condition$
$The Winged Dragon of Ra$Unlimited$DIVINE$[Divine-Beast/Effect]$$$$$10$?$?$$$$Cannot be Special Summoned. Requires 3 Tributes to Normal Summon (cannot be Normal Set). This card's Normal Summon cannot be negated. When Normal Summoned, other cards and effects cannot be activated. When this card is Normal Summoned: You can pay LP so that you only have 100 left; this card gains ATK/DEF equal to the amount of LP paid. You can pay 1000 LP, then target 1 monster on the field; destroy that target.$$$$Summon/Unclassified/Continuous/Trigger/Ignition$
49702428$Dark Burning Attack$Unlimited$SPELL$$$$$$$$$$$$If you control a "Dark Magician Girl" monster: Destroy all face-up monsters your opponent controls.$Supports archetypes /Dark Magician Girl $$$Activation requirement/Effect$
75190122$Dark Burning Magic$Unlimited$SPELL$$$$$$$$$Quick-Play$$$If you control monsters whose original names are "Dark Magician" and "Dark Magician Girl": Destroy all cards your opponent controls.$Dark Magician/Dark Magician Girl$$$Activation requirement/Effect$
48680970$Eternal Soul$Unlimited$TRAP$$$$$$$$$Continuous$$$Every "Dark Magician" in your Monster Zone is unaffected by your opponent's card effects. If this face-up card leaves the field: Destroy all monsters you control. You can only use the following effect of "Eternal Soul" once per turn. You can activate 1 of these effects;●Special Summon 1 "Dark Magician" from your hand or GY.●Add 1 "Dark Magic Attack" or "Thousand Knives" from your Deck to your hand.$Dark Magician/Dark Magic Attack/Thousand Knives$$Adds from Deck to hand$Continuous-like/Trigger-like/Condition/Quick-like$
58604027$The Legendary Exodia Incarnate$Unlimited$DARK$[Spellcaster/Effect]$$$$$10$?$0$$$$Cannot be Normal Summoned/Set. Must be Special Summoned (from your hand) by Tributing 1 "Forbidden One" monster, and cannot be Special Summoned by other ways. This card gains 1000 ATK for each "Forbidden One" monster in your Graveyard. Unaffected by other cards' effects. Once per turn, during your End Phase: Add 1 "Forbidden One" monster from your Graveyard to your hand. When this card is destroyed by battle and sent to the Graveyard: You can reveal any number of "Forbidden One" monsters in your hand, and if you do, draw 1 card for each.$Supports archetypes /Forbidden One$$Tributes for cost/Adds from your Graveyard to your hand/Activates if destroyed by battle/Activates from your Graveyard/Reveals your hand for effect/You draw cards$Summon/Continuous/Trigger$
40450317$Ties of the Brethren$Unlimited$SPELL$$$$$$$$$$$$Pay 2000 LP, then target 1 Level 4 or lower monster you control; for the rest of this turn after this card resolves, you cannot Special Summon monsters, also Special Summon 2 monsters from your Deck, with the same Type, Attribute, and Level as that monster, but with different names from each other and that monster. You cannot conduct your Battle Phase the turn you activate this card.$$$Cannot conduct Battle Phase$Cost/Effect/Condition$
64043465$Obliterate!!!$Unlimited$TRAP$$$$$$$$$Continuous$$$You can target 1 monster on the field; send 1 "Forbidden One" monster or "Exodia" card from your hand or Deck to the Graveyard, and if you do, return that target to the hand. If this card is sent from the Spell & Trap Zone to the Graveyard: You can target 1 "Forbidden One" monster or "Exodia" card in your Graveyard; add it to your hand. You can only use 1 "Obliterate!!!" effect per turn, and only once that turn.$Supports archetypes /Forbidden One/Exodia$$Sends from your hand to your Graveyard/Sends from your Deck to your Graveyard/Returns from field to hand/Activates from your Graveyard/Adds from your Graveyard to your hand$Quick-like/Trigger-like/Condition$
33396948$Exodia the Forbidden One$Limited$DARK$[Spellcaster/Effect]$$$$$3$1000$1000$$$$If you have "Right Leg of the Forbidden One", "Left Leg of the Forbidden One", "Right Arm of the Forbidden One" and "Left Arm of the Forbidden One" in addition to this card in your hand, you win the Duel.$Right Leg of the Forbidden One/Left Leg of the Forbidden One/Right Arm of the Forbidden One/Left Arm of the Forbidden One$$Activates from your hand$Condition$
70903634$Right Arm of the Forbidden One$Limited$DARK$[Spellcaster/Normal]$$$$$1$200$300$$$$A forbidden right arm sealed by magic. Whosoever breaks this seal will know infinite power.$$$$$
07902349$Left Arm of the Forbidden One$Limited$DARK$[Spellcaster/Normal]$$$$$1$200$300$$$$A forbidden left arm sealed by magic. Whosoever breaks this seal will know infinite power.$$$$$
08124921$Right Leg of the Forbidden One$Limited$DARK$[Spellcaster/Normal]$$$$$1$200$300$$$$A forbidden right leg sealed by magic. Whosoever breaks this seal will know infinite power.$$$$$
44519536$Left Leg of the Forbidden One$Limited$DARK$[Spellcaster/Normal]$$$$$1$200$300$$$$A forbidden left leg sealed by magic. Whosoever breaks this seal will know infinite power.$$$$$
12600382$Exodia Necross$Unlimited$DARK$[Spellcaster/Effect]$$$$$4$1800$0$$$$Cannot be Normal Summoned/Set. Must be Special Summoned with "Contract with Exodia", and cannot be Special Summoned by other ways. Cannot be destroyed by battle or Spell/Trap effect. Once per turn, during your Standby Phase: This card gains 500 ATK. Destroy this card unless all 5 of these cards are in your Graveyard - "Exodia the Forbidden One", "Right Arm of the Forbidden One", "Left Arm of the Forbidden One", "Right Leg of the Forbidden One" and "Left Leg of the Forbidden One".$Contract with Exodia/Exodia the Forbidden One/Right Arm of the Forbidden One/Left Arm of the Forbidden One/Right Leg of the Forbidden One/Left Leg of the Forbidden One$$$Summon/Continuous/Trigger$
46986414$Dark Magician$Unlimited$DARK$[Spellcaster/Normal]$$$$$7$2500$2100$$$$The ultimate wizard in terms of attack and defense.$$$$$
38033121$Dark Magician Girl$Unlimited$DARK$[Spellcaster/Effect]$$$$$6$2000$1700$$$$Gains 300 ATK for every "Dark Magician" or "Magician of Black Chaos" in the GYs.$Dark Magician/Magician of Black Chaos$$$Continuous$
78193831$Buster Blader$Unlimited$EARTH$[Warrior/Effect]$$$$$7$2600$2300$$$$Gains 500 ATK for each Dragon monster your opponent controls or is in their GY.$$Dragon$$Continuous$
72443568$Silent Magician LV8$Unlimited$LIGHT$[Spellcaster/Effect]$$$$$8$3500$1000$$$$Cannot be Normal Summoned/Set. Must be Special Summoned by "Silent Magician LV4" and cannot be Special Summoned by other ways. Unaffected by your opponent's Spell effects.$Silent Magician LV4$$$Summon/Continuous$
73665146$Silent Magician LV4$Unlimited$LIGHT$[Spellcaster/Effect]$$$$$4$1000$1000$$$$Each time your opponent draws a card(s), place 1 Spell Counter on this card (max. 5). This card gains 500 ATK for each Spell Counter on it. During the Standby Phase of your next turn after the 5th Spell Counter is placed on this card: You can send this face-up card with 5 Spell Counters on it to the Graveyard; Special Summon 1 "Silent Magician LV8" from your hand or Deck.$Silent Magician LV8$$Activates if your opponent draws a card/Sends itself from field to Graveyard for cost$Continuous/Trigger$
14778250$The Tricky$Unlimited$WIND$[Spellcaster/Effect]$$$$$5$2000$1200$$$$You can Special Summon this card (from your hand) by discarding 1 card.$$$Discards for cost$Unclassified$
65240384$Big Shield Gardna$Unlimited$EARTH$[Warrior/Effect]$$$$$4$100$2600$$$$When a Spell Card is activated that targets this face-down card (and no other cards) (Quick Effect): Change this card to face-up Defense Position, and if you do, negate the activation. If this card is attacked, change it to Attack Position at the end of the Damage Step.$$$Flips monsters face-up/Changes battle positions$Quick/Continuous$
80304126$Magician's Valkyria$Unlimited$LIGHT$[Spellcaster/Effect]$$$$$4$1600$1800$$$$Monsters your opponent controls cannot target face-up Spellcaster-Type monsters for attacks, except this one.$Spellcaster$$$Continuous$
21051146$Blast Magician$Unlimited$FIRE$[Spellcaster/Effect]$$$$$4$1400$1700$$$$Each time a Spell Card is activated, place 1 Spell Counter on this card when that Spell Card resolves. You can remove any number of Spell Counters from this card, then target 1 face-up monster on the field with ATK less than or equal to the number of counters you removed x 700; destroy that target.$$$$Continuous/Ignition$
48115277$Blockman$Unlimited$EARTH$[Rock/Effect]$$$$$4$1000$1500$$$$You can Tribute this card; Special Summon in Defense Position, a number of "Block Tokens" (Rock-Type/EARTH/Level 4/ATK 1000/DEF 1500) equal to the number of your turns this card has been face-up on your field. These Tokens cannot declare an attack.$$$Tributes itself for cost$Ignition$
31305911$Marshmallon$Unlimited$LIGHT$[Fairy/Effect]$$$$$3$300$500$$$$Cannot be destroyed by battle. After damage calculation, if this card was attacked, and was face-down at the start of the Damage Step: The attacking player takes 1000 damage.$$$$Continuous/Trigger$
26202165$Sangan$Unlimited$DARK$[Fiend/Effect]$$$$$3$1000$600$$$$If this card is sent from the field to the GY: Add 1 monster with 1500 or less ATK from your Deck to your hand, but you cannot activate cards, or the effects of cards, with that name for the rest of this turn. You can only use this effect of "Sangan" once per turn.$$$Activates from your Graveyard/Adds from Deck to hand$Trigger/Condition$
75500286$Gold Sarcophagus$Limited$SPELL$$$$$$$$$$$$Banish 1 card from your Deck, face-up. During your 2nd Standby Phase after this card's activation, add that card to the hand.$$$Adds banished cards to the hand$Effect/Lingering$
72302403$Swords of Revealing Light$Unlimited$SPELL$$$$$$$$$$$$After this card's activation, it remains on the field, but you must destroy it during the End Phase of your opponent's 3rd turn. When this card is activated: If your opponent controls a face-down monster, flip all monsters they control face-up. While this card is face-up on the field, your opponent's monsters cannot declare an attack.$$$Flips monsters face-up$Condition/Effect/Continuous-like$
28553439$Magical Dimension$Unlimited$SPELL$$$$$$$$$Quick-Play$$$If you control a Spellcaster monster: Target 1 monster you control; Tribute that target, then Special Summon 1 Spellcaster monster from your hand, then you can destroy 1 monster on the field.$Spellcaster$$Tributes as an effect$Activation requirement/Effect$
36045450$Magicians Unite$Unlimited$SPELL$$$$$$$$$$$$If you control 2 or more Attack Position Spellcaster monsters: Target 1 of them; its ATK becomes 3000 until the end of this turn, also for the rest of this turn after this card resolves, other Spellcaster monsters you control cannot attack.$Spellcaster$$$Activation requirement/Effect$
75622824$Tricky Spell 4$Unlimited$SPELL$$$$$$$$$Quick-Play$$$Send 1 face-up "The Tricky" you control to the Graveyard; Special Summon "Tricky Tokens" (Spellcaster-Type/WIND/Level 5/ATK 2000/DEF 1200) in Defense Position, equal to the number of monsters your opponent controls. "Tricky Tokens" cannot declare an attack.$The Tricky$$Sends from your field to your Graveyard for cost$Cost/Effect/Lingering$
63391643$Thousand Knives$Unlimited$SPELL$$$$$$$$$$$$If you control "Dark Magician": Target 1 monster your opponent controls; destroy that target.$Dark Magician$$$Activation requirement/Effect$
02314238$Dark Magic Attack$Unlimited$SPELL$$$$$$$$$$$$If you control "Dark Magician": Destroy all Spells and Traps your opponent controls.$Dark Magician$$$Activation requirement/Effect$
33244944$Contract with Exodia$Unlimited$SPELL$$$$$$$$$$$$If you have all 5 of "Exodia the Forbidden One", "Right Arm of the Forbidden One", "Left Arm of the Forbidden One", "Right Leg of the Forbidden One", and "Left Leg of the Forbidden One" in your Graveyard: Special Summon 1 "Exodia Necross" from your hand.$Exodia the Forbidden One/Right Arm of the Forbidden One/Left Arm of the Forbidden One/Right Leg of the Forbidden One/Left Leg of the Forbidden One/Exodia Necross$$$Activation requirement/Effect$
44656491$Messenger of Peace$Unlimited$SPELL$$$$$$$$$Continuous$$$Monsters with 1500 or more ATK cannot declare an attack. Once per turn, during your Standby Phase, pay 100 LP or destroy this card.$$$$Continuous-like/Maintenance cost$
90928333$Dark Factory of Mass Production$Unlimited$SPELL$$$$$$$$$$$$Target 2 Normal Monsters in your GY; add them to your hand.$Normal Monster$$Adds from Graveyard to hand$Effect$
74848038$Monster Reincarnation$Unlimited$SPELL$$$$$$$$$$$$Discard 1 card, then target 1 monster in your GY; add it to your hand.$$$Adds from Graveyard to hand/Discards for cost$Cost/Effect$
68462976$Secret Village of the Spellcasters$Unlimited$SPELL$$$$$$$$$Field$$$If only you control a Spellcaster monster, your opponent cannot activate Spell Cards. If you control no Spellcaster monsters, you cannot activate Spell Cards.$Spellcaster$$$Continuous-like$
98645731$Pot of Duality$Unlimited$SPELL$$$$$$$$$$$$Excavate the top 3 cards of your Deck, add 1 of them to your hand, also, after that, shuffle the rest back into your Deck. You can only activate 1 "Pot of Duality" per turn. You cannot Special Summon during the turn you activate this card.$$$Excavates from the player's Deck/Adds from Deck to hand/Adds excavated cards to the hand/Shuffles excavated cards into the Deck$Effect/Condition$
44095762$Mirror Force$Unlimited$TRAP$$$$$$$$$$$$When an opponent's monster declares an attack: Destroy all your opponent's Attack Position monsters.$$$Activates upon attack declaration$Activation requirement/Effect$
81210420$Magical Hats$Unlimited$TRAP$$$$$$$$$$$$During your opponent's Battle Phase: Choose 2 Spells/Traps from your Deck and 1 monster in your Main Monster Zone. Special Summon them as Normal Monsters (ATK 0/DEF 0) in face-down Defense Position, Set the chosen monster if it is face-up, and shuffle them on the field. The 2 cards chosen from your Deck are destroyed at the end of the Battle Phase, and cannot remain on the field except during this Battle Phase.$$$Flips monsters face-down/Rearranges face-down cards$Activation requirement/Effect/Condition$
62279055$Magic Cylinder$Unlimited$TRAP$$$$$$$$$$$$When an opponent's monster declares an attack: Target the attacking monster; negate the attack, and if you do, inflict damage to your opponent equal to its ATK.$$$Activates upon attack declaration$Activation requirement/Effect$
00050755$Magician's Circle$Unlimited$TRAP$$$$$$$$$$$$When a Spellcaster monster declares an attack: Each player Special Summons 1 Spellcaster monster with 2000 or less ATK from their Deck in Attack Position.$Spellcaster$Spellcaster$Activates upon attack declaration$Activation requirement/Effect$
36280194$Backup Soldier$Unlimited$TRAP$$$$$$$$$$$$While there are 5 or more monsters in your Graveyard: Target up to 3 non-Effect Monsters with 1500 or less ATK in your Graveyard; add them to your hand.$Non-Effect Monster$$Returns from your Graveyard to your hand$Activation requirement/Effect$
85742772$Gravity Bind$Unlimited$TRAP$$$$$$$$$Continuous$$$Level 4 or higher monsters cannot attack.$$$$Continuous-like$
