Passcode$Name$Status$Attribute$type$link$link_arrows$rank$pendulum_scale$level$attack$defense$spell_attribute$summoning_condition$pendulum_condition$card_text$card_supports$card_anti_supports$card_actions$effect_types$
64631466$Relinquished$Unlimited$DARK$[Spellcaster/Ritual/Effect]$$$$$1$0$0$$$$You can Ritual Summon this card with "Black Illusion Ritual". Once per turn: You can target 1 monster your opponent controls; equip that target to this card (max. 1). This card's ATK/DEF become equal to that equipped monster's. If this card would be destroyed by battle, destroy that equipped monster instead. While equipped with that monster, any battle damage you take from battles involving this card inflicts equal effect damage to your opponent.$$$Equips monsters from the opponent's field to itself$Summon/Ignition/Continuous$
89785779$Millennium-Eyes Illusionist$Unlimited$DARK$[Spellcaster/Effect]$$$$$2$0$1400$$$$(Quick Effect): You can discard this card, then target 1 Effect Monster your opponent controls; equip that target to an "Eyes Restrict" Fusion Monster or "Relinquished" you control, as if it were equipped by that monster's effect. If an "Eyes Restrict" Fusion Monster(s) or a "Relinquished" is Special Summoned: Add this card from your GY to your hand (this is not optional). You can only use each effect of "Millennium-Eyes Illusionist" once per turn.$Supports archetypes /Eyes Restrict$Effect Monster$Activates from your hand/Discards itself for cost/Equips monsters from the opponent's field/Activates from your Graveyard/Activates upon Special Summon/Returns itself from Graveyard to hand$Quick/Trigger/Condition$
15173384$Illusionist Faceless Magician$Unlimited$DARK$[Spellcaster/Effect]$$$$$5$1200$2200$$$$If a face-up "Eyes Restrict" Fusion Monster(s) or "Relinquished" you control is destroyed by battle or card effect: You can Special Summon this card from the GY (if it was there when that monster was destroyed) or hand (even if not). If this card is sent from the field to the GY: You can target 1 "Eyes Restrict" Fusion Monster or "Relinquished" in your GY; Special Summon it. You can only use each effect of "Illusionist Faceless Magician" once per turn.$Supports archetypes /Eyes Restrict$$Activates if destroyed by battle/Activates if destroyed by card effect/Activates from your hand/Activates from your Graveyard$Trigger/Condition$
41578483$Millennium-Eyes Restrict$Unlimited$DARK$[Spellcaster/Fusion/Effect]$$$$$1$0$0$$"Relinquished" + 1 Effect Monster$$Once per turn, when your opponent activates a monster effect (Quick Effect): You can target 1 Effect Monster your opponent controls or in their GY; equip that target to this card you control. This card gains ATK/DEF equal to that equipped monster's. Monsters with that equipped monster's original name cannot attack, also their effects on the field and their activated effects are negated.$Effect Monster$$Equips monsters from the opponent's field to itself/Equips monsters from the opponent's Graveyard to itself$Quick/Continuous$
78063197$Relinquished Fusion$Unlimited$SPELL$$$$$$$$$Quick-Play$$$Fusion Summon 1 "Eyes Restrict" Fusion Monster from your Extra Deck, by banishing materials from your hand, field, and/or GY. During your Main Phase: You can banish this card from your GY, then target 1 Effect Monster your opponent controls; equip that target to an "Eyes Restrict" Fusion Monster or "Relinquished" you control, as if it were equipped by that monster's effect. You can only use each effect of "Relinquished Fusion" once per turn.$Supports archetypes /Eyes Restrict$Effect Monster$Uses cards in the hand as Fusion Materials/Uses cards on the player's field as Fusion Materials/Uses cards in the player's Graveyard as Fusion Materials/Activates from your Graveyard$Effect/Ignition-like/Condition$
63519819$Thousand-Eyes Restrict$Unlimited$DARK$[Spellcaster/Fusion/Effect]$$$$$1$0$0$$"Relinquished" + "Thousand-Eyes Idol"$$Other monsters on the field cannot change their battle positions or attack. Once per turn: You can target 1 monster your opponent controls; equip that target to this card (max. 1). This card's ATK/DEF become equal to that equipped monster's. If this card would be destroyed by battle, destroy that equipped monster instead.$$$Prevents battle position changes/Equips monsters from the opponent's field to itself$Continuous/Ignition$
41426869$Black Illusion Ritual$Unlimited$SPELL$$$$$$$$$Ritual$$$This card is used to Ritual Summon "Relinquished". You must also Tribute a monster from your hand or field whose Level is 1 or more.$$$Tributes as an effect$Effect$
14457896$Parasite Paranoid$Unlimited$EARTH$[Insect/Effect]$$$$$2$500$300$$$$(Quick Effect): You can target 1 face-up monster on the field; equip this card from your hand to that target. The equipped monster becomes an Insect monster, cannot attack Insect monsters, also its effects that activate by targeting an Insect monster(s) are negated. You can only use this effect of "Parasite Paranoid" once per turn. If this Equip Card is sent to the GY: You can Special Summon 1 Level 7 or higher Insect monster from your hand, ignoring its Summoning conditions.$Insect$$Activates from your hand/Equips self from hand/Activates from your Graveyard$Quick/Condition/Continuous-like/Trigger$
41456841$Metamorphosed Insect Queen$Unlimited$EARTH$[Insect/Effect]$$$$$7$2800$2400$$$$Cannot be Normal Summoned/Set. Must be Special Summoned by a card effect. If another Insect monster is on the field, your opponent cannot target Insect monsters you control with card effects, also they cannot be destroyed by your opponent's card effects. At the end of the Damage Step, if this card attacked: You can Tribute 1 monster; this card can attack an opponent's monster again in a row. Once per turn, during the End Phase: You can Special Summon 1 "Insect Monster Token" (Insect/EARTH/Level 1/ATK 100/DEF 100).$Insect$$Tributes for cost$Summon/Continuous/Trigger$
77840540$Cocoon of Ultra Evolution$Unlimited$SPELL$$$$$$$$$Quick-Play$$$Tribute 1 Insect monster from either field equipped with an Equip Card, and if you do, Special Summon 1 Insect monster from your Deck, ignoring its Summoning conditions. During your Main Phase: You can banish this card from your GY, then target 1 Insect monster in your GY; shuffle it into the Deck, then draw 1 card. You can only use this effect of "Cocoon of Ultra Evolution" once per turn.$Insect/Equip Card$Insect/Equip Card$Tributes as an effect/Tributes opponent's monsters/Activates from your Graveyard/Returns from your Graveyard to your Deck/You draw cards$Effect/Ignition-like/Condition$
13235258$Corrosive Scales$Unlimited$TRAP$$$$$$$$$$$$Target 1 Insect monster you control; equip this card to it. While you control the equipped monster, your opponent's monsters cannot attack Insect monsters, except the equipped monster. While this card is equipped to a monster, each time your opponent Normal or Special Summons a monster(s), OR activates a card or effect, place 1 Scale Counter on each face-up monster they control. Each monster your opponent controls loses 100 ATK/DEF for each Scale Counter it has.$Insect$$Equips self from field$Effect/Continuous-like$
26185991$Pinch Hopper$Unlimited$EARTH$[Insect/Effect]$$$$$4$1000$1200$$$$When this card you control is sent to your GY: You can Special Summon 1 Insect monster from your hand.$Insect$$$Trigger$
91512835$Insect Queen$Unlimited$EARTH$[Insect/Effect]$$$$$7$2200$2400$$$$This card gains 200 ATK for each Insect monster on the field. Cannot declare an attack unless you Tribute 1 monster. Once per turn, during the End Phase, if this card destroyed an opponent's monster by battle this turn: Special Summon 1 "Insect Monster Token" (Insect/EARTH/Level 1/ATK 100/DEF 100) in Attack Position.$Insect$Insect$Activates when it destroys a monster by battle$Continuous/Trigger$
48579379$Perfectly Ultimate Great Moth$Unlimited$EARTH$[Insect/Effect]$$$$$8$3500$3000$$$$Cannot be Normal Summoned/Set. Must first be Special Summoned (from your hand) by Tributing 1 "Petit Moth" on your 6th turn or later after it was equipped with "Cocoon of Evolution".$Petit Moth/Cocoon of Evolution$$Tributes for cost$Summon$
40634253$BM-4 Blast Spider$Unlimited$DARK$[Machine/Effect]$$$$$4$1400$2200$$$$Once per turn: You can target 1 DARK Machine monster you control and 1 face-up card your opponent controls; destroy them. If a monster you control that was originally a DARK Machine destroys an opponent's monster(s) by battle or card effect and sends it to the GY: You can inflict damage to your opponent equal to half the original ATK of 1 of those monster(s) destroyed and sent to the GY. You can only use this effect of "BM-4 Blast Spider" once per turn.$DARK/Machine$$Activates when it destroys a monster by battle$Ignition/Trigger/Condition$
76728962$Desperado Barrel Dragon$Unlimited$DARK$[Machine/Effect]$$$$$8$2800$2200$$$$If a face-up DARK Machine monster(s) you control is destroyed by battle or card effect: You can Special Summon this card from your hand. Once per turn, during the Battle Phase (Quick Effect): You can toss a coin 3 times; destroy face-up monsters on the field, up to the number of heads, then if the result was 3 heads, draw 1 card. This card cannot attack the turn this effect is activated. If this card is sent to the GY: You can add 1 Level 7 or lower monster that has a coin tossing effect, from your Deck to your hand.$DARK/Machine/Coin toss$$Activates if destroyed by battle/Activates if destroyed by card effect/Activates from your hand/You draw cards/Activates from your Graveyard/Adds from Deck to hand$Trigger/Quick/Condition$
03113667$Heavy Metal Raiders$Unlimited$SPELL$$$$$$$$$Field$$$The first time each DARK Machine monster you control would be destroyed by battle each turn, it is not destroyed, and if you took battle damage from the battle, it gains that much ATK after damage calculation, and keeps that ATK gain while this card is on the field. Once per turn, if a monster you control that was originally a DARK Machine destroys a card(s) on the field by battle or card effect: You can Special Summon 1 DARK Machine monster from your hand.$DARK/Machine$$Activates when it destroys a monster by battle$Continuous-like/Trigger-like$
49511705$Proton Blast$Unlimited$TRAP$$$$$$$$$Continuous$$$Once per turn, if an activated card effect tosses coins, immediately after it resolves, apply the following effect(s), depending on the number of heads.●1+: Inflict 500 damage to your opponent.●2+: Destroy 1 card your opponent controls.●3+: Look at your opponent's hand and discard 1 card from their hand.When an effect is activated that tosses a coin 2 or more times: You can banish this card from the GY; treat all results as heads.$$$Reveals your opponent's hand/Your opponent discards/Activates from your Graveyard/Changes coin toss result$Continuous-like/Quick-like$
26302522$Blast Sphere$Unlimited$DARK$[Machine/Effect]$$$$$4$1400$1400$$$$If this face-down Defense Position card was attacked by an opponent's monster, before damage calculation: Equip this card to the attacking monster. Then, during your opponent's next Standby Phase: Destroy the monster this card is equipped to, and if you do, inflict damage to your opponent equal to the ATK the destroyed monster had on the field.$$$Equips self from field$Trigger/Trigger-like$
81480460$Barrel Dragon$Unlimited$DARK$[Machine/Effect]$$$$$7$2600$2200$$$$Once per turn: You can target 1 monster your opponent controls; toss a coin 3 times and destroy it if at least 2 of the results are heads.$$$$Ignition$
80987696$Time Machine$Unlimited$TRAP$$$$$$$$$$$$When a monster is destroyed by battle and sent to the GY: Special Summon that monster to the same field it was on, in the same battle position it was in when destroyed.$$$Activates if destroyed by battle$Activation requirement/Effect$
75906310$Armed Dragon Catapult Cannon$Unlimited$LIGHT$[Machine/Fusion/Effect]$$$$$10$3500$3000$$"VWXYZ-Dragon Catapult Cannon" + "Armed Dragon LV7"$$Must first be Special Summoned (from your Extra Deck) during a Duel you Special Summoned both the above cards, by banishing the above cards from your field and/or GY. (You do not use "Polymerization".) Your opponent cannot activate cards or effects with the same name as any banished card. Once per turn, during your opponent's turn (Quick Effect): You can banish 1 card from your Deck or Extra Deck, face-up; banish all cards your opponent controls and in their GY.$$$$Summon/Continuous/Quick$
02390019$Ojamassimilation$Unlimited$SPELL$$$$$$$$$$$$Reveal 1 LIGHT Machine Fusion Monster from your Extra Deck and banish any number of "Ojama" monsters from your hand, face-up field, and/or GY; Special Summon Fusion Materials with different names whose names are specifically listed on the card you revealed, from your hand, Deck, and/or GY, equal to the number of monsters banished to activate this effect. You can banish this card from your GY, then target 3 of your banished "Ojama" monsters; shuffle them into the Deck, then draw 1 card.$Supports archetypes /Ojama$$Reveals your Extra Deck for cost/Returns the player's banished cards to the Deck by effect/You draw cards$Cost/Effect/Ignition-like$
38395123$Ojamatch$Unlimited$SPELL$$$$$$$$$Quick-Play$$$Send 1 "Ojama" card from your hand or face-up field to the GY; add to your hand, 1 "Ojama" monster with a different name, and 1 "Armed Dragon" monster, from your Deck and/or GY, then, immediately after this effect resolves, you can Normal Summon 1 of those monsters. During your Main Phase: You can banish this card from your GY, then target 3 of your banished "Ojama" monsters; shuffle them into the Deck, then draw 1 card.$Supports archetypes /Ojama/Armed Dragon$$Sends from hand to Graveyard for cost/Sends from field to Graveyard for cost/Adds from Deck to hand/Adds from Graveyard to hand/Activates from your Graveyard/Returns the player's banished cards to the Deck/You draw cards$Cost/Effect/Ignition-like$
75884822$Ojama Pajama$Unlimited$TRAP$$$$$$$$$Continuous$$$If an "Armed Dragon" monster(s) and/or a LIGHT Machine Fusion Monster(s) you control would be destroyed by battle or card effect, you can banish 1 "Ojama" card from your hand, face-up field, or GY instead. You can only use each of the following effects of "Ojama Pajama" once per turn.●During the Main Phase: You can add 1 "Ojama" card from your Deck to your hand, then discard 1 card.●If this card is sent to the GY: You can Special Summon as many of your banished "Ojama" monsters as possible.$Supports archetypes /Armed Dragon/Ojama$$Adds from Deck to hand/Discards for effect/Activates from your Graveyard$Continuous-like/Condition/Quick-like/Trigger-like$
00980973$Armed Dragon LV3$Unlimited$WIND$[Dragon/Effect]$$$$$3$1200$900$$$$During your Standby Phase: You can send this card to the GY; Special Summon 1 "Armed Dragon LV5" from your hand or Deck.$Armed Dragon LV5$$Sends itself from field to Graveyard for cost$Trigger$
46384672$Armed Dragon LV5$Unlimited$WIND$[Dragon/Effect]$$$$$5$2400$1700$$$$You can send 1 monster from your hand to the GY, then target 1 monster your opponent controls with ATK less than or equal to the sent monster's ATK; destroy that target. During the End Phase, if this card destroyed a monster by battle this turn: You can send this card to the GY; Special Summon 1 "Armed Dragon LV7" from your hand or Deck.$Armed Dragon LV7$$Discards for cost/Activates when it destroys a monster by battle/Sends itself from field to Graveyard for cost$Ignition/Trigger$
73879377$Armed Dragon LV7$Unlimited$WIND$[Dragon/Effect]$$$$$7$2800$1000$$$$Cannot be Normal Summoned/Set. Must be Special Summoned by "Armed Dragon LV5". You can send 1 monster from your hand to the GY; destroy all monsters your opponent controls with ATK less than or equal to that sent monster's ATK.$Armed Dragon LV5$$Sends from hand to Graveyard for cost$Summon/Ignition$
84243274$VWXYZ-Dragon Catapult Cannon$Unlimited$LIGHT$[Machine/Fusion/Effect]$$$$$8$3000$2800$$"VW-Tiger Catapult" + "XYZ-Dragon Cannon"$$Must first be Special Summoned (from your Extra Deck) by banishing the above cards you control. Once per turn: You can target 1 card your opponent controls; banish that target. When this card declares an attack on an opponent's monster: You can target the attack target; change that attack target's battle position. (Flip effects are not activated.)$$Flip monster$Activates upon attack declaration/Changes battle positions$Summon/Ignition/Trigger$
24643836$Ojamagic$Unlimited$SPELL$$$$$$$$$$$$If this card is sent from the hand or field to the GY: Add 1 each of "Ojama Green", "Ojama Yellow", and "Ojama Black" from your Deck to your hand.$Ojama Green/Ojama Yellow/Ojama Black$$Activates from your Graveyard/Adds from Deck to hand$Trigger-like$
01278431$Ancient Gear Frame$Unlimited$EARTH$[Machine/Effect]$$$$$4$1600$500$$$$You can discard 1 card; add 1 "Ancient Gear Golem", or 1 Spell/Trap that specifically lists the card "Ancient Gear Golem" in its text, from your Deck to your hand. You can only use this effect of "Ancient Gear Frame" once per turn. If this card attacks, your opponent cannot activate Spell/Trap Cards until the end of the Damage Step. If this face-up card in its owner's control leaves the field because of an opponent's card effect: You can Special Summon up to 3 "Ancient Gear Golem" and/or "Ancient Gear Golem - Ultimate Pound" from your hand, ignoring their Summoning conditions.$Ancient Gear Golem/Ancient Gear Golem - Ultimate Pound$$Discards for cost/Adds from Deck to hand/Activates when it leaves the field$Ignition/Condition/Continuous/Trigger$
37663536$Ancient Gear Megaton Golem$Unlimited$EARTH$[Machine/Fusion/Effect]$$$$$9$3300$3300$$3 "Ancient Gear" monsters$$If this card attacks, your opponent cannot activate Spell/Trap Cards until the end of the Damage Step. If this card was Fusion Summoned using 2 or more "Ancient Gear Golem" and/or "Ancient Gear Golem - Ultimate Pound" as material, it can attack up to that many times during each Battle Phase. If this face-up Fusion Summoned card in its owner's control leaves the field because of an opponent's card effect: You can Special Summon 1 "Ultimate Ancient Gear Golem" from your Extra Deck, ignoring its Summoning conditions.$Supports archetypes /Ancient Gear$$Activates from your Graveyard$Continuous/Trigger$
64061284$Ancient Gear Fusion$Unlimited$SPELL$$$$$$$$$$$$Fusion Summon 1 "Ancient Gear" Fusion Monster from your Extra Deck, using monsters from your hand or field as Fusion Material. If you use "Ancient Gear Golem" or "Ancient Gear Golem - Ultimate Pound" you control as Fusion Material, you can also use monsters from your Deck as material.$Supports archetypes /Ancient Gear$$Uses cards in the hand as Fusion Materials/Uses cards on the player's field as Fusion Materials/Uses cards in the player's Deck as Fusion Materials$Effect$
00056889$Cross-Dimensional Duel$Unlimited$TRAP$$$$$$$$$$$$Target 1 "Ancient Gear" monster you control; banish it. During the next Standby Phase, return that banished monster to the field, and if you do, its ATK becomes double its original ATK until the end of that turn. If 1 or more "Ancient Gear Golem" or "Ancient Gear Golem - Ultimate Pound" you control would be destroyed by battle or card effect, you can banish this card from your GY instead.$Supports archetypes /Ancient Gear$$Returns banished cards to the field$Effect/Lingering/Unclassified$
83104731$Ancient Gear Golem$Unlimited$EARTH$[Machine/Effect]$$$$$8$3000$3000$$$$Cannot be Special Summoned. If this card attacks, your opponent cannot activate any Spell/Trap Cards until the end of the Damage Step. If this card attacks a Defense Position monster, inflict piercing battle damage.$$$$Summon/Continuous$
95735217$Ancient Gear Golem - Ultimate Pound$Unlimited$EARTH$[Machine/Effect]$$$$$8$3000$3000$$$$Cannot be Special Summoned. If this card attacks a Defense Position monster, inflict piercing battle damage. Up to twice per turn, when this attacking card destroys a monster by battle: You can discard 1 Machine monster; this card can attack again in a row. If this card on the field is destroyed by battle or card effect: You can add 1 "Polymerization" from your Deck to your hand, and if you do, add 1 other "Ancient Gear" monster from your GY to your hand.$Supports archetypes /Ancient Gear$$Activates when it destroys a monster by battle/Discards for cost/Activates if destroyed by battle/Activates if destroyed by card effect/Adds from Deck to hand/Adds from Graveyard to hand$Summon/Continuous/Trigger$
12652643$Ultimate Ancient Gear Golem$Unlimited$EARTH$[Machine/Fusion/Effect]$$$$$10$4400$3400$$"Ancient Gear Golem" + 2 "Ancient Gear" monsters$$Must be Fusion Summoned. If this card attacks a Defense Position monster, inflict piercing battle damage. If this card attacks, your opponent cannot activate Spell/Trap Cards until the end of the Damage Step. If this card is destroyed: You can target 1 "Ancient Gear Golem" in your GY; Special Summon it, ignoring its Summoning conditions.$Supports archetypes /Ancient Gear$$Activates if destroyed by battle/Activates if destroyed by card effect$Summon/Continuous/Trigger$
37440988$Rainbow Overdragon$Unlimited$LIGHT$[Dragon/Fusion/Effect]$$$$$12$4000$0$$7 "Crystal Beast" monsters$$(This card is always treated as an "Ultimate Crystal" card.)Must be either Fusion Summoned, or Special Summoned by Tributing 1 Level 10 "Ultimate Crystal" monster. Once per turn: You can banish 1 "Crystal Beast" monster from your GY; this card gains ATK equal to the banished monster's, until the end of this turn. (Quick Effect): You can Tribute this Fusion Summoned card; shuffle all cards on the field into the Deck.$Supports archetypes /Crystal Beast/Ultimate Crystal$$Tributes Fusion Materials for Contact Fusion/Tributes itself for cost/Returns from field to Deck$Summon/Ignition/Quick$
63945693$Rainbow Bridge$Unlimited$SPELL$$$$$$$$$$$$Add 1 "Crystal" Spell/Trap from your Deck to your hand.$Supports archetypes /Crystal$$Adds from Deck to hand$Effect$
09334391$Crystal Bond$Unlimited$SPELL$$$$$$$$$$$$Add 1 "Crystal Beast" monster from your Deck to your hand, and place 1 "Crystal Beast" monster with a different name from your Deck face-up in your Spell & Trap Zone as a Continuous Spell. You can only activate 1 "Crystal Bond" per turn.$Supports archetypes /Crystal Beast$$Adds from Deck to hand/Places cards from Deck in Spell & Trap Zone$Effect/Condition$
36328300$Ultimate Crystal Magic$Unlimited$TRAP$$$$$$$$$$$$When your "Crystal Beast" monster is destroyed by battle: You can send 7 "Crystal Beast" cards with different names from your hand, Deck, and/or face-up field to the GY; Special Summon 1 "Ultimate Crystal" Fusion Monster from your Extra Deck. (This is treated as a Fusion Summon.) If a face-up "Ultimate Crystal" monster you control leaves the field because of an opponent's card effect: You can banish this card from your GY; place any number of "Crystal Beast" monsters from your GY, face-up in your Spell & Trap Zone as Continuous Spells.$Supports archetypes /Crystal Beast/Ultimate Crystal$$Activates if destroyed by battle/Sends from your hand to your Graveyard/Sends from your Deck to your Graveyard/Sends from your field to your Graveyard/Activates from your Graveyard/Places cards from Graveyard in Spell & Trap Zone$Activation requirement/Cost/Effect/Trigger-like$
32710364$Crystal Beast Ruby Carbuncle$Unlimited$LIGHT$[Fairy/Effect]$$$$$3$300$300$$$$When this card is Special Summoned: You can Special Summon as many "Crystal Beast" Monster Cards as possible from your Spell & Trap Zones. If this face-up card is destroyed in a Monster Zone, you can place it face-up in your Spell & Trap Zone as a Continuous Spell, instead of sending it to the GY.$Supports archetypes /Crystal Beast$$Activates upon Special Summon/Activates if destroyed by battle/Activates if destroyed by card effect/Places itself in Spell & Trap Zone/Places destroyed cards in Spell & Trap Zone$Trigger/Unclassified$
07093411$Crystal Beast Sapphire Pegasus$Unlimited$WIND$[Beast/Effect]$$$$$4$1800$1200$$$$When this card is Summoned: You can place 1 "Crystal Beast" monster from your hand, Deck, or GY, face-up in your Spell & Trap Zone as a Continuous Spell. If this face-up card is destroyed in a Monster Zone, you can place it face-up in your Spell & Trap Zone as a Continuous Spell, instead of sending it to the GY.$Supports archetypes /Crystal Beast$$Activates upon Normal Summon/Activates upon Flip Summon/Activates upon Special Summon/Places cards from hand in Spell & Trap Zone/Places cards from Deck in Spell & Trap Zone/Places cards from Graveyard in Spell & Trap Zone/Activates if destroyed by battle/Activates if destroyed by card effect/Places itself in Spell & Trap Zone/Places destroyed cards in Spell & Trap Zone$Trigger/Unclassified$
79856792$Rainbow Dragon$Unlimited$LIGHT$[Dragon/Effect]$$$$$10$4000$0$$$$(This card is always treated as an "Ultimate Crystal" card.)Cannot be Normal Summoned/Set. Must be Special Summoned (from your hand) by having 7 "Crystal Beast" cards with different names on your field and/or GY. This card cannot activate the following effects the turn it is Special Summoned. (Quick Effect): You can send all "Crystal Beast" monsters you control to the GY; this card gains 1000 ATK for each monster sent to the GY. You can banish all "Crystal Beast" monsters from your GY; shuffle all cards on the field into the Deck.$Supports archetypes /Crystal Beast$$Returns from field to Deck/Sends from field to Graveyard for cost$Summon/Quick/Ignition$
10004783$Crystal Release$Unlimited$SPELL$$$$$$$$$Equip$$$Equip only to a "Crystal Beast" monster. It gains 800 ATK. When this card is sent from the field to the GY: You can place 1 "Crystal Beast" monster from your Deck face-up in your Spell & Trap Zone as a Continuous Spell.$Supports archetypes /Crystal Beast$$Activates from your Graveyard/Places cards from Deck in Spell & Trap Zone$Condition/Continuous-like/Trigger-like$
47408488$Crystal Tree$Unlimited$SPELL$$$$$$$$$Continuous$$$Each time a "Crystal Beast" monster(s) is placed in either player's Spell & Trap Zone, place 1 Crystal Counter on this card. You can send this card to the GY; take a number of "Crystal Beast" monsters from your Deck equal to the number of Crystal Counters that were on this card, and place them face-up in your Spell & Trap Zone as Continuous Spells.$Supports archetypes /Crystal Beast$$Sends itself from field to Graveyard for cost$Trigger-like/Ignition-like$
07736719$Vortex Trooper$Unlimited$WIND$[Aqua/Effect]$$$$$3$0$600$$$$When this card is Normal Summoned: You can shuffle 2 cards from your hand into the Deck, then draw 2 cards. If this card is destroyed: Draw 1 card.$$$Activates upon Normal Summon/Returns from your hand to your Deck/You draw cards/Activates if destroyed by battle/Activates if destroyed by card effect$Trigger$
72959823$Panzer Dragon$Unlimited$LIGHT$[Machine/Fusion/Effect]$$$$$5$1000$2600$$1 Machine monster + 1 Dragon monster$$If this card is destroyed and sent to the GY: You can target 1 card on the field; destroy it.$Machine/Dragon$$Activates if destroyed by battle/Activates if destroyed by card effect/Activates from your Graveyard$Trigger$
01845204$Instant Fusion$Limited$SPELL$$$$$$$$$$$$Pay 1000 LP; Special Summon 1 Level 5 or lower Fusion Monster from your Extra Deck, but it cannot attack, also it is destroyed during the End Phase. (This is treated as a Fusion Summon.) You can only activate 1 "Instant Fusion" per turn.$Fusion Monster$$$Cost/Effect/Condition$
23171610$Limiter Removal$Unlimited$SPELL$$$$$$$$$Quick-Play$$$Double the ATK of all Machine monsters you currently control, until the end of this turn. During the End Phase of this turn, destroy those monsters.$Machine$$$Effect/Lingering$
43140791$Worm Bait$Unlimited$SPELL$$$$$$$$$$$$If you control an Insect monster: Special Summon 2 "Worm Tokens" (Insect/EARTH/Level 1/ATK 0/DEF 0). You cannot Normal or Special Summon any Level 3 or 4 monsters the turn you activate this card.$Insect$$$Activation requirement/Effect$
88032456$Mimicat$Unlimited$SPELL$$$$$$$$$$$$If you control "Toon World" and a Toon monster: Target 1 card in your opponent's GY; if it is a monster, Special Summon it to your field, or if it is a Spell/Trap, Set it to your field. You can only activate 1 "Mimicat" per turn.$Toon World/Toon monster$$Sets from your opponent's Graveyard/Exchanges cards$Activation requirement/Effect/Condition$
43175858$Toon Kingdom$Unlimited$SPELL$$$$$$$$$Field$$$When this card is activated: Banish 3 cards from the top of your Deck, face-down. This card's name becomes "Toon World" while in the Field Zone. Your opponent cannot target Toon monsters you control with card effects. If a Toon monster(s) you control would be destroyed by battle or card effect, you can banish 1 card from the top of your Deck, face-down, for each of those monster(s) instead.$Toon World/Toon monster$$$Effect/Continuous-like$
