Passcode$Name$Status$Attribute$type$link$link_arrows$rank$pendulum_scale$level$attack$defense$spell_attribute$summoning_condition$pendulum_condition$card_text$card_supports$card_anti_supports$card_actions$effect_types$
48179391$The Seal of Orichalcos$Unlimited$SPELL$$$$$$$$$Field$$$All monsters you control gain 500 ATK. Once per turn, this card cannot be destroyed by card effects. While you control 2 or more face-up Attack Position monsters, your opponent cannot target your monster(s) with the lowest ATK for an attack. If this card is activated: Destroy all Special Summoned monsters you control. You cannot Special Summon monsters from the Extra Deck. You can only activate "The Seal of Orichalcos" once per Duel.$$$$Continuous-like/Effect/Condition$
31829185$Dark Necrofear$Unlimited$DARK$[Fiend/Effect]$$$$$8$2200$2800$$$$Cannot be Normal Summoned/Set. Must first be Special Summoned (from your hand) by banishing 3 Fiend monsters from your GY. During the End Phase, if this card is in your GY because it was destroyed in your Monster Zone by an opponent's card and sent there this turn: Target 1 face-up monster your opponent controls; equip this card to that target. While this card is equipped to a monster by this effect, take control of that monster.$Fiend$$Activates from your Graveyard/Equips self from Graveyard/Takes control of equipped$Summon/Trigger/Continuous-like$
34022290$Guardian Eatos$Unlimited$WIND$[Fairy/Effect]$$$$$8$2500$2000$$$$If you have no monsters in your GY, you can Special Summon this card (from your hand). You can send 1 of your Equip Spells equipped to this card to the GY, then target up to 3 monsters in your opponent's GY; banish those targets, and if you do, this card gains 500 ATK for each monster banished by this effect, until the end of this turn.$Equip Spell Card$$Sends from your field to your Graveyard$Summon/Ignition$
99267150$Five-Headed Dragon$Unlimited$DARK$[Dragon/Fusion/Effect]$$$$$12$5000$5000$$5 Dragon monsters$$Must be Fusion Summoned. Cannot be destroyed by battle with a DARK, EARTH, WATER, FIRE, or WIND monster.$Dragon$DARK/EARTH/WATER/FIRE/WIND$$Summon/Continuous$
