Passcode$Name$Status$Attribute$type$link$link_arrows$rank$pendulum_scale$level$attack$defense$spell_attribute$summoning_condition$pendulum_condition$card_text$card_supports$card_anti_supports$card_actions$effect_types$
36472900$Sonic Chick$Unlimited$EARTH$[Winged Beast/Effect]$$$$$1$300$300$$$$Cannot be destroyed by battle with a monster that has 1900 or more ATK.$$$$Continuous$
63977008$Junk Synchron$Unlimited$DARK$[Warrior/Tuner/Effect]$$$$$3$1300$500$$$$When this card is Normal Summoned: You can target 1 Level 2 or lower monster in your GY; Special Summon that target in Defense Position, but negate its effects.$$$Activates upon Normal Summon$Trigger$
09365703$Speed Warrior$Unlimited$WIND$[Warrior/Effect]$$$$$2$900$400$$$$Once per Battle Phase, if this card was Normal Summoned this turn (except during the Damage Step): You can make its ATK become double its original ATK, until the end of the Battle Phase.$$$Activates during the turn in which it was Normal Summoned$Trigger$
96182448$Nitro Synchron$Unlimited$FIRE$[Machine/Tuner/Effect]$$$$$2$300$100$$$$If this card is sent to the Graveyard for the Synchro Summon of a "Nitro" Synchro Monster: Draw 1 card.$Supports archetypes /Nitro$$Activates from your Graveyard/You draw cards$Trigger$
23571046$Quillbolt Hedgehog$Unlimited$EARTH$[Machine/Effect]$$$$$2$800$800$$$$If this card is in your GY: You can Special Summon this card, but banish it when it leaves the field. You must control a Tuner to activate and to resolve this effect.$Tuner monster$$Activates from your Graveyard$Ignition/Condition$
67270095$Turbo Synchron$Unlimited$WIND$[Machine/Tuner/Effect]$$$$$1$100$500$$$$When this card declares an attack: You can change the attack target to Defense Position. When you take battle damage while this card is attacking: You can Special Summon 1 monster from your hand with ATK less than or equal to the battle damage you took.$$$Activates upon attack declaration/Changes battle positions/Activates if you take battle damage$Trigger$
92676637$Tuningware$Unlimited$LIGHT$[Machine/Effect]$$$$$1$100$300$$$$This card can be treated as a Level 2 monster when used for a Synchro Summon. If this card is sent to the Graveyard for a Synchro Summon: Draw 1 card.$Synchro Monster$$Activates from your Graveyard/You draw cards$Unclassified/Trigger$
88559132$Turret Warrior$Unlimited$EARTH$[Warrior/Effect]$$$$$5$1200$2000$$$$You can Special Summon this card (from your hand) by Tributing 1 Warrior-Type monster, and if you do, it gains ATK equal to the Tributed monster's original ATK.$Warrior$$Activates from your hand/Tributes for cost$Summon$
14943837$Debris Dragon$Unlimited$WIND$[Dragon/Tuner/Effect]$$$$$4$1000$2000$$$$When this card is Normal Summoned: You can target 1 monster with 500 or less ATK in your GY; Special Summon that target in Attack Position, but negate its effects. Cannot be used as Synchro Material, except for the Synchro Summon of a Dragon monster. The other Synchro Material(s) cannot be Level 4.$Dragon/Synchro Monster$$Activates upon Normal Summon$Trigger/Condition$
40348946$Hyper Synchron$Unlimited$LIGHT$[Machine/Tuner/Effect]$$$$$4$1600$800$$$$If this card is sent to the Graveyard for the Synchro Summon of a Dragon-Type monster: That monster gains 800 ATK, also banish that face-up monster during the End Phase.$Dragon$$Activates from your Graveyard/Activates if used as Synchro Material$Trigger$
71971554$Road Synchron$Unlimited$LIGHT$[Machine/Tuner/Effect]$$$$$4$1600$800$$$$When using this card as Synchro Material for the Synchro Summon of a monster other than "Road Warrior", reduce this card's Level by 2. If this card attacks, at the end of the Damage Step: Increase its Level by 1 until the end of this turn.$Road Warrior$$$Unclassified/Trigger$
21159309$Majestic Dragon$Unlimited$LIGHT$[Dragon/Tuner/Effect]$$$$$1$0$0$$$$Cannot be used as Synchro Material, except for the Synchro Summon of a "Majestic" monster.$Supports archetypes /Majestic$$$Condition$
20932152$Quickdraw Synchron$Unlimited$WIND$[Machine/Tuner/Effect]$$$$$5$700$1400$$$$You can Special Summon this card (from your hand) by sending 1 monster from your hand to the GY. For a Synchro Summon, you can substitute this card for any 1 "Synchron" Tuner. Cannot be used as a Synchro Material, except for the Synchro Summon of a monster that mentions a "Synchron" Tuner as material.$Supports archetypes /Synchron$$Activates from your hand/Sends from your hand to your Graveyard$Summon/Condition$
57421866$Level Eater$Forbidden(OCG)$DARK$[Insect/Effect]$$$$$1$600$0$$$$If this card is in your Graveyard: You can target 1 Level 5 or higher monster you control; reduce its Level by 1, and if you do, Special Summon this card. This face-up card on the field cannot be Tributed, except for a Tribute Summon.$$$Activates from your Graveyard/Cannot be Tributed$Ignition/Continuous$
56286179$Drill Synchron$Unlimited$EARTH$[Machine/Tuner/Effect]$$$$$3$800$300$$$$If a Warrior-Type monster you control attacks a Defense Position monster, inflict piercing battle damage to your opponent. Once per turn, when you inflict battle damage to your opponent with this effect: You can draw 1 card.$Warrior$$You draw cards$Continuous/Trigger$
28859794$Shield Wing$Unlimited$WIND$[Winged Beast/Effect]$$$$$2$0$900$$$$Twice per turn, this card cannot be destroyed by battle.$$$$Continuous$
36643046$Synchron Explorer$Unlimited$EARTH$[Machine/Effect]$$$$$2$0$700$$$$When this card is Normal Summoned: You can target 1 "Synchron" monster in your GY; Special Summon that target, but negate its effects.$Supports archetypes /Synchron$$Activates upon Normal Summon$Trigger$
97268402$Effect Veiler$Unlimited$LIGHT$[Spellcaster/Tuner/Effect]$$$$$1$0$0$$$$During your opponent's Main Phase (Quick Effect): You can send this card from your hand to the GY, then target 1 Effect Monster your opponent controls; negate the effects of that face-up monster your opponent controls, until the end of this turn.$$$Activates from your hand/Sends itself from hand to Graveyard for cost$Quick$
52840598$Bri Synchron$Unlimited$EARTH$[Machine/Tuner/Effect]$$$$$4$1500$1100$$$$If this card is sent to the Graveyard as a Synchro Material, until the end of this turn, the Synchro Monster that used this card as a Synchro Material gains 600 ATK, but its effects are negated.$Synchro Monster$$Activates from your Graveyard/Applies effect when used as Synchro Material$Unclassified$
53855409$Doppelwarrior$Unlimited$DARK$[Warrior/Effect]$$$$$2$800$800$$$$When a monster(s) is Special Summoned from your GY (except during the Damage Step): You can Special Summon this card from your hand. If this card is sent to the GY as Synchro Material: You can Special Summon 2 "Doppel Tokens" (Warrior/DARK/Level 1/ATK 400/DEF 400) in Attack Position.$$$Activates from your hand/Activates upon Special Summon/Activates from your Graveyard/Activates if used as Synchro Material$Trigger$
78922939$Junk Servant$Unlimited$EARTH$[Warrior/Effect]$$$$$4$1500$1000$$$$If you control a "Junk" monster, you can Special Summon this card (from your hand).$Supports archetypes /Junk$$$Summon$
15310033$Unknown Synchron$Unlimited$DARK$[Machine/Tuner/Effect]$$$$$1$0$0$$$$If only your opponent controls a monster, you can Special Summon this card (from your hand). You can only Special Summon "Unknown Synchron" once per Duel this way.$$$Activates from your hand$Summon/Condition$
68120130$Junk Defender$Unlimited$EARTH$[Warrior/Effect]$$$$$3$500$1800$$$$When an opponent's monster declares a direct attack: You can Special Summon this card from your hand. Once per turn, during either player's turn: You can have this card gain 300 DEF until the end of this turn.$$$Activates upon attack declaration$Trigger/Quick$
56410040$Junk Forward$Unlimited$EARTH$[Warrior/Effect]$$$$$3$900$1500$$$$If you control no monsters, you can Special Summon this card (from your hand).$$$$Summon$
51855378$Junk Blader$Unlimited$EARTH$[Warrior/Effect]$$$$$4$1800$1000$$$$You can banish 1 "Junk" monster from your Graveyard; this card gains 400 ATK until the end of this turn.$Supports archetypes /Junk$$$Ignition$
56897896$Mono Synchron$Unlimited$DARK$[Machine/Tuner/Effect]$$$$$1$0$0$$$$When using this card as Synchro Material, the other Synchro Material(s) must be Level 4 or lower Warrior or Machine-Type monsters, and they are treated as Level 1.$Warrior/Machine$$$Condition$
83295594$Steam Synchron$Unlimited$WATER$[Machine/Tuner/Effect]$$$$$3$600$800$$$$During your opponent's Main Phase, you can (Quick Effect): Immediately after this effect resolves, Synchro Summon using this card you control.$$$Uses itself as a Synchro Material$Quick$
14017402$Dragon Knight Draco-Equiste$Unlimited$WIND$[Dragon/Fusion/Effect]$$$$$10$3200$2000$$1 Dragon Synchro Monster + 1 Warrior monster$$Must first be Fusion Summoned. Once per turn: You can target 1 Dragon Synchro Monster in the GY; banish that target, and if you do, until the End Phase, this card's name becomes that monster's, and replace this effect with that monster's original effects. While this card is in Attack Position, your opponent takes any effect damage you would have taken from their card effects, instead.$Dragon/Synchro Monster/Warrior$$$Summon/Ignition/Continuous$
60800381$Junk Warrior$Unlimited$DARK$[Warrior/Synchro/Effect]$$$$$5$2300$1300$$"Junk Synchron" + 1 or more non-Tuner monsters$$If this card is Synchro Summoned: It gains ATK equal to the total ATK of all Level 2 or lower monsters you currently control.$$$Activates upon Synchro Summon$Trigger$
23693634$Colossal Fighter$Unlimited$DARK$[Warrior/Synchro/Effect]$$$$$8$2800$1000$$1 Tuner + 1 or more non-Tuner monsters$$This card gains 100 ATK for every Warrior-Type monster in any Graveyard. When this card is destroyed by battle and sent to the Graveyard: You can target 1 Warrior-Type monster in either Graveyard; Special Summon that target.$Warrior$Warrior$Activates from your Graveyard$Continuous/Trigger$
44508094$Stardust Dragon$Unlimited$WIND$[Dragon/Synchro/Effect]$$$$$8$2500$2000$$1 Tuner + 1+ non-Tuner monsters$$When a card or effect is activated that would destroy a card(s) on the field (Quick Effect): You can Tribute this card; negate the activation, and if you do, destroy it. During the End Phase, if this effect was activated this turn (and was not negated): You can Special Summon this card from your GY.$$$Tributes itself for cost$Quick/Trigger$
18013090$Nitro Warrior$Unlimited$FIRE$[Warrior/Synchro/Effect]$$$$$7$2800$1800$$"Nitro Synchron" + 1 or more non-Tuner monsters$$Once during each of your turns, if you activate a Spell Card, this card gains 1000 ATK during the next attack this turn involving this card, during damage calculation only. If this attacking card destroys an opponent's monster by battle, after damage calculation: You can target 1 face-up Defense Position monster your opponent controls; change that target to Attack Position, then this card can make a second attack in a row, on that monster.$$$Changes battle positions$Continuous/Trigger$
46195773$Turbo Warrior$Unlimited$WIND$[Warrior/Synchro/Effect]$$$$$6$2500$1500$$"Turbo Synchron" + 1 or more non-Tuner monsters$$When this card declares an attack on a Level 6 or higher Synchro Monster: Halve the ATK of the attack target until the end of the Damage Step. This card cannot be targeted by the effects of Level 6 or lower monsters.$$Synchro Monster$Activates upon attack declaration$Trigger/Continuous$
29071332$Armory Arm$Unlimited$LIGHT$[Machine/Synchro/Effect]$$$$$4$1800$1200$$1 Tuner + 1+ non-Tuner monsters$$Once per turn, you can either: Target 1 monster on the field; equip this card to that target, OR: Unequip this card and Special Summon it in Attack Position. While equipped by this effect, that target gains 1000 ATK. If that target destroys a monster by battle and sends it to the GY: Inflict damage to your opponent equal to the destroyed monster's original ATK.$$$Equips self from field$Ignition/Continuous-like/Trigger-like$
02322421$Road Warrior$Unlimited$LIGHT$[Warrior/Synchro/Effect]$$$$$8$3000$1500$$"Road Synchron" + 2 or more non-Tuner monsters$$Once per turn: You can Special Summon 1 Level 2 or lower Warrior or Machine-Type monster from your Deck.$Warrior/Machine$$$Ignition$
07841112$Majestic Star Dragon$Unlimited$WIND$[Dragon/Synchro/Effect]$$$$$10$3800$3000$$"Majestic Dragon" + "Stardust Dragon" + 1 non-Tuner monster$$During either player's turn, when your opponent activates a card or effect: You can Tribute this card; negate the activation, and if you do, destroy all cards your opponent controls. Once per turn: You can target 1 face-up monster your opponent controls; negate its effects until the end of this turn, and you can activate 1 of its effects as this card's effect once this turn. During the End Phase: Target 1 "Stardust Dragon" in your Graveyard; return this card from the field to the Extra Deck, then Special Summon that target.$Stardust Dragon$$Tributes itself for cost/Returns itself from field to Extra Deck$Quick/Ignition/Trigger$
42810973$Junk Archer$Unlimited$EARTH$[Warrior/Synchro/Effect]$$$$$7$2300$2000$$"Junk Synchron" + 1 or more non-Tuner monsters$$Once per turn: You can target 1 monster your opponent controls; banish it. During the End Phase of this turn, return it to your opponent's side of the field, in the same battle position.$$$Returns banished cards to the field$Ignition$
03429238$Drill Warrior$Unlimited$EARTH$[Warrior/Synchro/Effect]$$$$$6$2400$2000$$"Drill Synchron" + 1 or more non-Tuner monsters$$Once per turn, during your Main Phase 1: You can halve this card's ATK, and if you do, it can attack your opponent directly this turn. Once per turn: You can discard 1 card, and if you do, banish this card. During your next Standby Phase: Special Summon this card banished by this effect, then add 1 monster from your Graveyard to your hand.$$$Discards for effect/Adds from Graveyard to hand$Ignition/Trigger$
74860293$Junk Destroyer$Unlimited$EARTH$[Warrior/Synchro/Effect]$$$$$8$2600$2500$$"Junk Synchron" + 1 or more non-Tuner monsters$$When this card is Synchro Summoned: You can target cards on the field, up to the number of non-Tuner monsters used for the Synchro Summon of this card; destroy those targets.$$$Activates upon Synchro Summon$Trigger$
24696097$Shooting Star Dragon$Unlimited$WIND$[Dragon/Synchro/Effect]$$$$$10$3300$2500$$1 Tuner Synchro Monster + "Stardust Dragon"$$Once per turn: You can excavate the top 5 cards of your Deck, shuffle them back in, also this card's maximum number of attacks per Battle Phase this turn equals the number of Tuner monsters excavated. Once per turn, when a card or effect is activated that would destroy a card(s) on the field (Quick Effect): You can negate the effect, and if you do, destroy it. Once per turn, when an opponent's monster declares an attack: You can target the attacking monster; banish this card, and if you do, negate that attack. During the next End Phase: Special Summon this card banished by this effect.$Tuner monster$$Excavates from the player's Deck/Shuffles excavated cards into the Deck/Activates upon attack declaration$Ignition/Quick/Trigger$
50091196$Formula Synchron$Unlimited$LIGHT$[Machine/Synchro/Tuner/Effect]$$$$$2$200$1500$$1 Tuner + 1 non-Tuner monster$$When this card is Synchro Summoned: You can draw 1 card. Once per Chain, during your opponent's Main Phase, you can (Quick Effect): Immediately after this effect resolves, Synchro Summon using this card you control.$$$Activates upon Synchro Summon/You draw cards/Uses itself as a Synchro Material$Trigger/Quick$
87259077$Lightning Warrior$Unlimited$LIGHT$[Warrior/Synchro/Effect]$$$$$7$2400$1200$$1 Tuner + 1 or more non-Tuner monsters$$If this card destroys an opponent's monster by battle and sends it to the Graveyard: Inflict 300 damage to your opponent for each card in your opponent's hand.$$$Activates when it destroys a monster by battle$Trigger$
59771339$Junk Berserker$Unlimited$WIND$[Warrior/Synchro/Effect]$$$$$7$2700$1800$$"Junk Synchron" + 1 or more non-Tuner monsters$$You can banish 1 "Junk" monster from your Graveyard, then target 1 face-up monster your opponent controls; that target loses ATK equal to the banished monster's ATK. At the start of the Damage Step, if this card attacks a Defense Position monster: Destroy that monster.$Supports archetypes /Junk$$$Ignition/Trigger$
79068663$Junk Barrage$Unlimited$SPELL$$$$$$$$$Equip$$$When the equipped monster destroys a monster by battle and sends it to the Graveyard: Inflict damage to your opponent equal to half the destroyed monster's ATK in the Graveyard.$$$Activates when it destroys a monster by battle$Trigger-like$
02295440$One for One$Limited$SPELL$$$$$$$$$$$$Send 1 monster from your hand to the GY; Special Summon 1 Level 1 monster from your hand or Deck.$$$Sends from hand to Graveyard for cost$Cost/Effect$
25231813$Silver Wing$Unlimited$SPELL$$$$$$$$$Equip$$$Equip only to a Level 8 or higher Dragon-Type Synchro Monster. Twice per turn, it cannot be destroyed by battle. If it would be destroyed by a card effect, you can destroy this card instead.$Dragon/Synchro Monster$$$Condition/Continuous-like$
51630558$Advance Draw$Unlimited$SPELL$$$$$$$$$$$$Tribute 1 face-up Level 8 or higher monster you control; draw 2 cards.$$$Tributes for cost/You draw cards$Cost/Effect$
39701395$Cards of Consonance$Unlimited$SPELL$$$$$$$$$$$$Discard 1 Dragon Tuner with 1000 or less ATK; draw 2 cards.$Dragon/Tuner monster$$Discards for cost/You draw cards$Cost/Effect$
96363153$Tuning$Unlimited$SPELL$$$$$$$$$$$$Add 1 "Synchron" Tuner from your Deck to your hand, then send the top card of your Deck to the GY.$Supports archetypes /Synchron$$Adds from Deck to hand/Sends from your Deck to your Graveyard$Effect$
15629801$Battle Waltz$Unlimited$SPELL$$$$$$$$$$$$Target 1 Synchro Monster you control; Special Summon 1 "Waltz Token" with the current Type, Attribute, Level, ATK and DEF of that monster. Neither player takes any battle damage from attacks involving this Token.$Synchro Monster$$$Effect/Lingering$
98427577$Scrap-Iron Scarecrow$Unlimited$TRAP$$$$$$$$$$$$When an opponent's monster declares an attack: Target the attacking monster; negate the attack, also, after that, Set this card face-down instead of sending it to the GY.$$$Activates upon attack declaration/Flips itself face-down$Activation requirement/Effect$
98273947$Graceful Revival$Unlimited$TRAP$$$$$$$$$Continuous$$$Activate this card by targeting 1 Level 2 or lower monster in your Graveyard; Special Summon that target in Attack Position. When this card leaves the field, destroy that monster. When that monster leaves the field, destroy this card.$$$$Effect/Continuous-like$
94634433$Urgent Tuning$Unlimited$TRAP$$$$$$$$$$$$During the Battle Phase: Immediately after this effect resolves, Synchro Summon 1 Synchro Monster using monsters you control.$Synchro Monster$$$Activation requirement/Effect$
16674846$Spirit Force$Unlimited$TRAP$$$$$$$$$$$$During your opponent's turn, at damage calculation: Make the battle damage you take from this battle 0, then you can add 1 Warrior-Type Tuner monster with 1500 or less DEF from your Graveyard to your hand.$Tuner monster/Warrior$$Returns from Graveyard to hand$Activation requirement/Effect$
42079445$Descending Lost Star$Unlimited$TRAP$$$$$$$$$$$$Target 1 Synchro Monster in your Graveyard; Special Summon that target in Defense Position, but its effects are negated, its Level is reduced by 1, its DEF becomes 0, also its battle position cannot be changed.$Synchro Monster$$Prevents Battle Position changes$Effect$
58120309$Starlight Road$Unlimited$TRAP$$$$$$$$$$$$When a card or effect is activated that would destroy 2 or more cards you control: Negate the effect, and if you do, destroy that card, then you can Special Summon 1 "Stardust Dragon" from your Extra Deck.$Stardust Dragon$$$Activation requirement/Effect$
97021916$Dark Resonator$Unlimited$DARK$[Fiend/Tuner/Effect]$$$$$3$1300$300$$$$The first time this card would be destroyed by battle each turn, it is not destroyed.$$$$Continuous$
13821299$Trap Eater$Unlimited$DARK$[Fiend/Tuner/Effect]$$$$$4$1900$1600$$$$Cannot be Normal Summoned/Set. Must be Special Summoned (from your hand) by sending 1 face-up Trap your opponent controls to the GY.$$$Sends from field to Graveyard for cost/Sends from your opponent's field to your opponent's Graveyard$Summon$
54343893$Vice Dragon$Unlimited$DARK$[Dragon/Effect]$$$$$5$2000$2400$$$$If your opponent controls a monster and you control no monsters, you can Special Summon this card (from your hand), but its original ATK and DEF become halved.$$$Activates from your hand$Summon$
23770284$Strong Wind Dragon$Unlimited$WIND$[Dragon/Effect]$$$$$6$2400$1000$$$$Cannot be destroyed by battle with a monster that has the same ATK. If this card is Tribute Summoned by Tributing a Dragon-Type monster: It gains ATK equal to half the original ATK of the Tributed monster. If this card attacks a Defense Position monster, inflict piercing battle damage to your opponent.$Dragon$$Activates upon Tribute Summon$Continuous/Trigger$
19665973$Battle Fader$Unlimited$DARK$[Fiend/Effect]$$$$$1$0$0$$$$When an opponent's monster declares a direct attack: You can Special Summon this card from your hand, then end the Battle Phase. If Summoned this way, banish it when it leaves the field.$$$Activates from your hand/Activates upon attack declaration/Ends the Battle Phase$Trigger/Condition$
13708425$Flare Resonator$Unlimited$FIRE$[Fiend/Tuner/Effect]$$$$$3$300$1300$$$$A Synchro Monster that used this card as a Synchro Material gains 300 ATK.$Synchro Monster$$Applies effect when used as Synchro Material$Unclassified$
06903857$Power Breaker$Unlimited$EARTH$[Warrior/Effect]$$$$$4$1900$0$$$$If this card in your possession is destroyed by your opponent's attack or card effect and sent to your Graveyard: Target 1 face-up Spell/Trap Card your opponent controls; destroy that target. If this card attacks, it is changed to Defense Position at the end of the Damage Step.$$$Activates if destroyed by battle/Activates if destroyed by card effect/Activates from your Graveyard/Changes battle positions$Trigger/Continuous$
32391566$Extra Veiler$Unlimited$LIGHT$[Spellcaster/Effect]$$$$$2$600$200$$$$When your opponent Special Summons a monster(s), except during the Damage Step: You can Special Summon this card from your hand, and if you do, your opponent takes any effect damage you would have taken from their card effects this turn, instead.$$$Activates upon Special Summon$Trigger$
05780210$Creation Resonator$Unlimited$WIND$[Fiend/Tuner/Effect]$$$$$3$800$600$$$$If you control a Level 8 or higher Synchro Monster, you can Special Summon this card (from your hand).$Synchro Monster$$Activates from your hand$Summon$
89127526$Barrier Resonator$Unlimited$LIGHT$[Fiend/Tuner/Effect]$$$$$1$300$800$$$$During either player's turn: You can send this card from your hand to the Graveyard, then target 1 Tuner monster you control; this turn, it cannot be destroyed by battle, also you take no battle damage from attacks involving it.$Tuner monster$$Activates from your hand/Sends itself from hand to Graveyard for cost$Quick$
40583194$Force Resonator$Unlimited$WATER$[Fiend/Tuner/Effect]$$$$$2$500$500$$$$You can send this face-up card you control to the Graveyard, then target 1 face-up monster you control; if it attacks this turn, your opponent cannot activate cards or effects that target a monster(s) until the end of the Damage Step.$$$Sends itself from field to Graveyard for cost$Ignition$
77087109$Clock Resonator$Unlimited$EARTH$[Fiend/Tuner/Effect]$$$$$3$1200$600$$$$Once per turn, this face-up Defense Position card cannot be destroyed by battle or by card effects.$$$$Continuous$
70902743$Red Dragon Archfiend$Unlimited$DARK$[Dragon/Synchro/Effect]$$$$$8$3000$2000$$1 Tuner + 1+ non-Tuner monsters$$After damage calculation, if this card attacked an opponent's Defense Position monster: Destroy all Defense Position monsters your opponent controls. Once per turn, during your End Phase: Destroy all other monsters you control that did not declare an attack this turn. This card must be face-up on the field to activate and to resolve this effect.$$$$Trigger/Condition$
40529384$Exploder Dragonwing$Unlimited$DARK$[Dragon/Synchro/Effect]$$$$$7$2400$1600$$1 Tuner + 1 or more non-Tuner Dragon-Type monsters$$At the start of the Damage Step, if this card battles a monster: You can destroy that monster, and if you do, inflict damage to your opponent equal to the ATK the destroyed monster had on the field. This card's ATK must be greater than or equal to the ATK of that monster to activate and to resolve this effect.$Dragon$$$Trigger/Condition$
67030233$Majestic Red Dragon$Unlimited$DARK$[Dragon/Synchro/Effect]$$$$$10$4000$3000$$"Majestic Dragon" + "Red Dragon Archfiend" + 1 non-Tuner monster$$Cannot be destroyed by card effects. After damage calculation, if this card attacks: Destroy all Defense Position monsters on the field. Once per turn: You can target 1 face-up monster your opponent controls; negate its effects, and if you do, this card gains ATK equal to that monster's ATK. These changes last until the end of this turn. During the End Phase: Target 1 "Red Dragon Archfiend" in your Graveyard; return this card from the field to the Extra Deck, then Special Summon that target.$Red Dragon Archfiend$$Returns itself from field to Extra Deck$Continuous/Trigger/Ignition$
36407615$Chaos King Archfiend$Unlimited$DARK$[Fiend/Synchro/Effect]$$$$$7$2600$2600$$1 Fiend-Type Tuner + 1 or more non-Tuner monsters$$When this card declares an attack: You can switch the current ATK and DEF of all face-up monsters your opponent controls, until the end of the Battle Phase.$Fiend$$Activates upon attack declaration$Trigger$
97489701$Red Nova Dragon$Unlimited$DARK$[Dragon/Synchro/Effect]$$$$$12$3500$3000$$2 Tuners + "Red Dragon Archfiend"$$This card gains 500 ATK for each Tuner monster in your Graveyard. Cannot be destroyed by an opponent's card effects. When an opponent's monster declares an attack: You can target the attacking monster; banish this card, and if you do, negate that attack. During the next End Phase: Special Summon this card banished by this effect.$Tuner monster$$Activates upon attack declaration$Continuous/Trigger$
80321197$Crimson Blader$Unlimited$FIRE$[Warrior/Synchro/Effect]$$$$$8$2800$2600$$1 Tuner + 1 or more non-Tuner monsters$$If this card destroys an opponent's monster by battle and sends it to the Graveyard: Your opponent cannot Normal or Special Summon Level 5 or higher monsters during their next turn.$$$$Trigger$
15576074$Resonator Engine$Unlimited$SPELL$$$$$$$$$$$$Target 2 "Resonator" monsters in your GY; add 1 Level 4 monster from your Deck to your hand, and if you do, return those targets to the Deck.$Supports archetypes /Resonator$$Adds from Deck to hand/Returns from your Graveyard to your Deck$Effect$
50215517$Scarlet Security$Unlimited$SPELL$$$$$$$$$$$$If you control a "Red Dragon Archfiend": Destroy all Spell and Trap Cards your opponent controls.$Red Dragon Archfiend$$$Activation requirement/Effect$
87614611$Red Dragon Vase$Unlimited$SPELL$$$$$$$$$$$$If you control a "Red Dragon Archfiend": Draw 2 cards. You cannot Normal or Special Summon monsters the turn you activate this card, and until the end of your opponent's turn after this card is activated.$Red Dragon Archfiend$$You draw cards$Activation requirement/Effect/Condition$
23008320$Resonator Call$Unlimited$SPELL$$$$$$$$$$$$Add 1 "Resonator" monster from your Deck to your hand.$Supports archetypes /Resonator$$Adds from Deck to hand$Effect$
59593925$Resonant Destruction$Unlimited$SPELL$$$$$$$$$Continuous$$$Each time a "Resonator" monster(s) is sent to the Graveyard as a Synchro Material: Target 1 card your opponent controls; destroy that target. Destroy this card during your 2nd End Phase after activation.$Supports archetypes /Resonator$$$Trigger-like/Condition$
24566654$Crimson Fire$Unlimited$TRAP$$$$$$$$$Counter$$$When your opponent activates a Spell/Trap Card that would inflict damage to you, while you control a "Red Dragon Archfiend": Your opponent takes twice the effect damage you would have taken, instead.$Red Dragon Archfiend$$$Activation requirement/Effect$
24673894$Changing Destiny$Unlimited$TRAP$$$$$$$$$$$$When an opponent's monster declares an attack: Target the attacking monster; negate the attack, and if you do, change it to Defense Position and it cannot change its battle position while it is face-up on the field. Then, your opponent chooses 1 of these effects.●You (the opponent of this card's activator) gain LP equal to half the target's ATK.●Your opponent (the activator of this card) takes damage equal to half the target's ATK.$$$Activates upon attack declaration/Changes battle positions/Prevents battle position changes$Activation requirement/Effect$
50078509$Fiendish Chain$Unlimited$TRAP$$$$$$$$$Continuous$$$Activate this card by targeting 1 Effect Monster on the field; negate the effects of that face-up monster while it is on the field, also that face-up monster cannot attack. When it is destroyed, destroy this card.$$$$Continuous-like$
18634367$Red Screen$Unlimited$TRAP$$$$$$$$$Continuous$$$Your opponent's monsters cannot declare attacks. During each of your End Phases, you must pay 1000 LP (this is not optional), or this card is destroyed. You can target 1 Level 1 Tuner monster in your Graveyard; destroy this card, and if you do, Special Summon that target. "Red Dragon Archfiend" must be on the field to activate and to resolve this effect.$Tuner monster/Red Dragon Archfiend$$$Continuous-like/Maintenance cost/Quick-like/Condition$
41197012$Red Carpet$Unlimited$TRAP$$$$$$$$$$$$If a Dragon-Type Synchro Monster is on the field: Target up to 2 "Resonator" monsters in your Graveyard; Special Summon them.$Supports archetypes /Resonator$$$Activation requirement/Effect$
02986553$Twilight Rose Knight$Unlimited$DARK$[Warrior/Tuner/Effect]$$$$$3$1000$1000$$$$Monsters your opponent controls cannot target Plant monsters for attacks. When this card is Normal Summoned: You can Special Summon 1 Level 4 or lower Plant monster from your hand.$Plant$$$Continuous/Trigger$
62379337$Violet Witch$Unlimited$DARK$[Spellcaster/Effect]$$$$$4$1100$1200$$$$If this card is destroyed by battle and sent to the Graveyard: Add 1 Plant-Type monster with 1500 or less DEF from your Deck to your hand.$Plant$$Activates if destroyed by battle/Activates from your Graveyard/Adds from Deck to hand$Trigger$
50164989$Dark Verger$Unlimited$EARTH$[Plant/Effect]$$$$$2$0$1000$$$$When a Plant-Type Tuner monster is Normal Summoned to your side of the field: You can Special Summon this card from your Graveyard in Attack Position.$Plant/Tuner monster$$Activates from your Graveyard/Activates upon Normal Summon$Trigger$
41160533$Rose Tentacles$Unlimited$EARTH$[Plant/Effect]$$$$$6$2200$1200$$$$Cannot be Special Summoned. At the start of your Battle Phase, for each Plant monster your opponent currently controls, this card gains 1 additional attack during each Battle Phase this turn. Each time this card destroys a Plant monster by battle: Inflict 300 damage to your opponent.$$Plant$Activates when it destroys a monster by battle$Summon/Continuous/Trigger$
59042331$Hedge Guard$Unlimited$EARTH$[Plant/Effect]$$$$$3$0$2100$$$$During damage calculation, in either player's turn, when a monster you control attacks or is attacked: You can send this card from your hand to the Graveyard; halve the ATK of that monster you control until the end of this turn, but that monster cannot be destroyed by this battle.$$$Sends itself from hand to Graveyard for cost$Quick$
85431040$Evil Thorn$Unlimited$DARK$[Plant/Effect]$$$$$1$100$300$$$$You can Tribute this card; inflict 300 damage to your opponent, and if you do, you can Special Summon up to 2 "Evil Thorn" from your Deck in Attack Position, but their effects cannot be activated.$$$Tributes itself for cost$Ignition$
44125452$Rose Fairy$Unlimited$WIND$[Plant/Effect]$$$$$3$600$1200$$$$If this card is added from your Deck to your hand by a card effect: You can Special Summon this card.$$$Activates from your hand$Trigger$
67441435$Glow-Up Bulb$Forbidden(OCG)$EARTH$[Plant/Tuner/Effect]$$$$$1$100$100$$$$If this card is in your GY: You can send the top card of your Deck to the GY, and if you do, Special Summon this card. You can only use this effect of "Glow-Up Bulb" once per Duel.$$$Activates from your Graveyard/Sends from the top of your Deck to your Graveyard$Ignition/Condition$
98884569$Blue Rose Dragon$Unlimited$DARK$[Dragon/Effect]$$$$$4$1600$1200$$$$When this card on the field is destroyed and sent to the GY: You can target 1 "Black Rose Dragon" or 1 Plant monster in your GY; Special Summon that monster.$Black Rose Dragon/Plant$$Activates if destroyed by battle/Activates if destroyed by card effect/Activates from your Graveyard$Trigger$
49674183$Fallen Angel of Roses$Unlimited$EARTH$[Plant/Effect]$$$$$7$2400$1300$$$$You can Special Summon this card (from your hand) by returning 1 Plant monster you control to the hand, except "Fallen Angel of Roses", but banish it when it leaves the field.$Plant$$Returns from field to hand for cost$Summon$
81146288$Rosaria, the Stately Fallen Angel$Unlimited$EARTH$[Plant/Effect]$$$$$8$2900$2400$$$$Cannot be Normal Summoned/Set. Must first be Special Summoned (from your hand) by banishing 2 Level 7 or higher Plant-Type monsters (1 from your hand and 1 from your Graveyard). Once per turn: You can negate the effects of all other face-up cards currently on the field, until the end of this turn.$Plant$$$Summon/Ignition$
96470883$Queen Angel of Roses$Unlimited$EARTH$[Plant/Effect]$$$$$7$2400$1300$$$$You can Tribute Summon this card in face-up Attack Position by Tributing 1 Plant monster. Once per turn, during your Standby Phase: Destroy the 1 face-up monster on the field that has the lowest ATK (your choice, if tied).$Plant$$$Summon/Trigger$
23087070$Rose Witch$Unlimited$EARTH$[Plant/Effect]$$$$$4$1600$1000$$$$This card can be treated as 2 Tributes for the Tribute Summon of a Plant monster.$Plant$$$Unclassified$
51852507$Rose Archer$Unlimited$EARTH$[Warrior/Effect]$$$$$3$1000$100$$$$When your opponent activates a Trap Card while you control a Plant monster (Quick Effect): You can send this card from your hand to the GY; negate the activation, and if you do, destroy it.$Plant$$Sends itself from hand to Graveyard for cost$Quick$
73580471$Black Rose Dragon$Unlimited$FIRE$[Dragon/Synchro/Effect]$$$$$7$2400$1800$$1 Tuner + 1+ non-Tuner monsters$$When this card is Synchro Summoned: You can destroy all cards on the field. Once per turn: You can banish 1 Plant monster from your GY, then target 1 Defense Position monster your opponent controls; change that target to face-up Attack Position, and if you do, its ATK becomes 0 until the end of this turn.$Plant$$Activates upon Synchro Summon/Changes battle positions$Trigger/Ignition$
04290468$Splendid Rose$Unlimited$WIND$[Plant/Synchro/Effect]$$$$$6$2200$2000$$1 Tuner + 1+ non-Tuner monsters$$Once per turn: You can banish 1 Plant monster from your GY, then target 1 face-up monster your opponent controls; halve that target's ATK, until the end of this turn. During the Battle Phase, if this card attacked: You can banish 1 Plant monster from your GY; halve this card's ATK until the end of this turn, and if you do, this card can make a second attack during this Battle Phase.$Plant$$$Ignition/Trigger$
71645242$Black Garden$Unlimited$SPELL$$$$$$$$$Field$$$If a monster(s) is Normal or Special Summoned face-up, except by the effect of "Black Garden": Halve its ATK, then, the controller of that monster Special Summons 1 "Rose Token" (Plant/DARK/Level 2/ATK 800/DEF 800) to their opponent's field in Attack Position. (This ATK loss remains even if this card leaves the field.) You can target 1 monster in your GY with ATK equal to the total ATK of all Plant monsters on the field; destroy this card and as many Plant monsters on the field as possible, then, if you destroyed all of them, Special Summon that targeted monster.$Plant$Plant$Activates upon Normal Summon/Activates upon Special Summon$Trigger-like/Ignition-like$
69584564$Fragrance Storm$Unlimited$SPELL$$$$$$$$$$$$Target 1 Plant-Type monster on the field; destroy that target, and if you do, draw 1 card, then if that card is a Plant-Type monster, you can reveal it and draw 1 more card.$Plant$Plant$You draw cards/Shows the player's drawn cards$Effect$
65079854$Thorn of Malice$Unlimited$SPELL$$$$$$$$$Equip$$$Equip only to "Black Rose Dragon" or a Plant monster. It gains 600 ATK. If the equipped monster attacks a Defense Position monster, inflict piercing battle damage to your opponent. If the equipped monster attacks a monster, after damage calculation: The attacked monster loses 600 ATK/DEF. An opponent's monster that battles with the equipped monster cannot be destroyed by that battle.$Black Rose Dragon/Plant$$$Condition/Continuous-like/Trigger-like$
01073952$Magic Planter$Unlimited$SPELL$$$$$$$$$$$$Send 1 face-up Continuous Trap you control to the GY; draw 2 cards.$Continuous Trap Card$$Sends from your field to your Graveyard for cost/You draw cards$Cost/Effect$
14730606$Ivy Shackles$Unlimited$TRAP$$$$$$$$$Continuous$$$All face-up monsters your opponent controls become Plant-Type during your turns only. If this face-up card you control is destroyed and sent to your Graveyard by an opponent's card effect: Draw 1 card.$$$You draw cards$Continuous-like/Trigger-like$
87046457$Overdoom Line$Unlimited$TRAP$$$$$$$$$Continuous$$$If a Plant-Type monster(s) is Special Summoned from the Graveyard to your side of the field: It gains 1000 ATK while this card is face-up on the field. Destroy this card during your 2nd End Phase after activation.$Plant$$$Trigger-like/Condition$
23440062$Wicked Rebirth$Unlimited$TRAP$$$$$$$$$Continuous$$$Activate this card by paying 800 LP, then target 1 Synchro Monster in your Graveyard; Special Summon it in Attack Position. Its effects are negated, also it cannot declare an attack this turn. When this card leaves the field, destroy that monster. When that monster is destroyed, destroy this card.$Synchro Monster$$Activates when it leaves the field$Cost/Effect/Continuous-like$
13438207$Blossom Bombardment$Unlimited$TRAP$$$$$$$$$$$$When a Plant-Type monster you control destroys an opponent's monster by battle and sends it to the Graveyard: Inflict damage to your opponent equal to the destroyed monster's ATK in the Graveyard.$Plant$$$Activation requirement/Effect$
70391588$Star Siphon$Unlimited$TRAP$$$$$$$$$$$$When a Synchro Monster(s) is Special Summoned: Target 1 of them; Special Summon 1 "Siphon Token" (Spellcaster-Type/DARK/Level 1/ATK 0/DEF 0). Its Level becomes that monster's current Level and that monster's Level becomes 1.$Synchro Monster$Synchro Monster$Activates upon Special Summon$Trigger-like/Effect$
02009101$Blackwing - Gale the Whirlwind$Unlimited$DARK$[Winged Beast/Tuner/Effect]$$$$$3$1300$400$$$$If you control a "Blackwing" monster other than "Blackwing - Gale the Whirlwind", you can Special Summon this card (from your hand). Once per turn: You can target 1 face-up monster your opponent controls; that target's ATK and DEF become half its current ATK and DEF.$Supports archetypes /Blackwing$$$Summon/Ignition$
49003716$Blackwing - Bora the Spear$Unlimited$DARK$[Winged Beast/Effect]$$$$$4$1700$800$$$$If you control a "Blackwing" monster other than "Blackwing - Bora the Spear", you can Special Summon this card (from your hand). If this card attacks a Defense Position monster, inflict piercing battle damage.$Supports archetypes /Blackwing$$$Summon/Continuous$
75498415$Blackwing - Sirocco the Dawn$Unlimited$DARK$[Winged Beast/Effect]$$$$$5$2000$900$$$$If your opponent controls a monster and you control no monsters, you can Normal Summon/Set this card without Tributing. Once per turn, during your Main Phase 1: You can target 1 "Blackwing" monster you control; until the end of this turn, it gains ATK equal to the total ATK of all "Blackwing" monsters currently on the field, except itself. Monsters other than the targeted monster cannot attack during the turn you activate this effect.$Supports archetypes /Blackwing$Anti-supports archetypes /Blackwing$$Summon/Ignition/Condition$
22835145$Blackwing - Blizzard the Far North$Unlimited$DARK$[Winged Beast/Tuner/Effect]$$$$$2$1300$0$$$$Cannot be Special Summoned. When this card is Normal Summoned: You can target 1 Level 4 or lower "Blackwing" monster in your Graveyard; Special Summon that target in Defense Position.$Supports archetypes /Blackwing$$Activates upon Normal Summon$Summon/Trigger$
58820853$Blackwing - Shura the Blue Flame$Unlimited$DARK$[Winged Beast/Effect]$$$$$4$1800$1200$$$$When this card destroys an opponent's monster by battle and sends it to the Graveyard: You can Special Summon 1 "Blackwing" monster with 1500 or less ATK from your Deck, but its effects are negated.$Supports archetypes /Blackwing$$$Trigger$
85215458$Blackwing - Kalut the Moon Shadow$Unlimited$DARK$[Winged Beast/Effect]$$$$$3$1400$1000$$$$During either player's Damage Step, when a "Blackwing" monster you control is attacking or being attacked: You can send this card from your hand to the Graveyard; that monster gains 1400 ATK until the end of this turn.$Supports archetypes /Blackwing$$Sends itself from hand to Graveyard for cost$Quick$
11613567$Blackwing - Elphin the Raven$Unlimited$DARK$[Winged Beast/Effect]$$$$$6$2200$1200$$$$If you control a "Blackwing" monster, you can Normal Summon this card without Tributing. When this card is Normal Summoned: You can target 1 monster your opponent controls; change that target's battle position.$Supports archetypes /Blackwing$$Changes battle positions$Summon/Trigger$
46710683$Blackwing - Mistral the Silver Shield$Unlimited$DARK$[Winged Beast/Tuner/Effect]$$$$$2$100$1800$$$$If this card on the field is destroyed and sent to the Graveyard: Reduce the next battle damage you would take this turn to 0.$$$Activates from your Graveyard$Trigger$
72714392$Blackwing - Vayu the Emblem of Honor$Unlimited$DARK$[Winged Beast/Tuner/Effect]$$$$$1$800$0$$$$This face-up card on the field cannot be used as a Synchro Material. If this card is in the Graveyard: You can target 1 non-Tuner "Blackwing" monster in your Graveyard; banish both this card and that target, and if you do, Special Summon 1 "Blackwing" Synchro Monster from your Extra Deck whose Level equals the total Levels of the banished monsters, but its effects are negated.$Supports archetypes /Blackwing$$Activates from your Graveyard$Continuous/Ignition$
09109991$Blackwing - Fane the Steel Chain$Unlimited$DARK$[Winged Beast/Effect]$$$$$2$500$800$$$$This card can attack your opponent directly. If this card inflicts battle damage to your opponent by a direct attack: Target 1 Attack Position monster your opponent controls; change that target to Defense Position.$$$Changes battle positions$Continuous/Trigger$
26775203$Blackwing - Ghibli the Searing Wind$Unlimited$DARK$[Winged Beast/Effect]$$$$$3$0$1600$$$$When your opponent declares a direct attack: You can Special Summon this card from your hand. Once per turn: You can switch the original ATK and DEF of this card, until the end of this turn.$$$Activates from your hand/Activates upon attack declaration$Trigger/Ignition$
52869807$Blackwing - Gust the Backblast$Unlimited$DARK$[Winged Beast/Effect]$$$$$2$900$1400$$$$If you control no cards, you can Special Summon this card (from your hand). If your opponent's monster attacks a "Blackwing" monster you control: The attacking monster loses 300 ATK during the Damage Step only.$Supports archetypes /Blackwing$$$Summon/Continuous$
89258906$Blackwing - Breeze the Zephyr$Unlimited$DARK$[Winged Beast/Tuner/Effect]$$$$$3$1100$300$$$$If this card is added from your Deck to your hand by a card effect: You can Special Summon this card from your hand. Cannot be used as a Synchro Material, except for the Synchro Summon of a "Blackwing" monster.$Supports archetypes /Blackwing$$Activates from your hand$Trigger/Condition$
78564023$Blackwing - Etesian of Two Swords$Unlimited$DARK$[Winged Beast/Effect]$$$$$3$400$1600$$$$If a "Blackwing" monster you control battles an opponent's monster, and your opponent still controls that monster at the end of the Damage Step: You can send this card from your hand to the Graveyard; inflict 1000 damage to your opponent.$Supports archetypes /Blackwing$$Sends itself from hand to Graveyard for cost$Trigger$
04068622$Blackwing - Aurora the Northern Lights$Unlimited$LIGHT$[Winged Beast/Effect]$$$$$10$?$0$$$$Cannot be Normal Summoned/Set. Must be Special Summoned (from your hand) by banishing 2 face-up monsters you control (1 "Blackwing" Tuner and 1 non-Tuner), and cannot be Special Summoned by other ways. Once per turn: You can banish 1 "Blackwing" Synchro Monster from your Extra Deck; until the End Phase, this card's name and original ATK become that monster's, and replace this effect with that monster's original effects.$Supports archetypes /Blackwing$$$Summon/Ignition$
31053337$Blackwing - Abrolhos the Megaquake$Unlimited$DARK$[Winged Beast/Effect]$$$$$7$2600$1800$$$$Cannot be Special Summoned. This card cannot destroy monsters by battle. If this card battles a monster, after damage calculation: Return that monster to the hand. Once per turn, during your Main Phase 1: You can have this card lose exactly 1000 ATK, and if you do, return all cards in your opponent's Spell & Trap Zone to the hand.$$$Returns from your opponent's field to your opponent's hand/Returns battling monster to hand after damage calculation$Summon/Continuous/Trigger/Ignition$
16516630$Blackwing - Boreas the Sharp$Unlimited$DARK$[Winged Beast/Effect]$$$$$5$1300$900$$$$During your Main Phase 1: You can banish this card from the Graveyard, then target 1 "Blackwing" monster you control; if that monster attacks this turn, you take no battle damage from that attack, it is not destroyed by that battle, also destroy the opponent's monster that it battled, after damage calculation.$Supports archetypes /Blackwing$$Activates from your Graveyard$Ignition$
52900379$Blackwing - Brisote the Tailwind$Unlimited$DARK$[Winged Beast/Effect]$$$$$5$1200$1800$$$$If 2 or more face-up "Blackwing" monsters you control were destroyed this turn, you can Special Summon this card (from your hand). If this card is sent to the Graveyard as a Synchro Material: Gain 600 LP.$Supports archetypes /Blackwing$$Activates from your Graveyard$Summon/Trigger$
88305978$Blackwing - Calima the Haze$Unlimited$DARK$[Winged Beast/Effect]$$$$$4$600$1800$$$$During your opponent's Battle Phase, if you control no monsters: You can banish this card from the Graveyard, then target 1 Synchro Monster in your Graveyard; Special Summon that target, but banish it at the end of the Battle Phase (this is a Quick Effect).$Synchro Monster$$Activates from your Graveyard$Quick$
49460512$Blackwing - Kogarashi the Wanderer$Unlimited$DARK$[Winged Beast/Tuner/Effect]$$$$$6$2300$1600$$$$When a face-up "Blackwing" monster you control is destroyed by a card effect and sent to the Graveyard (except during the Damage Step): You can Special Summon this card from your hand. When a monster is Synchro Summoned using this card as a Synchro Material, the opponent of this card's owner cannot activate cards or effects.$Supports archetypes /Blackwing$$Activates from your hand/Activates if destroyed by card effect/Applies effect when used as Synchro Material$Trigger/Unclassified$
41902352$Blackwing - Kochi the Daybreak$Unlimited$DARK$[Winged Beast/Tuner/Effect]$$$$$4$700$1500$$$$If this card was Special Summoned, it cannot be used as a Synchro Material.$$$Activates upon Special Summon$Condition$
28190303$Blackwing - Gladius the Midnight Sun$Unlimited$DARK$[Winged Beast/Effect]$$$$$3$800$1500$$$$If the only face-up monster you control is 1 "Blackwing" monster other than "Blackwing - Gladius the Midnight Sun", you can Special Summon this card (from your hand). Once per turn, this card cannot be destroyed by battle.$Supports archetypes /Blackwing$$$Summon/Continuous$
69031175$Blackwing Armor Master$Unlimited$DARK$[Winged Beast/Synchro/Effect]$$$$$7$2500$1500$$1 "Blackwing" Tuner + 1 or more non-Tuner monsters$$Cannot be destroyed by battle, and you take no battle damage from attacks involving this card. At the end of the Damage Step, if this card attacked a monster: You can place 1 Wedge Counter on that monster (max. 1). You can remove all Wedge Counters from your opponent's monsters; the ATK and DEF of those monsters that had Wedge Counters become 0 until the end of this turn.$Supports archetypes /Blackwing$$$Continuous/Trigger/Ignition$
76913983$Blackwing Armed Wing$Unlimited$DARK$[Winged Beast/Synchro/Effect]$$$$$6$2300$1000$$1 "Blackwing" Tuner + 1+ non-Tuner monsters$$If this card attacks a Defense Position monster, it gains 500 ATK during the Damage Step only, also inflict piercing battle damage.$Supports archetypes /Blackwing$$$Continuous$
33236860$Blackwing - Silverwind the Ascendant$Unlimited$DARK$[Winged Beast/Synchro/Effect]$$$$$8$2800$2000$$1 "Blackwing" Tuner + 2 or more non-Tuner monsters$$When this card is Synchro Summoned: You can target up to 2 face-up monsters on the field with DEF lower than this card's ATK; destroy those targets. You cannot conduct your Battle Phase the turn you activate this effect. During each of your opponent's turns, the first "Blackwing" monster you control that would be destroyed by battle, is not destroyed.$Supports archetypes /Blackwing$$Activates upon Synchro Summon/Cannot conduct Battle Phase$Trigger/Condition/Continuous$
09012916$Black-Winged Dragon$Unlimited$DARK$[Dragon/Synchro/Effect]$$$$$8$2800$1600$$1 Tuner + 1+ non-Tuner monsters$$If you would take damage from a card effect, place 1 Black Feather Counter on this card instead. This card loses 700 ATK for each Black Feather Counter on it. Once per turn: You can remove all Black Feather Counters from this card, then target 1 face-up monster your opponent controls; that target loses 700 ATK for each Black Feather Counter removed, and if it does, inflict damage to your opponent equal to the ATK lost by this effect.$$$$Continuous/Ignition$
32441317$De-Synchro$Unlimited$SPELL$$$$$$$$$$$$Target 1 Synchro Monster on the field; return that target to the Extra Deck, then, if all of the monsters that were used for the Synchro Summon of that monster are in your Graveyard, you can Special Summon all of them.$Synchro Monster$Synchro Monster$Returns from field to Extra Deck$Effect$
94681654$Raptor Wing Strike$Unlimited$SPELL$$$$$$$$$$$$Shuffle 1 "Blackwing" monster you control into the Main Deck; add 1 "Blackwing" monster from your Deck to your hand.$Supports archetypes /Blackwing$$Returns from field to Deck for cost/Adds from Deck to hand$Cost/Effect$
91351370$Black Whirlwind$Unlimited$SPELL$$$$$$$$$Continuous$$$When a "Blackwing" monster is Normal Summoned to your field: You can add 1 "Blackwing" monster from your Deck to your hand with less ATK than that monster.$Supports archetypes /Blackwing$$Activates upon Normal Summon/Adds from Deck to hand$Trigger-like$
04168871$Cards for Black Feathers$Unlimited$SPELL$$$$$$$$$$$$Banish 1 "Blackwing" monster from your hand; draw 2 cards. You cannot Special Summon during the turn you activate this card. You can only activate 1 "Cards for Black Feathers" per turn.$Supports archetypes /Blackwing$$You draw cards$Cost/Effect/Condition$
59839761$Delta Crow - Anti Reverse$Unlimited$TRAP$$$$$$$$$$$$If you control a "Blackwing" monster: Destroy all face-down Spells and Traps your opponent controls. If you control exactly 3 "Blackwing" monsters, you can activate this card from your hand.$Supports archetypes /Blackwing$$$Activation requirement/Effect/Condition$
59616123$Trap Stun$Unlimited$TRAP$$$$$$$$$$$$Negate all other Trap effects on the field this turn.$$$$Effect$
89040386$Blackwing - Backlash$Unlimited$TRAP$$$$$$$$$$$$When an opponent's monster declares a direct attack while you have 5 or more "Blackwing" monsters in your Graveyard: Destroy all monsters your opponent controls.$Supports archetypes /Blackwing$$Activates upon attack declaration$Activation requirement/Effect$
44028461$Blackback$Unlimited$TRAP$$$$$$$$$$$$During your turn: Target 1 "Blackwing" monster with 2000 or less ATK in your Graveyard; Special Summon that target. You cannot Normal Summon/Set during the turn you activate this card.$Supports archetypes /Blackwing$$$Activation requirement/Effect/Condition$
53519297$Blackboost$Unlimited$TRAP$$$$$$$$$$$$Banish 2 face-up "Blackwing" Tuner monsters you control; draw 2 cards.$Supports archetypes /Blackwing$$You draw cards$Cost/Effect$
72278479$Black Return$Unlimited$TRAP$$$$$$$$$$$$When exactly 1 "Blackwing" monster (and no other monster) is Special Summoned: Target 1 face-up monster your opponent controls; gain LP equal to the ATK of that target, and if you do, return it to the hand.$Supports archetypes /Blackwing$$Activates upon Special Summon/Returns from your opponent's field to your opponent's hand$Activation requirement/Effect$
10875327$Earthbound Immortal Aslla piscu$Unlimited$DARK$[Winged Beast/Effect]$$$$$10$2500$2500$$$$There can only be 1 "Earthbound Immortal" monster on the field. If there is no face-up Field Spell on the field, destroy this card. Your opponent's monsters cannot target this card for attacks. This card can attack your opponent directly. If this face-up card leaves the field, except by its own effect: Destroy as many face-up monsters your opponent controls as possible, and if you do, inflict 800 damage to your opponent for each monster destroyed.$Field Spell Card$Anti-supports archetypes /Earthbound Immortal$Activates when it leaves the field$Unclassified/Continuous/Trigger$
46263076$Earthbound Immortal Ccapac Apu$Unlimited$DARK$[Fiend/Effect]$$$$$10$3000$2500$$$$There can only be 1 "Earthbound Immortal" monster on the field. If there is no face-up Field Spell on the field, destroy this card. Your opponent's monsters cannot target this card for attacks. This card can attack directly. If this card destroys an opponent's monster by battle: Inflict damage to your opponent equal to the destroyed monster's original ATK.$Field Spell Card$Anti-supports archetypes /Earthbound Immortal$$Unclassified/Continuous/Trigger$
33537328$Earthbound Immortal Cusillu$Unlimited$DARK$[Beast/Effect]$$$$$10$2800$2400$$$$There can only be 1 "Earthbound Immortal" monster on the field. If there is no face-up Field Spell on the field, destroy this card. Your opponent's monsters cannot target this card for attacks. This card can attack your opponent directly. If this card would be destroyed by battle, you can Tribute 1 other monster instead, and if you do, halve your opponent's LP.$Field Spell Card$Anti-supports archetypes /Earthbound Immortal$Tributes as an effect$Unclassified/Continuous$
69931927$Earthbound Immortal Chacu Challhua$Unlimited$DARK$[Fish/Effect]$$$$$10$2900$2400$$$$There can only be 1 "Earthbound Immortal" monster on the field. If there is no face-up Field Spell on the field, destroy this card. Your opponent's monsters cannot target this card for attacks. This card can attack your opponent directly. Once per turn: You can inflict damage to your opponent equal to half this card's DEF on the field. This card cannot attack the turn this effect is activated. While this card is in Defense Position, your opponent cannot conduct their Battle Phase.$Field Spell Card$Anti-supports archetypes /Earthbound Immortal$Cannot conduct Battle Phase$Unclassified/Continuous/Ignition/Condition$
41181774$Earthbound Immortal Wiraqocha Rasca$Unlimited$DARK$[Winged Beast/Effect]$$$$$10$100$100$$$$There can only be 1 "Earthbound Immortal" monster on the field. If there is no face-up Field Spell on the field, destroy this card. Your opponent's monsters cannot target this card for attacks. This card can attack directly. If this card is Normal Summoned: Target 1 to 3 cards you control, but not more than your opponent has in their hand; shuffle them into the Deck, then discard the same number of random cards from your opponent's hand (or as many as possible), and if you do, this card gains 1000 ATK for each card discarded by this effect.$Field Spell Card$Anti-supports archetypes /Earthbound Immortal$Activates upon Normal Summon/Returns from your field to your Deck/Your opponent discards$Unclassified/Continuous/Trigger$
79798060$Earthbound Immortal Ccarayhua$Unlimited$DARK$[Reptile/Effect]$$$$$10$2800$1800$$$$There can only be 1 "Earthbound Immortal" monster on the field. If there is no face-up Field Spell on the field, destroy this card. Your opponent's monsters cannot target this card for attacks. This card can attack your opponent directly. If this card is destroyed by a card effect, except by its own effect: Destroy all cards on the field.$Field Spell Card$Anti-supports archetypes /Earthbound Immortal$Activates from your Graveyard$Unclassified/Continuous/Trigger$
15187079$Earthbound Immortal Uru$Unlimited$DARK$[Insect/Effect]$$$$$10$3000$3000$$$$There can only be 1 "Earthbound Immortal" monster on the field. If there is no face-up Field Spell on the field, destroy this card. Your opponent's monsters cannot target this card for attacks. This card can attack your opponent directly. Once per turn: You can Tribute 1 other monster, then target 1 face-up monster your opponent controls; take control of that target, until the End Phase.$Field Spell Card$Anti-supports archetypes /Earthbound Immortal$Tributes for cost/Changes control$Unclassified/Continuous/Ignition$
67987302$Earthbound Linewalker$Unlimited$DARK$[Fiend/Effect]$$$$$4$1200$1900$$$$"Earthbound Immortal" monsters cannot be destroyed by their own effects.$Supports archetypes /Earthbound Immortal$$$Continuous$
95453143$Hundred Eyes Dragon$Unlimited$DARK$[Dragon/Synchro/Effect]$$$$$8$3000$2500$$1 DARK Tuner + 1 or more non-Tuner Fiend-Type monsters$$Once per turn: You can banish 1 Level 6 or lower DARK Effect Monster from your Graveyard; until the End Phase, this card's name becomes that banished monster's, and replace this effect with that banished monster's original effects. If this card is destroyed and sent to the Graveyard: Add 1 "Earthbound Immortal" monster from your Deck to your hand.$Supports archetypes /Earthbound Immortal$$Activates if destroyed by battle/Activates if destroyed by card effect/Activates from your Graveyard/Adds from Deck to hand$Ignition/Trigger$
96907086$Earthbound Whirlwind$Unlimited$SPELL$$$$$$$$$$$$If you control an "Earthbound Immortal" monster: Destroy all Spells and Traps your opponent controls.$Supports archetypes /Earthbound Immortal$$$Activation requirement/Effect$
64187086$Earthbound Immortal Revival$Unlimited$SPELL$$$$$$$$$$$$Discard 1 card, then target 1 "Earthbound Immortal" monster and 1 Field Spell in your GY; add those targets to your hand.$Supports archetypes /Earthbound Immortal$$Discards for cost/Adds from Graveyard to hand$Cost/Effect$
39967326$Revival of the Immortals$Unlimited$TRAP$$$$$$$$$$$$Target 1 "Earthbound Immortal" monster in your GY; Special Summon it, but it cannot declare an attack this turn, also your opponent takes no battle damage from attacks involving it.$Supports archetypes /Earthbound Immortal$$$Effect$
29934351$Earthbound Wave$Unlimited$TRAP$$$$$$$$$Counter$$$When your opponent activates a Spell/Trap Card while you control an "Earthbound Immortal" monster: Negate the activation, and if you do, destroy it.$Supports archetypes /Earthbound Immortal$$$Activation requirement/Effect$
56339050$Roar of the Earthbound Immortal$Unlimited$TRAP$$$$$$$$$Continuous$$$Once per turn, if an opponent's monster declares an attack: Target the attacking monster; destroy that target, and if you do, inflict damage to your opponent equal to half the destroyed monster's ATK. You must control an "Earthbound Immortal" monster with ATK higher than the ATK of the attacking monster to activate and to resolve this effect.$Supports archetypes /Earthbound Immortal$$Activates upon attack declaration$Trigger-like/Condition$
82340056$Offering to the Immortals$Unlimited$TRAP$$$$$$$$$$$$When your opponent's monster declares a direct attack while you have 3000 or less LP: Negate the attack, and if you do, Special Summon 2 "Ceremonial Tokens" (Rock/EARTH/Level 1/ATK 0/DEF 0), and if you do that, add 1 "Earthbound Immortal" card from your Deck to your hand. "Ceremonial Tokens" cannot be Tributed, except for a Tribute Summon of an "Earthbound Immortal" monster, and cannot be used as Synchro Material.$Supports archetypes /Earthbound Immortal$$Activates upon attack declaration/Adds from Deck to hand/Cannot be Tributed$Activation requirement/Effect$
63468625$Meklord Astro Mekanikle$Unlimited$LIGHT$[Machine/Effect]$$$$$12$4000$4000$$$$Cannot be Normal Summoned/Set. Must be Special Summoned (from your hand) by sending 3 "Meklord" monsters from your hand to the GY. Once per turn: You can target 1 Synchro Monster your opponent controls; equip that target to this card. This card gains ATK equal to the combined ATK of the monsters equipped to it by this effect. Once per turn, during your Standby Phase: You can send 1 of these equipped monsters you control to the GY; inflict damage to your opponent equal to that monster's original ATK. You cannot conduct your Battle Phase the turn you activate this effect.$Supports archetypes /Meklord$Synchro Monster$Sends from hand to Graveyard for cost/Sends from field to Graveyard for cost/Equips monsters from the opponent's field to itself/Cannot conduct Battle Phase$Summon/Ignition/Continuous/Trigger/Condition$
04545683$Meklord Emperor Granel$Unlimited$EARTH$[Machine/Effect]$$$$$1$0$0$$$$Cannot be Normal Summoned/Set. Must be Special Summoned by its own effect. When a face-up monster you control is destroyed by a card effect and sent to the GY (except during the Damage Step): You can Special Summon this card from your hand. Once per turn: You can target 1 Synchro Monster your opponent controls; equip that target to this card. This card gains ATK/DEF equal to half your LP and ATK equal to the combined ATK of the monsters equipped to it by this effect. You can target 1 of these equipped monsters; Special Summon that target to your field in Defense Position.$$Synchro Monster$Equips monsters from the opponent's field to itself$Summon/Trigger/Continuous/Ignition$
39648965$Meklord Army of Wisel$Unlimited$DARK$[Machine/Effect]$$$$$4$1800$0$$$$Gains 100 ATK for each "Meklord" monster on the field, except this card. Once per turn, when another "Meklord" monster you control declares an attack on a Defense Position monster: You can activate this effect; during that battle, if it attacks a Defense Position monster, inflict piercing battle damage to your opponent.$Supports archetypes /Meklord$$Activates upon attack declaration$Continuous/Trigger$
75733063$Meklord Army of Skiel$Unlimited$WIND$[Machine/Effect]$$$$$4$1200$1000$$$$Gains 200 ATK for each "Meklord" monster on the field, except this card. When this card is destroyed by battle and sent to the GY: You can Special Summon 1 "Meklord Army" monster from your Deck.$Supports archetypes /Meklord/Meklord Army$$Activates from your Graveyard$Continuous/Trigger$
02137678$Meklord Army of Granel$Unlimited$EARTH$[Machine/Effect]$$$$$4$1600$1200$$$$Gains 100 ATK for each "Meklord" monster on the field, except this card. When this card is Normal Summoned: You can target 1 face-up monster your opponent controls; halve that target's ATK, until the end of this turn.$Supports archetypes /Meklord$$$Continuous/Trigger$
38522377$Meklord Astro Dragon Asterisk$Unlimited$DARK$[Machine/Effect]$$$$$10$0$0$$$$Cannot be Normal Summoned/Set. Must first be Special Summoned (from your hand) by controlling 3 or more "Meklord" monsters. When this card is Special Summoned: You can target any number of "Meklord" monsters you control, except this card; send those targets to the GY, and if you do, this card's ATK becomes the combined original ATK of the monsters sent to the GY by this effect. Each time a Synchro Monster(s) is Special Summoned: Inflict 1000 damage to the Summoning player.$Supports archetypes /Meklord$Synchro Monster$Activates upon Special Summon/Sends from your field to your Graveyard$Summon/Trigger$
31930787$Meklord Emperor Skiel$Unlimited$WIND$[Machine/Effect]$$$$$1$2200$2200$$$$Cannot be Normal Summoned/Set. Must be Special Summoned by its own effect. When a face-up monster you control is destroyed by a card effect and sent to the GY (except during the Damage Step): You can Special Summon this card from your hand. Other monsters you control cannot declare an attack. Once per turn: You can target 1 Synchro Monster your opponent controls; equip that target to this card. This card gains ATK equal to the combined ATK of the monsters equipped to it by this effect. You can send 1 monster you control that is equipped to this card to the GY; this card can attack your opponent directly this turn.$$Synchro Monster$Equips monsters from the opponent's field to itself/Sends from field to Graveyard for cost$Summon/Trigger/Continuous/Ignition$
68140974$Meklord Emperor Wisel$Unlimited$DARK$[Machine/Effect]$$$$$1$2500$2500$$$$Cannot be Normal Summoned/Set. Must be Special Summoned by its own effect. When a face-up monster you control is destroyed by a card effect and sent to the GY (except during the Damage Step): You can Special Summon this card from your hand. Other monsters you control cannot declare an attack. Once per turn: You can target 1 Synchro Monster your opponent controls; equip that target to this card. This card gains ATK equal to the combined ATK of the monsters equipped to it by this effect. Once per turn, when your opponent activates a Spell Card (Quick Effect): You can negate the activation, and if you do, destroy it.$$Synchro Monster$Equips monsters from the opponent's field to itself$Summon/Trigger/Continuous/Ignition/Quick$
86997073$Fortissimo the Mobile Fortress$Unlimited$SPELL$$$$$$$$$Field$$$Once per turn: You can Special Summon 1 "Meklord Army" monster from your hand.$Supports archetypes /Meklord Army$$$Ignition-like$
12986778$Boon of the Meklord Emperor$Unlimited$SPELL$$$$$$$$$$$$If the only face-up monsters on the field are 2 "Meklord" monsters: Draw 2 cards. You cannot conduct your Battle Phase the turn you activate this card.$Supports archetypes /Meklord$$You draw cards/Cannot conduct Battle Phase$Effect/Condition$
59371387$The Resolute Meklord Army$Unlimited$SPELL$$$$$$$$$Continuous$$$All Attack Position "Meklord Army" monsters you control cannot be destroyed by battle, also their effects are negated.$Supports archetypes /Meklord Army$$$Continuous-like$
85775486$Reboot$Unlimited$SPELL$$$$$$$$$$$$Shuffle 1 "Meklord" monster from your hand into the Deck, then target 1 "Meklord" card in your GY; add that target to your hand.$Supports archetypes /Meklord$$Returns from hand to Deck for cost/Adds from Graveyard to hand$Cost/Effect$
67328336$Meklord Fortress$Unlimited$SPELL$$$$$$$$$Field$$$Neither player can target "Meklord Emperor" monsters you control with Synchro Monster effects. When this card on the field is destroyed and sent to the GY: You can add 1 "Meklord Emperor" monster from your Deck to your hand.$Supports archetypes /Meklord Emperor$Synchro Monster$Activates from your Graveyard/Adds from Deck to hand$Continuous-like/Trigger-like$
04081825$Chaos Infinity$Unlimited$TRAP$$$$$$$$$$$$Change as many Defense Position monsters on the field as possible to face-up Attack Position, then Special Summon 1 "Meklord" monster from your Deck or GY, but its effects are negated, also it is destroyed during the End Phase.$Supports archetypes /Meklord$$Changes battle positions$Effect$
41475424$Mektimed Blast$Unlimited$TRAP$$$$$$$$$$$$Target 1 "Meklord" monster you control and 1 card your opponent controls; destroy them.$Supports archetypes /Meklord$$$Effect$
77864539$Meklord Factory$Unlimited$TRAP$$$$$$$$$$$$When a "Meklord" monster on the field is targeted for an attack: Target 1 "Meklord Army" monster in your Graveyard; add that target to your hand, then destroy the attack target.$Supports archetypes /Meklord/Meklord Army$$Adds from your Graveyard to your hand$Activation requirement/Effect$
15394083$Tanngrisnir of the Nordic Beasts$Unlimited$EARTH$[Beast/Effect]$$$$$3$1200$800$$$$If this card is destroyed by battle and sent to the GY: Special Summon 2 "Nordic Beast Tokens" (Beast/EARTH/Level 3/ATK 0/DEF 0).$$$Activates if destroyed by battle/Activates from your Graveyard$Trigger$
41788781$Guldfaxe of the Nordic Beasts$Unlimited$LIGHT$[Beast/Tuner/Effect]$$$$$4$1600$1000$$$$If your opponent controls a Synchro Monster and you control no monsters, you can Special Summon this card (from your hand).$$Synchro Monster$$Summon$
88283496$Garmr of the Nordic Beasts$Unlimited$DARK$[Beast/Effect]$$$$$4$800$1900$$$$If this card battles a Level 4 or lower monster, after damage calculation: You can return that monster to the hand.$$$Returns from your opponent's field to your opponent's hand/Returns battling monster to hand after damage calculation$Trigger$
14677495$Tanngnjostr of the Nordic Beasts$Unlimited$EARTH$[Beast/Effect]$$$$$3$800$1100$$$$When a monster you control is destroyed by battle and sent to the GY: You can Special Summon this card from your hand. Once per turn, when this Defense Position card on the field is changed to face-up Attack Position: You can Special Summon 1 "Nordic Beast" monster from your Deck in Defense Position, except "Tanngnjostr of the Nordic Beasts".$Supports archetypes /Nordic Beast$$$Trigger$
40666140$Ljosalf of the Nordic Alfar$Unlimited$LIGHT$[Spellcaster/Effect]$$$$$4$1400$1200$$$$When this card is Normal Summoned: You can target 1 face-up monster you control, except this card; Special Summon 1 "Nordic" monster from your hand with a Level less than or equal to that face-up monster's Level.$Supports archetypes /Nordic$$$Trigger$
77060848$Svartalf of the Nordic Alfar$Unlimited$DARK$[Spellcaster/Tuner/Effect]$$$$$5$1400$1600$$$$When this card is Normal Summoned: You can target 1 "Nordic" monster in your GY; add that target to your hand.$Supports archetypes /Nordic$$Activates upon Normal Summon/Adds from Graveyard to hand$Trigger$
13455953$Dverg of the Nordic Alfar$Unlimited$EARTH$[Warrior/Effect]$$$$$1$100$1000$$$$After you Normal Summon this card, you can Normal Summon 1 "Nordic" monster during your Main Phase this turn, in addition to your Normal Summon/Set. (You can only gain this effect once per turn.) If this face-up card on the field is sent to the GY: Target 1 "Nordic Relic" card in your GY; add that target to your hand.$Supports archetypes /Nordic/Nordic Relic$$Activates from your Graveyard/Adds from Graveyard to hand$Unclassified/Trigger$
40844552$Valkyrie of the Nordic Ascendant$Unlimited$LIGHT$[Fairy/Tuner/Effect]$$$$$2$400$800$$$$(This card is not treated as a "Valkyrie" card.)When this card is Normal Summoned, if your opponent controls a monster and you control no other cards: You can banish 2 "Nordic" monsters from your hand; Special Summon 2 "Einherjar Tokens" (Warrior/EARTH/Level 4/ATK 1000/DEF 1000) in Defense Position.$Supports archetypes /Nordic$$Activates upon Normal Summon$Trigger$
76348260$Mimir of the Nordic Ascendant$Unlimited$DARK$[Fairy/Effect]$$$$$2$600$0$$$$Once per turn, at the start of your Standby Phase, if you control a "Nordic" monster and this card is in your GY: You can send 1 Spell from your hand to the GY; Special Summon this card.$Supports archetypes /Nordic$$Activates from your Graveyard/Sends from hand to Graveyard for cost$Trigger$
02333365$Tyr of the Nordic Champions$Unlimited$LIGHT$[Warrior/Effect]$$$$$4$2000$2000$$$$Your opponent's monsters cannot target "Nordic" monsters for attacks, except "Tyr of the Nordic Champions". If there is no other "Nordic" monster on the field, destroy this card.$Supports archetypes /Nordic$$$Continuous$
61777313$Vanadis of the Nordic Ascendant$Unlimited$DARK$[Fairy/Tuner/Effect]$$$$$4$1200$400$$$$For a Synchro Summon, you can substitute this card for any 1 "Nordic" Tuner. If this card is used as Synchro Material, all other Synchro Materials must be "Nordic" monsters. Once per turn: You can send 1 "Nordic" monster from your Deck to the GY; this card's Level becomes the Level of that monster, until the end of this turn.$Supports archetypes /Nordic$$Sends from your Deck to your Graveyard for cost$Condition/Ignition$
73417207$Mara of the Nordic Alfar$Unlimited$DARK$[Spellcaster/Tuner/Effect]$$$$$2$1000$500$$$$When using this card as Synchro Material, the other Synchro Materials must be 2 "Nordic" monsters in your hand.$Supports archetypes /Nordic$$Uses cards in the hand as Synchro Materials$Condition$
30604579$Thor, Lord of the Aesir$Unlimited$EARTH$[Beast-Warrior/Synchro/Effect]$$$$$10$3500$2800$$1 "Nordic Beast" Tuner + 2+ non-Tuner monsters$$Once per turn: You can negate the effects of all face-up monsters your opponent currently controls, until the end of this turn. Once per turn, during the End Phase, if this face-up card you controlled was destroyed by your opponent's card and sent to your GY this turn: You can banish 1 "Nordic Beast" Tuner from your GY; Special Summon this card. If Summoned this way: Inflict 800 damage to your opponent.$Supports archetypes /Nordic Beast$$Activates if destroyed by battle/Activates if destroyed by card effect/Activates from your Graveyard/Activates upon Special Summon$Ignition/Trigger$
67098114$Loki, Lord of the Aesir$Unlimited$DARK$[Spellcaster/Synchro/Effect]$$$$$10$3300$3000$$1 "Nordic Alfar" Tuner + 2+ non-Tuner monsters$$Once per turn, when your opponent activates a Spell/Trap Card during your Battle Phase (Quick Effect): You can negate the activation, and if you do, destroy it. Once per turn, during the End Phase, if this face-up card you controlled was destroyed by your opponent's card and sent to your GY this turn: You can banish 1 "Nordic Alfar" Tuner from your GY; Special Summon this card. When Summoned this way: You can target 1 Trap in your GY; add that target to your hand.$Supports archetypes /Nordic Alfar$$Activates from your Graveyard/Activates upon Special Summon/Adds from Graveyard to hand$Quick/Trigger$
93483212$Odin, Father of the Aesir$Unlimited$LIGHT$[Fairy/Synchro/Effect]$$$$$10$4000$3500$$1 "Nordic Ascendant" Tuner + 2+ non-Tuner monsters$$Once per turn: You can make this card be unaffected by Spell/Trap effects until the end of this turn. Once per turn, during the End Phase, if this face-up card you controlled was destroyed by your opponent's card and sent to your GY this turn: You can banish 1 "Nordic Ascendant" Tuner from your GY; Special Summon this card. When Summoned this way: You can draw 1 card.$Supports archetypes /Nordic Ascendant$$You draw cards/Activates from your Graveyard/Activates upon Special Summon$Ignition/Trigger$
55154048$Nordic Relic Draupnir$Unlimited$SPELL$$$$$$$$$Equip$$$Equip only to an "Aesir" or "Nordic" monster. It gains 800 ATK. If this face-up card on the field is destroyed by a card effect: You can add 1 "Nordic Relic" card from your Deck to your hand.$Supports archetypes /Aesir/Nordic/Nordic Relic$$Activates from your Graveyard/Adds from Deck to hand$Condition/Continuous-like/Trigger-like$
91148083$Gotterdammerung$Unlimited$SPELL$$$$$$$$$$$$Target 1 "Aesir" monster you control; give control of that monster to your opponent. During your opponent's next End Phase, destroy that monster, and if you do, banish all cards your opponent controls.$Supports archetypes /Aesir$$Changes control$Effect/Lingering$
28643791$March Towards Ragnarok$Unlimited$SPELL$$$$$$$$$Quick-Play$$$Target 1 "Aesir" monster you control; until the end of this turn, its effects are negated, also that face-up monster is unaffected by the effects of other Spells/Traps.$Supports archetypes /Aesir$$$Effect$
50433147$The Nordic Lights$Unlimited$SPELL$$$$$$$$$Field$$$"Nordic" monsters on the field cannot be destroyed by battle. If this card on the field is destroyed: Destroy all "Nordic" monsters on the field.$Supports archetypes /Nordic$$Activates from your Graveyard$Continuous-like/Trigger-like$
89914395$Divine Relic Mjollnir$Unlimited$TRAP$$$$$$$$$$$$Target 1 "Aesir" monster you control; it can make a second attack during each Battle Phase this turn.$Supports archetypes /Aesir$$$Effect$
16308000$Solemn Authority$Unlimited$TRAP$$$$$$$$$Continuous$$$Activate this card by targeting 1 "Aesir" monster you control; it cannot be targeted by other card effects while this card is on the field. Send this card to the GY during your 2nd Standby Phase after activation.$Supports archetypes /Aesir$$Sends itself from field to Graveyard$Continuous-like/Condition$
42793609$Nordic Relic Brisingamen$Unlimited$TRAP$$$$$$$$$$$$Target 1 face-up monster you control and 1 face-up monster your opponent controls; the ATK of the first target becomes equal to the original ATK of the second target, until the end of this turn.$$$$Effect$
89792713$Nordic Relic Laevateinn$Unlimited$TRAP$$$$$$$$$$$$Target 1 face-up monster on the field that destroyed a monster by battle this turn; destroy it. Cards and effects cannot be activated in response to this card's activation.$$$$Effect/Condition$
15286412$Nordic Relic Gungnir$Unlimited$TRAP$$$$$$$$$$$$Banish 1 "Aesir" or "Nordic" monster you control, then target 1 card on the field; destroy it, also during your 2nd End Phase after activation, return the monster you banished to activate this card to the field in face-up Attack Position.$Supports archetypes /Aesir/Nordic$$Returns banished cards to the field$Cost/Effect$
42671151$The Golden Apples$Unlimited$TRAP$$$$$$$$$$$$When you take battle damage while you control no monsters: Gain LP equal to the battle damage you took, and if you do, Special Summon 1 "Malus Token" (Fiend/DARK/Level 1/ATK ?/DEF ?). Its ATK/DEF are each equal to the amount of LP you gained by this effect.$$$Activates if you take battle damage$Activation requirement/Effect/Lingering$
88069166$Odin's Eye$Unlimited$TRAP$$$$$$$$$Continuous$$$Once per turn, during each player's Standby Phase: You can target 1 "Aesir" monster you control; negate its effects until the end of this turn, and if you do, look at all cards in your opponent's hand and all Set cards they control. Your opponent cannot activate cards or effects in response to this effect's activation.$Supports archetypes /Aesir$$Reveals your opponent's hand/Reveals face-down cards$Quick-like/Condition$
14464864$Gleipnir, the Fetters of Fenrir$Unlimited$TRAP$$$$$$$$$$$$Add 1 "Nordic" monster from your Deck to your hand.$Supports archetypes /Nordic$$Adds from Deck to hand$Effect$
86827882$Nordic Relic Megingjord$Unlimited$TRAP$$$$$$$$$$$$Target 1 "Aesir" or "Nordic" monster you control; its ATK/DEF become double its original ATK/DEF, until the end of this turn, but it cannot attack your opponent directly this turn.$Supports archetypes /Nordic/Aesir$$$Effect$
64910482$T.G. Cyber Magician$Unlimited$LIGHT$[Spellcaster/Tuner/Effect]$$$$$1$0$0$$$$If this card you control would be used as Synchro Material for a "T.G." monster, "T.G." monsters in your hand can be used as the non-Tuner Synchro Materials. Once per turn, during the End Phase, if this card is in the GY because it was destroyed on the field and sent there this turn: You can add 1 "T.G." monster from your Deck to your hand, except "T.G. Cyber Magician".$Supports archetypes /T.G.$$Activates from your Graveyard/Adds from Deck to hand/Uses cards in the hand as Synchro Materials$Condition/Trigger$
01315120$T.G. Striker$Unlimited$EARTH$[Warrior/Tuner/Effect]$$$$$2$800$0$$$$If only your opponent controls a monster, you can Special Summon this card (from your hand). Once per turn, during the End Phase, if this card is in the GY because it was destroyed on the field and sent there this turn: You can add 1 "T.G." monster from your Deck to your hand, except "T.G. Striker".$Supports archetypes /T.G.$$Activates from your Graveyard/Adds from Deck to hand$Summon/Trigger$
37300735$T.G. Jet Falcon$Unlimited$WIND$[Winged Beast/Tuner/Effect]$$$$$3$1400$1200$$$$If this card is sent to the Graveyard as a Synchro Material: Inflict 500 damage to your opponent.$$$Activates from your Graveyard/Activates if used as Synchro Material$Trigger$
64898834$T.G. Catapult Dragon$Unlimited$EARTH$[Dragon/Effect]$$$$$2$900$1300$$$$Once per turn: You can Special Summon 1 Level 3 or lower "T.G." Tuner monster from your hand.$Supports archetypes /T.G.$$$Ignition$
00293542$T.G. Warwolf$Unlimited$DARK$[Beast-Warrior/Effect]$$$$$3$1200$0$$$$When a Level 4 or lower monster(s) is Special Summoned (except during the Damage Step): You can Special Summon this card from your hand. Once per turn, during the End Phase, if this card is in the GY because it was destroyed on the field and sent there this turn: You can add 1 "T.G." monster from your Deck to your hand, except "T.G. Warwolf".$Supports archetypes /T.G.$$Activates from your Graveyard/Adds from Deck to hand$Trigger$
36687247$T.G. Rush Rhino$Unlimited$EARTH$[Beast/Effect]$$$$$4$1600$800$$$$If this card attacks, it gains 400 ATK during the Damage Step only. Once per turn, during the End Phase, if this card is in the GY because it was destroyed on the field and sent there this turn: You can add 1 "T.G." monster from your Deck to your hand, except "T.G. Rush Rhino".$Supports archetypes /T.G.$$Activates from your Graveyard/Adds from Deck to hand$Continuous/Trigger$
90953320$T.G. Hyper Librarian$Limited$DARK$[Spellcaster/Synchro/Effect]$$$$$5$2400$1800$$1 Tuner + 1+ non-Tuner monsters$$If a monster is Synchro Summoned: Draw 1 card. This card must be face-up on the field to activate and to resolve this effect.$Synchro Monster$Synchro Monster$Activates upon Synchro Summon/You draw cards$Trigger$
62560742$T.G. Recipro Dragonfly$Unlimited$WIND$[Insect/Synchro/Effect]$$$$$2$300$300$$1 Tuner + 1 non-Tuner monster$$Once per turn: You can target 1 other "T.G." Synchro Monster you control; send it to the Graveyard, then, if all the Synchro Monsters that were used for its Synchro Summon are in your Graveyard, you can Special Summon all of them.$Supports archetypes /T.G.$$Sends from your field to your Graveyard$Ignition$
98558751$T.G. Wonder Magician$Unlimited$LIGHT$[Spellcaster/Synchro/Tuner/Effect]$$$$$5$1900$0$$1 Tuner + 1+ non-Tuner "T.G." monsters$$If this card is Synchro Summoned: Target 1 Spell/Trap on the field; destroy that target. If this card on the field is destroyed: Draw 1 card. Once per Chain, during your opponent's Main Phase, you can (Quick Effect): Immediately after this effect resolves, Synchro Summon using this card you control.$Supports archetypes /T.G.$$Activates upon Synchro Summon/Activates from your Graveyard/You draw cards/Uses itself as a Synchro Material$Trigger/Quick$
24943456$T.G. Power Gladiator$Unlimited$EARTH$[Warrior/Synchro/Effect]$$$$$5$2300$1000$$1 Tuner + 1 or more non-Tuner "T.G." monsters$$If this card attacks a Defense Position monster, inflict piercing battle damage to your opponent. If this card on the field is destroyed: Draw 1 card.$Supports archetypes /T.G.$$Activates from your Graveyard/You draw cards$Continuous/Trigger$
51447164$T.G. Blade Blaster$Unlimited$EARTH$[Machine/Synchro/Effect]$$$$$10$3300$2200$$1 Tuner Synchro Monster + 1 or more non-Tuner Synchro Monsters$$During either player's turn, when your opponent activates a Spell/Trap Card that targets this face-up card: You can send 1 card from your hand to the Graveyard; negate the effect. Once per turn, during your opponent's turn: You can banish 1 "T.G." monster from your Graveyard; banish this face-up card on the field (this is a Quick Effect). During the next Standby Phase after this card was banished by this effect: Special Summon this card.$Supports archetypes /T.G.$$Sends from your hand to your Graveyard$Quick/Trigger$
97836203$T.G. Halberd Cannon$Unlimited$EARTH$[Machine/Synchro/Effect]$$$$$12$4000$4000$$1 Tuner Synchro Monster + 2 or more non-Tuner Synchro Monsters$$Must be Synchro Summoned, and cannot be Special Summoned by other ways. Once per turn, during either player's turn, when a monster(s) would be Summoned: You can negate the Summon, and if you do, destroy that monster. This card must be face-up on the field to activate and to resolve this effect. When this card is sent from the field to the Graveyard: You can target 1 "T.G." monster in your Graveyard; Special Summon that target.$Supports archetypes /T.G.$$Activates from your Graveyard$Summon/Quick/Condition/Trigger$
11264180$TGX1-HL$Unlimited$SPELL$$$$$$$$$Quick-Play$$$Target 1 "T.G." monster you control; its ATK and DEF each become half its current ATK and DEF, and if they do, destroy 1 other Spell/Trap Card on the field.$Supports archetypes /T.G.$$$Effect$
58258899$TGX300$Unlimited$SPELL$$$$$$$$$Continuous$$$All face-up monsters you control gain 300 ATK for each "T.G." monster you control.$Supports archetypes /T.G.$$$Continuous-like$
03868277$TGX3-DX2$Unlimited$TRAP$$$$$$$$$$$$Target 3 "T.G." monsters in your Graveyard; shuffle all 3 into your Deck, then draw 2 cards.$Supports archetypes /T.G.$$Returns from your Graveyard to your Deck/You draw cards$Effect$
40253382$TG-SX1$Unlimited$TRAP$$$$$$$$$$$$When a "T.G." monster you control destroys an opponent's monster by battle and sends it to the Graveyard: Target 1 "T.G." Synchro Monster in your Graveyard; Special Summon that target.$Supports archetypes /T.G.$$$Activation requirement/Effect$
76641981$TG1-EM1$Unlimited$TRAP$$$$$$$$$$$$Target 1 monster your opponent controls and 1 "T.G." monster you control; switch control of both monsters.$Supports archetypes /T.G.$$Changes control$Effect$
88671720$Black Salvo$Unlimited$DARK$[Machine/Tuner/Effect]$$$$$3$100$1100$$$$When this card is Normal Summoned: You can target 1 Level 4 DARK Machine-Type monster in your Graveyard; Special Summon that target in Defense Position, but its effects are negated.$DARK/Machine$$Activates upon Normal Summon$Trigger$
42280216$Oracle of the Sun$Unlimited$LIGHT$[Spellcaster/Effect]$$$$$5$1000$2000$$$$If only your opponent controls a monster, you can Special Summon this card (from your hand). When this card on the field is destroyed and sent to the GY: You can add 1 "Fire Ant Ascator" or "Supay" from your Deck to your hand.$Fire Ant Ascator/Supay$$Activates from your Graveyard/Adds from Deck to hand$Summon/Trigger$
78275321$Fire Ant Ascator$Unlimited$EARTH$[Insect/Tuner/Effect]$$$$$3$700$1300$$$$When this card is destroyed by battle and sent to the GY: You can target 1 Level 5 monster in your GY; Special Summon that target, but its effects are negated, also send it to the GY during the End Phase of this turn.$Level 5 Monster Cards$$Activates if destroyed by battle/Activates from your Graveyard/Sends from field to Graveyard$Trigger$
78552773$Supay$Unlimited$EARTH$[Fiend/Tuner/Effect]$$$$$1$300$100$$$$When this card is sent from the field to the GY by card effect: You can Special Summon 1 "Oracle of the Sun" from your Deck, and if you do, double its ATK, also return it to the hand during the End Phase of this turn.$Oracle of the Sun$$Activates from your Graveyard/Returns from field to hand$Trigger$
05220687$Super-Nimble Mega Hamster$Unlimited$EARTH$[Beast/Flip/Effect]$$$$$4$1100$1800$$$$FLIP: You can Special Summon 1 Level 3 or lower Beast monster from your Deck in face-down Defense Position.$Beast$$Activates upon being flipped face-up$Flip$
23434538$Maxx "C"$Unlimited(OCG)$EARTH$[Insect/Effect]$$$$$2$500$200$$$$During either player's turn: You can send this card from your hand to the Graveyard; this turn, each time your opponent Special Summons a monster(s), immediately draw 1 card. You can only use 1 "Maxx "C"" per turn.$$$Sends itself from hand to Graveyard for cost/You draw cards$Quick/Condition$
74530899$Metaion, the Timelord$Unlimited$FIRE$[Fairy/Effect]$$$$$10$0$0$$$$Cannot be Special Summoned from the Deck. If you control no monsters, you can Normal Summon this card without Tributing. Cannot be destroyed by battle or card effects. You take no battle damage from attacks involving this Attack Position card. At the end of the Battle Phase, if this card battled: Return as many monsters on the field as possible to the hand (other than this card), and if you do, inflict 300 damage to your opponent for each card returned. Once per turn, during your Standby Phase: Shuffle this card into the Deck.$$$Returns from field to hand/Returns itself from field to Deck$Summon/Continuous/Trigger$
08967776$Sephylon, the Ultimate Timelord$Unlimited$LIGHT$[Fairy/Effect]$$$$$10$4000$4000$$$$Cannot be Normal Summoned/Set. Must be Special Summoned (from your hand) by having 10 or more monsters in your GY. Once per turn: You can Special Summon 1 Level 8 or higher Fairy monster from your hand or GY, but its effects are negated, also its ATK becomes 4000.$Fairy$$$Summon/Ignition$
69514125$Avenging Knight Parshath$Unlimited$LIGHT$[Fairy/Synchro/Effect]$$$$$8$2600$2100$$1 Tuner + 1 or more non-Tuner LIGHT monsters$$Once per turn: You can target 1 face-up monster your opponent controls; change that target's battle position. If this card attacks a Defense Position monster, inflict piercing battle damage to your opponent.$LIGHT$$Changes battle positions$Ignition/Continuous$
07391448$Goyo Guardian$Unlimited$EARTH$[Warrior/Synchro/Effect]$$$$$6$2800$2000$$1 EARTH Tuner + 1+ non-Tuner monsters$$When this card destroys an opponent's monster by battle and sends it to the GY: You can Special Summon that monster to your field in Defense Position.$EARTH$$Activates when it destroys a monster by battle$Trigger$
43385557$Magical Android$Unlimited$LIGHT$[Psychic/Synchro/Effect]$$$$$5$2400$1700$$1 Tuner + 1 or more non-Tuner monsters$$During each of your End Phases: Gain 600 LP for each Psychic-Type monster you currently control.$Psychic$$$Trigger$
70780151$Thought Ruler Archfiend$Unlimited$DARK$[Psychic/Synchro/Effect]$$$$$8$2700$2300$$1 Tuner + 1+ non-Tuner monsters$$If this card destroys a monster by battle and sends it to the GY: Gain LP equal to that monster's original ATK in the GY. When a Spell/Trap Card is activated that targets 1 Psychic monster (and no other cards) (Quick Effect): You can pay 1000 LP; negate the activation, and if you do, destroy it.$Psychic$$$Trigger/Quick$
32646477$Dark Strike Fighter$Unlimited$DARK$[Machine/Synchro/Effect]$$$$$7$2600$1800$$1 Tuner + 1 or more non-Tuner monsters$$During your Main Phase 1: You can Tribute 1 monster; inflict damage to your opponent equal to the Tributed monster's Level on the field x 200. You can only use this effect of "Dark Strike Fighter" once per turn.$$$Tributes for cost$Ignition/Condition$
95526884$Hyper Psychic Blaster$Unlimited$EARTH$[Psychic/Synchro/Effect]$$$$$9$3000$2500$$1 Tuner + 1 or more non-Tuner Psychic-Type Monsters$$If this card attacks a Defense Position monster, inflict piercing battle damage to your opponent. At the end of the Damage Step, if this card attacked a Defense Position monster and that monster's DEF is lower than this card's ATK (use its original values if the other monster is no longer on the field): Gain LP equal to the surplus.$Psychic$$$Continuous/Trigger$
02403771$Power Tool Dragon$Unlimited$EARTH$[Machine/Synchro/Effect]$$$$$7$2300$2500$$1 Tuner + 1+ non-Tuner monsters$$Once per turn: You can reveal 3 Equip Spells from your Deck, then your opponent randomly adds 1 of them to your hand, and shuffle the other cards into the Deck. If this card would be destroyed while equipped with an Equip Spell(s), you can send 1 of those cards to the GY instead.$Equip Spell Card$$Reveals cards from your Deck/Adds from Deck to hand/Sends from your field to your Graveyard$Ignition/Continuous$
39402797$Trident Dragion$Unlimited$FIRE$[Dragon/Synchro/Effect]$$$$$10$3000$2800$$1 Dragon-Type Tuner + 1 or more non-Tuner Dragon-Type monsters$$Must be Synchro Summoned, and cannot be Special Summoned by other ways. When this card is Synchro Summoned: You can target up to 2 other cards you control; destroy those targets, and if you do, for each destroyed card, this card gains 1 additional attack during each Battle Phase this turn.$Dragon$$Activates upon Synchro Summon$Summon/Trigger$
25862681$Ancient Fairy Dragon$Forbidden(OCG)$LIGHT$[Dragon/Synchro/Effect]$$$$$7$2100$3000$$1 Tuner + 1+ non-Tuner monsters$$Once per turn: You can Special Summon 1 Level 4 or lower monster from your hand. You cannot conduct your Battle Phase the turn you activate this effect. Once per turn: You can destroy as many Field Spells on the field as possible, and if you do, gain 1000 LP, then you can add 1 Field Spell from your Deck to your hand.$Field Spell Card$Field Spell Card$Cannot conduct Battle Phase/Adds from Deck to hand$Ignition/Condition$
25958491$Ancient Sacred Wyvern$Unlimited$LIGHT$[Fairy/Synchro/Effect]$$$$$7$2100$2000$$1 LIGHT Tuner + 1 or more non-Tuner monsters$$While your LP is higher than your opponent's, this card gains ATK equal to the difference. While your LP is lower than your opponent's, this card loses ATK equal to the difference. When this card is destroyed by battle and sent to the Graveyard: You can pay 1000 LP; Special Summon this card.$LIGHT$$Activates if destroyed by battle/Activates from your Graveyard$Continuous/Trigger$
27315304$Mist Wurm$Unlimited$WIND$[Thunder/Synchro/Effect]$$$$$9$2500$1500$$1 Tuner + 2+ non-Tuner monsters$$If this card is Synchro Summoned: Target up to 3 cards your opponent controls; return those targets to the hand.$$$Activates upon Synchro Summon/Returns from your opponent's field to your opponent's hand$Trigger$
39823987$Sun Dragon Inti$Unlimited$LIGHT$[Dragon/Synchro/Effect]$$$$$8$3000$2800$$"Fire Ant Ascator" + 1+ non-Tuner monsters$$If this card is destroyed by battle and sent to the GY: Destroy the monster that destroyed this card, and if you do, inflict damage to your opponent equal to half the ATK that monster had on the field. Once per turn, during the Standby Phase of the next turn after this card on the field was destroyed: You can target 1 "Moon Dragon Quilla" in your GY; Special Summon that target.$Moon Dragon Quilla$$Activates if destroyed by battle/Activates if destroyed by card effect/Activates from your Graveyard$Trigger$
66818682$Moon Dragon Quilla$Unlimited$DARK$[Dragon/Synchro/Effect]$$$$$6$2500$2000$$"Supay" + 1+ non-Tuner monsters$$If this card is targeted for an attack: Gain LP equal to half the attacking monster's ATK. If this card on the field is destroyed: You can target 1 "Sun Dragon Inti" in your GY; Special Summon that target.$Sun Dragon Inti$$Activates if destroyed by battle/Activates if destroyed by card effect$Trigger$
86137485$Stygian Sergeants$Unlimited$DARK$[Fiend/Synchro/Effect]$$$$$5$2200$1800$$1 Fiend-Type Tuner + 1 or more non-Tuner monsters$$When this card destroys an opponent's monster by battle and sends it to the Graveyard: You can have this card gain 800 ATK until the end of the Battle Phase, also this card can make a second attack in a row.$Fiend$$$Trigger$
33198837$Naturia Beast$Unlimited$EARTH$[Beast/Synchro/Effect]$$$$$5$2200$1700$$1 EARTH Tuner + 1+ non-Tuner EARTH monsters$$When a Spell Card is activated (Quick Effect): You can send the top 2 cards of your Deck to the GY; negate the activation, and if you do, destroy it. This card must be face-up on the field to activate and to resolve this effect.$EARTH$$Sends from the top of your Deck to your Graveyard for cost$Quick/Condition$
02956282$Naturia Barkion$Unlimited$EARTH$[Dragon/Synchro/Effect]$$$$$6$2500$1800$$1 EARTH Tuner + 1+ non-Tuner EARTH monsters$$When a Trap Card is activated (Quick Effect): You can banish 2 cards from your GY; negate the activation, and if you do, destroy that card. This card must be face-up on the field to activate and to resolve this effect.$EARTH$$$Quick/Condition$
25165047$Life Stream Dragon$Unlimited$EARTH$[Dragon/Synchro/Tuner/Effect]$$$$$8$2900$2400$$1 Tuner + "Power Tool Dragon"$$When this card is Synchro Summoned: You can make your LP become 4000. You take no effect damage. If this face-up card on the field would be destroyed, you can banish 1 Equip Spell Card from your Graveyard instead.$Equip Spell Card$$Activates upon Synchro Summon$Trigger/Continuous$
68124775$Orient Dragon$Unlimited$WIND$[Dragon/Synchro/Effect]$$$$$6$2300$1000$$1 Tuner + 1 or more non-Tuner monsters$$If this card is Synchro Summoned: Target 1 Synchro Monster your opponent controls; banish that target.$$Synchro Monster$Activates upon Synchro Summon$Trigger$
93353691$Driven Daredevil$Unlimited$EARTH$[Warrior/Synchro/Effect]$$$$$7$2400$2100$$1 Warrior-Type Tuner + 1 or more non-Tuner Warrior-Type monsters$$This card cannot be destroyed by battle when attacked by a monster with higher ATK. After damage calculation, if this card was attacked by a monster with higher ATK: Destroy the opponent's monster it battled.$Warrior$$$Continuous/Trigger$
98012938$Vulcan the Divine$Unlimited$FIRE$[Beast-Warrior/Synchro/Effect]$$$$$6$2000$1600$$1 Tuner + 1 or more non-Tuner monsters$$If this card is Synchro Summoned: Target 1 face-up card you control and 1 face-up card your opponent controls; return those targets to the hand, but for the rest of this turn, you cannot activate cards, or the effects of cards, with the same name as those returned to the hand by this effect. You can only use this effect of "Vulcan the Divine" once per turn.$$$Activates upon Synchro Summon/Returns from your field to your hand/Returns from your opponent's field to your opponent's hand$Trigger/Condition$
35537860$Synchro Blast Wave$Unlimited$SPELL$$$$$$$$$$$$If you control a Synchro Monster: Target 1 monster your opponent controls; destroy that target.$Synchro Monster$$$Activation requirement/Effect$
67723438$Emergency Teleport$Semi-Limited(OCG)$SPELL$$$$$$$$$Quick-Play$$$Special Summon 1 Level 3 or lower Psychic monster from your hand or Deck, but banish it during the End Phase of this turn.$Psychic$$$Effect$
32391631$Savage Colosseum$Unlimited$SPELL$$$$$$$$$Field$$$If a monster attacks, at the end of the Damage Step: Its controller gains 300 LP. All monsters must attack, if able. During each End Phase: Destroy all face-up Attack Position monsters the turn player controls, that did not declare an attack.$$$Activates upon attack declaration$Trigger-like/Continuous-like$
05851097$Vanity's Emptiness$Forbidden(OCG)$TRAP$$$$$$$$$Continuous$$$Neither player can Special Summon monsters. If a card is sent from the Deck or the field to your Graveyard: Destroy this card.$$$$Continuous-like/Trigger-like$
04587638$Roaring Earth$Unlimited$TRAP$$$$$$$$$Continuous$$$If a Beast-Type monster you control attacks a Defense Position monster, inflict piercing battle damage to your opponent. If you inflict battle damage to your opponent with this effect: Target 1 face-up monster your opponent controls; that target loses 500 ATK and DEF. (This remains even if this card leaves the field.)$Beast$$Activates when it inflicts battle damage$Continuous-like/Trigger-like$
65703851$Debunk$Unlimited$TRAP$$$$$$$$$Counter$$$When a monster effect is activated in the hand or GY: Negate the activation, and if you do, banish it.$$$$Activation requirement/Effect$
45178472$Full House$Unlimited$TRAP$$$$$$$$$$$$Target 2 other face-up Spell/Trap Cards and 3 Set Spell/Trap Cards, on the field; destroy them.$$$$Effect$
