Passcode$Name$Status$Attribute$type$link$link_arrows$rank$pendulum_scale$level$attack$defense$spell_attribute$summoning_condition$pendulum_condition$card_text$card_supports$card_anti_supports$card_actions$effect_types$
46263076$Earthbound Immortal Ccapac Apu$Unlimited$DARK$[Fiend/Effect]$$$$$10$3000$2500$$$$There can only be 1 "Earthbound Immortal" monster on the field. If there is no face-up Field Spell on the field, destroy this card. Your opponent's monsters cannot target this card for attacks. This card can attack directly. If this card destroys an opponent's monster by battle: Inflict damage to your opponent equal to the destroyed monster's original ATK.$Field Spell Card$Anti-supports archetypes /Earthbound Immortal$$Unclassified/Continuous/Trigger$
14509651$Curse Necrofear$Unlimited$DARK$[Fiend/Effect]$$$$$8$2800$2200$$$$Cannot be Normal Summoned/Set. Must be Special Summoned by a card effect. You can target 3 of your banished Fiend monsters; Special Summon this card from your hand, and if you do, shuffle those banished monsters into the Deck. During the End Phase, if this card is in the GY because it was destroyed in your Monster Zone by an opponent's card and sent there this turn: Special Summon this card from your GY, then, you can destroy cards your opponent controls, up to the number of face-up Spells/Traps you control with different names. You can only use each effect of "Curse Necrofear" once per turn.$Fiend$$Activates from your hand/Returns the player's banished cards to the Deck/Activates from your Graveyard$Condition/Ignition/Trigger$
51993760$Dark Spirit of Banishment$Unlimited$DARK$[Fiend/Effect]$$$$$3$1600$0$$$$If your opponent's monster attacks, at the start of the Damage Step: You can send this card from your hand or field to the GY, then target 1 Level 8 Fiend monster in your GY; Special Summon it, but its effects are negated, and if you do, change the attack target to it and perform damage calculation. If a Level 8 Fiend monster(s) is sent to your GY while this card is in your GY (except during the Damage Step): You can add this card to your hand. You can only use each effect of "Dark Spirit of Banishment" once per turn.$Level 8 Monster Cards/Fiend$$Activates from your hand/Sends itself from hand to Graveyard for cost/Sends itself from field to Graveyard for cost/Activates from your Graveyard/Returns itself from Graveyard to hand$Trigger$
87988305$Dark Spirit of Malice$Unlimited$DARK$[Fiend/Effect]$$$$$3$1600$0$$$$When your opponent activates a card or effect (Quick Effect): You can send this card from your hand or field to the GY, then target 1 Level 8 Fiend monster in your GY; Special Summon it, but its effects are negated. If a Level 8 Fiend monster(s) is sent to your GY while this card is in your GY (except during the Damage Step): You can add this card to your hand. You can only use each effect of "Dark Spirit of Malice" once per turn.$Level 8 Monster Cards/Fiend$$Activates from your hand/Sends itself from hand to Graveyard for cost/Sends itself from field to Graveyard for cost/Activates from your Graveyard/Returns itself from Graveyard to hand$Quick/Trigger$
14386013$Dark Spirit's Mastery$Unlimited$SPELL$$$$$$$$$$$$Discard 1 card; add 1 "Destiny Board" or 1 Level 8 Fiend monster from your Deck or GY to your hand. You can banish this card from your GY, except the turn this card was sent to the GY; place any number of "Destiny Board" and/or "Spirit Message" cards with different names from your hand or GY on the bottom of the Deck in any order, then draw the same number of cards. You can only use each effect of "Dark Spirit's Mastery" once per turn.$Supports archetypes /Spirit Message$$Discards for cost/Adds from Deck to hand/Adds from Graveyard to hand/Activates from your Graveyard/Returns from hand to Deck/You draw cards$Effect/Ignition-like/Condition$
40771118$Sentence of Doom$Unlimited$TRAP$$$$$$$$$Continuous$$$You can target any number of your Fiend monsters that are banished or in your GY, up to the number of "Destiny Board" and/or "Spirit Message" cards you control; add them to your hand. You can send this card from your Spell & Trap Zone to the GY; place 1 "Spirit Message" card from your hand, Deck, or GY in your Spell & Trap Zone. (This is treated as being placed by the effect of "Destiny Board".) You can only use 1 "Sentence of Doom" effect per turn, and only once that turn.$Supports archetypes /Spirit Message$$Returns banished cards to the hand/Sends itself from field to Graveyard for cost/Places cards from hand in Spell & Trap Zone/Places cards from Deck in Spell & Trap Zone/Places cards from Graveyard in Spell & Trap Zone$Quick-like/Condition$
31829185$Dark Necrofear$Unlimited$DARK$[Fiend/Effect]$$$$$8$2200$2800$$$$Cannot be Normal Summoned/Set. Must first be Special Summoned (from your hand) by banishing 3 Fiend monsters from your GY. During the End Phase, if this card is in your GY because it was destroyed in your Monster Zone by an opponent's card and sent there this turn: Target 1 face-up monster your opponent controls; equip this card to that target. While this card is equipped to a monster by this effect, take control of that monster.$Fiend$$Activates from your Graveyard/Equips self from Graveyard/Takes control of equipped$Summon/Trigger/Continuous-like$
78700060$Doomcaliber Knight$Unlimited$DARK$[Fiend/Effect]$$$$$4$1900$1800$$$$Cannot be Special Summoned. If a monster effect is activated (Quick Effect): Tribute this face-up card; negate the activation, and if you do, destroy that monster.$$Effect Monster$Tributes itself for cost$Summon/Quick$
51644030$Diabound Kernel$Unlimited$DARK$[Fiend/Effect]$$$$$5$1800$1200$$$$When this card declares an attack: It gains 600 ATK. (Quick Effect): You can target 1 face-up monster your opponent controls; it loses ATK equal to this card's current ATK until the end of this turn, then banish this card until the Standby Phase of the next turn. You can only use this effect of "Diabound Kernel" once per turn.$$$Activates upon attack declaration$Trigger/Quick/Condition$
16625614$Dark Sanctuary$Unlimited$SPELL$$$$$$$$$Field$$$If a "Spirit Message" card would be placed on your field with "Destiny Board", you can Special Summon it as a Normal Monster (Fiend/DARK/Level 1/ATK 0/DEF 0) instead, and if you do, it is unaffected by card effects, except "Destiny Board", and cannot be targeted for attacks, but does not prevent your opponent from attacking you directly. When an opponent's monster declares an attack: Toss a coin and if the result is heads, negate the attack, and if you do, inflict damage to your opponent equal to half the current ATK of that opponent's monster.$Supports archetypes /Spirit Message$$Activates upon attack declaration$Continuous-like/Trigger-like$
79852326$Zoma the Spirit$Unlimited$TRAP$$$$$$$$$Continuous$$$Special Summon this card in Defense Position as an Effect Monster (Zombie/DARK/Level 4/ATK 1800/DEF 500). (This card is also still a Trap.) If this card Summoned this way is destroyed by battle: Inflict damage to your opponent equal to the ATK of the monster that destroyed it.$$$Activates if destroyed by battle/Activates from your Graveyard$Effect/Condition/Trigger-like$
65743242$Call of the Earthbound$Unlimited$TRAP$$$$$$$$$$$$When an opponent's monster declares an attack: You choose the target of the attack.$$$Activates upon attack declaration$Activation requirement/Effect$
86165817$Evil HERO Malicious Bane$Unlimited$DARK$[Fiend/Fusion/Effect]$$$$$8$3000$3000$$1 "Evil HERO" monster + 1 Level 5 or higher monster$$Must be Special Summoned with "Dark Fusion". Cannot be destroyed by battle or card effects. During your Main Phase: You can destroy all monsters your opponent controls with ATK less than or equal to this card's, also this card gains 200 ATK for each monster destroyed this way, also you cannot declare an attack for the rest of this turn, except with "HERO" monsters. You can only use this effect of "Evil HERO Malicious Bane" once per turn.$Supports archetypes /Evil HERO/HERO$$$Summon/Continuous/Ignition/Condition$
13650422$Evil HERO Adusted Gold$Unlimited$LIGHT$[Fiend/Effect]$$$$$4$2100$800$$$$You can discard this card; add 1 "Dark Fusion", or 1 card that mentions it, from your Deck to your hand, except "Evil HERO Adusted Gold". You can only use this effect of "Evil HERO Adusted Gold" once per turn. Cannot attack unless you control a Fusion Monster.$Dark Fusion/Fusion Monster$$Activates from your hand/Discards itself for cost/Adds from Deck to hand$Ignition/Condition/Continuous$
45659520$Evil HERO Sinister Necrom$Unlimited$DARK$[Fiend/Effect]$$$$$5$1600$1800$$$$You can banish this card from your GY; Special Summon 1 "Evil HERO" monster from your hand or Deck, except "Evil HERO Sinister Necrom". You can only use this effect of "Evil HERO Sinister Necrom" once per turn.$Supports archetypes /Evil HERO$$Activates from your Graveyard$Ignition$
72043279$Supreme King's Castle$Unlimited$SPELL$$$$$$$$$Field$$$You can Fusion Summon Fusion Monsters that must be Special Summoned with "Dark Fusion", with effects other than "Dark Fusion". Once per turn, during damage calculation, if your Fiend monster battles an opponent's monster: You can send 1 "Evil HERO" monster from your Deck or Extra Deck to the GY; your monster gains ATK equal to the Level of the monster sent to the GY x 200, until the end of this turn (even if this card leaves the field).$Supports archetypes /Evil HERO$$Sends from Deck to Graveyard for cost/Sends from Extra Deck to Graveyard for cost$Continuous-like/Trigger-like$
18438874$Evil Mind$Unlimited$SPELL$$$$$$$$$$$$If you control a Fiend monster: Activate 1 of these effects, based on the number of monsters in your opponent's GY;●1+: Draw 1 card.●4+: Add 1 "HERO" monster or 1 "Dark Fusion" from your Deck to your hand.●10+: Add 1 "Polymerization" Spell or 1 "Fusion" Spell from your Deck to your hand.You can only activate 1 "Evil Mind" per turn.$Supports archetypes /HERO/Polymerization /Fusion $$You draw cards/Adds from Deck to hand$Effect/Condition$
58554959$Evil HERO Malicious Edge$Unlimited$EARTH$[Fiend/Effect]$$$$$7$2600$1800$$$$If your opponent controls a monster, you can Tribute Summon this card face-up with 1 Tribute. If this card attacks a Defense Position monster, inflict piercing battle damage.$$$$Summon/Continuous$
95943058$Evil HERO Infernal Gainer$Unlimited$EARTH$[Fiend/Effect]$$$$$4$1600$0$$$$During your Main Phase 1: You can banish this card from the field, then target 1 Fiend monster you control; that target can make a second attack during each Battle Phase while you control it face-up. Once per turn, during your second Standby Phase after this card was banished to activate this effect: Special Summon this card in Attack Position.$Fiend$$$Ignition/Trigger$
50304345$Evil HERO Infernal Prodigy$Unlimited$DARK$[Fiend/Effect]$$$$$2$300$600$$$$If you control no monsters, you can Special Summon this card (from your hand) in Attack Position. Once per turn, during the End Phase, if this card was Tributed this turn to Tribute Summon a "HERO" monster: Draw 1 card.$Supports archetypes /HERO$$Activates if Tributed/Activates while banished/Activates from your hand/Activates from your Graveyard/You draw cards$Summon/Trigger$
86676862$Evil HERO Malicious Fiend$Unlimited$FIRE$[Fiend/Fusion/Effect]$$$$$8$3500$2100$$"Evil HERO Malicious Edge" + 1 Level 6 or higher Fiend monster$$Must be Special Summoned with "Dark Fusion". During your opponent's Battle Phase, all monsters they control are changed to face-up Attack Position, and each monster they control must attack this card, if able.$Fiend/Dark Fusion$$Changes battle positions$Summon/Continuous$
94820406$Dark Fusion$Unlimited$SPELL$$$$$$$$$$$$Fusion Summon 1 Fiend Fusion Monster from your Extra Deck, using monsters from your hand or field as Fusion Material. Your opponent cannot target it with card effects this turn.$Fiend/Fusion Monster$$Sends from your hand to your Graveyard/Sends from your field to your Graveyard/Uses cards in the hand as Fusion Materials/Uses cards on the player's field as Fusion Materials$Effect/Condition$
12071500$Dark Calling$Unlimited$SPELL$$$$$$$$$$$$Fusion Summon 1 Fusion Monster from your Extra Deck, that must be Special Summoned with "Dark Fusion", by banishing the Fusion Materials mentioned on it from your hand and/or GY. (This is treated as a Fusion Summon with "Dark Fusion".)$Fusion Monster/Dark Fusion$$Uses cards in the hand as Fusion Materials/Uses cards in the player's Graveyard as Fusion Materials$Effect/Condition$
45836982$Earthbound Greater Linewalker$Unlimited$DARK$[Fiend/Effect]$$$$$8$2900$2900$$$$If you control a Synchro Monster(s) and have a Synchro Monster(s) in your GY: You can Special Summon this card from your hand. During your Main Phase: You can add 1 "Earthbound Immortal" monster from your Deck or GY to your hand. If an "Earthbound Immortal" monster is Normal Summoned while this monster is on the field: You can make your opponent's LP 3000. You can only use each effect of "Earthbound Greater Linewalker" once per turn.$Supports archetypes /Earthbound Immortal$$Activates from your hand/Adds from Deck to hand/Adds from Graveyard to hand/Activates upon Normal Summon$Ignition/Trigger/Condition$
71821687$Ascator, Dawnwalker$Unlimited$EARTH$[Spellcaster/Effect]$$$$$5$2300$1500$$$$You can discard 1 card; Special Summon this card from your hand in Defense Position, then you can Special Summon 1 "Fire Ant Ascator" from your hand or Deck. You cannot Special Summon monsters from the Extra Deck the turn you activate this effect, except Synchro Monsters. You can only use this effect of "Ascator, Dawnwalker" once per turn.$Fire Ant Ascator/Synchro Monster$$Activates from your hand/Discards for cost$Ignition/Condition$
17315396$Supay, Duskwalker$Unlimited$EARTH$[Spellcaster/Effect]$$$$$5$2200$1900$$$$You can discard 1 card; Special Summon this card from your hand in Defense Position, then you can Special Summon 1 "Supay" from your hand or Deck. You cannot Special Summon monsters from the Extra Deck the turn you activate this effect, except Synchro Monsters. You can only use this effect of "Supay, Duskwalker" once per turn.$Supay/Synchro Monster$$Activates from your hand/Discards for cost$Ignition/Condition$
44710391$Earthbound Geoglyph$Unlimited$SPELL$$$$$$$$$Field$$$While any Level 10 monsters are on the field, neither player can target this card with card effects, also it cannot be destroyed by card effects. You can treat 1 Synchro Monster as 2 Tributes for the Tribute Summon of an "Earthbound Immortal" monster. If a Synchro Monster(s) is Special Summoned (except during the Damage Step): You can add 1 "Earthbound Immortal" Spell/Trap from your Deck to your hand. You can only use this effect of "Earthbound Geoglyph" once per turn.$Supports archetypes /Earthbound Immortal$$Activates upon Special Summon/Adds from Deck to hand$Continuous-like/Trigger-like/Condition$
70109009$Ultimate Earthbound Immortal$Unlimited$TRAP$$$$$$$$$Continuous$$$If a Normal Summoned/Set "Earthbound Immortal" monster is on the field: You can target 1 face-up monster on the field; destroy it. You can only use this effect of "Ultimate Earthbound Immortal" once per turn.$Supports archetypes /Earthbound Immortal$Anti-supports archetypes /Earthbound Immortal$$Quick-like/Condition$
41181774$Earthbound Immortal Wiraqocha Rasca$Unlimited$DARK$[Winged Beast/Effect]$$$$$10$100$100$$$$There can only be 1 "Earthbound Immortal" monster on the field. If there is no face-up Field Spell on the field, destroy this card. Your opponent's monsters cannot target this card for attacks. This card can attack directly. If this card is Normal Summoned: Target 1 to 3 cards you control, but not more than your opponent has in their hand; shuffle them into the Deck, then discard the same number of random cards from your opponent's hand (or as many as possible), and if you do, this card gains 1000 ATK for each card discarded by this effect.$Field Spell Card$Anti-supports archetypes /Earthbound Immortal$Activates upon Normal Summon/Returns from your field to your Deck/Your opponent discards$Unclassified/Continuous/Trigger$
42280216$Oracle of the Sun$Unlimited$LIGHT$[Spellcaster/Effect]$$$$$5$1000$2000$$$$If only your opponent controls a monster, you can Special Summon this card (from your hand). When this card on the field is destroyed and sent to the GY: You can add 1 "Fire Ant Ascator" or "Supay" from your Deck to your hand.$Fire Ant Ascator/Supay$$Activates from your Graveyard/Adds from Deck to hand$Summon/Trigger$
78275321$Fire Ant Ascator$Unlimited$EARTH$[Insect/Tuner/Effect]$$$$$3$700$1300$$$$When this card is destroyed by battle and sent to the GY: You can target 1 Level 5 monster in your GY; Special Summon that target, but its effects are negated, also send it to the GY during the End Phase of this turn.$Level 5 Monster Cards$$Activates if destroyed by battle/Activates from your Graveyard/Sends from field to Graveyard$Trigger$
78552773$Supay$Unlimited$EARTH$[Fiend/Tuner/Effect]$$$$$1$300$100$$$$When this card is sent from the field to the GY by card effect: You can Special Summon 1 "Oracle of the Sun" from your Deck, and if you do, double its ATK, also return it to the hand during the End Phase of this turn.$Oracle of the Sun$$Activates from your Graveyard/Returns from field to hand$Trigger$
39823987$Sun Dragon Inti$Unlimited$LIGHT$[Dragon/Synchro/Effect]$$$$$8$3000$2800$$"Fire Ant Ascator" + 1+ non-Tuner monsters$$If this card is destroyed by battle and sent to the GY: Destroy the monster that destroyed this card, and if you do, inflict damage to your opponent equal to half the ATK that monster had on the field. Once per turn, during the Standby Phase of the next turn after this card on the field was destroyed: You can target 1 "Moon Dragon Quilla" in your GY; Special Summon that target.$Moon Dragon Quilla$$Activates if destroyed by battle/Activates if destroyed by card effect/Activates from your Graveyard$Trigger$
66818682$Moon Dragon Quilla$Unlimited$DARK$[Dragon/Synchro/Effect]$$$$$6$2500$2000$$"Supay" + 1+ non-Tuner monsters$$If this card is targeted for an attack: Gain LP equal to half the attacking monster's ATK. If this card on the field is destroyed: You can target 1 "Sun Dragon Inti" in your GY; Special Summon that target.$Sun Dragon Inti$$Activates if destroyed by battle/Activates if destroyed by card effect$Trigger$
07593748$Gimmick Puppet Gigantes Doll$Unlimited$DARK$[Machine/Xyz/Effect]$$$4$$$0$2000$$2 Level 4 "Gimmick Puppet" monsters$$You can detach 2 materials from this card, then target up to 2 monsters your opponent controls; gain control of them until the End Phase, also for the rest of this turn you cannot Special Summon monsters, except "Gimmick Puppet" monsters, nor declare an attack, except with Xyz Monsters. You can Tribute this card; all monsters you currently control become Level 8 until the end of this turn. You can only use each effect of "Gimmick Puppet Gigantes Doll" once per turn.$Supports archetypes /Gimmick Puppet$$Detaches multiple Xyz Materials as cost/Changes control/Tributes itself for cost$Ignition/Condition$
43598843$Gimmick Puppet Terror Baby$Unlimited$DARK$[Machine/Effect]$$$$$4$500$0$$$$When this card is Normal Summoned: You can target 1 "Gimmick Puppet" monster in your GY, except "Gimmick Puppet Terror Baby"; Special Summon it in Defense Position. You can banish this card from your GY; your opponent cannot activate cards or effects in response to the activation of your "Gimmick Puppet" monster effects this turn.$Supports archetypes /Gimmick Puppet$$Activates upon Normal Summon/Activates from your Graveyard$Trigger/Ignition$
79086452$Gimmick Puppet Bisque Doll$Unlimited$DARK$[Machine/Effect]$$$$$8$1000$1000$$$$You can Special Summon this card (from your hand) by discarding 1 "Gimmick Puppet" monster. You can banish this card from your GY; your opponent cannot target "Gimmick Puppet" monsters you control with card effects this turn.$Supports archetypes /Gimmick Puppet$$Discards for cost/Activates from your Graveyard$Unclassified/Ignition$
06471156$Perform Puppet$Unlimited$SPELL$$$$$$$$$Continuous$$$You can banish 1 "Gimmick Puppet" monster from your GY; all monsters you currently control become that banished monster's Level, until the end of this turn (even if this card leaves the field). If a face-up "Gimmick Puppet" monster(s) you control is destroyed by battle or an opponent's card effect and sent to the GY: You can target 1 of your banished "Gimmick Puppet" monsters; Special Summon it. You can only use each effect of "Perform Puppet" once per turn.$Supports archetypes /Gimmick Puppet$$Activates if destroyed by battle/Activates if destroyed by card effect$Ignition-like/Trigger-like/Condition$
32875265$Puppet Parade$Unlimited$TRAP$$$$$$$$$$$$If your opponent controls more monsters than you do: Special Summon "Gimmick Puppet" monsters with different names from your Deck, up to the difference, then, if your opponent's LP are at least 2000 higher than yours, you can Set 1 "Rank-Up-Magic" Normal Spell directly from your Deck. For the rest of this turn after this card resolves, you cannot Special Summon monsters, except "Gimmick Puppet" monsters. You can only activate 1 "Puppet Parade" per turn.$Supports archetypes /Gimmick Puppet/Rank-Up-Magic$$Sets from your Deck$Activation requirement/Effect/Condition$
92418590$Gimmick Puppet Dreary Doll$Unlimited$DARK$[Machine/Effect]$$$$$8$0$0$$$$If this card is in your GY: You can banish 1 other "Gimmick Puppet" monster from your GY; Special Summon this card. You can only use this effect of "Gimmick Puppet Dreary Doll" once per turn. Cannot be used as material for an Xyz Summon, except for the Xyz Summon of a "Gimmick Puppet" monster.$Supports archetypes /Gimmick Puppet$$Activates from your Graveyard$Ignition/Condition$
39806198$Gimmick Puppet Magnet Doll$Unlimited$DARK$[Machine/Effect]$$$$$8$1000$1000$$$$If your opponent controls a monster, and all monsters you control are face-up "Gimmick Puppet" monsters (min. 1), you can Special Summon this card (from your hand).$Supports archetypes /Gimmick Puppet$$$Summon$
76543119$Gimmick Puppet Des Troy$Unlimited$DARK$[Machine/Effect]$$$$$4$1200$2000$$$$Once while face-up on the field: You can target 1 "Gimmick Puppet" monster on the field; destroy it. When this card is sent from the field to the GY: You can Special Summon 1 or 2 "Gimmick Puppet" monsters from your hand.$Supports archetypes /Gimmick Puppet$$Activates from your Graveyard$Ignition/Condition/Trigger$
08226374$Gimmick Puppet Humpty Dumpty$Unlimited$DARK$[Machine/Effect]$$$$$4$0$100$$$$When this card is Normal or Special Summoned: You can Special Summon 1 "Gimmick Puppet" monster from your hand. You can only use this effect of "Gimmick Puppet Humpty Dumpty" once per turn.$Supports archetypes /Gimmick Puppet$$Activates upon Normal Summon/Activates upon Special Summon$Trigger/Condition$
75433814$Number 40: Gimmick Puppet of Strings$Unlimited$DARK$[Machine/Xyz/Effect]$$$8$$$3000$2000$$2 Level 8 monsters$$Once per turn: You can detach 1 material from this card; place 1 String Counter on each face-up monster on the field, except this card. Once per turn, during the next End Phase of the opponent of the player who placed a String Counter(s) by this effect: Destroy the monsters with String Counters, and if you do, inflict 500 damage to your opponent for each monster destroyed.$$$$Ignition/Trigger$
67968069$Junk Puppet$Unlimited$SPELL$$$$$$$$$$$$Target 1 "Gimmick Puppet" monster in your GY; Special Summon it. You can only activate 1 "Junk Puppet" per turn.$Supports archetypes /Gimmick Puppet$$$Effect/Condition$
79864860$Predaplant Triphyoverutum$Unlimited$DARK$[Plant/Fusion/Effect]$$$$$9$3000$3000$$3 DARK monsters on the field$$Gains ATK equal to the total original ATK of all other monsters on the field with a Predator Counter. You can only use each of the following effects of "Predaplant Triphyoverutum" once per turn.●When your opponent Special Summons a monster(s) from their Extra Deck while you control this Fusion Summoned card (Quick Effect): You can negate the Summon, and if you do, destroy that monster(s).●If your opponent controls a monster with a Predator Counter(s): You can Special Summon this card from your GY in Defense Position.$DARK$$Activates from your Graveyard$Continuous/Condition/Quick/Ignition$
05259518$Predaplant Heliamphorhynchus$Unlimited$DARK$[Plant/Effect]$$$$$8$1200$2400$$$$If your opponent controls a monster with a Predator Counter: You can Special Summon this card from your hand. If this card in its owner's possession is destroyed by your opponent's card: You can target 1 DARK Dragon or 1 DARK Plant monster in your GY, except "Predaplant Heliamphorhynchus"; Special Summon it. You can only use each effect of "Predaplant Heliamphorhynchus" once per turn.$DARK/Dragon/Plant$$Activates from your hand/Activates if destroyed by battle/Activates if destroyed by card effect$Ignition/Trigger/Condition$
31643613$Predapractice$Unlimited$SPELL$$$$$$$$$$$$Special Summon 1 "Predaplant" monster from your hand, then add 1 "Predap" card from your Deck to your hand, except "Predapractice", also for the rest of this turn after this card resolves, you cannot Special Summon monsters from the Extra Deck, except Fusion Monsters. You can only activate 1 "Predapractice" per turn.$Supports archetypes /Predaplant/Predap$$Adds from Deck to hand$Effect/Condition$
08148322$Predaprime Fusion$Unlimited$SPELL$$$$$$$$$Quick-Play$$$If a "Predaplant" monster(s) is on the field: Fusion Summon 1 DARK Fusion Monster from your Extra Deck, using monsters from either field as material, including 2 or more DARK monsters you control. You can only activate 1 "Predaprime Fusion" per turn.$Supports archetypes /Predaplant$$Sends from your field to your Graveyard/Sends from your opponent's field to your opponent's Graveyard/Uses cards on the player's field as Fusion Materials/Uses cards on the opponent's field as Fusion Materials$Activation requirement/Effect/Condition$
44536921$Predaplanning$Unlimited$TRAP$$$$$$$$$$$$Send 1 "Predaplant" monster from your Deck to the GY; place 1 Predator Counter on each face-up monster on the field, and if you do, any of those monsters that are Level 2 or higher become Level 1 as long as they have a Predator Counter. If you Fusion Summon a DARK monster while this card is in your GY (except during the Damage Step): You can banish this card from your GY, then target 1 card on the field; destroy it. You can only use each effect of "Predaplanning" once per turn.$Supports archetypes /Predaplant$$Sends from Deck to Graveyard for cost/Activates from your Graveyard/Activates upon Fusion Summon$Cost/Effect/Trigger-like$
99913726$Predaplant Drosophyllum Hydra$Unlimited$DARK$[Plant/Effect]$$$$$5$800$2300$$$$You can Special Summon this card (from your hand or GY) by Tributing 1 monster on either player's field with a Predator Counter. You can only Special Summon "Predaplant Drosophyllum Hydra" once per turn this way. If this card is on the field or in your GY (Quick Effect): You can banish 1 other "Predaplant" monster from your GY, then target 1 face-up monster on the field; it loses 500 ATK. You can only use this effect of "Predaplant Drosophyllum Hydra" once per turn.$Supports archetypes /Predaplant$$Tributes opponent's monsters$Summon/Condition/Quick$
89181134$Predaplant Chlamydosundew$Unlimited$DARK$[Plant/Effect]$$$$$2$600$200$$$$Monsters with a Predator Counter that you use as Fusion Materials are treated as DARK. During your Main Phase: You can Fusion Summon 1 DARK Fusion Monster from your Extra Deck, using this card on the field and monsters from your hand, field, and/or monsters with a Predator Counter your opponent controls as Fusion Material. You can only use this effect of "Predaplant Chlamydosundew" once per turn.$DARK/Fusion Monster$$Uses cards in the hand as Fusion Materials/Uses cards on the player's field as Fusion Materials/Uses cards on the opponent's field as Fusion Materials/Uses itself as a Fusion Material$Continuous/Ignition/Condition$
41209827$Starving Venom Fusion Dragon$Unlimited$DARK$[Dragon/Fusion/Effect]$$$$$8$2800$2000$$2 DARK monsters on the field, except Tokens$$If this card is Fusion Summoned: You can make this card gain ATK equal to 1 opponent's Special Summoned monster, until the end of this turn. Once per turn: You can target 1 Level 5 or higher monster your opponent controls; until the End Phase, this card's name becomes that monster's original name, and replace this effect with that monster's original effects. If this Fusion Summoned card is destroyed: You can destroy all your opponent's Special Summoned monsters.$DARK$$Activates upon Fusion Summon/Activates if destroyed by battle/Activates if destroyed by card effect$Trigger/Ignition$
69946549$Predaplant Dragostapelia$Unlimited$DARK$[Plant/Fusion/Effect]$$$$$8$2700$1900$$1 Fusion Monster + 1 DARK monster$$Once per turn (Quick Effect): You can target 1 face-up monster your opponent controls; place 1 Predator Counter on it, and if it is Level 2 or higher, it becomes Level 1 as long as it has a Predator Counter. Negate the activated effects of your opponent's monsters that have Predator Counters.$Fusion Monster/DARK$$$Quick/Continuous$
88069597$Predaponics$Unlimited$SPELL$$$$$$$$$Continuous$$$Once per turn: You can Special Summon 1 Level 4 or lower "Predaplant" monster from your hand or GY, but negate its effects (even if this card leaves the field). Once per turn, during your Standby Phase, pay 800 LP or destroy this card.$Supports archetypes /Predaplant$$$Ignition-like/Maintenance cost$
72129804$Predaplast$Unlimited$SPELL$$$$$$$$$Quick-Play$$$Reveal any number of "Predap" cards in your hand, then target that number of face-up monsters your opponent controls; place 1 Predator Counter on each one, and if you do, any of those monsters that are Level 2 or higher become Level 1 as long as they have a Predator Counter. If your "Predaplant" monster would be destroyed by battle, you can banish this card from your GY instead.$Supports archetypes /Predap/Predaplant$$Reveals your hand for cost$Cost/Effect/Unclassified$
64187086$Earthbound Immortal Revival$Unlimited$SPELL$$$$$$$$$$$$Discard 1 card, then target 1 "Earthbound Immortal" monster and 1 Field Spell in your GY; add those targets to your hand.$Supports archetypes /Earthbound Immortal$$Discards for cost/Adds from Graveyard to hand$Cost/Effect$
56339050$Roar of the Earthbound Immortal$Unlimited$TRAP$$$$$$$$$Continuous$$$Once per turn, if an opponent's monster declares an attack: Target the attacking monster; destroy that target, and if you do, inflict damage to your opponent equal to half the destroyed monster's ATK. You must control an "Earthbound Immortal" monster with ATK higher than the ATK of the attacking monster to activate and to resolve this effect.$Supports archetypes /Earthbound Immortal$$Activates upon attack declaration$Trigger-like/Condition$
