Passcode$Name$Status$Attribute$type$link$link_arrows$rank$pendulum_scale$level$attack$defense$spell_attribute$summoning_condition$pendulum_condition$card_text$card_supports$card_anti_supports$card_actions$effect_types$
87639778$Harpie's Feather Storm$Unlimited$TRAP$$$$$$$$$$$$If you control a WIND Winged Beast monster: Until the end of this turn, negate any monster effects your opponent activates. If you control a "Harpie" monster, you can activate this card from your hand. If this card in its owner's Spell & Trap Zone is destroyed by an opponent's card effect: You can add 1 "Harpie's Feather Duster" from your Deck or GY to your hand.$Supports archetypes /Harpie$$Activates if destroyed by card effect/Adds from Deck to hand/Activates from your Graveyard$Activation requirement/Effect/Condition/Trigger-like$
39392286$Harpie Perfumer$Unlimited$WIND$[Winged Beast/Effect]$$$$$4$1400$1300$$$$This card's name becomes "Harpie Lady" while on the field or in the GY. If this card is Normal or Special Summoned: You can add 1 Spell/Trap from your Deck to your hand that specifically lists the card "Harpie Lady Sisters" in its text. If you controlled a Level 5 or higher "Harpie" monster when you activated this effect, you can also add a second such card, with a different name from the first. You can only use this effect of "Harpie Perfumer" once per turn.$Supports archetypes /Harpie$$Activates upon Normal Summon/Activates upon Special Summon/Adds from Deck to hand$Continuous/Trigger/Condition$
66386380$Harpie Oracle$Unlimited$WIND$[Winged Beast/Effect]$$$$$4$1300$1400$$$$This card's name becomes "Harpie Lady" while on the field or in the GY. You can only use each of these effects of "Harpie Oracle" once per turn.●If you control a Level 5 or higher "Harpie" monster: You can Special Summon this card from your hand.●If this card is Normal or Special Summoned: You can add 1 Spell/Trap from your GY to your hand, that specifically lists the card "Harpie Lady Sisters" in its text, during the End Phase of this turn.$Supports archetypes /Harpie$$Activates from your hand/Activates upon Normal Summon/Activates upon Special Summon/Adds from Graveyard to hand$Unclassified/Condition/Ignition/Trigger$
92881099$Alluring Mirror Split$Unlimited$SPELL$$$$$$$$$Continuous$$$When a "Harpie Lady" or "Harpie Lady Sisters" you control is destroyed by battle: You can Special Summon 1 "Harpie" monster from your Deck with a different original name than the destroyed monster. If this card you control is destroyed by a "Harpie" card's effect or your opponent's card effect: Target 1 "Harpie" monster in your GY; Special Summon it. You can only use each effect of "Alluring Mirror Split" once per turn.$Supports archetypes /Harpie$$Activates if destroyed by battle/Activates if destroyed by card effect$Trigger-like/Condition$
39275698$Harpie's Feather Rest$Unlimited$SPELL$$$$$$$$$$$$Target 3 "Harpie Lady" and/or "Harpie Lady Sisters" in your GY; shuffle them into the Deck, then draw 1 card. If you controlled a Level 5 or higher "Harpie" monster when you activated this effect, draw 2 cards instead. For the rest of this turn after this card resolves, you cannot Special Summon monsters, except WIND monsters. You can only activate 1 "Harpie's Feather Rest" per turn.$Supports archetypes /Harpie$$Returns from your Graveyard to your Deck/You draw cards$Effect$
65664792$Harpie Lady Elegance$Unlimited$TRAP$$$$$$$$$$$$Shuffle 1 "Harpie Lady Sisters" from your Monster Zone into the Deck, then you can Special Summon 3 "Harpie" monsters with different original names, 1 each from your hand, Deck, and GY. For the rest of this turn after this card resolves, you cannot Special Summon monsters, except WIND monsters. If this card you control is destroyed by a "Harpie" card's effect or your opponent's card effect: Add 1 "Harpie" monster from your Deck to your hand. You can only use each effect of "Harpie Lady Elegance" once per turn.$Supports archetypes /Harpie$$Returns from field to Deck/Activates if destroyed by card effect/Adds from Deck to hand$Effect/Trigger-like$
12206212$Harpie Lady Sisters$Unlimited$WIND$[Winged Beast/Effect]$$$$$6$1950$2100$$$$Cannot be Normal Summoned/Set. Must first be Special Summoned with "Elegant Egotist".$Elegant Egotist$$$Summon$
75064463$Harpie Queen$Unlimited$WIND$[Winged Beast/Effect]$$$$$4$1900$1200$$$$This card's name becomes "Harpie Lady" while on the field or in the GY. You can discard this card to the GY; add 1 "Harpies' Hunting Ground" from your Deck to your hand.$Harpie Lady/Harpies' Hunting Ground$$Activates from your hand/Discards itself for cost/Adds from Deck to hand$Ignition/Unclassified$
90219263$Elegant Egotist$Unlimited$SPELL$$$$$$$$$$$$If "Harpie Lady" is on the field: Special Summon 1 "Harpie Lady" or "Harpie Lady Sisters" from your hand or Deck.$Harpie Lady/Harpie Lady Sisters$$$Activation requirement/Effect$
75782277$Harpies' Hunting Ground$Unlimited$SPELL$$$$$$$$$Field$$$All Winged Beast monsters gain 200 ATK/DEF. If any "Harpie Lady" or "Harpie Lady Sisters" is Normal or Special Summoned: The player who conducted the Summon targets 1 Spell/Trap on the field; that player destroys that target.$Harpie Lady/Harpie Lady Sisters/Winged Beast$$$Continuous-like/Trigger-like$
86308219$Harpie Lady Phoenix Formation$Unlimited$SPELL$$$$$$$$$$$$If you control 3 or more "Harpie Lady" and/or "Harpie Lady Sisters": Target as many monsters your opponent controls as possible, but not more than the total number of "Harpie Lady" and "Harpie Lady Sisters" you control; destroy those targets, and if you do, inflict damage to your opponent equal to the highest original ATK among those destroyed monsters (your choice, if tied). You cannot Special Summon monsters from the Main Deck or Extra Deck, nor conduct your Battle Phase, the turn you activate this card.$Harpie Lady/Harpie Lady Sisters$$Cannot conduct Battle Phase$Activation requirement/Effect/Condition$
12181376$Triangle Ecstasy Spark$Unlimited$SPELL$$$$$$$$$$$$Until the end of this turn, the ATK of all "Harpie Lady Sisters" currently on the field becomes 2700, your opponent cannot activate any Trap Cards, also negate all your opponent's Trap effects on the field.$Harpie Lady Sisters$$$Effect$
91668401$Cyber Angel Izana$Unlimited$LIGHT$[Fairy/Ritual/Effect]$$$$$8$2500$2600$$$$You can Ritual Summon this card with "Machine Angel Ritual". If this card is Ritual Summoned: You can make your opponent send 1 Spell/Trap they control to the GY. When this attacking card destroys an opponent's monster by battle and sends it to the GY: You can activate this effect; this card can make a second attack on an opponent's monster in a row. Once per turn, when your opponent activates a card or effect that targets a "Cyber Angel" Ritual Monster you control (Quick Effect): You can shuffle 1 Ritual Monster from your GY into the Deck, and if you do, destroy 1 card your opponent controls.$Supports archetypes /Cyber Angel$$Activates upon Ritual Summon/Sends from your opponent's field to your opponent's Graveyard/Activates when it destroys a monster by battle/Returns from Graveyard to Deck$Summon/Trigger/Quick$
28053106$Cyber Egg Angel$Unlimited$LIGHT$[Fairy/Effect]$$$$$2$200$300$$$$If this card is Summoned: You can add 1 "Machine Angel" Spell or 1 "Ritual Sanctuary" from your Deck to your hand. You can only use this effect of "Cyber Egg Angel" once per turn.$Supports archetypes /Machine Angel$$Activates upon Normal Summon/Activates upon Flip Summon/Activates upon Special Summon/Adds from Deck to hand$Trigger/Condition$
64442155$Merciful Machine Angel$Unlimited$SPELL$$$$$$$$$$$$Tribute 1 "Cyber Angel" Ritual Monster from your hand or field; draw 2 cards, then place 1 card from your hand on the bottom of the Deck. For the rest of this turn after this card resolves, you cannot Special Summon monsters, except Ritual Monsters. You can only activate 1 "Merciful Machine Angel" per turn.$Supports archetypes /Cyber Angel$$Tributes for cost/You draw cards/Returns from hand to Deck$Cost/Effect/Lingering/Condition$
91946859$Incarnated Machine Angel$Unlimited$SPELL$$$$$$$$$Continuous$$$Your "Cyber Angel" Ritual Monsters cannot be destroyed by battle. When you take damage by battle or an opponent's card effect: You can Tribute 1 "Cyber Angel" Ritual Monster from your hand or field; Special Summon 1 "Cyber Angel" Ritual Monster from your hand. (This is treated as a Ritual Summon.) You can only use this effect of "Incarnated Machine Angel" once per turn.$Supports archetypes /Cyber Angel$$Activates if you take battle damage/Activates if you take effect damage/Tributes for cost$Continuous-like/Trigger-like/Condition$
27331568$Magnificent Machine Angel$Unlimited$SPELL$$$$$$$$$Quick-Play$$$Tribute 1 "Cyber Angel" Ritual Monster from your hand or field, then target 1 LIGHT Fairy monster you control; it gains ATK/DEF equal to the Level the monster had when Tributed x 200, until the end of this turn. This turn, if it battles an opponent's monster that was Special Summoned from the Extra Deck, that opponent's monster's effects are negated during that Battle Phase only. You can only activate 1 "Magnificent Machine Angel" per turn.$Supports archetypes /Cyber Angel$Fusion Monster/Synchro Monster/Xyz Monster/Link Monster$Tributes for cost$Cost/Effect/Condition$
76103404$Cyber Petit Angel$Unlimited$LIGHT$[Fairy/Effect]$$$$$2$300$200$$$$If this card is Summoned: You can add 1 "Cyber Angel" monster or "Machine Angel Ritual" from your Deck to your hand. You can only use this effect of "Cyber Petit Angel" once per turn.$Supports archetypes /Cyber Angel$$Activates upon Normal Summon/Activates upon Flip Summon/Activates upon Special Summon/Adds from Deck to hand$Trigger/Condition$
77235086$Cyber Angel Benten$Unlimited$LIGHT$[Fairy/Ritual/Effect]$$$$$6$1800$1500$$$$You can Ritual Summon this card with "Machine Angel Ritual". If this card destroys a monster by battle and sends it to the GY: Inflict damage to your opponent equal to that monster's original DEF in the GY. If this card is Tributed: You can add 1 LIGHT Fairy monster from your Deck to your hand.$LIGHT/Fairy$$Activates when it destroys a monster by battle/Activates if Tributed/Adds from Deck to hand$Summon/Trigger$
03629090$Cyber Angel Idaten$Unlimited$LIGHT$[Fairy/Ritual/Effect]$$$$$6$1600$2000$$$$You can Ritual Summon this card with "Machine Angel Ritual". If this card is Ritual Summoned: You can add 1 Ritual Spell from your Deck or GY to your hand. If this card is Tributed: You can make all Ritual Monsters you control gain 1000 ATK/DEF.$Ritual Spell Card$$Activates upon Ritual Summon/Adds from Deck to hand/Adds from Graveyard to hand/Activates if Tributed$Summon/Trigger$
39618799$Cyber Angel Dakini$Unlimited$LIGHT$[Fairy/Ritual/Effect]$$$$$8$2700$2400$$$$You can Ritual Summon this card with "Machine Angel Ritual". If this card is Ritual Summoned: You can make your opponent send 1 monster they control to the GY (their choice). If a Ritual Monster you control attacks a Defense Position monster, inflict piercing battle damage to your opponent. Once per turn, during your End Phase: You can target 1 Ritual Monster or 1 "Machine Angel Ritual" in your GY; add it to your hand.$Ritual Monster$$Activates upon Ritual Summon/Sends from your opponent's field to your opponent's Graveyard/Adds from Deck to hand$Summon/Trigger/Continuous$
39996157$Machine Angel Ritual$Unlimited$SPELL$$$$$$$$$Ritual$$$This card can be used to Ritual Summon any "Cyber Angel" Ritual Monster. You must also Tribute monsters from your hand or field whose total Levels equal or exceed the Level of the Ritual Monster you Ritual Summon. If a LIGHT monster(s) you control would be destroyed by battle or card effect while this card is in your GY, you can banish this card instead.$Supports archetypes /Cyber Angel$$Tributes as an effect$Effect/Unclassified$
95658967$Ritual Sanctuary$Unlimited$SPELL$$$$$$$$$Field$$$You can discard 1 Spell; add 1 LIGHT Ritual Monster or 1 Ritual Spell from your Deck to your hand. You can shuffle any number of Spells from your GY into the Deck, then target 1 LIGHT Fairy monster in your GY whose Level equals the number of cards you shuffled into the Deck; Special Summon it. You can only use each effect of "Ritual Sanctuary" once per turn.$LIGHT/Ritual Monster/Ritual Spell Card/Fairy$$Discards for cost/Adds from Deck to hand/Returns from your Graveyard to your Deck$Ignition-like/Condition$
53325667$Garden Rose Maiden$Unlimited$DARK$[Plant/Synchro/Effect]$$$$$5$1600$2400$$1 Tuner + 1+ non-Tuner monsters$$If this card is Special Summoned: You can add 1 "Black Garden" from your Deck or GY to your hand. You can banish this card from your GY, then target 1 "Rose Dragon" monster or 1 Dragon Synchro Monster in your GY; Special Summon it. You can only use each effect of "Garden Rose Maiden" once per turn.$Supports archetypes /Rose Dragon$$Activates upon Special Summon/Adds from Deck to hand/Adds from Graveyard to hand/Activates from your Graveyard$Trigger/Ignition/Condition$
90724272$Dark Rose Fairy$Unlimited$DARK$[Fairy/Effect]$$$$$2$800$1000$$$$If a Tuner(s) is Special Summoned (except during the Damage Step): You can Special Summon this card from your hand. If this card is in your GY: You can send 1 card from your hand or field to the GY; place this card on the top or bottom of your Deck. You can only use each effect of "Dark Rose Fairy" once per turn.$Tuner monster$$Activates upon Special Summon/Activates from your hand/Activates from your Graveyard/Sends from hand to Graveyard for cost/Sends from field to Graveyard for cost/Returns itself from Graveyard to Deck$Trigger/Ignition/Condition$
26118970$Red Rose Dragon$Unlimited(OCG)$DARK$[Dragon/Tuner/Effect]$$$$$3$1000$1800$$$$If this card is sent to the GY as Synchro Material: You can Special Summon 1 "Rose Dragon" monster from your hand or Deck, except "Red Rose Dragon", then, if it was sent for the Synchro Summon of "Black Rose Dragon" or a Plant Synchro Monster, you can also add 1 "Frozen Rose" or 1 "Blooming of the Darkest Rose" from your Deck to your hand. You can only use this effect of "Red Rose Dragon" once per turn.$Supports archetypes /Rose Dragon$$Activates from your Graveyard/Activates if used as Synchro Material/Adds from Deck to hand$Trigger/Condition$
53503015$Frozen Rose$Unlimited$SPELL$$$$$$$$$Quick-Play$$$Send 1 face-up monster you control to the GY; apply this effect, depending on the Type it had on the field.●Plant: During the End Phase of this turn, draw 2 cards, then discard 1 card.●Non-Plant: Add 1 Level 4 or lower Plant monster from your Deck to your hand.You can only activate 1 "Frozen Rose" per turn.$Plant$$Sends from field to Graveyard for cost/You draw cards/You discard/Adds from Deck to hand$Cost/Effect/Condition$
99092624$Blooming of the Darkest Rose$Unlimited$TRAP$$$$$$$$$$$$Special Summon "Rose Tokens" (Plant/DARK/Level 2/ATK 800/DEF 800) in Defense Position to either field, up to the combined number of cards in the Field Zones and Field Spells in the GYs. If this card is in your GY: You can target 1 "Black Rose Dragon", or 1 Plant monster, in your Monster Zone; banish it, and if you do, place this card on the bottom of the Deck. During the next Standby Phase, return that banished monster to the field. You can only use this effect of "Blooming of the Darkest Rose" once per turn.$Field Spell Card/Black Rose Dragon/Plant$Field Spell Card$Activates from your Graveyard/Returns itself from Graveyard to Deck/Returns banished cards to the field$Effect/Quick-like/Lingering/Condition$
73580471$Black Rose Dragon$Unlimited$FIRE$[Dragon/Synchro/Effect]$$$$$7$2400$1800$$1 Tuner + 1+ non-Tuner monsters$$When this card is Synchro Summoned: You can destroy all cards on the field. Once per turn: You can banish 1 Plant monster from your GY, then target 1 Defense Position monster your opponent controls; change that target to face-up Attack Position, and if you do, its ATK becomes 0 until the end of this turn.$Plant$$Activates upon Synchro Summon/Changes battle positions$Trigger/Ignition$
02986553$Twilight Rose Knight$Unlimited$DARK$[Warrior/Tuner/Effect]$$$$$3$1000$1000$$$$Monsters your opponent controls cannot target Plant monsters for attacks. When this card is Normal Summoned: You can Special Summon 1 Level 4 or lower Plant monster from your hand.$Plant$$$Continuous/Trigger$
17720747$Witch of the Black Rose$Unlimited$DARK$[Spellcaster/Tuner/Effect]$$$$$4$1700$1200$$$$Cannot be Special Summoned. If this card is Normal Summoned, and you control no other cards: Draw 1 card and show it, then, if it is not a monster, send it to the GY, also destroy this card.$$$Activates upon Normal Summon/You draw cards/Shows the player's drawn cards/Sends from your hand to your Graveyard$Summon/Trigger$
98884569$Blue Rose Dragon$Unlimited$DARK$[Dragon/Effect]$$$$$4$1600$1200$$$$When this card on the field is destroyed and sent to the GY: You can target 1 "Black Rose Dragon" or 1 Plant monster in your GY; Special Summon that monster.$Black Rose Dragon/Plant$$Activates if destroyed by battle/Activates if destroyed by card effect/Activates from your Graveyard$Trigger$
71645242$Black Garden$Unlimited$SPELL$$$$$$$$$Field$$$If a monster(s) is Normal or Special Summoned face-up, except by the effect of "Black Garden": Halve its ATK, then, the controller of that monster Special Summons 1 "Rose Token" (Plant/DARK/Level 2/ATK 800/DEF 800) to their opponent's field in Attack Position. (This ATK loss remains even if this card leaves the field.) You can target 1 monster in your GY with ATK equal to the total ATK of all Plant monsters on the field; destroy this card and as many Plant monsters on the field as possible, then, if you destroyed all of them, Special Summon that targeted monster.$Plant$Plant$Activates upon Normal Summon/Activates upon Special Summon$Trigger-like/Ignition-like$
45247637$Mark of the Rose$Unlimited$SPELL$$$$$$$$$Equip$$$Activate this card by banishing 1 Plant monster from your GY, then target 1 face-up monster your opponent controls; equip this card to it. Take control of the equipped monster. Once per turn, during your End Phase: Negate this card's effect until your next Standby Phase.$Plant$$Takes control of equipped$Cost/Continuous-like/Trigger-like$
26096328$Superdreadnought Rail Cannon Juggernaut Liebe$Unlimited$EARTH$[Machine/Xyz/Effect]$$$11$$$4000$4000$$3 Level 11 monsters$$Once per turn, you can also Xyz Summon "Superdreadnought Rail Cannon Juggernaut Liebe" by using 1 Rank 10 Machine Xyz Monster you control as material. (Transfer its materials to this card.) Once per turn: You can detach 1 material from this card; it gains 2000 ATK/DEF, also for the rest of this turn, you can only declare an attack with this card. During each Battle Phase, this card can make attacks on monsters up to the number of materials it has +1.$Machine/Xyz Monster$$Transfers$Summon/Ignition/Continuous$
52481437$Super Express Bullet Train$Unlimited$EARTH$[Machine/Effect]$$$$$10$3000$0$$$$Cannot declare an attack unless you send 2 other cards you control to the GY. You can only use each of these effects of "Super Express Bullet Train" once per turn.●If all monsters you control are EARTH Machines (min. 1): You can Special Summon this card from your hand.●During the End Phase, if this card is in the GY because it was sent there this turn: You can target 1 Machine monster in your GY, except "Super Express Bullet Train"; add it to your hand.$EARTH/Machine$$Sends from field to Graveyard/Activates from your hand/Activates from your Graveyard/Adds from Graveyard to hand$Continuous/Condition/Ignition/Trigger$
88875132$Flying Pegasus Railroad Stampede$Unlimited$EARTH$[Machine/Effect]$$$$$4$1800$1000$$$$If this card is Normal or Special Summoned: You can target 1 EARTH Machine monster in your GY, except "Flying Pegasus Railroad Stampede"; Special Summon it in Defense Position, but negate its effects. You can target 1 other face-up monster you control; the Level of that monster or this card becomes the Level of the other. You cannot declare attacks the turn you activate this effect, except with Xyz Monsters. You can only use each effect of "Flying Pegasus Railroad Stampede" once per turn.$EARTH/Machine$$Activates upon Normal Summon/Activates upon Special Summon$Trigger/Ignition/Condition$
25274141$Urgent Schedule$Unlimited$SPELL$$$$$$$$$Quick-Play$$$If your opponent controls more monsters than you do: Special Summon 1 Level 4 or lower and 1 Level 5 or higher EARTH Machine monsters from your Deck in Defense Position, but negate their effects. You cannot declare attacks the turn you activate this card, except with Machine monsters. If this Set card is sent from the field to the GY: You can add 1 Level 10 Machine monster from your Deck to your hand. You can only use each effect of "Urgent Schedule" once per turn.$EARTH/Machine$$Activates from your Graveyard/Adds from Deck to hand$Activation requirement/Effect/Condition/Trigger-like$
51369889$Barrage Blast$Unlimited$TRAP$$$$$$$$$Continuous$$$Once per turn, you can detach any number of materials from Machine Xyz Monsters you control, then target that many cards on the field; destroy them. If a Machine Xyz Monster(s) you control is destroyed by battle or an opponent's card effect while this card is in your GY: You can banish this card and 1 Machine Xyz Monster from your GY; inflict damage to your opponent equal to the banished monster's Rank x 200.$Machine/Xyz Monster$$Detaches Xyz Materials for cost/Detaches multiple Xyz Materials as cost/Activates if destroyed by battle/Activates if destroyed by card effect/Activates from your Graveyard$Quick-like/Trigger-like$
56910167$Superdreadnought Rail Cannon Gustav Max$Unlimited$EARTH$[Machine/Xyz/Effect]$$$10$$$3000$3000$$2 Level 10 monsters$$Once per turn: You can detach 1 material from this card; inflict 2000 damage to your opponent.$$$$Ignition$
51126152$Night Express Knight$Unlimited$EARTH$[Machine/Effect]$$$$$10$3000$3000$$$$Cannot be Special Summoned from the Deck. You can Normal Summon this card without Tributing, but its original ATK becomes 0.$$$$Summon/Unclassified$
24731453$Snow Plow Hustle Rustle$Unlimited$EARTH$[Machine/Effect]$$$$$10$2500$3000$$$$When your opponent's monster declares a direct attack, while you control a card(s) in your Spell & Trap Zone: You can Special Summon this card from your hand, then destroy as many cards in your Spell & Trap Zone as possible, and if you do, inflict 200 damage to your opponent for each destroyed card. You cannot Special Summon any monsters, except Machine monsters.$Machine$$Activates upon attack declaration/Activates from your hand$Trigger/Continuous$
24919805$Ruffian Railcar$Unlimited$EARTH$[Machine/Effect]$$$$$4$1800$1000$$$$Once per turn: You can inflict 500 damage to your opponent. You cannot conduct your Battle Phase the turn you activate this effect. During the End Phase, if this card is in the GY because it was sent there this turn: You can add 1 Level 10 EARTH Machine monster from your Deck to your hand. You can only use this effect of "Ruffian Railcar" once per turn.$EARTH/Machine/Level 10 Monster Cards$$Cannot conduct Battle Phase/Activates from your Graveyard/Adds from Deck to hand$Ignition/Condition/Trigger$
34475451$Construction Train Signal Red$Unlimited$EARTH$[Machine/Effect]$$$$$3$1000$1300$$$$When an opponent's monster declares an attack: You can Special Summon this card from your hand, and if you do, change the attack target to this card and proceed to damage calculation. This card cannot be destroyed by that battle.$$$Activates from your hand/Activates upon attack declaration$Trigger/Condition$
97520701$Special Schedule$Unlimited$SPELL$$$$$$$$$$$$Target 1 Machine monster in your GY with 3000 or more ATK; Special Summon that target in Defense Position. If this Set card is sent from the field to the GY: You can target 1 Level 10 Machine monster in your GY; add that target to your hand. You can only activate 1 "Special Schedule" per turn.$Machine$$Activates from your Graveyard/Adds from Graveyard to hand$Effect/Condition/Trigger-like$
88753594$Lunalight Sabre Dancer$Unlimited$DARK$[Beast-Warrior/Fusion/Effect]$$$$$9$3000$2600$$3 "Lunalight" monsters$$Must be Fusion Summoned. Gains 200 ATK for each Beast-Warrior monster that is banished or in the GYs. Your opponent cannot target this card with card effects. During your Main Phase, except the turn this card was sent to the GY: You can banish this card from your GY, then target 1 Fusion Monster you control; it gains 3000 ATK until the end of this turn. You can only use this effect of "Lunalight Sabre Dancer" once per turn.$Supports archetypes /Lunalight$$Activates from your Graveyard$Summon/Continuous/Ignition/Condition$
14152693$Lunalight Emerald Bird$Unlimited$DARK$[Beast-Warrior/Effect]$$$$$4$1200$1000$$$$If this card is Normal or Special Summoned: You can send 1 "Lunalight" card from your hand to the GY, and if you do, draw 1 card. If this card is sent to the GY by a card effect: You can target 1 of your Level 4 or lower "Lunalight" monsters that is banished or in your GY, except "Lunalight Emerald Bird"; Special Summon it in Defense Position, but negate its effects. You can only use each effect of "Lunalight Emerald Bird" once per turn.$Supports archetypes /Lunalight$$Activates upon Normal Summon/Activates upon Special Summon/Sends from hand to Graveyard/You draw cards/Activates from your Graveyard$Trigger/Condition$
50546208$Lunalight Yellow Marten$Unlimited$DARK$[Beast-Warrior/Effect]$$$$$4$800$2000$$$$If this card is in your hand or GY: You can target 1 "Lunalight" card you control, except "Lunalight Yellow Marten"; return it to the hand, and if you do, Special Summon this card in Defense Position, but banish this card when it leaves the field. If this card is sent to the GY by a card effect: You can add 1 "Lunalight" Spell/Trap from your Deck to your hand. You can only use each effect of "Lunalight Yellow Marten" once per turn.$Supports archetypes /Lunalight$$Activates from your hand/Activates from your Graveyard/Returns from your field to your hand/Adds from Deck to hand$Ignition/Trigger/Condition$
87931906$Lunalight Fusion$Unlimited$SPELL$$$$$$$$$$$$Fusion Summon 1 "Lunalight" Fusion Monster from your Extra Deck, using monsters from your hand or field as Fusion Material. If your opponent controls a monster that was Special Summoned from the Extra Deck, you can also use 1 "Lunalight" monster in your Deck or Extra Deck as Fusion Material. You can only activate 1 "Lunalight Fusion" per turn.$Supports archetypes /Lunalight$$Sends from your hand to your Graveyard/Sends from your field to your Graveyard/Sends from your Deck to your Graveyard/Sends from Extra Deck to Graveyard/Uses cards in the hand as Fusion Materials/Uses cards on the player's field as Fusion Materials/Uses cards in the player's Deck as Fusion Materials/Uses cards in the player's Extra Deck as Fusion Materials$Effect/Condition$
13935001$Lunalight Serenade Dance$Unlimited$TRAP$$$$$$$$$Continuous$$$When a Fusion Monster(s) is Fusion Summoned to your field (except during the Damage Step): You can target 1 of those monsters; apply these effects in sequence.●Special Summon 1 "Lunalight Token" (Beast-Warrior/DARK/Level 4/ATK 2000/DEF 2000) to your opponent's field.●That target gains 500 ATK for each monster your opponent controls (even if this card leaves the field).During your Main Phase: You can banish this card from your GY; send 1 card from your hand to the GY, and if you do, Special Summon 1 "Lunalight" monster from your Deck. You can only use this effect of "Lunalight Serenade Dance" once per turn.$Supports archetypes /Lunalight$$Activates upon Fusion Summon/Activates from your Graveyard/Sends from hand to Graveyard$Trigger-like/Quick-like/Condition$
11439455$Lunalight Blue Cat$Unlimited$DARK$[Beast-Warrior/Effect]$$$$$4$1600$1200$$$$If this card is Special Summoned: You can target 1 "Lunalight" monster you control, except "Lunalight Blue Cat"; its ATK becomes double its original ATK until the end of this turn. You can only use this effect of "Lunalight Blue Cat" once per turn. If this card on the field is destroyed by battle or card effect: You can Special Summon 1 "Lunalight" monster from your Deck.$Supports archetypes /Lunalight$$Activates upon Special Summon/Activates if destroyed by battle/Activates if destroyed by card effect$Trigger/Condition$
35618217$Lunalight Kaleido Chick$Unlimited$DARK$[Beast-Warrior/Effect]$$$$$4$1400$800$$$$Once per turn: You can send 1 "Lunalight" monster from your Deck or Extra Deck to the GY; the name of this face-up card on the field can be treated as the sent monster's, if used as Fusion Material this turn. If this card is sent to the GY by a card effect: You can target 1 "Polymerization" in your GY; add it to your hand. You can only use this effect of "Lunalight Kaleido Chick" once per turn. If this card is banished: You can activate this effect; this turn, your opponent's cards and effects cannot be activated during the Battle Phase.$Supports archetypes /Lunalight$$Sends from Deck to Graveyard for cost/Sends from Extra Deck to Graveyard/Activates from your Graveyard/Adds from Deck to hand/Activates while banished$Ignition/Trigger/Condition$
51777272$Lunalight Cat Dancer$Unlimited$DARK$[Beast-Warrior/Fusion/Effect]$$$$$7$2400$2000$$2 "Lunalight" monsters$$Cannot be destroyed by battle. Once per turn, during your Main Phase 1: You can Tribute 1 other "Lunalight" monster; for the rest of this turn, the first time each monster your opponent controls would be destroyed by battle, it is not destroyed, also this card can attack all monsters your opponent controls, twice each, this turn. If this card declares an attack: Inflict 100 damage to your opponent.$Supports archetypes /Lunalight$$Tributes for cost/Activates upon attack declaration$Continuous/Ignition/Trigger$
97165977$Lunalight Panther Dancer$Unlimited$DARK$[Beast-Warrior/Fusion/Effect]$$$$$8$2800$2500$$"Lunalight Cat Dancer" + 1 "Lunalight" monster$$Must first be Fusion Summoned with the above Fusion Materials. Cannot be destroyed by your opponent's card effects. Once per turn, during your Main Phase 1: You can activate this effect; for the rest of this turn, the first time each monster your opponent controls would be destroyed by battle, it is not destroyed, also this card can attack all monsters your opponent controls, twice each, this turn. If this card destroys an opponent's monster by battle: This card gains 200 ATK until the end of the Battle Phase.$Supports archetypes /Lunalight$$Activates when it destroys a monster by battle$Summon/Continuous/Ignition/Trigger$
24550676$Lunalight Leo Dancer$Unlimited$DARK$[Beast-Warrior/Fusion/Effect]$$$$$10$3500$3000$$"Lunalight Panther Dancer" + 2 "Lunalight" monsters$$Must be Fusion Summoned with the above Fusion Materials. Your opponent cannot target this card with card effects, also it cannot be destroyed by your opponent's card effects. This card can make a second attack during each Battle Phase. Once per turn, at the end of the Damage Step, if this card attacked a monster: You can destroy all Special Summoned monsters your opponent controls.$Supports archetypes /Lunalight$$$Summon/Continuous/Trigger$
48444114$Luna Light Perfume$Unlimited$SPELL$$$$$$$$$$$$Target 1 "Lunalight" monster in your GY; Special Summon it. You can banish this card from your GY, then discard 1 card; add 1 "Lunalight" monster from your Deck to your hand.$Supports archetypes /Lunalight$$Activates from your Graveyard/Discards for cost/Adds from Deck to hand$Effect/Ignition-like$
