Passcode$Name$Status$Attribute$type$link$link_arrows$rank$pendulum_scale$level$attack$defense$spell_attribute$summoning_condition$pendulum_condition$card_text$card_supports$card_anti_supports$card_actions$effect_types$
06007213$Uria, Lord of Searing Flames$Unlimited$FIRE$[Pyro/Effect]$$$$$10$0$0$$$$Cannot be Normal Summoned/Set. Must be Special Summoned (from your hand) by sending 3 face-up Traps you control to the GY. This card gains 1000 ATK for each Continuous Trap in your GY. Once per turn: You can target 1 Set Spell/Trap your opponent controls; destroy that target. Neither player can activate Spell/Trap Cards in response to this effect's activation.$Continuous Trap Card$$Sends from field to Graveyard for cost$Summon/Continuous/Ignition/Condition$
32491822$Hamon, Lord of Striking Thunder$Unlimited$LIGHT$[Thunder/Effect]$$$$$10$4000$4000$$$$Cannot be Normal Summoned/Set. Must be Special Summoned (from your hand) by sending 3 face-up Continuous Spells you control to the GY. If this card destroys an opponent's monster by battle and sends it to the GY: Inflict 1000 damage to your opponent. While this card is in face-up Defense Position, monsters your opponent controls cannot target monsters for attacks, except this one.$Continuous Spell Card$$Sends from field to Graveyard for cost/Activates when it destroys a monster by battle$Summon/Trigger/Continuous$
69890967$Raviel, Lord of Phantasms$Unlimited$DARK$[Fiend/Effect]$$$$$10$4000$4000$$$$Cannot be Normal Summoned/Set. Must be Special Summoned (from your hand) by Tributing 3 Fiend monsters. Each time your opponent Normal Summons a monster: Special Summon 1 "Phantasm Token" (Fiend/DARK/Level 1/ATK 1000/DEF 1000), but it cannot declare an attack. Once per turn: You can Tribute 1 monster; this card gains ATK equal to the Tributed monster's original ATK, until the end of this turn.$Fiend$$Tributes for cost$Summon/Trigger/Ignition$
85771019$Darklord Asmodeus$Unlimited$DARK$[Fairy/Effect]$$$$$8$3000$2500$$$$Cannot be Special Summoned from the Deck or Graveyard. Once per turn: You can send 1 Fairy-Type monster from your Deck to the Graveyard. If this card you control is destroyed and sent to your Graveyard: Special Summon 1 "Asmo Token" (Fairy-Type/DARK/Level 5/ATK 1800/DEF 1300) and 1 "Deus Token" (Fairy-Type/DARK/Level 3/ATK 1200/DEF 1200). "Asmo Token" cannot be destroyed by card effects. "Deus Token" cannot be destroyed by battle.$Fairy$$Sends from your Deck to your Graveyard/Activates from your Graveyard$Summon/Ignition/Trigger/Condition$
11260714$Darklord Superbia$Unlimited$DARK$[Fairy/Effect]$$$$$8$2900$2400$$$$When this card is Special Summoned from the Graveyard: You can target 1 Fairy-Type monster in your Graveyard, except "Darklord Superbia"; Special Summon that target.$Fairy$$Activates upon Special Summon$Trigger$
47664723$Darklord Edeh Arae$Unlimited$DARK$[Fairy/Effect]$$$$$5$2300$2000$$$$If this card is Special Summoned from the Graveyard, it gains this effect.●If this card attacks a Defense Position monster, inflict piercing battle damage to your opponent.$$$$Continuous$
35050257$Cyber Larva$Unlimited$LIGHT$[Machine/Effect]$$$$$1$400$600$$$$If this card is targeted for an attack: You take no battle damage for the rest of this turn. When this card is destroyed by battle and sent to the GY: You can Special Summon 1 "Cyber Larva" from your Deck.$$$Activates from your Graveyard$Trigger$
04611269$Lion Alligator$Unlimited$WATER$[Reptile/Effect]$$$$$4$1900$200$$$$While you control another Reptile monster, if a Reptile monster you control attacks a Defense Position monster, inflict piercing battle damage.$Reptile$$$Continuous$
39984786$Spawn Alligator$Unlimited$WATER$[Reptile/Effect]$$$$$5$2200$1000$$$$During the End Phase of the turn this card was Tribute Summoned by Tributing a Reptile-Type monster: Target 1 monster that was used for the Tribute Summon of this card; Special Summon it from the Graveyard.$Reptile$$Activates during the turn in which it was Normal Summoned$Trigger$
03642509$Elemental HERO Great Tornado$Unlimited$WIND$[Warrior/Fusion/Effect]$$$$$8$2800$2200$$1 "Elemental HERO" monster + 1 WIND monster$$Must be Fusion Summoned and cannot be Special Summoned by other ways. If this card is Fusion Summoned: Halve the ATK and DEF of all face-up monsters your opponent currently controls.$Supports archetypes /Elemental HERO$$Activates upon Fusion Summon$Summon/Trigger$
54283059$Parallel World Fusion$Unlimited$SPELL$$$$$$$$$$$$Fusion Summon 1 "Elemental HERO" Fusion Monster from your Extra Deck, by shuffling your banished Fusion Materials listed on it into your Deck. You cannot Special Summon monsters except by this card's effect, during the turn you activate this card.$Supports archetypes /Elemental HERO$$Returns the player's banished cards to the Deck by effect/Returns the player's banished cards to the Extra Deck/Uses the player's banished cards as Fusion Materials/Returns Fusion Materials used in a Fusion Summon to Deck$Effect/Condition$
72549351$Dragonic Tactics$Unlimited$SPELL$$$$$$$$$$$$Tribute 2 Dragon monsters; Special Summon 1 Level 8 Dragon monster from your Deck.$Dragon/Level 8 Monster Cards$$Tributes for cost$Cost/Effect$
24449083$Court of Justice$Unlimited$SPELL$$$$$$$$$Continuous$$$Once per turn: You can Special Summon 1 Fairy-Type monster from your hand. You must control a face-up Level 1 Fairy-Type monster to activate and to resolve this effect. You can only activate the effect of one "Court of Justice" per turn.$Fairy$$$Ignition-like/Condition$
