Passcode$Name$Status$Attribute$type$link$link_arrows$rank$pendulum_scale$level$attack$defense$spell_attribute$summoning_condition$pendulum_condition$card_text$card_supports$card_anti_supports$card_actions$effect_types$
41721210$Dark Magician the Dragon Knight$Unlimited$DARK$[Dragon/Fusion/Effect]$$$$$8$3000$2500$$"Dark Magician" + 1 Dragon monster$$This card's name becomes "Dark Magician" while on the field or in the GY. Your opponent cannot target Spells/Traps you control with card effects, also they cannot be destroyed by your opponent's card effects.$Dragon/Dark Magician$$$Unclassified/Continuous$
46986414$Dark Magician$Unlimited$DARK$[Spellcaster/Normal]$$$$$7$2500$2100$$$$The ultimate wizard in terms of attack and defense.$$$$$
38033121$Dark Magician Girl$Unlimited$DARK$[Spellcaster/Effect]$$$$$6$2000$1700$$$$Gains 300 ATK for every "Dark Magician" or "Magician of Black Chaos" in the GYs.$Dark Magician/Magician of Black Chaos$$$Continuous$
30603688$Apprentice Illusion Magician$Unlimited$DARK$[Spellcaster/Effect]$$$$$6$2000$1700$$$$You can Special Summon this card (from your hand) by discarding 1 card. If this card is Normal or Special Summoned: You can add 1 "Dark Magician" from your Deck to your hand. During damage calculation, if your other DARK Spellcaster monster battles an opponent's monster (Quick Effect): You can send this card from your hand or face-up field to the GY; that monster you control gains 2000 ATK/DEF during that damage calculation only.$Dark Magician/DARK/Spellcaster$$Activates from your hand/Discards for cost/Activates upon Normal Summon/Activates upon Special Summon/Adds from Deck to hand/Sends itself from hand to Graveyard for cost/Sends itself from field to Graveyard for cost$Unclassified/Trigger/Quick$
71696014$Magician's Robe$Unlimited$DARK$[Spellcaster/Effect]$$$$$2$700$2000$$$$During your opponent's turn (Quick Effect): You can discard 1 Spell/Trap; Special Summon 1 "Dark Magician" from your Deck. During your opponent's turn, if you activate a Spell/Trap Card or effect while this card is in your GY (except during the Damage Step): You can Special Summon this card, but banish it when it leaves the field. You can only use each effect of "Magician's Robe" once per turn.$Dark Magician$$Discards for cost/Activates from your Graveyard$Quick/Trigger/Condition$
07084129$Magician's Rod$Unlimited$DARK$[Spellcaster/Effect]$$$$$3$1600$100$$$$When this card is Normal Summoned: You can add 1 Spell/Trap from your Deck to your hand, that mentions "Dark Magician". During your opponent's turn, if you activate a Spell/Trap Card or effect while this card is in your GY (except during the Damage Step): You can Tribute 1 Spellcaster monster; add this card to your hand. You can only use each effect of "Magician's Rod" once per turn.$Dark Magician$$Activates upon Normal Summon/Adds from Deck to hand/Activates from your Graveyard/Tributes for cost/Adds from Graveyard to hand$Trigger/Condition$
73752131$Skilled Dark Magician$Unlimited$DARK$[Spellcaster/Effect]$$$$$4$1900$1700$$$$Each time a Spell Card is activated, place 1 Spell Counter on this card when that Spell resolves (max. 3). You can Tribute this card with 3 Spell Counters on it; Special Summon 1 "Dark Magician" from your hand, Deck, or GY.$Dark Magician$$Tributes itself for cost$Continuous/Ignition$
80019195$Legendary Knight Timaeus$Unlimited$LIGHT$[Warrior/Effect]$$$$$8$2800$1800$$$$Cannot be Normal Summoned/Set. Must be Special Summoned with "Legend of Heart". When this card is Special Summoned: You can target 1 face-up Spell/Trap on the field; banish that target. When this card is targeted for an attack: You can target 1 Spell in your GY; Set that target.$Legend of Heart$$Sets from your Graveyard$Summon/Trigger$
85800949$Legendary Knight Critias$Unlimited$LIGHT$[Warrior/Effect]$$$$$8$2800$1800$$$$Cannot be Normal Summoned/Set. Must be Special Summoned with "Legend of Heart". When this card is Special Summoned: You can target 1 face-up Spell/Trap on the field; banish that target. When this card is targeted for an attack: You can target 1 Trap in your GY; Set that target. It can be activated this turn.$Legend of Heart$$Sets from your Graveyard$Summon/Trigger$
84565800$Legendary Knight Hermos$Unlimited$LIGHT$[Warrior/Effect]$$$$$8$2800$1800$$$$Cannot be Normal Summoned/Set. Must be Special Summoned with "Legend of Heart". When this card is Special Summoned: You can target 1 face-up Spell/Trap on the field; banish that target. Once per turn, when this card is targeted for an attack: You can target 1 Effect Monster in your GY; until the End Phase of your next turn, this card's name becomes that target's original name, and replace this effect with that target's original effects.$Legend of Heart$$Activates upon Special Summon$Summon/Trigger$
71413901$Breaker the Magical Warrior$Unlimited$DARK$[Spellcaster/Effect]$$$$$4$1600$1000$$$$If this card is Normal Summoned: Place 1 Spell Counter on it (max. 1). Gains 300 ATK for each Spell Counter on it. You can remove 1 Spell Counter from this card, then target 1 Spell/Trap on the field; destroy that target.$$$Activates upon Normal Summon$Trigger/Continuous/Ignition$
06061630$Magical Exemplar$Unlimited$EARTH$[Spellcaster/Effect]$$$$$4$1700$1400$$$$Each time a Spell Card is activated, place 2 Spell Counters on this card when that Spell resolves. Once per turn: You can remove any number of Spell Counters from this card; Special Summon 1 Spellcaster monster from your hand or GY whose Level is equal to the number of Spell Counters you removed.$Spellcaster$$$Continuous/Ignition$
65240384$Big Shield Gardna$Unlimited$EARTH$[Warrior/Effect]$$$$$4$100$2600$$$$When a Spell Card is activated that targets this face-down card (and no other cards) (Quick Effect): Change this card to face-up Defense Position, and if you do, negate the activation. If this card is attacked, change it to Attack Position at the end of the Damage Step.$$$Flips monsters face-up/Changes battle positions$Quick/Continuous$
70832512$Absolute Crusader$Unlimited$EARTH$[Warrior/Effect]$$$$$4$1800$1200$$$$If a Level 5 or higher monster(s) is Special Summoned: Tribute this face-up card; destroy that Level 5 or higher monster(s).$$$Activates upon Special Summon/Tributes itself for cost$Trigger$
99789342$Dark Magic Curtain$Unlimited$SPELL$$$$$$$$$$$$Pay half your LP; Special Summon 1 "Dark Magician" from your Deck. You cannot Summon other monsters the turn you activate this card (but you can Normal Set).$Dark Magician$$$Cost/Effect/Condition$
47222536$Dark Magical Circle$Unlimited$SPELL$$$$$$$$$Continuous$$$When this card is activated: Look at the top 3 cards of your Deck, then you can reveal 1 of them that is "Dark Magician" or a Spell/Trap that mentions "Dark Magician", and add it to your hand, also place the remaining cards on top of your Deck in any order. If "Dark Magician" is Normal or Special Summoned to your field (except during the Damage Step): You can target 1 card your opponent controls; banish it. You can only use each effect of "Dark Magical Circle" once per turn.$Dark Magician$$Activates upon Normal Summon/Activates upon Special Summon/Adds from Deck to hand/Looks at cards from the top of the player's Deck/Reveals cards from your Deck/Changes Deck order/Places cards from the Deck on the top of the Deck$Effect/Trigger-like/Condition$
73616671$Illusion Magic$Unlimited$SPELL$$$$$$$$$Quick-Play$$$Tribute 1 Spellcaster monster; add up to 2 copies of "Dark Magician" from your Deck and/or GY to your hand. You can only activate 1 "Illusion Magic" per turn.$Spellcaster/Dark Magician$$Tributes for cost/Adds from Deck to hand/Adds from Graveyard to hand$Cost/Effect/Condition$
00111280$Dark Magic Expanded$Unlimited$SPELL$$$$$$$$$Quick-Play$$$Apply these effects in sequence, based on the number of "Dark Magician" and/or "Dark Magician Girl" on the field and in the GYs.●1+: 1 DARK Spellcaster monster on the field gains 1000 ATK until the end of this turn.●2+: This turn, your opponent cannot activate cards and effects in response to your Spell/Trap Card or effect activation, also Spells/Traps you control cannot be destroyed by your opponent's card effects.●3+: DARK Spellcaster monsters you currently control are unaffected by your opponent's card effects, until the end of this turn.$Dark Magician/Dark Magician Girl/DARK/Spellcaster$$$Effect$
41735184$Dark Magic Inheritance$Unlimited$SPELL$$$$$$$$$Quick-Play$$$Banish 2 Spells from your GY; add 1 Spell/Trap from your Deck to your hand, that specifically lists the card "Dark Magician" or "Dark Magician Girl" in its text, except "Dark Magic Inheritance". You can only activate 1 "Dark Magic Inheritance" per turn.$Dark Magician/Dark Magician Girl$$Adds from Deck to hand$Cost/Effect/Condition$
63391643$Thousand Knives$Unlimited$SPELL$$$$$$$$$$$$If you control "Dark Magician": Target 1 monster your opponent controls; destroy that target.$Dark Magician$$$Activation requirement/Effect$
02314238$Dark Magic Attack$Unlimited$SPELL$$$$$$$$$$$$If you control "Dark Magician": Destroy all Spells and Traps your opponent controls.$Dark Magician$$$Activation requirement/Effect$
01784686$The Eye of Timaeus$Unlimited$SPELL$$$$$$$$$$$$(This card is also always treated as "Legendary Dragon Timaeus".)Target 1 "Dark Magician" monster you control; Fusion Summon 1 Fusion Monster from your Extra Deck that mentions that monster on the field as material, using it as the Fusion Material. You can only activate 1 "The Eye of Timaeus" per turn.$Supports archetypes /Dark Magician $$Sends from your field to your Graveyard/Uses cards on the player's field as Fusion Materials$Condition/Effect$
11082056$The Fang of Critias$Unlimited$SPELL$$$$$$$$$$$$(This card is also always treated as "Legendary Dragon Critias".)Send 1 Trap from your hand or field to the GY, that is listed on a Fusion Monster that can only be Special Summoned with "The Fang of Critias" (if that card is Set, reveal it), then Special Summon that Fusion Monster from your Extra Deck. You can only activate 1 "The Fang of Critias" per turn.$Fusion Monster$$Sends from your hand to your Graveyard/Sends from your field to your Graveyard/Reveals face-down cards$Condition/Effect$
46232525$The Claw of Hermos$Unlimited$SPELL$$$$$$$$$$$$(This card is also always treated as "Legendary Dragon Hermos".)Send 1 monster from your hand or field to the GY, of the Type that is listed on a Fusion Monster that can only be Special Summoned with "The Claw of Hermos" (if that card is Set, reveal it), then Special Summon that Fusion Monster from your Extra Deck. You can only activate 1 "The Claw of Hermos" per turn.$Fusion Monster$$Sends from your hand to your Graveyard/Sends from your field to your Graveyard/Reveals face-down cards$Condition/Effect$
89397517$Legend of Heart$Unlimited$SPELL$$$$$$$$$$$$Pay 2000 LP and Tribute 1 Warrior monster; banish up to 3 "Legendary Dragon" Spells with different names from your hand and/or GY, and if you do, Special Summon that many "Legendary Knight" monsters with different names from your hand, Deck, and/or GY. You can only activate 1 "Legend of Heart" per turn.$Supports archetypes /Legendary Dragon/Legendary Knight$$Tributes for cost$Cost/Effect/Condition$
72302403$Swords of Revealing Light$Unlimited$SPELL$$$$$$$$$$$$After this card's activation, it remains on the field, but you must destroy it during the End Phase of your opponent's 3rd turn. When this card is activated: If your opponent controls a face-down monster, flip all monsters they control face-up. While this card is face-up on the field, your opponent's monsters cannot declare an attack.$$$Flips monsters face-up$Condition/Effect/Continuous-like$
98645731$Pot of Duality$Unlimited$SPELL$$$$$$$$$$$$Excavate the top 3 cards of your Deck, add 1 of them to your hand, also, after that, shuffle the rest back into your Deck. You can only activate 1 "Pot of Duality" per turn. You cannot Special Summon during the turn you activate this card.$$$Excavates from the player's Deck/Adds from Deck to hand/Adds excavated cards to the hand/Shuffles excavated cards into the Deck$Effect/Condition$
32807846$Reinforcement of the Army$Limited$SPELL$$$$$$$$$$$$Add 1 Level 4 or lower Warrior monster from your Deck to your hand.$Warrior$$Adds from Deck to hand$Effect$
48680970$Eternal Soul$Unlimited$TRAP$$$$$$$$$Continuous$$$Every "Dark Magician" in your Monster Zone is unaffected by your opponent's card effects. If this face-up card leaves the field: Destroy all monsters you control. You can only use the following effect of "Eternal Soul" once per turn. You can activate 1 of these effects;●Special Summon 1 "Dark Magician" from your hand or GY.●Add 1 "Dark Magic Attack" or "Thousand Knives" from your Deck to your hand.$Dark Magician/Dark Magic Attack/Thousand Knives$$Adds from Deck to hand$Continuous-like/Trigger-like/Condition/Quick-like$
07922915$Magician Navigation$Unlimited$TRAP$$$$$$$$$$$$Special Summon 1 "Dark Magician" from your hand, then Special Summon 1 Level 7 or lower DARK Spellcaster monster from your Deck. If you control "Dark Magician", except the turn this card was sent to the GY: You can banish this card from your GY, then target 1 face-up Spell/Trap your opponent controls; negate its effects until the end of this turn.$Dark Magician/DARK/Spellcaster$$Activates from your Graveyard$Effect/Quick-like$
09287078$Dark Renewal$Unlimited$TRAP$$$$$$$$$$$$When your opponent Normal or Special Summons a monster(s): Target 1 of those monsters and 1 Spellcaster monster you control; send both monsters to the GY, then you can Special Summon 1 DARK Spellcaster monster from your Deck or GY.$DARK/Spellcaster$$Activates upon Normal Summon/Activates upon Special Summon/Sends from your field to your Graveyard/Sends from your opponent's field to your opponent's Graveyard$Activation requirement/Effect$
57728570$Crush Card Virus$Unlimited$TRAP$$$$$$$$$$$$Tribute 1 DARK monster with 1000 or less ATK; your opponent takes no damage until the end of the next turn after this card resolves, also, you look at your opponent's hand and all monsters they control, and if you do, destroy the monsters among them with 1500 or more ATK, then your opponent can destroy up to 3 monsters with 1500 or more ATK in their Deck.$DARK$$Tributes for cost/Reveals face-down cards/Reveals your opponent's hand$Cost/Effect$
44095762$Mirror Force$Unlimited$TRAP$$$$$$$$$$$$When an opponent's monster declares an attack: Destroy all your opponent's Attack Position monsters.$$$Activates upon attack declaration$Activation requirement/Effect$
57470761$Tyrant Wing$Unlimited$TRAP$$$$$$$$$$$$Target 1 Dragon monster on the field; equip this card to it. It gains 400 ATK/DEF, also it can make up to 2 attacks on monsters during each Battle Phase. Once per turn, during the End Phase, if the monster equipped with this card by this effect attacked an opponent's monster this turn: Destroy this card.$Dragon$$Equips self from field$Effect/Continuous-like/Trigger-like$
98502113$Dark Paladin$Unlimited$DARK$[Spellcaster/Fusion/Effect]$$$$$8$2900$2400$$"Dark Magician" + "Buster Blader"$$Must be Fusion Summoned. When a Spell Card is activated (Quick Effect): You can discard 1 card; negate the activation, and if you do, destroy it. This card must be face-up on the field to activate and to resolve this effect. Gains 500 ATK for each Dragon monster on the field and in the GY.$Dragon$Dragon$Discards for cost$Summon/Quick/Condition/Continuous$
75380687$Amulet Dragon$Unlimited$DARK$[Dragon/Fusion/Effect]$$$$$8$2900$2500$$"Dark Magician" + 1 Dragon monster$$Must be Fusion Summoned with the above Fusion Materials or with "The Eye of Timaeus". If this card is Special Summoned: Target any number of Spells in any GY(s) (min. 1); banish those targets, and if you do, this card gains 100 ATK for each card banished by this effect. If this card is destroyed: You can target 1 Spellcaster monster in your GY; Special Summon that target.$Dragon/The Eye of Timaeus/Spellcaster$$Activates upon Special Summon/Activates if destroyed by battle/Activates if destroyed by card effect$Summon/Trigger$
43892408$Dark Magician Girl the Dragon Knight$Unlimited$DARK$[Dragon/Fusion/Effect]$$$$$7$2600$1700$$"Dark Magician Girl" + 1 Dragon monster$$Must be Fusion Summoned with the above Fusion Materials or with "The Eye of Timaeus". Once per turn (Quick Effect): You can send 1 card from your hand to the GY, then target 1 face-up card on the field; destroy that target.$Dragon/The Eye of Timaeus$$Sends from hand to Graveyard for cost$Summon/Quick$
22804644$Doom Virus Dragon$Unlimited$DARK$[Dragon/Fusion/Effect]$$$$$4$1900$1500$$$$Must be Special Summoned with "The Fang of Critias", using "Crush Card Virus". If this card is Special Summoned: Look at your opponent's hand, all monsters they control, and all cards they draw until the end of their 3rd turn after this effect's activation, and destroy all those monsters with 1500 or more ATK.$The Fang of Critias/Crush Card Virus$$Activates upon Special Summon/Reveals your opponent's hand/Shows the opponent's drawn cards/Reveals face-down cards$Summon/Trigger$
58293343$Tyrant Burst Dragon$Unlimited$LIGHT$[Dragon/Fusion/Effect]$$$$$8$2900$2500$$$$Must be Special Summoned with "The Fang of Critias", using "Tyrant Wing". This card can attack all your opponent's monsters, once each. You can target 1 face-up monster you control; equip this monster to that target. It gains 400 ATK/DEF, also it can make 3 attacks during each Battle Phase.$The Fang of Critias/Tyrant Wing$$Equips self from field$Summon/Continuous/Ignition/Continuous-like$
84687358$Mirror Force Dragon$Unlimited$LIGHT$[Dragon/Fusion/Effect]$$$$$8$2800$1200$$$$Must be Special Summoned with "The Fang of Critias", using "Mirror Force". When a monster(s) you control is targeted for an attack or by an opponent's card effect (except during the Damage Step): You can destroy all cards your opponent controls.$The Fang of Critias/Mirror Force$$$Summon/Trigger$
10960419$Time Magic Hammer$Unlimited$LIGHT$[Spellcaster/Fusion/Effect]$$$$$2$500$400$$$$Must be Special Summoned with "The Claw of Hermos", using a Spellcaster monster. If this card is Special Summoned: Target 1 other face-up monster on the field; equip this card to it. At the start of the Damage Step, if it battles an opponent's monster: You can roll a six-sided die, and banish that opponent's monster until the Standby Phase of the Nth turn after this effect's activation (N = the result).$The Claw of Hermos/Spellcaster$$Activates upon Special Summon/Equips self from field/Returns banished cards to the field$Summon/Trigger/Trigger-like$
46354113$Rocket Hermos Cannon$Unlimited$LIGHT$[Warrior/Fusion/Effect]$$$$$4$1500$1300$$$$Must be Special Summoned with "The Claw of Hermos", using a Warrior monster. If this card is Special Summoned: Target 1 other face-up monster on the field; equip this card to it. It can make a second attack during each Battle Phase, also, if it attacks a Defense Position monster, inflict piercing battle damage to your opponent.$The Claw of Hermos/Warrior$$Activates upon Special Summon/Equips self from field$Summon/Trigger/Continuous-like$
83743222$Goddess Bow$Unlimited$LIGHT$[Warrior/Fusion/Effect]$$$$$4$1500$1600$$$$Must be Special Summoned with "The Claw of Hermos", using a Warrior monster. If this card is Special Summoned: Target 1 other face-up monster on the field; equip this card to it. While this card is equipped to a monster by this effect, negate the first effect activated by your opponent during each Battle Phase, also, after that, the equipped monster can make a second attack during this Battle Phase.$The Claw of Hermos/Warrior$$Activates upon Special Summon/Equips self from field$Summon/Trigger/Continuous-like$
19747827$Red-Eyes Black Dragon Sword$Unlimited$DARK$[Dragon/Fusion/Effect]$$$$$7$2400$2000$$$$Must be Special Summoned with "The Claw of Hermos", using a Dragon monster. If this card is Special Summoned: Target 1 other face-up monster on the field; equip this card to it. It gains 1000 ATK, and 500 ATK/DEF for each Dragon monster on the field and in the GYs.$The Claw of Hermos/Dragon$Dragon$Equips self from field$Summon/Trigger/Continuous-like$
87116928$Chimeratech Megafleet Dragon$Unlimited$DARK$[Machine/Fusion/Effect]$$$$$10$0$0$$1 "Cyber Dragon" monster + 1+ monsters in the Extra Monster Zone$$Cannot be used as Fusion Material. Must first be Special Summoned (from your Extra Deck) by sending the above cards from either field to the GY. The original ATK of this card becomes 1200 x the number of materials used for its Special Summon.$Supports archetypes /Cyber Dragon $$Sends Fusion Materials for Contact Fusion to Graveyard$Condition/Summon/Continuous$
70095154$Cyber Dragon$Unlimited$LIGHT$[Machine/Effect]$$$$$5$2100$1600$$$$If only your opponent controls a monster, you can Special Summon this card (from your hand).$$$Activates from your hand$Unclassified$
05373478$Cyber Dragon Zwei$Unlimited$LIGHT$[Machine/Effect]$$$$$4$1500$1000$$$$This card's name becomes "Cyber Dragon" while in the GY. Once per turn: You can reveal 1 Spell in your hand; this card's name becomes "Cyber Dragon" until the End Phase. If this card attacks an opponent's monster, it gains 300 ATK during the Damage Step only.$Cyber Dragon$$Reveals your hand for cost$Continuous/Ignition/Unclassified$
59281922$Cyber Dragon Drei$Unlimited$LIGHT$[Machine/Effect]$$$$$4$1800$800$$$$This card's name becomes "Cyber Dragon" while on the field or in the GY. When this card is Normal Summoned: You can make all "Cyber Dragon" you currently control become Level 5. You cannot Special Summon monsters the turn you activate this effect, except Machine monsters. If this card is banished: You can target 1 "Cyber Dragon" you control; it cannot be destroyed by battle or card effects this turn.$Cyber Dragon/Machine$$Activates upon Normal Summon/Activates while banished$Trigger/Condition/Unclassified$
23893227$Cyber Dragon Core$Unlimited$LIGHT$[Machine/Effect]$$$$$2$400$1500$$$$This card's name becomes "Cyber Dragon" while on the field or in the GY. If this card is Normal Summoned: Add 1 "Cyber" Spell/Trap from your Deck to your hand. If only your opponent controls a monster: You can banish this card from your GY; Special Summon 1 "Cyber Dragon" monster from your Deck. You can only use 1 "Cyber Dragon Core" effect per turn, and only once that turn.$Supports archetypes /Cyber/Cybernetic/Cyber Dragon $$Activates upon Normal Summon/Adds from Deck to hand/Activates from your Graveyard$Trigger/Ignition/Condition/Unclassified$
26439287$Proto-Cyber Dragon$Unlimited$LIGHT$[Machine/Effect]$$$$$3$1100$600$$$$This card's name becomes "Cyber Dragon" while on the field.$Cyber Dragon$$$Continuous$
03657444$Cyber Valley$Unlimited$LIGHT$[Machine/Effect]$$$$$1$0$0$$$$You can activate 1 of these effects.●When this card is targeted for an attack: You can banish this card; draw 1 card, then end the Battle Phase.●You can target 1 face-up monster you control and this card; banish both those targets, then draw 2 cards.●You can target 1 card in your GY; banish both this card and 1 card from your hand, then place that target on top of the Deck.$$$You draw cards/Ends the Battle Phase/Returns from your Graveyard to your Deck$Condition/Trigger/Ignition$
03370104$Cyber Phoenix$Unlimited$FIRE$[Machine/Effect]$$$$$4$1200$1600$$$$While this card is in Attack Position, negate any Spell/Trap effects that target 1 Machine monster you control (and no other cards). When this card is destroyed by battle and sent to the GY: You can draw 1 card.$Machine$$Activates from your Graveyard/You draw cards$Continuous/Trigger$
39439590$Cyber Dinosaur$Unlimited$LIGHT$[Machine/Effect]$$$$$7$2500$1900$$$$When your opponent Special Summons a monster from their hand (except during the Damage Step): You can Special Summon this card from your hand.$$$Activates from your hand/Activates upon Special Summon$Trigger$
33093439$Cyber Eltanin$Unlimited$LIGHT$[Machine/Effect]$$$$$10$?$?$$$$Cannot be Normal Summoned/Set. Must be Special Summoned (from your hand) by banishing all LIGHT Machine monsters from your field and GY. This card's ATK/DEF become the number of monsters banished for its Special Summon x 500. If this card is Special Summoned: Send all other face-up monsters on the field to the GY.$LIGHT/Machine$$Sends from field to Graveyard/Sends from your field to your Graveyard/Sends from your opponent's field to your opponent's Graveyard$Summon/Continuous/Trigger$
67159705$Armored Cybern$Unlimited$WIND$[Machine/Union/Effect]$$$$$4$0$2000$$$$Once per turn, you can either: Target 1 "Cyber Dragon" you control, or 1 Fusion Monster you control that lists "Cyber Dragon" as Fusion Material; equip this card to that target, OR: Unequip this card and Special Summon it. Once per turn, while equipped to a monster by this effect: You can target 1 face-up monster on the field; the equipped monster loses exactly 1000 ATK (even if this card leaves the field), and if it does, destroy that target. If the equipped monster would be destroyed by battle or card effect, destroy this card instead.$Cyber Dragon$$Equips self from field$Ignition/Ignition-like/Continuous-like$
05556499$Machina Fortress$Unlimited$EARTH$[Machine/Effect]$$$$$7$2500$1600$$$$You can discard Machine monster(s) whose total Levels equal 8 or more, then Special Summon this card (from your hand or GY). If this card is destroyed by battle and sent to the GY: Target 1 card your opponent controls; destroy that target. Before resolving an opponent's monster effect that targets this face-up card, look at your opponent's hand and discard 1 card from their hand.$Machine$Effect Monster$Activates from your hand/Activates from your Graveyard/Discards for cost/Activates if destroyed by battle/Reveals your opponent's hand/Your opponent discards$Unclassified/Trigger/Continuous$
86686671$Cyber Repair Plant$Unlimited$SPELL$$$$$$$$$$$$If "Cyber Dragon" is in your GY: You can activate 1 of these effects. If you have 3 or more "Cyber Dragon" in your GY at this card's activation, you can activate both effects and resolve in sequence. You can only activate 1 "Cyber Repair Plant" per turn.●Add 1 LIGHT Machine monster from your Deck to your hand.●Target 1 LIGHT Machine monster in your GY; shuffle that target into your Deck.$Cyber Dragon/LIGHT/Machine$$Adds from Deck to hand/Returns from Graveyard to Deck$Activation requirement/Effect/Condition$
58199906$Cybernetic Fusion Support$Unlimited$SPELL$$$$$$$$$Quick-Play$$$Pay half your LP; once, if you Fusion Summon a Machine Fusion Monster this turn, you can banish monsters from your hand, field, and/or GY as the Fusion Materials. You can only activate 1 "Cybernetic Fusion Support" per turn.$Machine/Fusion Summon/Fusion Monster$$Uses cards in the hand as Fusion Materials/Uses cards on the player's field as Fusion Materials/Uses cards in the player's Graveyard as Fusion Materials$Cost/Effect/Condition$
52875873$Evolution Burst$Unlimited$SPELL$$$$$$$$$$$$If you control "Cyber Dragon": Target 1 card your opponent controls; destroy that target. "Cyber Dragon" cannot attack the turn you activate this card.$Cyber Dragon$$$Activation requirement/Effect/Condition$
37630732$Power Bond$Unlimited$SPELL$$$$$$$$$$$$Fusion Summon 1 Machine Fusion Monster from your Extra Deck, using monsters from your hand or field as Fusion Material, and it gains ATK equal to its original ATK. During the End Phase of the turn this card is activated, you take damage equal to the amount of ATK gained from this effect at the time of the Summon.$Machine/Fusion Monster$$Sends from your hand to your Graveyard/Sends from your field to your Graveyard/Uses cards in the hand as Fusion Materials/Uses cards on the player's field as Fusion Materials$Effect/Lingering$
03659803$Overload Fusion$Unlimited$SPELL$$$$$$$$$$$$Fusion Summon 1 DARK Machine Fusion Monster from your Extra Deck, by banishing Fusion Materials listed on it from your field or GY.$DARK/Machine/Fusion Monster$$Uses cards on the player's field as Fusion Materials/Uses cards in the player's Graveyard as Fusion Materials$Effect$
77565204$Future Fusion$Unlimited$SPELL$$$$$$$$$Continuous$$$During your 1st Standby Phase after this card's activation: Show 1 Fusion Monster in your Extra Deck and send the Fusion Materials listed on it from your Main Deck to the GY. During your 2nd Standby Phase after this card's activation: Fusion Summon 1 Fusion Monster from your Extra Deck with the same name as the monster you showed, and target it with this card. When this card leaves the field, destroy that target. When that target is destroyed, destroy this card.$Fusion Monster$$Reveals your Extra Deck/Sends from your Deck to your Graveyard/Uses cards in the player's Deck as Fusion Materials$Trigger-like/Continuous-like$
23171610$Limiter Removal$Unlimited$SPELL$$$$$$$$$Quick-Play$$$Double the ATK of all Machine monsters you currently control, until the end of this turn. During the End Phase of this turn, destroy those monsters.$Machine$$$Effect/Lingering$
31828916$Machina Armored Unit$Unlimited$SPELL$$$$$$$$$Continuous$$$Once per turn, when a Machine monster is destroyed by battle and sent to your GY: You can Special Summon 1 Machine monster from your Deck that has the same Attribute and less ATK than that destroyed monster in the GY.$Machine$$Activates if destroyed by battle$Trigger-like$
12670770$Cyber Network$Unlimited$TRAP$$$$$$$$$Continuous$$$Destroy this card during your 3rd Standby Phase after activation. Once per turn, if "Cyber Dragon" is on the field: You can banish 1 LIGHT Machine monster from your Deck. If this card is sent from the field to the GY: Special Summon as many of your banished LIGHT Machine monsters as possible, and if you do, destroy all Spells and Traps you control. Monsters that were Special Summoned by this effect cannot activate their effects. You cannot conduct your Battle Phase the turn you activate this effect.$Cyber Dragon/LIGHT/Machine$$Activates from your Graveyard/Cannot conduct Battle Phase$Condition/Quick-like/Trigger-like$
90440725$Cyber Shadow Gardna$Unlimited$TRAP$$$$$$$$$Continuous$$$During your opponent's Main Phase: Special Summon this card as an Effect Monster (Machine/EARTH/Level 4/ATK ?/DEF ?). (This card is also still a Trap.) When an opponent's monster declares an attack that targets this card: The ATK/DEF of this card become the ATK/DEF of the attacking monster. Once per turn, during your opponent's End Phase: Set this card in its Spell & Trap Zone.$$$Flips itself face-down$Activation requirement/Effect/Trigger-like$
05650082$Storming Mirror Force$Unlimited$TRAP$$$$$$$$$$$$When an opponent's monster declares an attack: Return all your opponent's Attack Position monsters to the hand.$$$Activates upon attack declaration/Returns from your opponent's field to your opponent's hand$Activation requirement/Effect$
40838625$Quaking Mirror Force$Unlimited$TRAP$$$$$$$$$$$$When an opponent's monster declares an attack: Change all your opponent's Attack Position monsters to face-down Defense Position. Monsters changed to face-down Defense Position by this effect cannot change their battle positions.$$$Activates upon attack declaration/Changes battle positions/Flips monsters face-down/Prevents battle position changes$Activation requirement/Effect$
47475363$Drowning Mirror Force$Unlimited$TRAP$$$$$$$$$$$$When an opponent's monster declares a direct attack: Shuffle all your opponent's Attack Position monsters into the Deck.$$$Activates upon attack declaration/Returns from your opponent's field to your opponent's Deck$Activation requirement/Effect$
01546123$Cyber End Dragon$Unlimited$LIGHT$[Machine/Fusion/Effect]$$$$$10$4000$2800$$"Cyber Dragon" + "Cyber Dragon" + "Cyber Dragon"$$A Fusion Summon of this card can only be done with the above Fusion Materials. If this card attacks a Defense Position monster, inflict piercing battle damage.$$$$Summon/Continuous$
74157028$Cyber Twin Dragon$Unlimited$LIGHT$[Machine/Fusion/Effect]$$$$$8$2800$2100$$"Cyber Dragon" + "Cyber Dragon"$$A Fusion Summon of this card can only be done with the above Fusion Materials. This card can make a second attack during each Battle Phase.$$$$Summon/Continuous$
64599569$Chimeratech Overdragon$Unlimited$DARK$[Machine/Fusion/Effect]$$$$$9$?$?$$"Cyber Dragon" + 1+ Machine monsters$$Must be Fusion Summoned. If this card is Fusion Summoned: Send all other cards you control to the GY. The original ATK/DEF of this card each become equal to the number of Fusion Materials used for its Fusion Summon x 800. This card can attack your opponent's monsters a number of times each Battle Phase, up to the number of Fusion Materials used for its Fusion Summon.$Machine$$Activates upon Fusion Summon/Sends from your field to your Graveyard$Summon/Trigger/Continuous$
79229522$Chimeratech Fortress Dragon$Unlimited$DARK$[Machine/Fusion/Effect]$$$$$8$0$0$$"Cyber Dragon" + 1+ Machine monsters$$Cannot be used as Fusion Material. Must first be Special Summoned (from your Extra Deck) by sending the above cards from either field to the GY. The original ATK of this card becomes 1000 x the number of materials used for its Special Summon.$Machine$Cyber Dragon/Machine$Sends Fusion Materials for Contact Fusion to Graveyard$Condition/Summon/Continuous$
84058253$Chimeratech Rampage Dragon$Unlimited$DARK$[Machine/Fusion/Effect]$$$$$5$2100$1600$$2+ "Cyber Dragon" monsters$$A Fusion Summon of this card can only be done with the above Fusion Materials. When this card is Fusion Summoned: You can target Spells/Traps on the field, up to the number of materials used for its Fusion Summon; destroy them. Once per turn: You can send up to 2 LIGHT Machine monsters from your Deck to the GY, and if you do, for each monster sent to the GY, this card gains 1 additional attack during each Battle Phase this turn.$Supports archetypes /Cyber Dragon $$Activates upon Fusion Summon/Sends from your Deck to your Graveyard$Summon/Trigger/Ignition$
58069384$Cyber Dragon Nova$Unlimited$LIGHT$[Machine/Xyz/Effect]$$$5$$$2100$1600$$2 Level 5 Machine monsters$$Once per turn: You can detach 1 material from this card, then target 1 "Cyber Dragon" in your GY; Special Summon that target. Once per turn (Quick Effect): You can banish 1 "Cyber Dragon" from your hand or face-up from your Monster Zone; this card gains 2100 ATK until the end of this turn. If this card in your possession is sent to your GY by your opponent's card effect: You can Special Summon 1 Machine Fusion Monster from your Extra Deck.$Machine/Cyber Dragon/Fusion Monster$$Activates from your Graveyard$Ignition/Quick/Trigger$
10443957$Cyber Dragon Infinity$Unlimited$LIGHT$[Machine/Xyz/Effect]$$$6$$$2100$1600$$3 Level 6 LIGHT Machine monsters$$Once per turn, you can also Xyz Summon "Cyber Dragon Infinity" by using "Cyber Dragon Nova" you control as material. (Transfer its materials to this card.) Gains 200 ATK for each material attached to it. Once per turn: You can target 1 face-up Attack Position monster on the field; attach it to this card as material. Once per turn, when a card or effect is activated (Quick Effect): You can detach 1 material from this card; negate the activation, and if you do, destroy it.$LIGHT/Machine/Cyber Dragon Nova$$Transfers/Attaches from your field as Xyz Material/Attaches from your opponent's field as Xyz Material/Exchanges cards$Summon/Continuous/Ignition/Quick$
14105623$Odd-Eyes Arc Pendulum Dragon$Unlimited$DARK$[Dragon/Pendulum/Normal]$$$$8$7$2700$2000$$$If an "Odd-Eyes" card(s) you control is destroyed by battle or card effect: You can Special Summon 1 "Odd-Eyes" monster from your hand, Deck, or GY. You can only use this effect of "Odd-Eyes Arc Pendulum Dragon" once per turn.$Made from miracles, this valiant and beautiful dragon has gleaming eyes that reflect an arc drawn in the sky.$Supports archetypes /Odd-Eyes$$Activates if destroyed by battle/Activates if destroyed by card effect$Pendulum Effect /Trigger-like$
16178681$Odd-Eyes Pendulum Dragon$Unlimited$DARK$[Dragon/Pendulum/Effect]$$$$4$7$2500$2000$$$You can reduce the battle damage you take from an attack involving a Pendulum Monster you control to 0. During your End Phase: You can destroy this card, and if you do, add 1 Pendulum Monster with 1500 or less ATK from your Deck to your hand. You can only use each Pendulum Effect of "Odd-Eyes Pendulum Dragon" once per turn.$If this card battles an opponent's monster, any battle damage this card inflicts to your opponent is doubled.$Pendulum Monster$$Adds from Deck to hand$Pendulum Effect /Continuous-like/Trigger-like/Condition/Monster Effect/Continuous$
96733134$Supreme King Dragon Odd-Eyes$Unlimited$DARK$[Dragon/Pendulum/Effect]$$$$4$8$2500$2000$$$You can Tribute 1 "Supreme King Dragon" monster; destroy this card, and if you do, add 1 Pendulum Monster with 1500 or less ATK from your Deck to your hand.$You can Tribute 2 "Supreme King Dragon" monsters; Special Summon this card from your hand. If your Pendulum Monster battles an opponent's monster, any battle damage it inflicts to your opponent is doubled. During the Battle Phase (Quick Effect): You can Tribute this card; Special Summon up to 2 face-up "Supreme King Dragon" and/or "Supreme King Gate" Pendulum Monsters from your Extra Deck in Defense Position, except "Supreme King Dragon Odd-Eyes".$Supports archetypes /Supreme King Dragon/Supreme King Gate$$Tributes for cost/Adds from Deck to hand/Tributes itself for cost$Pendulum Effect /Ignition-like/Monster Effect/Ignition/Continuous/Quick$
93149655$Odd-Eyes Phantom Dragon$Unlimited$DARK$[Dragon/Pendulum/Effect]$$$$4$7$2500$2000$$$Once per turn, when an attack is declared involving your face-up monster and an opponent's monster, if you have an "Odd-Eyes" card in your other Pendulum Zone: You can make that monster you control gain 1200 ATK until the end of the Battle Phase (even if this card leaves the field).$When this Pendulum Summoned card inflicts battle damage to your opponent by attacking: You can inflict damage to your opponent equal to the number of "Odd-Eyes" cards in your Pendulum Zones x 1200. You can only use this effect of "Odd-Eyes Phantom Dragon" once per turn.$Supports archetypes /Odd-Eyes$$Activates upon attack declaration$Pendulum Effect /Trigger-like/Monster Effect/Trigger/Condition$
21250202$Odd-Eyes Persona Dragon$Unlimited$DARK$[Dragon/Pendulum/Effect]$$$$1$5$1200$2400$$$Once per turn, during the End Phase, if your opponent activated a card or effect this turn that targeted 1 "Odd-Eyes" Pendulum Monster you controlled (and no other cards) while this card was in your Pendulum Zone: Special Summon this card, and if you do, place 1 face-up "Odd-Eyes" Pendulum Monster from your Extra Deck in your Pendulum Zone, except "Odd-Eyes Persona Dragon".$Once per turn (Quick Effect): You can target 1 face-up monster on the field that was Special Summoned from the Extra Deck; it has its effects negated, until the end of this turn.$Supports archetypes /Odd-Eyes$$Places from Extra Deck to Pendulum Zone$Pendulum Effect /Trigger-like/Monster Effect/Quick$
67754901$Odd-Eyes Mirage Dragon$Unlimited$DARK$[Dragon/Pendulum/Effect]$$$$8$3$1200$600$$$Once per turn, if a face-up "Odd-Eyes" Pendulum Monster(s) you control is destroyed by battle or card effect: You can destroy 1 card in your Pendulum Zone, and if you do, place 1 face-up "Odd-Eyes" Pendulum Monster in your Extra Deck in your Pendulum Zone, except "Odd-Eyes Mirage Dragon".$While an "Odd-Eyes" card is in your Pendulum Zone (Quick Effect): You can target 1 "Odd-Eyes" monster you control; the first time it would be destroyed by battle or card effect this turn, it is not destroyed. You can only use this effect of "Odd-Eyes Mirage Dragon" once per turn.$Supports archetypes /Odd-Eyes$$Activates if destroyed by battle/Activates if destroyed by card effect/Places from Extra Deck to Pendulum Zone$Pendulum Effect /Trigger-like/Monster Effect/Quick/Condition$
59762399$Performapal Odd-Eyes Light Phoenix$Unlimited$LIGHT$[Winged Beast/Pendulum/Effect]$$$$3$5$2000$1000$$$When an opponent's monster declares a direct attack while you have a card in your other Pendulum Zone: You can destroy the card in your other Pendulum Zone, and if you do, Special Summon this card.$(Quick Effect): You can Tribute this card, then target 1 "Performapal" monster you control; it gains 1000 ATK until the end of this turn.$Supports archetypes /Performapal$$Activates upon attack declaration/Activates if other Pendulum Zone is occupied/Tributes itself for cost$Pendulum Effect /Trigger-like/Monster Effect/Quick$
86157908$Performapal Odd-Eyes Unicorn$Unlimited$LIGHT$[Beast/Pendulum/Effect]$$$$8$1$100$600$$$Once, while this card is in your Pendulum Zone, when your "Odd-Eyes" monster declares an attack: You can target 1 other "Performapal" monster you control; that attacking monster gains ATK equal to the original ATK of the targeted monster on the field, until the end of the Battle Phase (even if this card leaves the field).$When this card is Normal or Special Summoned: You can target 1 "Performapal" monster in your GY; gain LP equal to its ATK.$Supports archetypes /Odd-Eyes/Performapal$$Activates upon attack declaration/Activates upon Normal Summon/Activates upon Special Summon$Pendulum Effect /Trigger-like/Monster Effect/Trigger$
40318957$Performapal Skullcrobat Joker$Unlimited$DARK$[Spellcaster/Pendulum/Effect]$$$$8$4$1800$100$$$You cannot Pendulum Summon monsters, except "Performapal" monsters, "Magician" Pendulum Monsters, and "Odd-Eyes" monsters. This effect cannot be negated.$When this card is Normal Summoned: You can add 1 "Performapal" monster, "Magician" Pendulum Monster, or "Odd-Eyes" monster from your Deck to your hand, except "Performapal Skullcrobat Joker".$Supports archetypes /Performapal/Magician /Odd-Eyes$$Activates upon Normal Summon/Effect that cannot be negated/Adds from Deck to hand$Pendulum Effect /Continuous-like/Condition/Monster Effect/Trigger$
16617334$Performapal Rain Goat$Unlimited$WATER$[Beast/Effect]$$$$$1$0$0$$$$When a card or effect is activated that would inflict damage to you (Quick Effect): You can discard this card; make that effect damage to you 0. During the Main Phase (Quick Effect): You can discard this card, then target 1 "Performapal" or "Odd-Eyes" card you control; this turn, it cannot be destroyed by battle or card effects.$Supports archetypes /Performapal/Odd-Eyes$$Discards itself for cost$Quick$
73511233$Performapal U Go Golem$Unlimited$DARK$[Fiend/Pendulum/Effect]$$$$1$4$1600$1000$$$Once per turn, if a monster is Fusion Summoned to your field (except during the Damage Step): You can add 1 "Performapal", "Odd-Eyes", or "Magician" Pendulum Monster from your GY or face-up in your Extra Deck to your hand.$Once per turn, during your Main Phase, if this card was Pendulum Summoned this turn: You can Fusion Summon 1 Fusion Monster from your Extra Deck, using this card you control and Dragon monsters you control as Fusion Materials.$Supports archetypes /Performapal/Odd-Eyes/Magician $$Activates upon Fusion Summon/Adds from Graveyard to hand/Adds from Extra Deck to hand/Uses cards on the player's field as Fusion Materials/Uses itself as a Fusion Material$Pendulum Effect /Trigger-like/Monster Effect/Ignition$
88935103$Nobledragon Magician$Unlimited$FIRE$[Spellcaster/Pendulum/Tuner/Effect]$$$$5$3$700$1400$$$Unless you have a "Magician" card in your other Pendulum Zone, destroy this card.$Cannot be used as Synchro Material, except for the Synchro Summon of a Dragon Synchro Monster. If this card is used as Synchro Material, unless all other Synchro Materials are "Odd-Eyes" monsters, place this card on the bottom of the Deck. If this card is in your hand or GY: You can target 1 Level 7 or higher "Odd-Eyes" monster you control; reduce its Level by 3, and if you do, Special Summon this card.$Supports archetypes /Magician /Odd-Eyes$$Applies effect if other Pendulum Zone is unoccupied/Activates from your Graveyard/Returns itself from field to Deck$Pendulum Effect /Continuous-like/Monster Effect/Condition/Ignition$
23851033$Odd-Eyes Gravity Dragon$Unlimited$EARTH$[Dragon/Ritual/Effect]$$$$$7$2800$2500$$$$You can Ritual Summon this card with "Odd-Eyes Advent". When this card is Special Summoned: You can return all Spells and Traps your opponent controls to the hand. Your opponent cannot activate cards or effects in response to this effect's activation. You can only use this effect of "Odd-Eyes Gravity Dragon" once per turn. Your opponent must pay 500 LP to activate card effects.$$$Activates upon Special Summon/Returns from your opponent's field to your opponent's hand$Summon/Trigger/Condition/Continuous$
27813661$Sky Iris$Unlimited$SPELL$$$$$$$$$Field$$$Your opponent cannot target "Magician", "Performapal", or "Odd-Eyes" cards in your Pendulum Zones with card effects. You can target 1 other face-up card you control; destroy it, and if you do, add 1 "Odd-Eyes" card from your Deck to your hand. You can only use this effect of "Sky Iris" once per turn.$Supports archetypes /Magician /Performapal/Odd-Eyes$$Adds from Deck to hand$Continuous-like/Ignition-like/Condition$
48144509$Odd-Eyes Fusion$Unlimited$SPELL$$$$$$$$$$$$Fusion Summon 1 Dragon Fusion Monster from your Extra Deck, using monsters from your hand or field as Fusion Materials. If your opponent controls 2 or more monsters and you control no monsters, you can also use up to 2 "Odd-Eyes" monsters in your Extra Deck as Fusion Materials. You can only activate 1 "Odd-Eyes Fusion" per turn.$Supports archetypes /Odd-Eyes$$Sends from your hand to your Graveyard/Sends from your field to your Graveyard/Uses cards in the hand as Fusion Materials/Uses cards on the player's field as Fusion Materials/Sends from Extra Deck to Graveyard/Uses cards in the player's Extra Deck as Fusion Materials/Uses Spell Cards as Fusion Materials$Effect/Condition$
16494704$Odd-Eyes Advent$Unlimited$SPELL$$$$$$$$$Ritual$$$This card can be used to Ritual Summon any Dragon Ritual Monster from your hand or GY. You must also Tribute Pendulum Monsters from your hand or field whose total Levels equal or exceed the Level of the Ritual Monster you Ritual Summon. If your opponent controls 2 or more monsters and you control no monsters, you can also send "Odd-Eyes" monsters from your Extra Deck to the GY. You can only activate 1 "Odd-Eyes Advent" per turn.$Supports archetypes /Odd-Eyes$$Tributes as an effect/Sends from Extra Deck to Graveyard$Condition/Effect$
82768499$Spiral Flame Strike$Unlimited$SPELL$$$$$$$$$$$$Activate 1 of these effects;●If you control an "Odd-Eyes" card: Target 1 card on the field; destroy it.●Add to your hand, 1 Level 7 "Odd-Eyes" monster from your Deck, or 1 face-up Level 7 "Odd-Eyes" Pendulum Monster from your Extra Deck.$Supports archetypes /Odd-Eyes$$Adds from Deck to hand/Adds from Extra Deck to hand$Effect$
$Duelist Alliance$$SPELL$$$$$$$$$$$$If there is a card in the Pendulum Zone: Add 1 "Pendulum" Pendulum Monster or "Pendulum" Spell/Trap from your Deck to your hand. You can only activate 1 "Duelist Alliance" per turn.$$$$$
60434189$Pendulum Impenetrable$Unlimited$SPELL$$$$$$$$$Quick-Play$$$This turn, cards in Pendulum Zones cannot be destroyed by your opponent's card effects, also negate any effect activated by your opponent that targeted a card(s) in the Pendulum Zones.$Pendulum Monster$$$Effect$
83461421$Pendulum Storm$Unlimited$SPELL$$$$$$$$$$$$Destroy as many cards in the Pendulum Zones as possible, then you can destroy 1 Spell/Trap your opponent controls.$$$$Effect$
96598015$Pot of Riches$Unlimited$SPELL$$$$$$$$$$$$Shuffle 3 Pendulum Monsters into the Deck, from your GY and/or face-up from your Extra Deck, then draw 2 cards. You can only activate 1 "Pot of Riches" per turn. You cannot Special Summon the turn you activate this card, except by Pendulum Summon.$Pendulum Monster$$Returns from your Graveyard to your Deck/Returns from your Extra Deck to your Main Deck/You draw cards$Effect/Condition$
73628505$Terraforming$Limited$SPELL$$$$$$$$$$$$Add 1 Field Spell from your Deck to your hand.$Field Spell Card$$Adds from Deck to hand$Effect$
15582767$Echo Oscillation$Unlimited$TRAP$$$$$$$$$Continuous$$$You can target 1 card in your Pendulum Zone; destroy it, then draw 1 card. You can only use this effect of "Echo Oscillation" once per turn.$Pendulum Monster$$You draw cards$Quick-like/Condition$
77826734$Pendulum Reborn$Unlimited$TRAP$$$$$$$$$$$$Special Summon 1 face-up Pendulum Monster from your Extra Deck, or 1 Pendulum Monster from your GY.$Pendulum Monster$$$Effect$
42378577$Pendulum Switch$Unlimited$TRAP$$$$$$$$$Continuous$$$You can target 1 card in your Pendulum Zone; Special Summon it. You can target 1 Pendulum Monster in your Monster Zone; place that Pendulum Monster in your Pendulum Zone. You can only use 1 "Pendulum Switch" effect per turn, and only once that turn.$Pendulum Monster$$Places from field to Pendulum Zone$Quick-like/Condition$
41209827$Starving Venom Fusion Dragon$Unlimited$DARK$[Dragon/Fusion/Effect]$$$$$8$2800$2000$$2 DARK monsters on the field, except Tokens$$If this card is Fusion Summoned: You can make this card gain ATK equal to 1 opponent's Special Summoned monster, until the end of this turn. Once per turn: You can target 1 Level 5 or higher monster your opponent controls; until the End Phase, this card's name becomes that monster's original name, and replace this effect with that monster's original effects. If this Fusion Summoned card is destroyed: You can destroy all your opponent's Special Summoned monsters.$DARK$$Activates upon Fusion Summon/Activates if destroyed by battle/Activates if destroyed by card effect$Trigger/Ignition$
43387895$Supreme King Dragon Starving Venom$Unlimited(OCG)$DARK$[Dragon/Fusion/Effect]$$$$$8$2800$2000$$2 DARK Pendulum Monsters$$Must be either Fusion Summoned, or Special Summoned by Tributing the above cards you control (in which case you do not use "Polymerization"). Once per turn: You can target 1 other monster on the field or in the GY; until the End Phase, this card's name becomes that monster's original name, and replace this effect with that monster's original effects, also for the rest of this turn, if your monster attacks a Defense Position monster, inflict piercing battle damage to your opponent.$DARK/Pendulum Monster$$Tributes Fusion Materials for Contact Fusion$Summon/Ignition$
53262004$Odd-Eyes Vortex Dragon$Unlimited$WIND$[Dragon/Fusion/Effect]$$$$$7$2500$3000$$1 "Odd-Eyes" monster + 1 Pendulum Monster$$When this card is Special Summoned: You can target 1 opponent's face-up Attack Position monster; return it to the hand. When a Spell/Trap Card or another monster's effect is activated (Quick Effect): You can shuffle 1 face-up Pendulum Monster from your Extra Deck into the Deck, negate the activation, and if you do, destroy that card. You can only use each effect of "Odd-Eyes Vortex Dragon" once per turn.$Supports archetypes /Odd-Eyes$$Activates upon Special Summon/Returns from your opponent's field to your opponent's hand/Returns from your Extra Deck to your Main Deck$Trigger/Quick/Condition$
49820233$Performapal Gatlinghoul$Unlimited$DARK$[Fiend/Fusion/Effect]$$$$$8$2900$900$$1 "Performapal" monster + 1 Level 5 or higher DARK monster$$If this card is Fusion Summoned: You can inflict 200 damage to your opponent for each card on the field, then, if this card was Fusion Summoned using a Pendulum Monster as material, destroy 1 monster your opponent controls, and if you do, inflict damage to your opponent equal to that monster's original ATK. You can only use this effect of "Performapal Gatlinghoul" once per turn.$Supports archetypes /Performapal$$Activates upon Fusion Summon$Trigger/Condition$
82044279$Clear Wing Synchro Dragon$Unlimited$WIND$[Dragon/Synchro/Effect]$$$$$7$2500$2000$$1 Tuner + 1+ non-Tuner monsters$$Once per turn, when another Level 5 or higher monster activates its effect on the field (Quick Effect): You can negate the activation, and if you do, destroy it. Once per turn, when a monster effect is activated that targets 1 Level 5 or higher monster on the field (and no other cards) (Quick Effect): You can negate the activation, and if you do, destroy it. If this card's effect destroys a monster, this card gains ATK equal to the destroyed monster's original ATK until the end of this turn.$$$$Quick/Continuous$
70771599$Supreme King Dragon Clear Wing$Unlimited$DARK$[Dragon/Synchro/Effect]$$$$$8$2500$2000$$1 Tuner + 1+ non-Tuner DARK Pendulum Monsters$$If this card is Synchro Summoned: You can destroy all face-up monsters your opponent controls. Once per turn, before damage calculation, if this card battles an opponent's monster: You can destroy that monster, and if you do, inflict damage to your opponent equal to the destroyed monster's original ATK. If this card is in your GY: You can Tribute 2 "Supreme King Dragon" monsters; Special Summon this card.$Supports archetypes /Supreme King Dragon$$Activates upon Synchro Summon/Activates from your Graveyard/Tributes for cost$Trigger/Ignition$
80696379$Odd-Eyes Meteorburst Dragon$Unlimited$FIRE$[Dragon/Synchro/Effect]$$$$$7$2500$2000$$1 Tuner + 1+ non-Tuner monsters$$When this card is Special Summoned: You can target 1 card in your Pendulum Zone; Special Summon it, also this card cannot attack for the rest of this turn. You can only use this effect of "Odd-Eyes Meteorburst Dragon" once per turn. Monsters in your opponent's possession cannot activate their effects during the Battle Phase.$$$Activates upon Special Summon$Trigger/Condition/Continuous$
16195942$Dark Rebellion Xyz Dragon$Unlimited$DARK$[Dragon/Xyz/Effect]$$$4$$$2500$2000$$2 Level 4 monsters$$You can detach 2 materials from this card, then target 1 face-up monster your opponent controls; its ATK becomes half its current ATK, and if it does, this card gains that lost ATK.$$$Detaches multiple Xyz Materials as cost$Ignition$
42160203$Supreme King Dragon Dark Rebellion$Unlimited$DARK$[Dragon/Xyz/Effect]$$$4$$$2500$2000$$2 Level 4 DARK Pendulum Monsters$$Once per turn, before damage calculation, if this card battles an opponent's monster: You can detach 1 material from this card; until the end of this turn, change the ATK of that face-up opponent's monster to 0, and if you do, this card gains ATK equal to the original ATK of that opponent's monster. During the Battle Phase (Quick Effect): You can return this card to the Extra Deck; Special Summon up to 2 face-up "Supreme King Dragon" and/or "Supreme King Gate" Pendulum Monsters from your Extra Deck in Defense Position.$Supports archetypes /Supreme King Dragon/Supreme King Gate$$Returns itself from field to Extra Deck for cost$Trigger/Quick$
16691074$Odd-Eyes Absolute Dragon$Unlimited$WATER$[Dragon/Xyz/Effect]$$$7$$$2800$2500$$2 Level 7 monsters$$When any player's monster declares an attack: You can detach 1 material from this card; negate the attack, then you can Special Summon 1 "Odd-Eyes" monster from your hand or GY. If this Xyz Summoned card is sent to the GY: You can Special Summon 1 "Odd-Eyes" monster from your Extra Deck, except "Odd-Eyes Absolute Dragon". You can only use each effect of "Odd-Eyes Absolute Dragon" once per turn.$Supports archetypes /Odd-Eyes$$Activates upon attack declaration/Activates from your Graveyard$Trigger/Condition$
