Passcode$Name$Status$Attribute$type$link$link_arrows$rank$pendulum_scale$level$attack$defense$spell_attribute$summoning_condition$pendulum_condition$card_text$card_supports$card_anti_supports$card_actions$effect_types$
71799173$Guardian of Order$Unlimited$LIGHT$[Warrior/Effect]$$$$$8$2500$1200$$$$If you control 2 or more LIGHT monsters, you can Special Summon this card (from your hand). You can only control 1 "Guardian of Order".$LIGHT$$$Summon/Unclassified$
37742478$Honest$Unlimited$LIGHT$[Fairy/Effect]$$$$$4$1100$1900$$$$During your Main Phase: You can return this face-up card from the field to the hand. During the Damage Step, when a LIGHT monster you control battles (Quick Effect): You can send this card from your hand to the GY; that monster gains ATK equal to the ATK of the opponent's monster it is battling, until the end of this turn.$LIGHT$$Returns itself from field to hand/Sends itself from hand to Graveyard for cost$Ignition/Quick$
73146473$Cross Porter$Unlimited$DARK$[Warrior/Effect]$$$$$2$400$400$$$$You can send 1 monster you control to the Graveyard and Special Summon 1 "Neo-Spacian" monster from your hand. When this card is sent to the Graveyard, you can add 1 "Neo-Spacian" monster from your Deck to your hand.$Supports archetypes /Neo-Spacian$$Activates from your Graveyard/Sends from field to Graveyard for cost/Adds from Deck to hand$Ignition/Trigger$
00131182$Miracle Flipper$Unlimited$LIGHT$[Spellcaster/Effect]$$$$$2$300$500$$$$If you control a "Miracle Flipper", you cannot Summon this card. Your opponent cannot select another face-up monster as an attack target. If this card is destroyed by battle, Special Summon it to your opponent's side of the field at the end of the Battle Phase. If this card is destroyed by the effect of a Spell or Trap Card, destroy 1 monster your opponent controls.$$$Activates if destroyed by battle/Activates if destroyed by card effect/Activates from your Graveyard$Summon/Continuous/Trigger$
36625827$Destiny HERO - Dread Servant$Unlimited$DARK$[Warrior/Effect]$$$$$3$400$700$$$$If this card is Normal Summoned: Place 1 Clock Counter on each "Clock Tower Prison". When this card is destroyed by battle and sent to the GY: You can target 1 Spell/Trap you control; destroy that target.$Clock Tower Prison$$Activates from your Graveyard$Trigger$
63014935$Volcanic Queen$Unlimited$FIRE$[Pyro/Effect]$$$$$6$2500$1200$$$$This card cannot be Normal Summoned or Set. This card can only be Special Summoned from your hand to your opponent's side of the field by Tributing 1 monster your opponent controls. If you Special Summon this card, you cannot Normal Summon or Set this turn. Once per turn, you can send 1 other card you control to the Graveyard to inflict 1000 damage to your opponent. During your End Phase, either Tribute 1 other monster or take 1000 damage.$$$Tributes opponent's monsters/Sends from field to Graveyard for cost/Tributes for cost$Summon/Condition/Ignition/Trigger$
09418534$Jinzo - Returner$Unlimited$DARK$[Machine/Effect]$$$$$3$600$1400$$$$This card can attack directly. When this card is sent to the GY: You can target 1 "Jinzo" in your GY; Special Summon it, but destroy it during your End Phase.$Jinzo$$Activates from your Graveyard$Continuous/Trigger$
35803249$Jinzo - Lord$Unlimited$DARK$[Machine/Effect]$$$$$8$2600$1600$$$$Cannot be Normal Summoned/Set. Must be Special Summoned (from your hand) by sending 1 face-up "Jinzo" you control to the GY. Trap Cards, and their effects on the field, cannot be activated. Negate all Trap effects on the field. Once per turn: You can destroy as many face-up Traps on the field as possible, and if you do, inflict 300 damage to your opponent for each card destroyed.$Jinzo$$Sends from field to Graveyard for cost$Summon/Continuous/Ignition$
62892347$Arcana Force 0 - The Fool$Unlimited$LIGHT$[Fairy/Effect]$$$$$1$0$0$$$$This card cannot be destroyed by battle. This card cannot be changed to Defense Position, except with a card effect. When this card is Summoned: Toss a coin and gain the appropriate effect.●Heads: Negate your card effects that target this card, and destroy them.●Tails: Negate your opponent's card effects that target this card, and destroy them.$$$Activates upon Normal Summon/Activates upon Flip Summon/Activates upon Special Summon$Continuous/Trigger$
08396952$Arcana Force I - The Magician$Unlimited$LIGHT$[Fairy/Effect]$$$$$4$1100$1100$$$$When this card is Summoned, toss a coin:●Heads: When a Spell Card is activated, this card's ATK becomes double its original ATK until the End Phase of that turn.●Tails: When a Spell Card is activated, your opponent gains 500 Life Points.$$$Activates upon Normal Summon/Activates upon Flip Summon/Activates upon Special Summon$Trigger/Continuous$
35781051$Arcana Force III - The Empress$Unlimited$LIGHT$[Fairy/Effect]$$$$$4$1300$1300$$$$When this card is Summoned, toss a coin:●Heads: Each time your opponent Normal Summons or Sets a monster, you can Special Summon 1 "Arcana Force" monster from your hand.●Tails: Each time your opponent Normal Summons or Sets a monster, send 1 card from your hand to the Graveyard.$Supports archetypes /Arcana Force$$Activates upon Normal Summon/Activates upon Flip Summon/Activates upon Special Summon/Sends from your hand to your Graveyard$Trigger$
61175706$Arcana Force IV - The Emperor$Unlimited$LIGHT$[Fairy/Effect]$$$$$4$1400$1400$$$$When this card is Summoned, toss a coin:●Heads: All "Arcana Force" monsters you control gain 500 ATK.●Tails: All "Arcana Force" monsters you control lose 500 ATK.$Supports archetypes /Arcana Force$$Activates upon Normal Summon/Activates upon Flip Summon/Activates upon Special Summon$Trigger/Continuous$
97574404$Arcana Force VI - The Lovers$Unlimited$LIGHT$[Fairy/Effect]$$$$$4$1600$1600$$$$When this card is Summoned, toss a coin:● Heads: This card can be treated as 2 Tributes for the Tribute Summon of an "Arcana Force" monster.● Tails: You cannot Tribute Summon "Arcana Force" monsters.$Supports archetypes /Arcana Force$$Activates upon Normal Summon/Activates upon Flip Summon/Activates upon Special Summon$Trigger/Continuous$
34568403$Arcana Force VII - The Chariot$Unlimited$LIGHT$[Fairy/Effect]$$$$$4$1700$1700$$$$When this card is Summoned, toss a coin:●Heads: If this card destroys an opponent's monster by battle, you can Special Summon that monster to your side of the field.●Tails: Your opponent gains control of this card.$$$Activates upon Normal Summon/Activates upon Flip Summon/Activates upon Special Summon/Changes control$Trigger/Continuous$
60953118$Arcana Force XIV - Temperance$Unlimited$LIGHT$[Fairy/Effect]$$$$$6$2400$2400$$$$During damage calculation, in either player's turn: You can discard this card; you take no Battle Damage from that battle. When this card is Summoned: Toss a coin and apply this effect. The effect lasts while this card is face-up on the field.●Heads: Halve all Battle Damage you take.●Tails: Halve all Battle Damage your opponent takes.$$$Activates from your hand/Discards itself for cost/Activates upon Normal Summon/Activates upon Flip Summon/Activates upon Special Summon$Quick/Trigger/Continuous$
97452817$Arcana Force XVIII - The Moon$Unlimited$LIGHT$[Fairy/Effect]$$$$$7$2800$2800$$$$When this card is Summoned, toss a coin:●Heads: During your Standby Phase, you can Special Summon 1 "Moon Token" (Fairy-Type/LIGHT/Level 1/ATK 0/DEF 0).●Tails: During each of your End Phases, select 1 monster you control and give control of it to your opponent.$$$Activates upon Normal Summon/Activates upon Flip Summon/Activates upon Special Summon/Changes control$Trigger$
23846921$Arcana Force XXI - The World$Unlimited$LIGHT$[Fairy/Effect]$$$$$8$3100$3100$$$$When this card is Summoned, toss a coin:●Heads: During your End Phase, you can send 2 monsters you control to the Graveyard to skip your opponent's next turn.●Tails: During your opponent's Draw Phase, add the top card of their Graveyard to their hand.$$$Activates upon Normal Summon/Activates upon Flip Summon/Activates upon Special Summon/Sends from field to Graveyard for cost/Skips a turn/Adds from Graveyard to hand$Trigger$
69831560$Arcana Force EX - The Dark Ruler$Unlimited$LIGHT$[Fairy/Effect]$$$$$10$4000$4000$$$$Cannot be Normal Summoned/Set. Must be Special Summoned (from your hand) by sending 3 monsters you control to the Graveyard, and cannot be Special Summoned by other ways. When this card is Special Summoned: Toss a coin and gain the appropriate effect.●Heads: This card can make a second attack during each Battle Phase, but if it does so using this effect, change it to Defense Position at the end of the Battle Phase. Its battle position cannot be changed until the end of your next turn.●Tails: If this card is destroyed, destroy all cards on the field.$$$Sends from field to Graveyard for cost/Activates upon Special Summon/Changes battle positions/Prevents battle position changes/Activates if destroyed by battle/Activates if destroyed by card effect$Summon/Trigger/Continuous/Lingering$
96235275$Jain, Lightsworn Paladin$Unlimited$LIGHT$[Warrior/Effect]$$$$$4$1800$1200$$$$If this card attacks an opponent's monster, it gains 300 ATK during the Damage Step only. Once per turn, during your End Phase: Send the top 2 cards of your Deck to the Graveyard.$$$Sends from the top of your Deck to your Graveyard$Continuous/Trigger$
22624373$Lyla, Lightsworn Sorceress$Unlimited$LIGHT$[Spellcaster/Effect]$$$$$4$1700$200$$$$You can target 1 Spell/Trap your opponent controls; this card's battle position cannot be changed until the end of your next turn, also change this card you control from face-up Attack Position to face-up Defense Position, and if you do, destroy that target. Once per turn, during your End Phase: Send the top 3 cards of your Deck to the GY.$$$Changes battle positions/Prevents Battle Position changes/Sends from the top of your Deck to your Graveyard$Ignition/Trigger$
59019082$Garoth, Lightsworn Warrior$Unlimited$LIGHT$[Warrior/Effect]$$$$$4$1850$1300$$$$Each time a card(s) is sent from your Deck to the GY by the effect of a "Lightsworn" monster you control, except "Garoth, Lightsworn Warrior": Send the top 2 cards of your Deck to the GY, then draw 1 card for each "Lightsworn" monster sent to the GY by this effect.$Supports archetypes /Lightsworn$$Sends from the top of your Deck to your Graveyard/You draw cards$Trigger$
95503687$Lumina, Lightsworn Summoner$Unlimited$LIGHT$[Spellcaster/Effect]$$$$$3$1000$1000$$$$Once per turn: You can discard 1 card, then target 1 Level 4 or lower "Lightsworn" monster in your GY; Special Summon it. Once per turn, during your End Phase: Send the top 3 cards of your Deck to the GY.$Supports archetypes /Lightsworn$$Discards for cost/Sends from the top of your Deck to your Graveyard$Ignition/Trigger$
21502796$Ryko, Lightsworn Hunter$Unlimited$LIGHT$[Beast/Flip/Effect]$$$$$2$200$100$$$$FLIP: Apply these effects (simultaneously).●You can destroy 1 card on the field.●Send the top 3 cards of your Deck to the GY.$$$Sends from the top of your Deck to your Graveyard$Flip$
58996430$Wulf, Lightsworn Beast$Unlimited$LIGHT$[Beast-Warrior/Effect]$$$$$4$2100$300$$$$Cannot be Normal Summoned/Set. Must be Special Summoned by a card effect. If this card is sent from your Deck to the GY: Special Summon it.$$$Activates from your Graveyard$Summon/Trigger$
94381039$Celestia, Lightsworn Angel$Unlimited$LIGHT$[Fairy/Effect]$$$$$5$2300$200$$$$When you Tribute Summon this card by Tributing a "Lightsworn" monster: You can send the top 4 cards of your Deck to the GY, then target up to 2 cards your opponent controls; destroy those targets.$Supports archetypes /Lightsworn$$Activates upon Tribute Summon/Sends from the top of your Deck to your Graveyard for cost$Trigger$
21785144$Gragonith, Lightsworn Dragon$Unlimited$LIGHT$[Dragon/Effect]$$$$$6$2000$1600$$$$This card gains 300 ATK and DEF for each "Lightsworn" monster with a different name in your Graveyard. If this card attacks a Defense Position monster, inflict piercing battle damage to your opponent. During each of your End Phases: Send the top 3 cards of your Deck to the Graveyard.$Supports archetypes /Lightsworn$$Sends from the top of your Deck to your Graveyard$Continuous/Trigger$
57774843$Judgment Dragon$Unlimited$LIGHT$[Dragon/Effect]$$$$$8$3000$2600$$$$Cannot be Normal Summoned/Set. Must be Special Summoned (from your hand) by having 4 or more "Lightsworn" monsters with different names in your GY. You can pay 1000 LP; destroy all other cards on the field. Once per turn, during your End Phase: Send the top 4 cards of your Deck to the GY.$Supports archetypes /Lightsworn$$Sends from the top of your Deck to your Graveyard$Summon/Ignition/Trigger$
83269557$Dark Valkyria$Unlimited$DARK$[Fairy/Gemini/Effect]$$$$$4$1800$1050$$$$This card is treated as a Normal Monster while face-up on the field or in the Graveyard. While this card is a Normal Monster on the field, you can Normal Summon it to have it become an Effect Monster with this effect.●Once, while this card is face-up on the field: You can place 1 Spell Counter on it. This card gains 300 ATK for each Spell Counter on it. You can remove 1 Spell Counter from this card, then target 1 monster on the field; destroy that target.$$$$Unclassified/Condition/Ignition/Continuous$
20663556$Substitoad$Forbidden(OCG)$WATER$[Aqua/Effect]$$$$$1$100$2000$$$$You can Tribute 1 monster to Special Summon 1 "Frog" monster from your Deck, except "Frog the Jam". "Frog" monsters, except "Frog the Jam", cannot be destroyed by battle.$Supports archetypes /Frog$$Tributes for cost$Ignition/Continuous$
56052205$Unifrog$Unlimited$WATER$[Aqua/Effect]$$$$$2$400$400$$$$This card can attack your opponent directly. When this card successfully attacks directly, if you control a "Frog" monster other than "Frog the Jam" or "Unifrog", you can destroy 1 Spell or Trap your opponent controls.$Supports archetypes /Frog$$$Continuous/Trigger$
83446909$Batteryman Charger$Unlimited$LIGHT$[Thunder/Effect]$$$$$5$1800$1200$$$$When this card is Normal Summoned, you can Special Summon 1 "Batteryman" monster, except "Batteryman Charger", from your hand or Deck. This card gains 300 ATK and DEF for each Thunder-Type monster you control.$Supports archetypes /Batteryman$$Activates upon Normal Summon$Trigger/Continuous$
19441018$Batteryman Industrial Strength$Unlimited$LIGHT$[Thunder/Effect]$$$$$8$2600$0$$$$This card cannot be Normal Summoned or Set. This card cannot be Special Summoned except by removing from play 2 "Batteryman" monsters from your Graveyard. Once per turn, you can remove from play 1 Thunder-Type monster from your Graveyard to destroy 1 monster and 1 Spell or Trap Card on the field.$Supports archetypes /Batteryman$$$Summon/Ignition$
56839613$Batteryman Micro-Cell$Unlimited$LIGHT$[Thunder/Effect]$$$$$1$100$100$$$$FLIP: Special Summon 1 Level 4 or lower "Batteryman" monster from your Deck, except "Batteryman Micro-Cell". After this card has been flipped face-up, when it is destroyed by battle and sent to the Graveyard, draw 1 card.$Supports archetypes /Batteryman$$Activates upon being flipped face-up/Activates if destroyed by battle/Activates from your Graveyard/You draw cards$Flip/Trigger$
82324312$Goblin Recon Squad$Unlimited$WIND$[Warrior/Effect]$$$$$4$1700$0$$$$If this card successfully attacks directly, you can look at 1 random card in your opponent's hand. If it is a Spell Card, send it to the Graveyard. If this card attacks, it is changed to Defense Position at the end of the Battle Phase. This card's battle position cannot be changed until the end of your next turn, except with a card effect.$$Spell Card$Reveals your opponent's hand/Sends from your opponent's hand to your opponent's Graveyard/Changes battle positions/Prevents battle position changes$Trigger/Continuous$
14729426$Interplanetary Invader "A"$Unlimited$LIGHT$[Reptile/Effect]$$$$$1$0$500$$$$Gain control of a monster that attacks this face-up Attack Position card, at the end of the Battle Phase.$$$Changes control$Trigger$
41113025$Diskblade Rider$Unlimited$WIND$[Fiend/Effect]$$$$$4$1700$1500$$$$Once per turn: You can target 1 Normal Trap Card in your Graveyard; banish that target, and if you do, this card gains 500 ATK until the end of your opponent's turn.$Normal Trap Card$$$Ignition$
87102774$Golden Ladybug$Unlimited$LIGHT$[Insect/Effect]$$$$$1$0$0$$$$During your Standby Phase: You can reveal this card in your hand, and it will remain revealed until the end of this turn; gain 500 LP.$$$Reveals itself in the hand for cost$Trigger$
14506878$DUCKER Mobile Cannon$Unlimited$LIGHT$[Machine/Flip/Effect]$$$$$3$500$500$$$$FLIP: Target 1 Level 4 monster in your GY; add that target to your hand.$$$Activates upon being flipped face-up/Adds from Graveyard to hand$Flip$
40991587$The Lady in Wight$Unlimited$DARK$[Zombie/Effect]$$$$$3$0$2200$$$$Face-up Level 3 or lower Zombie monsters on the field, except "The Lady in Wight", cannot be destroyed by battle, also they are unaffected by Spell/Trap Cards and effects. This card's name becomes "Skull Servant" while it is in the GY.$Zombie/Skull Servant$$$Continuous/Unclassified$
86489182$Simorgh, Bird of Ancestry$Unlimited$WIND$[Winged Beast/Effect]$$$$$8$2900$2000$$$$Both players Tribute Summon WIND monsters with 1 less Tribute than required. If you Tribute Summon this card by Tributing only WIND monsters, return up to 2 cards your opponent controls to their owner's hand. This card is treated as a Normal Monster while in your hand.$WIND/Normal Monster$$Returns from field to hand/Returns from your opponent's field to your opponent's hand$Continuous/Trigger/Unclassified$
13474291$Cloudian - Storm Dragon$Unlimited$WATER$[Fairy/Effect]$$$$$4$1000$0$$$$This card cannot be Normal Summoned or Set. This card can only be Special Summoned by removing from play 1 "Cloudian" monster from your Graveyard. This card cannot be destroyed by battle. If this card is in face-up Defense Position, destroy it. Once per turn, you can place 1 Fog Counter on 1 monster on the field.$Supports archetypes /Cloudian$$$Summon/Continuous/Ignition$
49879995$Phantom Dragon$Unlimited$LIGHT$[Dragon/Effect]$$$$$8$2300$2200$$$$When your opponent Special Summons a monster (except during the Damage Step): You can Special Summon this card from your hand. 2 of your Monster Card Zones cannot be used.$$$Activates upon Special Summon$Trigger/Continuous$
76263644$Destiny End Dragoon$Unlimited$DARK$[Warrior/Fusion/Effect]$$$$$10$3000$3000$$"Destiny HERO - Plasma" + "Destiny HERO - Dogma"$$A Fusion Summon of this card can only be done with the above Fusion Materials. Once per turn: You can target 1 monster your opponent controls; destroy that target, and if it was face-up, inflict damage to your opponent equal to the ATK it had on the field. You cannot conduct your Battle Phase the turn you activate this effect. Once per turn, during your Standby Phase, if this card is in your GY: You can banish 1 "Destiny HERO" card from your GY; Special Summon this card.$Supports archetypes /Destiny HERO$$Cannot conduct Battle Phase/Activates from your Graveyard$Summon/Ignition/Trigger$
12652643$Ultimate Ancient Gear Golem$Unlimited$EARTH$[Machine/Fusion/Effect]$$$$$10$4400$3400$$"Ancient Gear Golem" + 2 "Ancient Gear" monsters$$Must be Fusion Summoned. If this card attacks a Defense Position monster, inflict piercing battle damage. If this card attacks, your opponent cannot activate Spell/Trap Cards until the end of the Damage Step. If this card is destroyed: You can target 1 "Ancient Gear Golem" in your GY; Special Summon it, ignoring its Summoning conditions.$Supports archetypes /Ancient Gear$$Activates if destroyed by battle/Activates if destroyed by card effect$Summon/Continuous/Trigger$
48156348$Gladiator Beast Gyzarus$Unlimited$DARK$[Winged Beast/Fusion/Effect]$$$$$6$2400$1500$$"Gladiator Beast Bestiari" + 1 "Gladiator Beast" monster$$Must first be Special Summoned (from your Extra Deck) by shuffling the above cards you control into the Deck. (You do not use "Polymerization".) When this card is Special Summoned: You can target up to 2 cards on the field; destroy those targets. At the end of the Battle Phase, if this card battled: You can return it to the Extra Deck; Special Summon 2 "Gladiator Beast" monsters from your Deck, except "Gladiator Beast Bestiari".$Supports archetypes /Gladiator Beast$$Returns Fusion Materials for Contact Fusion to Deck/Activates upon Special Summon/Returns itself from field to Extra Deck for cost$Summon/Trigger$
75141056$Hero Mask$Unlimited$SPELL$$$$$$$$$$$$Target 1 face-up monster you control; send 1 "Elemental HERO" monster from your Deck to the Graveyard, and if you do, that target's name becomes the sent monster's name, until the End Phase.$Supports archetypes /Elemental HERO$$Sends from your Deck to your Graveyard$Effect$
01539051$Space Gift$Unlimited$SPELL$$$$$$$$$$$$Draw 1 card for each different "Neo-Spacian" name on the monsters you control.$Supports archetypes /Neo-Spacian$$You draw cards$Effect$
48934760$Demise of the Land$Unlimited$SPELL$$$$$$$$$Quick-Play$$$When your opponent Special Summons a monster(s): Activate 1 Field Spell Card directly from your Deck.$Field Spell Card$$Activates cards from your Deck$Activation requirement/Effect$
74329404$D - Formation$Unlimited$SPELL$$$$$$$$$Continuous$$$Each time a face-up "Destiny HERO" monster(s) you control is destroyed, place 1 D Counter on this card for each of those monsters. When you Normal or Special Summon a monster during your Main Phase: You can send this card with 2 or more D Counters to the Graveyard; add up to 2 cards from your Deck and/or Graveyard to your hand, with the same name as that monster.$Supports archetypes /Destiny HERO$$Activates upon Normal Summon/Activates upon Special Summon/Sends itself from field to Graveyard for cost/Adds from Deck to hand/Returns from your Graveyard to your hand$Continuous-like/Trigger-like$
00313513$Spell Gear$Unlimited$SPELL$$$$$$$$$$$$Send 3 "Ancient Gear" cards you control to the Graveyard. You can Special Summon up to 1 "Ancient Gear Golem" from your hand and 1 from your Deck, ignoring the Summoning conditions. Then, destroy all monsters you control except "Ancient Gear Golems". You cannot Normal Summon or Set until the end of your next turn.$Supports archetypes /Ancient Gear$$Sends from field to Graveyard for cost$Cost/Effect$
37812118$Cup of Ace$Unlimited$SPELL$$$$$$$$$$$$Toss a coin:●Heads: draw 2 cards.●Tails: your opponent draws 2 cards.$$$You draw cards/Your opponent draws cards$Effect$
73206827$Light Barrier$Unlimited$SPELL$$$$$$$$$Field$$$During your Standby Phase, toss a coin. If the result is Tails, the following effects are negated until your next Standby Phase:●When you Summon an "Arcana Force" monster, choose which effect to apply without tossing a coin. If an "Arcana Force" monster destroys an opponent's monster by battle, you gain Life Points equal to the destroyed monster's original ATK.$Supports archetypes /Arcana Force$$Activates when it destroys a monster by battle$Trigger-like/Continuous-like$
00691925$Solar Recharge$Unlimited$SPELL$$$$$$$$$$$$Discard 1 "Lightsworn" monster; draw 2 cards, then send the top 2 cards of your Deck to the GY.$Supports archetypes /Lightsworn$$Discards for cost/You draw cards/Sends from your Deck to your Graveyard$Cost/Effect$
36099620$Realm of Light$Unlimited$SPELL$$$$$$$$$Field$$$Each time a card(s) is sent from your Deck to the Graveyard, place 1 Shine Counter on this card. All "Lightsworn" monsters gain 100 ATK for each Shine Counter on this card. If this card would be destroyed by a card effect, remove 2 Shine Counters from this card instead.$Supports archetypes /Lightsworn$$$Continuous-like$
02084239$Wetlands$Unlimited$SPELL$$$$$$$$$Field$$$All Aqua-Type/WATER/Level 2 or lower monsters gain 1200 ATK.$Aqua/WATER/Level 1 Monster Cards/Level 2 Monster Cards$$$Continuous-like$
49479374$Quick Charger$Unlimited$SPELL$$$$$$$$$Quick-Play$$$Add 2 Level 4 or lower "Batteryman" monsters from your Graveyard to your hand.$Supports archetypes /Batteryman$$Adds from Graveyard to hand$Effect$
75967082$Short Circuit$Unlimited$SPELL$$$$$$$$$$$$Activate only if you control 3 or more "Batteryman" monsters. Destroy all cards your opponent controls.$Supports archetypes /Batteryman$$$Activation requirement/Effect$
02362787$Light of Redemption$Unlimited$SPELL$$$$$$$$$$$$Pay 800 Life Points, then target 1 of your banished LIGHT monsters; add that target to your hand.$LIGHT$$Adds banished cards to the hand$Cost/Effect$
48356796$Mystical Cards of Light$Unlimited$SPELL$$$$$$$$$Continuous$$$You cannot use 1 of your Spell & Trap Card Zones. During your Draw Phase, if you control another "Mystical Cards of Light", you can draw 2 cards instead of 1 for your normal draw.$$$Increases normal draw$Continuous-like$
74741494$Level Tuning$Unlimited$SPELL$$$$$$$$$$$$Reduce the Level of all face-up monsters you control by 1, until the End Phase.$$$$Effect$
01149109$Deck Lockdown$Unlimited$SPELL$$$$$$$$$Continuous$$$Neither player can add cards from the Deck to their hand except by drawing them. Monsters cannot be Special Summoned from the Main Deck. Destroy this card during your 2nd Standby Phase after activation.$$$Prevents adding cards from Deck to hand$Continuous-like/Condition$
37534148$Ribbon of Rebirth$Unlimited$SPELL$$$$$$$$$Equip$$$During the End Phase, if the equipped monster was destroyed by battle and sent to the Graveyard this turn: Special Summon it from the Graveyard to your side of the field.$$$Activates if destroyed by battle/Activates from your Graveyard$Trigger-like$
74029853$Golden Bamboo Sword$Unlimited$SPELL$$$$$$$$$$$$If you control a "Bamboo Sword" Equip Spell: Draw 2 cards.$Supports archetypes /Bamboo Sword$$You draw cards$Activation requirement/Effect$
00027551$Limit Reverse$Unlimited$TRAP$$$$$$$$$Continuous$$$Target 1 monster with 1000 or less ATK in your Graveyard; Special Summon it in Attack Position. If the target is changed to Defense Position, destroy it and this card. When this card leaves the field, destroy the target. When the target is destroyed, destroy this card.$$$$Effect/Continuous-like$
37412656$Hero Blast$Unlimited$TRAP$$$$$$$$$$$$Target 1 "Elemental HERO" Normal Monster in your Graveyard; add that target to your hand, then if your opponent controls any monsters with ATK less than or equal to that target's ATK, destroy 1 of them.$Supports archetypes /Elemental HERO$$Returns from your Graveyard to your hand$Effect$
63806265$Rainbow Gravity$Unlimited$TRAP$$$$$$$$$$$$If you have 7 "Crystal Beast" cards with different names on your field and/or in your GY: Special Summon 1 "Ultimate Crystal" monster from your Deck or GY, ignoring its Summoning conditions.$Supports archetypes /Crystal Beast/Ultimate Crystal$$$Activation requirement/Effect$
09201964$D - Fortune$Unlimited$TRAP$$$$$$$$$$$$When your opponent declares a direct attack: Banish 1 "Destiny HERO" monster from your Graveyard; end the Battle Phase.$Supports archetypes /Destiny HERO$$Activates upon attack declaration/Ends the Battle Phase$Activation requirement/Cost/Effect$
36690018$Reversal of Fate$Unlimited$TRAP$$$$$$$$$$$$Select 1 "Arcana Force" monster you control. That monster's effect is now treated as the opposite coin toss result.$Supports archetypes /Arcana Force$$Changes coin toss result$Effect$
62784717$Tour of Doom$Unlimited$TRAP$$$$$$$$$Continuous$$$During your opponent's Standby Phase, toss a coin:●Heads: Your opponent cannot Normal or Flip Summon until the End Phase.●Tails: You cannot Normal or Flip Summon during your next turn.$$$$Trigger-like$
99189322$Arcana Call$Unlimited$TRAP$$$$$$$$$$$$Select 1 "Arcana Force" monster you control. Remove from play 1 "Arcana Force" monster from either player's Graveyard. Until the End Phase, the selected monster's effect becomes the removed monster's effect for the same coin toss result.$Supports archetypes /Arcana Force$$$Effect$
35577420$Light Spiral$Unlimited$TRAP$$$$$$$$$Continuous$$$Each time a card(s) is sent from your Deck to the Graveyard by the effect of a "Lightsworn" monster, remove from play the top card of your opponent's Deck.$Supports archetypes /Lightsworn$$$Trigger-like$
61962135$Glorious Illusion$Unlimited$TRAP$$$$$$$$$Continuous$$$Activate this card by targeting 1 "Lightsworn" monster in your Graveyard; Special Summon that target in face-up Attack Position. During each of your End Phases: Send the top 2 cards of your Deck to the Graveyard. When this card leaves the field, destroy that monster. When that monster leaves the field, destroy this card.$Supports archetypes /Lightsworn$$Sends from the top of your Deck to your Graveyard$Effect/Trigger-like/Continuous-like$
98956134$Destruction Jammer$Unlimited$TRAP$$$$$$$$$Counter$$$Discard 1 card. Negate the activation of a Spell Card, Trap Card, or Effect Monster's effect that destroys a monster(s) on the field, and destroy that card.$$$Discards for Cost$Cost/Effect$
34351849$Froggy Forcefield$Unlimited$TRAP$$$$$$$$$$$$Activate only when a face-up "Frog" monster you control, except "Frog the Jam", is selected as an attack target. Destroy all Attack Position monsters your opponent controls.$Supports archetypes /Frog$$Activates upon attack declaration$Activation requirement/Effect$
61840587$Portable Battery Pack$Unlimited$TRAP$$$$$$$$$Continuous$$$Select 2 "Batteryman" monsters from your Graveyard and Special Summon them in Attack Position. When this card is removed from the field, destroy those monsters. When both of those monsters have been removed from the field, destroy this card.$Supports archetypes /Batteryman$$$Effect/Continuous-like$
97234686$Gladiator Lash$Unlimited$TRAP$$$$$$$$$$$$Activate only when you Special Summon a "Gladiator Beast" monster. Your opponent discards 1 card of their choice.$Supports archetypes /Gladiator Beast$$Your opponent discards$Activation requirement/Effect$
23639291$Raging Cloudian$Unlimited$TRAP$$$$$$$$$$$$Activate only when a "Cloudian" monster(s) you control is destroyed by its own effect and sent to the Graveyard. Special Summon 1 of those monsters from your Graveyard in Attack Position and place 1 Fog Counter on it. It cannot be changed to Defense Position by a card effect.$Supports archetypes /Cloudian$$Activates if destroyed by card effect/Prevents battle position changes$Activation requirement/Effect$
60627999$Sanguine Swamp$Unlimited$TRAP$$$$$$$$$Continuous$$$If you control any other Spell or Trap Cards, destroy this card. Face-down Spell and Trap Cards cannot be activated. Destroy this card during your 2nd Standby Phase after activation.$$$$Continuous-like$
96012004$Lucky Chance$Unlimited$TRAP$$$$$$$$$Continuous$$$Once per Chain, if a monster effect is activated that tosses a coin once: Call heads or tails. If your call matches the coin toss for that monster effect, draw 1 card immediately after that effect resolves.$Coin toss$Coin toss$You draw cards$Quick-like$
23516703$Summon Limit$Unlimited$TRAP$$$$$$$$$Continuous$$$Neither player can Summon more than two times per turn. (Negated Summons count toward this limit. Negated cards/effects that would Summon do not count.)$$$$Continuous-like$
59905358$Dice Try!$Unlimited$TRAP$$$$$$$$$Counter$$$When your opponent activates a Spell/Trap Card, or monster effect, that requires a dice roll: Negate the activation, and if you do, destroy it.$$$$Activation requirement/Effect$
07183277$Aurkus, Lightsworn Druid$Unlimited$LIGHT$[Beast-Warrior/Effect]$$$$$3$1200$1800$$$$Neither player can target "Lightsworn" monsters (anywhere) with card effects. During each of your End Phases: Send the top 2 cards of your Deck to the Graveyard.$Supports archetypes /Lightsworn$$Sends from the top of your Deck to your Graveyard$Continuous/Trigger$
44178886$Ehren, Lightsworn Monk$Unlimited$LIGHT$[Warrior/Effect]$$$$$4$1600$1000$$$$If this card attacks a Defense Position monster, before damage calculation: Shuffle that monster into the Deck. Once per turn, during your End Phase: Send the top 3 cards of your Deck to the Graveyard.$$$Returns from your opponent's field to your opponent's Deck/Sends from the top of your Deck to your Graveyard$Trigger$
70676581$Dark General Freed$Unlimited$DARK$[Warrior/Effect]$$$$$5$2300$1700$$$$Cannot be Special Summoned. Negate any Spell effects that target a face-up DARK monster(s) you control, and if you do, destroy that Spell Card. During your Draw Phase, instead of conducting your normal draw: You can add 1 Level 4 DARK monster from your Deck to your hand. This card must be face-up on the field to activate and to resolve this effect.$DARK$$Adds from Deck to hand/Replaces normal draw$Summon/Continuous/Trigger$
06061630$Magical Exemplar$Unlimited$EARTH$[Spellcaster/Effect]$$$$$4$1700$1400$$$$Each time a Spell Card is activated, place 2 Spell Counters on this card when that Spell resolves. Once per turn: You can remove any number of Spell Counters from this card; Special Summon 1 Spellcaster monster from your hand or GY whose Level is equal to the number of Spell Counters you removed.$Spellcaster$$$Continuous/Ignition$
33455338$Maniacal Servant$Unlimited$DARK$[Spellcaster/Effect]$$$$$3$600$1000$$$$Once per turn during your opponent's Standby Phase, you can remove from play any number of DARK monsters from your Graveyard. This monster gains 500 DEF for each monster you removed, until the End Phase.$DARK$$$Trigger$
57844634$Nimble Musasabi$Unlimited$EARTH$[Beast/Effect]$$$$$2$800$100$$$$When this card is destroyed by battle and sent to the Graveyard, inflict 500 damage to your opponent. You can also Special Summon up to 2 "Nimble Musasabi" from your Deck to you opponent's side of the field in face-up Attack Position. This card cannot be Tributed for a Tribute Summon.$$$Activates if destroyed by battle/Activates from your Graveyard$Trigger/Continuous$
79444933$Flame Spirit Ignis$Unlimited$FIRE$[Pyro/Effect]$$$$$4$1500$1200$$$$You can Tribute 1 face-up FIRE monster to inflict 100 damage to your opponent for each FIRE monsters in your Graveyard.$FIRE$$Tributes for cost$Ignition$
06849042$Super-Ancient Dinobeast$Unlimited$EARTH$[Dinosaur/Effect]$$$$$8$2700$1400$$$$You can Tribute Summon this card in face-up Attack Position by Tributing 1 Dinosaur monster. When a Dinosaur monster(s) is Special Summoned from your GY while this monster is on the field (except during the Damage Step): You can draw 1 card.$Dinosaur$$You draw cards$Summon/Trigger$
32233746$Vanquishing Light$Unlimited$TRAP$$$$$$$$$Counter$$$When a monster(s) would be Summoned: Tribute 1 "Lightsworn" monster; negate the Summon, and if you do, destroy that monster(s).$Supports archetypes /Lightsworn$$Tributes for cost$Activation requirement/Cost/Effect$
27769400$Tualatin$Unlimited$LIGHT$[Fairy/Effect]$$$$$8$2800$2500$$$$If it is your opponent's Battle Phase, and all monsters you controlled at the start of this Battle Phase (min. 2) have been destroyed by battle and sent to the Graveyard: You can Special Summon this card from your hand. If Summoned this way: Choose an Attribute and destroy all face-up monsters with that Attribute. Your opponent cannot Normal or Special Summon monsters with that Attribute.$$$$Trigger/Continuous$
57902462$Divine Knight Ishzark$Unlimited$LIGHT$[Warrior/Effect]$$$$$6$2300$1800$$$$After damage calculation, when this card destroys a monster by battle: Banish that monster.$$$$Trigger$
56784842$Angel O7$Unlimited$LIGHT$[Fairy/Effect]$$$$$7$2500$1500$$$$If this card is Tribute Summoned, it gains this effect:●Neither player can activate monster effects.$$$$Continuous$
60399954$Union Attack$Unlimited$SPELL$$$$$$$$$$$$Target 1 face-up monster you control; add up the total ATK of all other face-up Attack Position monsters you currently control, then during the Battle Phase of this turn only, the monster gains that much ATK, but cannot inflict Battle Damage to your opponent, also other face-up Attack Position monsters cannot attack.$$$$Effect$
09720537$Owner's Seal$Unlimited$SPELL$$$$$$$$$$$$Return control of all monsters on the field to their owners.$$$Changes control$Effect$
17286057$Helios Trice Megistus$Unlimited$LIGHT$[Pyro/Effect]$$$$$8$?$?$$$$You can Special Summon this card by Tributing 1 "Helios Duo Megistus". This card's ATK and DEF are each equal to the number of removed from play monsters x 300. After this card attacks, it can attack once more if your opponent controls a monster. If this card is destroyed by battle and sent to the Graveyard, Special Summon it during the End Phase and it gains 500 ATK and DEF.$Helios Duo Megistus$$Tributes for cost/Activates if destroyed by battle/Activates from your Graveyard$Summon/Continuous/Trigger$
76895648$Dangerous Machine Type-6$Unlimited$SPELL$$$$$$$$$Continuous$$$During each of your Standby Phases: Roll a six-sided die and apply the result.●1: Discard 1 card.●2: Your opponent discards 1 card.●3: Draw 1 card.●4: Your opponent draws 1 card.●5: Destroy 1 monster your opponent controls.●6: Destroy this card.$$$Discards for effect/You discard/Your opponent discards/You draw cards/Your opponent draws cards$Trigger-like$
30707994$Maximum Six$Unlimited$EARTH$[Warrior/Effect]$$$$$6$1900$1600$$$$When this card is Tribute Summoned: Roll a six-sided die, and this card gains ATK equal to the result x 200.$$$Activates upon Tribute Summon$Trigger$
06614221$Fog King$Unlimited$WATER$[Spellcaster/Effect]$$$$$7$0$0$$$$You can Tribute 1 monster, or no monsters, to Normal Summon (but not Set) this card. The ATK of this card becomes the combined original ATK of the Tributed monsters. Neither player can Tribute cards.$$$Prevents the player's Tributes/Prevents the opponent's Tributes/Cannot be Tributed$Summon/Continuous$
42009836$Fossil Dyna Pachycephalo$Unlimited$EARTH$[Rock/Effect]$$$$$4$1200$1300$$$$If this card is flipped face-up: Destroy all Special Summoned monsters on the field. Neither player can Special Summon monsters.$$Special Summon$$Trigger/Continuous$
