Passcode$Name$Status$Attribute$type$link$link_arrows$rank$pendulum_scale$level$attack$defense$spell_attribute$summoning_condition$pendulum_condition$card_text$card_supports$card_anti_supports$card_actions$effect_types$
55794644$Master Hyperion$Unlimited$LIGHT$[Fairy/Effect]$$$$$8$2700$2100$$$$You can Special Summon this card (from your hand) by banishing 1 "The Agent" monster from your hand, field, or GY. Once per turn: You can banish 1 LIGHT Fairy monster from your GY, then target 1 card on the field; destroy that target. While "The Sanctuary in the Sky" is on the field, you can activate this effect up to twice per turn.$Supports archetypes /The Agent$$$Summon/Ignition/Condition$
91188343$The Agent of Mystery - Earth$Unlimited$LIGHT$[Fairy/Tuner/Effect]$$$$$2$1000$800$$$$When this card is Normal Summoned: You can add 1 "The Agent" monster from your Deck to your hand, except "The Agent of Mystery - Earth" or, if "The Sanctuary in the Sky" is on the field, you can add 1 "Master Hyperion" from your Deck to your hand instead.$Supports archetypes /The Agent$$Adds from Deck to hand$Trigger$
28573958$The Agent of Miracles - Jupiter$Unlimited$LIGHT$[Fairy/Effect]$$$$$4$1800$1000$$$$Once per turn: You can banish 1 "The Agent" monster from your GY, then target 1 LIGHT Fairy monster you control; that target gains 800 ATK until the end of this turn. Once per turn: You can discard 1 Fairy monster, then target 1 of your banished LIGHT Fairy monsters; Special Summon it. "The Sanctuary in the Sky" must be on the field to activate and to resolve this effect.$Supports archetypes /The Agent$$Discards for cost$Ignition$
91345518$The Agent of Judgment - Saturn$Unlimited$LIGHT$[Fairy/Effect]$$$$$6$2400$0$$$$While your LP are higher than your opponent's: You can Tribute this card; inflict damage to your opponent equal to the difference. You must control "The Sanctuary in the Sky" to activate and to resolve this effect. You cannot conduct your Battle Phase the turn you activate this effect.$The Sanctuary in the Sky$$Tributes itself for cost/Cannot conduct Battle Phase$Ignition$
38730226$The Agent of Wisdom - Mercury$Unlimited$LIGHT$[Fairy/Effect]$$$$$4$0$1700$$$$Once per turn, during your Standby Phase, if you controlled this face-up card in your Monster Zone and had no cards in your hand at the end of the opponent's last turn: Draw 1 card.$$$You draw cards$Trigger$
64734921$The Agent of Creation - Venus$Unlimited$LIGHT$[Fairy/Effect]$$$$$3$1600$0$$$$You can pay 500 LP; Special Summon 1 "Mystical Shine Ball" from your hand or Deck.$Mystical Shine Ball$$$Ignition$
91123920$The Agent of Force - Mars$Unlimited$LIGHT$[Fairy/Effect]$$$$$3$0$0$$$$Unaffected by Spell Cards or effects. While you control "The Sanctuary in the Sky" and your LP are higher than your opponent's, this card gains ATK/DEF equal to the difference.$$$$Continuous$
39552864$Mystical Shine Ball$Unlimited$LIGHT$[Fairy/Normal]$$$$$2$500$500$$$$A soul of light covered by mystical shine. When you see its beautiful shape, your dream will come true.$$$$$
05645210$Splendid Venus$Unlimited$LIGHT$[Fairy/Effect]$$$$$8$2800$2400$$$$All non-Fairy monsters lose 500 ATK/DEF. The activation and effects of Spell/Trap Cards activated on your field cannot be negated.$Fairy$$Prevents the negation of activations/Prevents the negation of card effects$Continuous$
87148330$Tethys, Goddess of Light$Unlimited$LIGHT$[Fairy/Effect]$$$$$5$2400$1800$$$$When you draw a Fairy monster(s) (except during the Damage Step): You can reveal 1 of those monsters; draw 1 card. This card must be face-up on the field to activate and to resolve this effect.$Fairy$$Reveals your hand for cost/You draw cards$Trigger$
75162696$Victoria$Unlimited$LIGHT$[Fairy/Effect]$$$$$4$1800$1500$$$$Once per turn: You can target 1 Dragon-Type monster in your opponent's Graveyard; Special Summon that target to your side of the field. Your opponent cannot target face-up Fairy-Type monsters for attacks, except this one.$Fairy$Dragon$$Ignition/Continuous$
48964966$Athena$Unlimited$LIGHT$[Fairy/Effect]$$$$$7$2600$800$$$$If another Fairy monster(s) is Summoned: Inflict 600 damage to your opponent. Once per turn: You can send 1 face-up Fairy monster you control to the GY, except "Athena", then target 1 Fairy monster in your GY, except "Athena"; Special Summon that target.$Fairy$$Activates upon Normal Summon/Activates upon Flip Summon/Activates upon Special Summon/Sends from field to Graveyard for cost$Trigger/Ignition$
31305911$Marshmallon$Unlimited$LIGHT$[Fairy/Effect]$$$$$3$300$500$$$$Cannot be destroyed by battle. After damage calculation, if this card was attacked, and was face-down at the start of the Damage Step: The attacking player takes 1000 damage.$$$$Continuous/Trigger$
74968065$Hecatrice$Unlimited$LIGHT$[Fairy/Effect]$$$$$4$1500$1100$$$$You can discard this card to the GY; add 1 "Valhalla, Hall of the Fallen" from your Deck to your hand.$Valhalla, Hall of the Fallen$$Activates from your hand/Discards itself for cost/Adds from Deck to hand$Ignition$
95956346$Shining Angel$Unlimited$LIGHT$[Fairy/Effect]$$$$$4$1400$800$$$$When this card is destroyed by battle and sent to the Graveyard: You can Special Summon 1 LIGHT monster with 1500 or less ATK from your Deck, in face-up Attack Position.$LIGHT$$Activates from your Graveyard$Trigger$
77527210$Soul of Purity and Light$Unlimited$LIGHT$[Fairy/Effect]$$$$$6$2000$1800$$$$This card cannot be Normal Summoned or Set. This card can only be Special Summoned by removing from play 2 LIGHT monsters in your Graveyard. All monsters your opponent controls lose 300 ATK during their Battle Phase only.$LIGHT$$$Summon/Continuous$
18036057$Airknight Parshath$Unlimited$LIGHT$[Fairy/Effect]$$$$$5$1900$1400$$$$If this card attacks a Defense Position monster, inflict piercing battle damage. If this card inflicts battle damage to your opponent: Draw 1 card.$$$Activates when it inflicts battle damage/You draw cards$Continuous/Trigger$
48783998$Nova Summoner$Unlimited$LIGHT$[Fairy/Effect]$$$$$4$1400$800$$$$When this card is destroyed by battle and sent to the GY: You can Special Summon 1 LIGHT Fairy monster with 1500 or less ATK from your Deck. If "The Sanctuary in the Sky" is on the field, you can Special Summon 1 "Airknight Parshath" instead.$LIGHT/Fairy/The Sanctuary in the Sky/Airknight Parshath$$Activates if destroyed by battle/Activates from your Graveyard$Trigger$
12171659$Zeradias, Herald of Heaven$Unlimited$LIGHT$[Fairy/Effect]$$$$$4$2100$800$$$$You can discard this card to the GY; add 1 "The Sanctuary in the Sky" from your Deck to your hand. If "The Sanctuary in the Sky" is not on the field, destroy this card.$The Sanctuary in the Sky$$Adds from Deck to hand/Discards itself for cost$Ignition/Continuous$
37742478$Honest$Unlimited$LIGHT$[Fairy/Effect]$$$$$4$1100$1900$$$$During your Main Phase: You can return this face-up card from the field to the hand. During the Damage Step, when a LIGHT monster you control battles (Quick Effect): You can send this card from your hand to the GY; that monster gains ATK equal to the ATK of the opponent's monster it is battling, until the end of this turn.$LIGHT$$Returns itself from field to hand/Sends itself from hand to Graveyard for cost$Ignition/Quick$
20450925$Hanewata$Unlimited$LIGHT$[Fairy/Tuner/Effect]$$$$$1$200$300$$$$(Quick Effect): You can discard this card; you take no effect damage this turn.$$$Activates from your hand/Discards itself for cost$Quick$
02980764$Consecrated Light$Unlimited$LIGHT$[Fairy/Effect]$$$$$1$0$0$$$$Neither player can Normal or Special Summon DARK monsters or declare an attack with a DARK monster. This card cannot be destroyed by battle with a DARK monster, also you take no battle damage from that battle.$$DARK$$Continuous$
54977057$Cards from the Sky$Unlimited$SPELL$$$$$$$$$$$$Banish 1 LIGHT Fairy monster in your hand, and if you do, draw 2 cards. You cannot Special Summon or conduct your Battle Phase the turn you activate this card.$LIGHT/Fairy$$You draw cards/Cannot conduct Battle Phase$Effect$
01353770$Valhalla, Hall of the Fallen$Unlimited$SPELL$$$$$$$$$Continuous$$$Once per turn: You can Special Summon 1 Fairy monster from your hand. You must control no monsters to activate and to resolve this effect.$Fairy$$$Ignition-like/Condition$
73628505$Terraforming$Limited$SPELL$$$$$$$$$$$$Add 1 Field Spell from your Deck to your hand.$Field Spell Card$$Adds from Deck to hand$Effect$
97169186$Smashing Ground$Unlimited$SPELL$$$$$$$$$$$$Destroy the 1 face-up monster your opponent controls that has the highest DEF (your choice, if tied).$$$$Effect$
56433456$The Sanctuary in the Sky$Unlimited$SPELL$$$$$$$$$Field$$$Battle damage to the controller of a Fairy monster from a battle involving that monster becomes 0.$Fairy$$$Continuous-like$
28890974$Celestial Transformation$Unlimited$SPELL$$$$$$$$$Quick-Play$$$Special Summon 1 Fairy monster from your hand. That monster's ATK is halved, also it is destroyed during the End Phase.$Fairy$$$Effect/Condition$
48976825$Burial from a Different Dimension$Unlimited$SPELL$$$$$$$$$Quick-Play$$$Target up to 3 banished monsters; return them to the GY.$$$Returns the player's banished cards to the Graveyard/Returns the opponent's banished cards to the Graveyard$Effect$
80921533$Mausoleum of the Emperor$Unlimited$SPELL$$$$$$$$$Field$$$During the Main Phase: The turn player can activate these effect(s).●Pay 1000 LP; immediately after this effect resolves, Normal Summon 1 monster from your hand that requires 1 Tribute, without Tributing.●Pay 2000 LP; immediately after this effect resolves, Normal Summon 1 monster from your hand that requires 2 Tributes, without Tributing.(This is their one Normal Summon/Set for that turn.)$$$$Ignition-like$
86780027$Solidarity$Unlimited$SPELL$$$$$$$$$Continuous$$$If you have only 1 original Type of monster in your Graveyard, all monsters you control with the same Type gain 800 ATK.$$$$Continuous-like$
92223641$The Fountain in the Sky$Unlimited$SPELL$$$$$$$$$Continuous$$$When a LIGHT monster is destroyed by battle and sent to your Graveyard, you can remove that monster from play to gain Life Points equal to its ATK.$LIGHT$$$Trigger-like$
81066751$Divine Punishment$Unlimited$TRAP$$$$$$$$$Counter$$$When a Spell/Trap Card, or monster effect, is activated, while "The Sanctuary in the Sky" is on the field: Negate the activation, and if you do, destroy it.$The Sanctuary in the Sky$$$Activation requirement/Effect$
27174286$Return from the Different Dimension$Forbidden(OCG)$TRAP$$$$$$$$$$$$Pay half your Life Points. Special Summon as many of your removed from play monsters as possible. During the End Phase, remove from play all monsters that were Special Summoned by this effect.$$$$Activation requirement/Effect/Lingering$
53582587$Torrential Tribute$Unlimited$TRAP$$$$$$$$$$$$When a monster(s) is Summoned: Destroy all monsters on the field.$$$$Activation requirement/Effect$
16255442$Beckoning Light$Unlimited$TRAP$$$$$$$$$$$$Discard your entire hand, then for each card you discarded to the GY by this effect, add 1 LIGHT monster from your GY to your hand.$LIGHT$$Discards for effect/Adds from Graveyard to hand$Effect$
80551130$Miraculous Descent$Unlimited$TRAP$$$$$$$$$Continuous$$$Target 1 of your banished Fairy monsters; Special Summon it. When this card leaves the field, destroy that monster. When that monster is destroyed, destroy this card.$Fairy$$$Effect/Continuous-like$
41420027$Solemn Judgment$Unlimited$TRAP$$$$$$$$$Counter$$$When a monster(s) would be Summoned, OR a Spell/Trap Card is activated: Pay half your LP; negate the Summon or activation, and if you do, destroy that card.$$$$Activation requirement/Cost/Effect$
