Passcode$Name$Status$Attribute$type$link$link_arrows$rank$pendulum_scale$level$attack$defense$spell_attribute$summoning_condition$pendulum_condition$card_text$card_supports$card_anti_supports$card_actions$effect_types$
05556499$Machina Fortress$Unlimited$EARTH$[Machine/Effect]$$$$$7$2500$1600$$$$You can discard Machine monster(s) whose total Levels equal 8 or more, then Special Summon this card (from your hand or GY). If this card is destroyed by battle and sent to the GY: Target 1 card your opponent controls; destroy that target. Before resolving an opponent's monster effect that targets this face-up card, look at your opponent's hand and discard 1 card from their hand.$Machine$Effect Monster$Activates from your hand/Activates from your Graveyard/Discards for cost/Activates if destroyed by battle/Reveals your opponent's hand/Your opponent discards$Unclassified/Trigger/Continuous$
42940404$Machina Gearframe$Unlimited$EARTH$[Machine/Union/Effect]$$$$$4$1800$0$$$$When this card is Normal Summoned: You can add 1 "Machina" monster from your Deck to your hand, except "Machina Gearframe". Once per turn, you can either: Target 1 Machine monster you control; equip this card to that target, OR: Unequip this card and Special Summon it. If the equipped monster would be destroyed by battle or card effect, destroy this card instead.$Supports archetypes /Machina$Union monster$Activates upon Normal Summon/Equips self from field/Adds from Deck to hand$Trigger/Ignition/Ignition-like/Condition/Continuous-like$
78349103$Machina Peacekeeper$Unlimited$EARTH$[Machine/Union/Effect]$$$$$2$500$400$$$$When this card on the field is destroyed and sent to the GY: You can add 1 Union monster from your Deck to your hand. Once per turn, you can either: Target 1 Machine monster you control; equip this card to that target, OR: Unequip this card and Special Summon it. If the equipped monster would be destroyed by battle or card effect, destroy this card instead.$Union monster/Machine$Union monster$Activates if destroyed by battle/Activates if destroyed by card effect/Activates from your Graveyard/Adds from Deck to hand/Equips self from field$Trigger/Ignition/Ignition-like/Condition/Continuous-like$
04334811$Scrap Recycler$Unlimited$EARTH$[Machine/Effect]$$$$$3$900$1200$$$$When this card is Normal or Special Summoned: You can send 1 Machine monster from your Deck to the GY. Once per turn: You can shuffle 2 Level 4 EARTH Machine monsters from your GY into the Deck; draw 1 card.$Machine/EARTH$$Activates upon Normal Summon/Activates upon Special Summon/Sends from your Deck to your Graveyard/Returns from Graveyard to Deck for cost/You draw cards$Trigger/Ignition$
22666164$Commander Covington$Unlimited$EARTH$[Machine/Effect]$$$$$4$1000$600$$$$You can send 1 face-up "Machina Soldier", "Machina Sniper", and "Machina Defender" you control to the GY; Special Summon 1 "Machina Force" from your hand or Deck.$Machina Soldier/Machina Sniper/Machina Defender/Machina Force$$Sends from field to Graveyard for cost$Ignition$
60999392$Machina Soldier$Unlimited$EARTH$[Machine/Effect]$$$$$4$1600$1500$$$$When this card is Normal Summoned while you control no other monsters: You can Special Summon 1 "Machina" monster from your hand, except "Machina Soldier".$Supports archetypes /Machina$$Activates upon Normal Summon$Trigger$
23782705$Machina Sniper$Unlimited$EARTH$[Machine/Effect]$$$$$4$1800$800$$$$Monsters cannot attack "Machina" monsters, except "Machina Sniper".$Supports archetypes /Machina$$$Continuous$
96384007$Machina Defender$Unlimited$EARTH$[Machine/Flip/Effect]$$$$$4$1200$1800$$$$FLIP: Add 1 "Commander Covington" from your Deck to your hand.$Commander Covington$$Adds from Deck to hand$Flip$
58054262$Machina Force$Unlimited$EARTH$[Machine/Effect]$$$$$10$4600$4100$$$$Cannot be Normal Summoned/Set. Must be Special Summoned by "Commander Covington". You must pay 1000 LP to declare an attack with this card. You can send this card you control to the GY, then target 1 "Machina Soldier", "Machina Sniper", and "Machina Defender" in your GY; Special Summon those targets.$Commander Covington/Machina Soldier/Machina Sniper/Machina Defender$$Sends itself from field to Graveyard for cost$Summon/Continuous/Ignition$
$Cipher Soldier (Updated from: Kinetic Soldier)$$EARTH$[Machine/Effect]$$$$$3$1350$1800$$$$If this card battles a Warrior-Type monster, during damage calculation: This card gains 2000 ATK and DEF during that damage calculation only.$$$$$
26302522$Blast Sphere$Unlimited$DARK$[Machine/Effect]$$$$$4$1400$1400$$$$If this face-down Defense Position card was attacked by an opponent's monster, before damage calculation: Equip this card to the attacking monster. Then, during your opponent's next Standby Phase: Destroy the monster this card is equipped to, and if you do, inflict damage to your opponent equal to the ATK the destroyed monster had on the field.$$$Equips self from field$Trigger/Trigger-like$
23265594$Heavy Mech Support Platform$Unlimited$DARK$[Machine/Union/Effect]$$$$$3$500$500$$$$Once per turn, you can either: Target 1 Machine monster you control; equip this card to that target, OR: Unequip this card and Special Summon it. A monster equipped with this card gains 500 ATK/DEF, also if the equipped monster would be destroyed by battle or card effect, destroy this card instead.$Machine$$Equips self from field$Ignition/Ignition-like/Continuous-like$
70095154$Cyber Dragon$Unlimited$LIGHT$[Machine/Effect]$$$$$5$2100$1600$$$$If only your opponent controls a monster, you can Special Summon this card (from your hand).$$$Activates from your hand$Unclassified$
26439287$Proto-Cyber Dragon$Unlimited$LIGHT$[Machine/Effect]$$$$$3$1100$600$$$$This card's name becomes "Cyber Dragon" while on the field.$Cyber Dragon$$$Continuous$
41172955$Green Gadget$Unlimited$EARTH$[Machine/Effect]$$$$$4$1400$600$$$$When this card is Normal or Special Summoned: You can add 1 "Red Gadget" from your Deck to your hand.$Red Gadget$$Activates upon Normal Summon/Activates upon Special Summon/Adds from Deck to hand$Trigger$
86445415$Red Gadget$Unlimited$EARTH$[Machine/Effect]$$$$$4$1300$1500$$$$When this card is Normal or Special Summoned: You can add 1 "Yellow Gadget" from your Deck to your hand.$Yellow Gadget$$Activates upon Normal Summon/Activates upon Special Summon/Adds from Deck to hand$Trigger$
13839120$Yellow Gadget$Unlimited$EARTH$[Machine/Effect]$$$$$4$1200$1200$$$$When this card is Normal or Special Summoned: You can add 1 "Green Gadget" from your Deck to your hand.$Green Gadget$$Activates upon Normal Summon/Activates upon Special Summon/Adds from Deck to hand$Trigger$
67159705$Armored Cybern$Unlimited$WIND$[Machine/Union/Effect]$$$$$4$0$2000$$$$Once per turn, you can either: Target 1 "Cyber Dragon" you control, or 1 Fusion Monster you control that lists "Cyber Dragon" as Fusion Material; equip this card to that target, OR: Unequip this card and Special Summon it. Once per turn, while equipped to a monster by this effect: You can target 1 face-up monster on the field; the equipped monster loses exactly 1000 ATK (even if this card leaves the field), and if it does, destroy that target. If the equipped monster would be destroyed by battle or card effect, destroy this card instead.$Cyber Dragon$$Equips self from field$Ignition/Ignition-like/Continuous-like$
03657444$Cyber Valley$Unlimited$LIGHT$[Machine/Effect]$$$$$1$0$0$$$$You can activate 1 of these effects.●When this card is targeted for an attack: You can banish this card; draw 1 card, then end the Battle Phase.●You can target 1 face-up monster you control and this card; banish both those targets, then draw 2 cards.●You can target 1 card in your GY; banish both this card and 1 card from your hand, then place that target on top of the Deck.$$$You draw cards/Ends the Battle Phase/Returns from your Graveyard to your Deck$Condition/Trigger/Ignition$
34004470$The Big Saturn$Unlimited$DARK$[Machine/Effect]$$$$$8$2800$2200$$$$Cannot be Special Summoned from the hand or Deck. Once per turn: You can discard 1 card and pay 1000 Life Points; this card gains 1000 ATK until the End Phase. When this card in your possession is destroyed by your opponent's card effect and sent to your Graveyard: Both players take damage equal to this card's ATK in the Graveyard.$$$Discards for cost$Summon/Ignition/Trigger$
31828916$Machina Armored Unit$Unlimited$SPELL$$$$$$$$$Continuous$$$Once per turn, when a Machine monster is destroyed by battle and sent to your GY: You can Special Summon 1 Machine monster from your Deck that has the same Attribute and less ATK than that destroyed monster in the GY.$Machine$$Activates if destroyed by battle$Trigger-like$
43711255$Prohibition$Unlimited$SPELL$$$$$$$$$Continuous$$$Activate by declaring 1 card name. Cards with that name, and their effects, cannot be used. Cards already on the field are not affected (including face-down cards).$$$Declares a card name$Continuous-like/Condition$
72302403$Swords of Revealing Light$Unlimited$SPELL$$$$$$$$$$$$After this card's activation, it remains on the field, but you must destroy it during the End Phase of your opponent's 3rd turn. When this card is activated: If your opponent controls a face-down monster, flip all monsters they control face-up. While this card is face-up on the field, your opponent's monsters cannot declare an attack.$$$Flips monsters face-up$Condition/Effect/Continuous-like$
55713623$Shrink$Unlimited$SPELL$$$$$$$$$Quick-Play$$$Target 1 face-up monster on the field; its original ATK becomes halved until the end of this turn.$$$$Effect$
46181000$Frontline Base$Unlimited$SPELL$$$$$$$$$Continuous$$$Once per turn: You can Special Summon 1 Level 4 or lower Union monster from your hand.$Union monster$$$Ignition-like$
63995093$Machine Duplication$Unlimited$SPELL$$$$$$$$$$$$Target 1 Machine monster you control with 500 or less ATK; Special Summon up to 2 monsters from your Deck with the same name as that face-up monster.$Machine$$$Effect$
12247206$Inferno Reckless Summon$Unlimited$SPELL$$$$$$$$$Quick-Play$$$When exactly 1 monster with 1500 or less ATK is Special Summoned to your field while your opponent controls a face-up monster: Special Summon as many monsters as possible with the same name as the Summoned monster, from your hand, Deck, and Graveyard, in Attack Position, also your opponent Special Summons as many monsters as possible with the same name as 1 of their face-up monsters, from their hand, Deck, and Graveyard.$$$$Activation requirement/Effect$
74519184$Hand Destruction$Unlimited$SPELL$$$$$$$$$Quick-Play$$$Each player sends 2 cards from their hand to the GY, then draws 2 cards.$$$Sends from your hand to your Graveyard/Sends from your opponent's hand to your opponent's Graveyard/You draw cards/Your opponent draws cards$Effect$
48712195$Card Trader$Unlimited$SPELL$$$$$$$$$Continuous$$$Once per turn, during your Standby Phase: You can shuffle 1 card from your hand into the Deck; draw 1 card.$$$Returns from hand to Deck for cost/You draw cards$Trigger-like$
86780027$Solidarity$Unlimited$SPELL$$$$$$$$$Continuous$$$If you have only 1 original Type of monster in your Graveyard, all monsters you control with the same Type gain 800 ATK.$$$$Continuous-like$
80987696$Time Machine$Unlimited$TRAP$$$$$$$$$$$$When a monster is destroyed by battle and sent to the GY: Special Summon that monster to the same field it was on, in the same battle position it was in when destroyed.$$$Activates if destroyed by battle$Activation requirement/Effect$
70342110$Dimensional Prison$Unlimited$TRAP$$$$$$$$$$$$When an opponent's monster declares an attack: Target that attacking monster; banish that target.$$$Activates upon attack declaration$Activation requirement/Effect$
68540058$Metalmorph$Unlimited$TRAP$$$$$$$$$$$$Target 1 face-up monster on the field; equip this card to that target. It gains 300 ATK/DEF. If it attacks, it gains ATK equal to half the ATK of the attack target, during damage calculation only.$$$Equips self from field$Effect/Continuous-like$
12503902$Rare Metalmorph$Unlimited$TRAP$$$$$$$$$Continuous$$$Activate this card by targeting 1 Machine monster on the field; while this card is face-up on the field, that Machine monster gains 500 ATK, also negate the first Spell effect that targets that monster. When that monster leaves the field, destroy this card.$Machine$$$Continuous-like$
36468556$Ceasefire$Unlimited$TRAP$$$$$$$$$$$$If a face-down Defense Position monster or an Effect Monster is on the field: Change all face-down Defense Position monsters on the field to face-up Defense Position (Flip monsters' effects are not activated at this time), also inflict 500 damage to your opponent for each Effect Monster on the field.$$Flip monster$Flips monsters face-up$Activation requirement/Effect$
94192409$Compulsory Evacuation Device$Unlimited$TRAP$$$$$$$$$$$$Target 1 monster on the field; return that target to the hand.$$$Returns from field to hand$Effect$
91597389$Roll Out!$Unlimited$TRAP$$$$$$$$$$$$Target 1 Union monster in your GY; equip that target to an appropriate monster you control for that Union monster's effect.$Union monster$$Places cards from Graveyard in Spell & Trap Zone$Effect$
