Passcode$Name$Status$Attribute$type$link$link_arrows$rank$pendulum_scale$level$attack$defense$spell_attribute$summoning_condition$pendulum_condition$card_text$card_supports$card_anti_supports$card_actions$effect_types$
18486927$Ancient Gear Gadget$Unlimited$EARTH$[Machine/Effect]$$$$$4$500$2000$$$$If this card is Normal or Special Summoned: You can declare 1 card type (Monster, Spell, or Trap); this turn, if your monster attacks, your opponent cannot activate Spell/Trap Cards or monster effects (whichever was declared) until the end of the Damage Step. Once per turn: You can declare 1 "Gadget" monster's card name; until the End Phase, this card's name becomes that name.$Supports archetypes /Gadget$$Activates upon Normal Summon/Activates upon Special Summon/Declares a card type/Declares a card name$Trigger/Ignition$
44874522$Ancient Gear Reactor Dragon$Unlimited$EARTH$[Machine/Effect]$$$$$9$3000$3000$$$$If this card that was Tribute Summoned by Tributing an "Ancient Gear" monster attacks a Defense Position monster, inflict piercing battle damage. If this card was Tribute Summoned by Tributing a "Gadget" monster, it can make a second attack during each Battle Phase. If this card attacks, your opponent cannot activate Spell/Trap Cards and monster effects until the end of the Damage Step. At the end of the Damage Step, if this card attacked: You can destroy 1 Spell/Trap on the field.$Supports archetypes /Ancient Gear/Gadget$$$Unclassified/Continuous/Trigger$
81269231$Ancient Gear Hydra$Unlimited$EARTH$[Machine/Effect]$$$$$7$2700$1700$$$$At the end of the Damage Step, when this card that was Tribute Summoned by Tributing an "Ancient Gear" monster battles an opponent's monster, but the opponent's monster was not destroyed by the battle: You can banish that opponent's monster. If this card was Tribute Summoned by Tributing a "Gadget" monster, it can attack all monsters your opponent controls, once each. If an "Ancient Gear" monster you control attacks, your opponent cannot activate Spell/Trap Cards and monster effects until the end of the Damage Step.$Supports archetypes /Ancient Gear/Gadget$$$Trigger/Unclassified/Continuous$
17663375$Ancient Gear Wyvern$Unlimited$EARTH$[Machine/Effect]$$$$$4$1700$1200$$$$If this card is Normal or Special Summoned: You can add 1 "Ancient Gear" card from your Deck to your hand, except "Ancient Gear Wyvern", also you cannot Set cards for the rest of this turn. You can only use this effect of "Ancient Gear Wyvern" once per turn. If this card attacks, your opponent cannot activate monster effects until the end of the Damage Step.$Supports archetypes /Ancient Gear$$Adds from Deck to hand/Prevents your Sets$Trigger/Condition/Continuous$
50933533$Ancient Gear Gadjiltron Dragon$Unlimited$EARTH$[Machine/Effect]$$$$$8$3000$2000$$$$If this card attacks, your opponent cannot activate any Spell/Trap Cards until the end of the Damage Step. This card gains the appropriate effects if you Normal Summon it by Tributing these monsters.●Green Gadget: If this card attacks a Defense Position monster, inflict piercing battle damage to your opponent.●Red Gadget: If this card inflicts battle damage to your opponent: Inflict 400 damage to your opponent.●Yellow Gadget: If this card destroys an opponent's monster by battle: Inflict 600 damage to your opponent.$Green Gadget/Red Gadget/Yellow Gadget$$$Continuous/Condition/Trigger$
83104731$Ancient Gear Golem$Unlimited$EARTH$[Machine/Effect]$$$$$8$3000$3000$$$$Cannot be Special Summoned. If this card attacks, your opponent cannot activate any Spell/Trap Cards until the end of the Damage Step. If this card attacks a Defense Position monster, inflict piercing battle damage.$$$$Summon/Continuous$
86321248$Ancient Gear Gadjiltron Chimera$Unlimited$EARTH$[Machine/Effect]$$$$$6$2300$1300$$$$This card gains the appropriate effects if you Normal Summon it by Tributing these monsters.●Green Gadget: This card gains 300 ATK.●Red Gadget: If this card inflicts battle damage to your opponent by a direct attack: Inflict 500 damage to your opponent.●Yellow Gadget: If this card destroys an opponent's monster by battle: Inflict 700 damage to your opponent.$Green Gadget/Red Gadget/Yellow Gadget$$$Condition/Continuous/Trigger$
10509340$Ancient Gear Beast$Unlimited$EARTH$[Machine/Effect]$$$$$6$2000$2000$$$$Cannot be Special Summoned. If this card attacks, your opponent cannot activate any Spell/Trap Cards until the end of the Damage Step. Negate the effects of an opponent's monster destroyed by battle with this card (including in the GY).$$$$Summon/Continuous$
01953925$Ancient Gear Engineer$Unlimited$EARTH$[Machine/Effect]$$$$$5$1500$1500$$$$Negate any Trap effects that target this card, and if you do, destroy that Trap Card. If this card attacks, your opponent cannot activate any Spell/Trap Cards until the end of the Damage Step. At the end of the Damage Step, if this card attacked: Target 1 Spell/Trap your opponent controls; destroy that target.$$$$Continuous/Trigger$
39303359$Ancient Gear Knight$Unlimited$EARTH$[Machine/Gemini/Effect]$$$$$4$1800$500$$$$This card is treated as a Normal Monster while face-up on the field or in the GY. While this card is a Normal Monster on the field, you can Normal Summon it to have it become an Effect Monster with this effect.●If this card attacks, your opponent cannot activate any Spell/Trap Cards until the end of the Damage Step.$$$$Unclassified/Condition/Continuous$
56094445$Ancient Gear Soldier$Unlimited$EARTH$[Machine/Effect]$$$$$4$1300$1300$$$$If this card attacks, your opponent cannot activate any Spell/Trap Cards until the end of the Damage Step.$$$$Continuous$
60953949$Ancient Gear Box$Unlimited$EARTH$[Machine/Effect]$$$$$4$500$2000$$$$If this card is added from the Deck or Graveyard to your hand, except by drawing it: You can add 1 EARTH Machine-Type monster with 500 ATK and/or DEF from your Deck to your hand, except "Ancient Gear Box". You can only use this effect of "Ancient Gear Box" once per turn.$EARTH/Machine$$Adds from Deck to hand$Trigger/Condition$
47687766$Geargiauger$Unlimited$EARTH$[Machine/Effect]$$$$$4$500$500$$$$When this card is Normal Summoned: You can add 1 Level 4 EARTH Machine-Type monster from your Deck to your hand, except "Geargiauger", also you cannot declare attacks, nor Special Summon monsters except Machine-Type monsters, for the rest of this turn.$EARTH/Machine$$Adds from Deck to hand$Trigger$
97526666$Planet Pathfinder$Unlimited$EARTH$[Machine/Effect]$$$$$4$1000$1000$$$$You can Tribute this card; add 1 Field Spell from your Deck to your hand.$Field Spell Card$$Tributes itself for cost/Adds from Deck to hand$Ignition$
24419823$Minefieldriller$Unlimited$EARTH$[Machine/Effect]$$$$$4$1500$1500$$$$When this face-up card you control leaves the field and is still in your possession: You can target 1 Field Spell Card in your Graveyard; add that target to your hand.$Field Spell Card$$Activates when it leaves the field/Adds from Graveyard to hand$Trigger$
85087012$Card Trooper$Unlimited$EARTH$[Machine/Effect]$$$$$3$400$400$$$$Once per turn: You can choose a number from 1 to 3, then send that many cards from the top of your Deck to the GY; this card gains 500 ATK for each card sent to the GY this way, until the end of this turn. If this card you control is destroyed and sent to your GY: Draw 1 card.$$$Sends from the top of your Deck to your Graveyard for cost/Activates if destroyed by battle/Activates if destroyed by card effect/Activates from your Graveyard/You draw cards$Ignition/Trigger$
47606319$Gigantes$Unlimited$EARTH$[Rock/Effect]$$$$$4$1900$1300$$$$Cannot be Normal Summoned/Set. Must first be Special Summoned (from your hand) by banishing 1 EARTH monster from your GY. If this card is destroyed by battle and sent to the GY: Destroy all Spells and Traps on the field.$EARTH$$Activates if destroyed by battle/Activates from your Graveyard$Summon/Trigger$
61156777$BOXer$Unlimited$EARTH$[Warrior/Effect]$$$$$4$1800$1000$$$$When this card destroys an opponent's monster by battle and sends it to the Graveyard: You can place 1 counter on this card. You can send this card with 2 or more counters to the Graveyard; Special Summon 1 EARTH monster from your Deck. If this card would be destroyed by battle or card effect, you can remove 1 counter from this card instead.$EARTH$$Activates when it destroys a monster by battle/Sends itself from field to Graveyard for cost$Trigger/Ignition/Continuous$
68473226$Hardened Armed Dragon$Unlimited$EARTH$[Dragon/Effect]$$$$$4$1500$800$$$$(This card is not treated as an "Armed Dragon" card.)You can Special Summon this card (from your hand) by sending 1 Level 8 or higher monster from your hand to the GY. If you Tribute this card for the Tribute Summon of a Level 7 or higher monster, that monster cannot be destroyed by card effects.$$$Sends from hand to Graveyard for cost/Applies effect when Tributed for Tribute Summon$Summon/Unclassified$
93187568$Spell Striker$Unlimited$EARTH$[Warrior/Effect]$$$$$3$600$200$$$$You can Special Summon this card (from your hand) by banishing 1 Spell Card from your Graveyard. This card can attack directly. You take no battle damage from attacks involving this card.$$$$Unclassified/Continuous$
23434538$Maxx "C"$Unlimited(OCG)$EARTH$[Insect/Effect]$$$$$2$500$200$$$$During either player's turn: You can send this card from your hand to the Graveyard; this turn, each time your opponent Special Summons a monster(s), immediately draw 1 card. You can only use 1 "Maxx "C"" per turn.$$$Sends itself from hand to Graveyard for cost/You draw cards$Quick/Condition$
44052074$Ancient Gear Catapult$Unlimited$SPELL$$$$$$$$$$$$While you control no monsters: Target 1 face-up card you control; destroy it, and if you do, Special Summon 1 "Ancient Gear" monster from your Deck, ignoring its Summoning conditions. You can banish this card from your GY, then target 1 face-up card you control; destroy it, and if you do, Special Summon 1 "Ancient Gear Token" (Machine/EARTH/Level 1/ATK 0/DEF 0). You can only use 1 "Ancient Gear Catapult" effect per turn, and only once that turn.$Supports archetypes /Ancient Gear$$Activates from your Graveyard$Activation requirement/Effect/Ignition-like/Condition$
70147689$Ancient Gear Fortress$Unlimited$SPELL$$$$$$$$$Continuous$$$During the turn they were Normal or Special Summoned, your opponent cannot target "Ancient Gear" monsters you control with card effects, and they cannot be destroyed by your opponent's card effects. Your opponent cannot activate cards or effects in response to the activation of "Ancient Gear" cards and effects. If this card is destroyed in the Spell & Trap Zone: You can Special Summon 1 "Ancient Gear" monster from your hand or Graveyard, also you cannot Special Summon monsters for the rest of this turn, except "Ancient Gear" monsters.$Supports archetypes /Ancient Gear$$Activates from your Graveyard$Continuous-like/Trigger-like$
92001300$Ancient Gear Castle$Unlimited$SPELL$$$$$$$$$Continuous$$$All "Ancient Gear" monsters gain 300 ATK. Each time a monster is Normal Summoned/Set, place 1 counter on this card. If you Tribute Summon an "Ancient Gear" monster face-up, you can Tribute this card instead, if the number of its counters is equal to or greater than the number of required Tribute(s).$Supports archetypes /Ancient Gear$$$Continuous-like$
59811955$Ancient Gear Workshop$Unlimited$SPELL$$$$$$$$$$$$Target 1 "Ancient Gear" monster in your Graveyard; add that target to your hand.$Supports archetypes /Ancient Gear$$Adds from Graveyard to hand$Effect$
37694547$Geartown$Unlimited$SPELL$$$$$$$$$Field$$$Both players can Normal Summon "Ancient Gear" monsters for 1 less Tribute. When this card is destroyed and sent to the GY: You can Special Summon 1 "Ancient Gear" monster from your hand, Deck, or GY.$Supports archetypes /Ancient Gear$$Activates if destroyed by card effect/Activates from your Graveyard$Continuous-like/Trigger-like$
80921533$Mausoleum of the Emperor$Unlimited$SPELL$$$$$$$$$Field$$$During the Main Phase: The turn player can activate these effect(s).●Pay 1000 LP; immediately after this effect resolves, Normal Summon 1 monster from your hand that requires 1 Tribute, without Tributing.●Pay 2000 LP; immediately after this effect resolves, Normal Summon 1 monster from your hand that requires 2 Tributes, without Tributing.(This is their one Normal Summon/Set for that turn.)$$$$Ignition-like$
77584012$Pseudo Space$Unlimited$SPELL$$$$$$$$$Field$$$Once per turn: You can banish 1 Field Spell Card from your Graveyard; until the End Phase, this card's name becomes that card's original name, and replace this effect with that card's original effects.$Field Spell Card$$$Ignition-like$
23171610$Limiter Removal$Unlimited$SPELL$$$$$$$$$Quick-Play$$$Double the ATK of all Machine monsters you currently control, until the end of this turn. During the End Phase of this turn, destroy those monsters.$Machine$$$Effect/Lingering$
63995093$Machine Duplication$Unlimited$SPELL$$$$$$$$$$$$Target 1 Machine monster you control with 500 or less ATK; Special Summon up to 2 monsters from your Deck with the same name as that face-up monster.$Machine$$$Effect$
12247206$Inferno Reckless Summon$Unlimited$SPELL$$$$$$$$$Quick-Play$$$When exactly 1 monster with 1500 or less ATK is Special Summoned to your field while your opponent controls a face-up monster: Special Summon as many monsters as possible with the same name as the Summoned monster, from your hand, Deck, and Graveyard, in Attack Position, also your opponent Special Summons as many monsters as possible with the same name as 1 of their face-up monsters, from their hand, Deck, and Graveyard.$$$$Activation requirement/Effect$
05133471$Galaxy Cyclone$Unlimited$SPELL$$$$$$$$$$$$Target 1 Set Spell/Trap on the field; destroy it. During your Main Phase, except the turn this card was sent to the GY: You can banish this card from your GY, then target 1 face-up Spell/Trap on the field; destroy it. You can only use this effect of "Galaxy Cyclone" once per turn.$$$Activates from your Graveyard$Effect/Ignition-like/Condition$
73628505$Terraforming$Limited$SPELL$$$$$$$$$$$$Add 1 Field Spell from your Deck to your hand.$Field Spell Card$$Adds from Deck to hand$Effect$
98954106$Jar of Avarice$Unlimited$TRAP$$$$$$$$$$$$Target 5 cards in your GY, except "Jar of Avarice"; shuffle all 5 into the Deck, then draw 1 card. You can only activate 1 "Jar of Avarice" per turn.$$$Returns from your Graveyard to your Deck/You draw cards$Effect/Condition$
00164710$Mischief of the Gnomes$Unlimited$TRAP$$$$$$$$$$$$This turn, reduce the Levels of all monsters in each player's hand by 1 (even after they are Summoned/Set). You can banish this card from the Graveyard; this turn, reduce the Levels of all monsters in each player's hand by 1 (even after they are Summoned/Set).$$$$Effect/Quick-like$
70406920$Machine King - 3000 B.C.$Unlimited$TRAP$$$$$$$$$Continuous$$$Special Summon this card as an Effect Monster (Machine/EARTH/Level 4/ATK 1000/DEF 1000). (This card is also still a Trap.) If Summoned this way, once per turn, during your Main Phase: You can Tribute 1 Machine monster; this card gains ATK equal to the ATK the Tributed monster had on the field, until the end of this turn. You cannot Normal or Special Summon other monsters the turn you activate this card.$Machine$$Tributes for cost$Effect/Condition/Ignition-like$
50078509$Fiendish Chain$Unlimited$TRAP$$$$$$$$$Continuous$$$Activate this card by targeting 1 Effect Monster on the field; negate the effects of that face-up monster while it is on the field, also that face-up monster cannot attack. When it is destroyed, destroy this card.$$$$Continuous-like$
97077563$Call of the Haunted$Unlimited$TRAP$$$$$$$$$Continuous$$$Activate this card by targeting 1 monster in your GY; Special Summon that target in Attack Position. When this card leaves the field, destroy that monster. When that monster is destroyed, destroy this card.$$$$Effect/Continuous-like$
99188141$The Huge Revolution is Over$Unlimited$TRAP$$$$$$$$$Counter$$$When a Spell/Trap Card, or monster effect, is activated that would destroy 2 or more cards on the field: Negate the activation, and if you do, banish it.$$$$Activation requirement/Effect$
