Passcode$Name$Status$Attribute$type$link$link_arrows$rank$pendulum_scale$level$attack$defense$spell_attribute$summoning_condition$pendulum_condition$card_text$card_supports$card_anti_supports$card_actions$effect_types$
$The Winged Dragon of Ra - Immortal Phoenix$Unlimited$DIVINE$[Divine-Beast/Effect]$$$$$10$4000$4000$$$$Cannot be Normal Summoned/Set. Must be Special Summoned by its own effect. If "The Winged Dragon of Ra" is sent from the field to your GY while this card is in your GY: Special Summon this card. Cards and effects cannot be activated in response to this effect's activation. This card is unaffected by other cards' effects. You can pay 1000 LP; send 1 monster on the field to the GY. Once per turn, during the End Phase: Send this card to the GY, and if you do, Special Summon 1 "The Winged Dragon of Ra - Sphere Mode" from your hand, Deck, or GY, ignoring its Summoning conditions.$The Winged Dragon of Ra/The Winged Dragon of Ra - Sphere Mode$$Sends from field to Graveyard/Sends itself from field to Graveyard$Summon/Trigger/Condition/Continuous/Ignition$
07241272$Curse of Dragonfire$Unlimited$DARK$[Dragon/Effect]$$$$$5$2000$1500$$$$If this card is Normal or Special Summoned: You can target 1 Field Spell on the field; destroy it. Once per turn: You can Fusion Summon 1 Fusion Monster from your Extra Deck, using monsters you control as Fusion Materials, including this card.$$Field Spell Card$Activates upon Normal Summon/Activates upon Special Summon/Uses cards on the player's field as Fusion Materials/Uses itself as a Fusion Material$Trigger/Ignition$
43730887$Holding Arms$Unlimited$DARK$[Fiend/Effect]$$$$$4$500$1200$$$$If this card is Normal or Special Summoned: Target 1 face-up monster your opponent controls; while this card is face-up on the field, that face-up monster cannot attack, also its effects are negated. While that face-up monster is on the field, this card cannot be destroyed by battle or card effects.$$$Activates upon Normal Summon/Activates upon Special Summon$Trigger/Continuous$
70124586$Holding Legs$Unlimited$DARK$[Fiend/Effect]$$$$$4$800$600$$$$If this card is Summoned: Return all Set Spells/Traps on the field to the hand. You can banish this card from your GY, then target 1 Set Spell/Trap your opponent controls; it cannot be activated until the end of the next turn.$$$Activates upon Normal Summon/Activates upon Flip Summon/Activates upon Special Summon/Returns from field to hand/Activates from your Graveyard$Trigger/Ignition$
64681432$Gandora the Dragon of Destruction$Unlimited$DARK$[Dragon/Effect]$$$$$8$0$0$$$$Cannot be Special Summoned. You can pay half your LP; destroy as many cards on the field as possible (other than this card), and if you do, banish them. This card gains 300 ATK for each card destroyed this way. Once per turn, during the End Phase, if this card was Normal or Flip Summoned this turn: Send it to the Graveyard.$$$Sends from field to Graveyard/Sends itself from field to Graveyard$Summon/Ignition/Trigger$
36354007$Gilford the Lightning$Unlimited$LIGHT$[Warrior/Effect]$$$$$8$2800$1400$$$$You can Tribute 3 monsters to Tribute Summon (but not Set) this card. If Summoned this way: Destroy all monsters your opponent controls.$$$Activates upon Tribute Summon$Summon/Trigger$
13893596$Exodius the Ultimate Forbidden Lord$Unlimited$DARK$[Spellcaster/Effect]$$$$$10$?$0$$$$Cannot be Normal Summoned/Set. Must be Special Summoned (from your hand) by shuffling all monsters in your Graveyard into the Deck, and cannot be Special Summoned by other ways. When this card declares an attack: Send 1 monster from your hand or Deck to the Graveyard. This card gains 1000 ATK for each Normal Monster in your Graveyard. If this face-up card would leave the field, banish it instead. If there are 5 different "Forbidden One" cards in your Graveyard that were sent there by this card's effect, you win the Duel.$Supports archetypes /Forbidden One$$Returns from Graveyard to Deck for cost/Returns from your Graveyard to your Deck/Activates upon attack declaration/Sends from your hand to your Graveyard/Sends from your Deck to your Graveyard$Summon/Trigger/Continuous/Unclassified/Condition$
64631466$Relinquished$Unlimited$DARK$[Spellcaster/Ritual/Effect]$$$$$1$0$0$$$$You can Ritual Summon this card with "Black Illusion Ritual". Once per turn: You can target 1 monster your opponent controls; equip that target to this card (max. 1). This card's ATK/DEF become equal to that equipped monster's. If this card would be destroyed by battle, destroy that equipped monster instead. While equipped with that monster, any battle damage you take from battles involving this card inflicts equal effect damage to your opponent.$$$Equips monsters from the opponent's field to itself$Summon/Ignition/Continuous$
97642679$Dark Master - Zorc$Unlimited$DARK$[Fiend/Ritual/Effect]$$$$$8$2700$1500$$$$You can Ritual Summon this card with "Contract with the Dark Master". Once per turn: You can roll a six-sided die, then destroy all monsters your opponent controls if you roll 1 or 2, destroy 1 monster your opponent controls if you roll 3, 4 or 5, or destroy all monsters you control if you roll 6.$$$$Summon/Ignition$
02519690$Sky Galloping Gaia the Dragon Champion$Unlimited$WIND$[Dragon/Fusion/Effect]$$$$$7$2600$2100$$1 "Gaia The Fierce Knight" monster + 1 Dragon-Type monster$$This card's name becomes "Gaia the Dragon Champion" while it is on the field. If this card is Special Summoned: You can add 1 "Spiral Spear Strike" from your Deck or Graveyard to your hand. When this card declares an attack on an opponent's monster: You can change the battle position of that opponent's monster.$Supports archetypes /Gaia The Fierce Knight $$Activates upon Special Summon/Adds from Deck to hand/Adds from your Graveyard to your hand/Activates upon attack declaration/Changes battle positions$Continuous/Trigger$
$Black Skull Dragon (Updated from: B. Skull Dragon)$$DARK$[Dragon/Fusion]$$$$$9$3200$2500$$$$"Summoned Skull" + "Red-Eyes Black Dragon"$$$$$
99267150$Five-Headed Dragon$Unlimited$DARK$[Dragon/Fusion/Effect]$$$$$12$5000$5000$$5 Dragon monsters$$Must be Fusion Summoned. Cannot be destroyed by battle with a DARK, EARTH, WATER, FIRE, or WIND monster.$Dragon$DARK/EARTH/WATER/FIRE/WIND$$Summon/Continuous$
87567063$Rebellion$Unlimited$SPELL$$$$$$$$$Quick-Play$$$During either player's Battle Phase: Target 1 monster your opponent controls; take control of it until the end of the Battle Phase, also other monsters you control cannot attack for the rest of this turn. You can only activate 1 "Rebellion" per turn.$$$Changes control$Activation requirement/Effect/Condition$
59750328$Card of Demise$Unlimited(OCG)$SPELL$$$$$$$$$$$$Draw until you have 3 cards in your hand, also for the rest of this turn after this card resolves, your opponent takes no damage. During the End Phase of this turn, send your entire hand to the GY. You can only activate 1 "Card of Demise" per turn. You cannot Special Summon during the turn you activate this card.$$$You draw cards/Sends from your hand to your Graveyard$Effect/Lingering/Condition$
86541496$Left Arm Offering$Unlimited$SPELL$$$$$$$$$$$$If you have 2 or more other cards in your hand: Banish your entire hand; add 1 Spell from your Deck to your hand. You cannot Set Spells/Traps during the turn you activate this card.$$$Adds from Deck to hand$Activation requirement/Cost/Effect/Condition$
39913299$The True Name$Unlimited$SPELL$$$$$$$$$$$$Declare 1 card name; excavate the top card of your Deck, and if it is the declared card, add it to your hand, then you can add to your hand, or Special Summon, 1 DIVINE monster from your Deck. Otherwise, send it to the GY. You can only activate 1 "The True Name" per turn.$DIVINE$$Declares a card name/Excavates from the player's Deck/Adds excavated cards to the hand/Adds from Deck to hand/Sends excavated cards to the Graveyard/Sends from your Deck to your Graveyard$Effect/Condition$
02295831$Symbol of Friendship$Unlimited$SPELL$$$$$$$$$$$$To activate this card, you must draw it for your normal draw in your Draw Phase while your opponent controls 3 or more monsters and you control no cards, reveal it, and keep it revealed until the Main Phase 1. During your Main Phase 1 that same turn: You can activate this card from your hand; reveal 1 card from your Deck, and add it to your hand.$$$Must be drawn for normal draw to be activated/Reveals itself in the hand/Adds from Deck to hand$Activation requirement/Effect$
55713623$Shrink$Unlimited$SPELL$$$$$$$$$Quick-Play$$$Target 1 face-up monster on the field; its original ATK becomes halved until the end of this turn.$$$$Effect$
73915051$Scapegoat$Unlimited$SPELL$$$$$$$$$Quick-Play$$$Special Summon 4 "Sheep Tokens" (Beast/EARTH/Level 1/ATK 0/DEF 0) in Defense Position. They cannot be Tributed for a Tribute Summon. You cannot Summon other monsters the turn you activate this card (but you can Normal Set).$$$$Effect/Lingering/Condition$
41426869$Black Illusion Ritual$Unlimited$SPELL$$$$$$$$$Ritual$$$This card is used to Ritual Summon "Relinquished". You must also Tribute a monster from your hand or field whose Level is 1 or more.$$$Tributes as an effect$Effect$
96420087$Contract with the Dark Master$Unlimited$SPELL$$$$$$$$$Ritual$$$This card is used to Ritual Summon "Dark Master - Zorc". You must also Tribute monsters from your hand or field whose total Levels equal 8 or more.$$$Tributes as an effect$Effect$
75902998$Trap Hole of Spikes$Unlimited$TRAP$$$$$$$$$$$$When an opponent's monster that was Normal or Special Summoned this turn declares an attack: Destroy that attacking monster, and if you do, inflict damage to your opponent equal to half the original ATK of that monster.$$$Activates upon attack declaration$Activation requirement/Effect$
83555666$Ring of Destruction$Unlimited$TRAP$$$$$$$$$$$$During your opponent's turn: Target 1 face-up monster your opponent controls whose ATK is less than or equal to their LP; destroy that face-up monster, and if you do, take damage equal to its original ATK, then inflict damage to your opponent, equal to the damage you took. You can only activate 1 "Ring of Destruction" per turn.$$$$Activation requirement/Effect/Condition$
54704216$Nightmare Wheel$Unlimited$TRAP$$$$$$$$$Continuous$$$Activate this card by targeting 1 monster your opponent controls; it cannot attack or change its battle position. When it leaves the field, destroy this card. Once per turn, during your Standby Phase: Inflict 500 damage to your opponent. That monster must be on the field to activate and to resolve this effect.$$$Prevents Battle Position changes$Continuous-like/Trigger-like/Condition$
06368038$Gaia The Fierce Knight$Unlimited$EARTH$[Warrior/Normal]$$$$$7$2300$2100$$$$A knight whose horse travels faster than the wind. His battle-charge is a force to be reckoned with.$$$$$
91152256$Celtic Guardian$Unlimited$EARTH$[Warrior/Normal]$$$$$4$1400$1200$$$$An elf who learned to wield a sword, he baffles enemies with lightning-swift attacks.$$$$$
74677422$Red-Eyes Black Dragon$Unlimited$DARK$[Dragon/Normal]$$$$$7$2400$2000$$$$A ferocious dragon with a deadly attack.$$$$$
70781052$Summoned Skull$Unlimited$DARK$[Fiend/Normal]$$$$$6$2500$1200$$$$A fiend with dark powers for confusing the enemy. Among the Fiend-Type monsters, this monster boasts considerable force.(This card is always treated as an "Archfiend" card.)$$$$$
97590747$La Jinn the Mystical Genie of the Lamp$Unlimited$DARK$[Fiend/Normal]$$$$$4$1800$1000$$$$A genie of the lamp that is at the beck and call of its master.$$$$$
87322377$Launcher Spider$Unlimited$FIRE$[Machine/Normal]$$$$$7$2200$2500$$$$A mechanical spider with rocket launchers capable of random fire.$$$$$
49791927$Tiger Axe$Unlimited$EARTH$[Beast-Warrior/Normal]$$$$$4$1300$1100$$$$A fast and powerful axe-wielding beast-warrior.$$$$$
14898066$Vorse Raider$Unlimited$DARK$[Beast-Warrior/Normal]$$$$$4$1900$1200$$$$This wicked Beast-Warrior does every horrid thing imaginable, and loves it! His axe bears the marks of his countless victims.$$$$$
24433920$Pendulum Machine$Unlimited$DARK$[Machine/Normal]$$$$$6$1750$2000$$$$A horrible torture machine with a large pendulum blade.$$$$$
40640057$Kuriboh$Unlimited$DARK$[Fiend/Effect]$$$$$1$300$200$$$$During damage calculation, if your opponent's monster attacks (Quick Effect): You can discard this card; you take no battle damage from that battle.$$$Activates from your hand/Discards itself for cost$Quick$
64335804$Red-Eyes Black Metal Dragon$Unlimited$DARK$[Machine/Effect]$$$$$8$2800$2400$$$$Cannot be Normal Summoned/Set. Must first be Special Summoned (from your Deck) by Tributing "Red-Eyes B. Dragon" equipped with "Metalmorph".$Red-Eyes Black Dragon/Metalmorph$$Tributes for cost$Summon$
42035044$Panther Warrior$Unlimited$EARTH$[Beast-Warrior/Effect]$$$$$4$2000$1600$$$$This card cannot declare an attack unless you Tribute 1 monster.$$$$Continuous$
56043446$Viser Des$Unlimited$DARK$[Fiend/Effect]$$$$$4$500$1200$$$$If this card is Normal Summoned: Target 1 monster your opponent controls; during your third Standby Phase after this effect's activation, destroy that monster. This card cannot be destroyed by battle while the targeted monster is on the field.$$$Activates upon Normal Summon$Trigger/Continuous$
45231177$Flame Swordsman$Unlimited$FIRE$[Warrior/Fusion]$$$$$5$1800$1600$$$$"Flame Manipulator" + "Masaki the Legendary Swordsman"$$$$$
41462083$Thousand Dragon$Unlimited$WIND$[Dragon/Fusion]$$$$$7$2400$2000$$$$"Time Wizard" + "Baby Dragon"$$$$$
91998119$XYZ-Dragon Cannon$Unlimited$LIGHT$[Machine/Fusion/Effect]$$$$$8$2800$2600$$"X-Head Cannon" + "Y-Dragon Head" + "Z-Metal Tank"$$Must first be Special Summoned (from your Extra Deck) by banishing the above cards you control. (You do not use "Polymerization".) Cannot be Special Summoned from the GY. You can discard 1 card, then target 1 card your opponent controls; destroy that target.$$$Discards for cost$Summon/Ignition$
98502113$Dark Paladin$Unlimited$DARK$[Spellcaster/Fusion/Effect]$$$$$8$2900$2400$$"Dark Magician" + "Buster Blader"$$Must be Fusion Summoned. When a Spell Card is activated (Quick Effect): You can discard 1 card; negate the activation, and if you do, destroy it. This card must be face-up on the field to activate and to resolve this effect. Gains 500 ATK for each Dragon monster on the field and in the GY.$Dragon$Dragon$Discards for cost$Summon/Quick/Condition/Continuous$
15259703$Toon World$Unlimited$SPELL$$$$$$$$$Continuous$$$Activate this card by paying 1000 LP.$$$$Cost$
49328340$Spiral Spear Strike$Unlimited$SPELL$$$$$$$$$Continuous$$$If "Gaia The Fierce Knight", "Swift Gaia the Fierce Knight", or "Gaia the Dragon Champion" you control attacks a Defense Position monster, inflict piercing battle damage to your opponent. If "Gaia the Dragon Champion" inflicts battle damage with this effect: Draw 2 cards, then discard 1 card.$Gaia the Fierce Knight/Gaia the Dragon Champion/Swift Gaia the Fierce Knight$$You draw cards/Discards for effect$Continuous-like/Trigger-like$
41356845$Acid Trap Hole$Unlimited$TRAP$$$$$$$$$$$$Target 1 face-down Defense Position monster on the field; flip it face-up, then destroy it if its DEF is 2000 or less, or return it face-down if its DEF is more than 2000.$$$Flips monsters face-up/Flips monsters face-down$Effect$
68540058$Metalmorph$Unlimited$TRAP$$$$$$$$$$$$Target 1 face-up monster on the field; equip this card to that target. It gains 300 ATK/DEF. If it attacks, it gains ATK equal to half the ATK of the attack target, during damage calculation only.$$$Equips self from field$Effect/Continuous-like$
77754944$Widespread Ruin$Unlimited$TRAP$$$$$$$$$$$$When an opponent's monster declares an attack: Destroy the 1 Attack Position monster your opponent controls with the highest ATK (your choice, if tied).$$$Activates upon attack declaration$Activation requirement/Effect$
57728570$Crush Card Virus$Unlimited$TRAP$$$$$$$$$$$$Tribute 1 DARK monster with 1000 or less ATK; your opponent takes no damage until the end of the next turn after this card resolves, also, you look at your opponent's hand and all monsters they control, and if you do, destroy the monsters among them with 1500 or more ATK, then your opponent can destroy up to 3 monsters with 1500 or more ATK in their Deck.$DARK$$Tributes for cost/Reveals face-down cards/Reveals your opponent's hand$Cost/Effect$
37390589$Kunai with Chain$Unlimited$TRAP$$$$$$$$$$$$Activate 1 or both of these effects (simultaneously).●When an opponent's monster declares an attack: Target the attacking monster; change that target to Defense Position.●Target 1 face-up monster you control; equip this card to that target. It gains 500 ATK.$$$Activates upon attack declaration/Equips self from field/Changes battle positions$Condition/Activation requirement/Effect/Continuous-like$
