Passcode$Name$Status$Attribute$type$link$link_arrows$rank$pendulum_scale$level$attack$defense$spell_attribute$summoning_condition$pendulum_condition$card_text$card_supports$card_anti_supports$card_actions$effect_types$
23015896$Fire King High Avatar Garunix$Unlimited$FIRE$[Winged Beast/Effect]$$$$$8$2700$1700$$$$During the next Standby Phase after this card was destroyed by a card effect and sent to the Graveyard: Special Summon this card from the Graveyard. When you do: Destroy all other monsters on the field. When this card is destroyed by battle and sent to the Graveyard: You can Special Summon 1 "Fire King" monster from your Deck, except "Fire King High Avatar Garunix".$Supports archetypes /Fire King$$Activates from your Graveyard$Trigger$
69000994$Fire King Avatar Barong$Unlimited$FIRE$[Beast-Warrior/Effect]$$$$$4$1800$200$$$$If a face-up "Fire King" monster you control is destroyed by a card effect (except during the Damage Step): You can Special Summon this card from your hand. During the next Standby Phase after this card was destroyed by a card effect and sent to the Graveyard: Add 1 "Fire King" card from your Deck to your hand, except "Fire King Avatar Barong".$Supports archetypes /Fire King$$Adds from Deck to hand$Trigger$
96594609$Fire King Avatar Kirin$Unlimited$FIRE$[Beast/Effect]$$$$$3$1000$200$$$$If a face-up "Fire King" monster you control is destroyed by a card effect (except during the Damage Step): You can Special Summon this card from your hand. If this card is destroyed and sent to the Graveyard: You can send 1 FIRE monster from your Deck to the Graveyard.$Supports archetypes /Fire King$$Activates from your Graveyard/Sends from your Deck to your Graveyard$Trigger$
61441708$Sacred Phoenix of Nephthys$Unlimited$FIRE$[Winged Beast/Effect]$$$$$8$2400$1600$$$$Once per turn, during your next Standby Phase after this card was destroyed by a card effect and sent to the GY: Special Summon this card from the GY. If you do: Destroy all Spells and Traps on the field.$$$Activates if destroyed by card effect/Activates from your Graveyard$Trigger$
77121851$Manticore of Darkness$Unlimited$FIRE$[Beast-Warrior/Effect]$$$$$6$2300$1000$$$$During the End Phase, if this card is in the GY because it was sent there this turn: You can send 1 Beast, Beast-Warrior, or Winged Beast monster from your hand or face-up field to the GY; Special Summon this card from your GY.$Beast/Beast-Warrior/Winged Beast$$Sends from field to Graveyard for cost/Sends from hand to Graveyard for cost/Activates from your Graveyard$Trigger$
23116808$Goka, the Pyre of Malice$Unlimited$FIRE$[Zombie/Effect]$$$$$6$2200$1900$$$$If you control a FIRE monster, you can Special Summon this card (from your hand). When you do: Target 1 FIRE monster you control; destroy that target. During each of your Standby Phases: Special Summon 1 "Fireball Token" (Pyro-Type/FIRE/Level 1/ATK 100/DEF 100) in Defense Position. You can Tribute 1 other FIRE monster; this card gains 500 ATK until the End Phase.$FIRE$$Activates upon Special Summon/Tributes for cost$Unclassified/Trigger/Ignition$
31303283$Hazy Flame Hyppogrif$Unlimited$FIRE$[Pyro/Effect]$$$$$6$2100$200$$$$Your opponent cannot target this card with card effects. Once per turn: You can Tribute 1 other FIRE monster; this card gains 300 ATK.$FIRE$$Tributes for cost$Continuous/Ignition$
00123709$Laval Lancelord$Unlimited$FIRE$[Warrior/Effect]$$$$$6$2100$200$$$$You can Normal Summon this card without Tributing. If you do, during the End Phase: Send it to the Graveyard. When this card on the field is destroyed and sent to the Graveyard: You can target 1 of your banished FIRE monsters; add that target to your hand.$FIRE$$Sends itself from field to Graveyard/Activates from your Graveyard/Adds banished cards to the hand$Summon/Trigger$
23297235$Flamvell Firedog$Unlimited$FIRE$[Beast/Effect]$$$$$4$1900$200$$$$When this card destroys an opponent's monster by battle and sends it to the GY: You can Special Summon 1 FIRE monster with 200 or less DEF from your Deck, except "Flamvell Firedog".$FIRE$$Activates when it destroys a monster by battle$Trigger$
28332833$Flamvell Poun$Unlimited$FIRE$[Pyro/Effect]$$$$$1$200$200$$$$When this card is destroyed by battle and sent to the Graveyard: You can add 1 monster with 200 DEF from your Deck to your hand.$200 DEF Monster Cards$$Activates if destroyed by battle/Activates from your Graveyard/Adds from Deck to hand$Trigger$
91554542$Neo Flamvell Sabre$Unlimited$FIRE$[Pyro/Effect]$$$$$4$1500$200$$$$While your opponent has 4 or less cards in their GY, this card gains 600 ATK. While your opponent has 8 or more cards in their GY, this card loses 300 ATK.$$$$Continuous$
54040221$Royal Firestorm Guards$Unlimited$FIRE$[Pyro/Effect]$$$$$4$1700$1200$$$$If this card is Normal Summoned: Target 4 Pyro monsters in your GY; shuffle all 4 into the Deck, then draw 2 cards.$Pyro$$Activates upon Normal Summon/Returns from your Graveyard to your Deck/You draw cards$Trigger$
76459806$Volcanic Rocket$Unlimited$FIRE$[Pyro/Effect]$$$$$4$1900$1400$$$$When this card is Summoned: You can add 1 "Blaze Accelerator" card from your Deck or GY to your hand.$Supports archetypes /Blaze Accelerator $$Adds from Deck to hand/Adds from Graveyard to hand$Trigger$
66436257$Volcanic Counter$Unlimited$FIRE$[Pyro/Effect]$$$$$3$300$1300$$$$When you take battle damage while this card is in your Graveyard: Banish it from your Graveyard, then if there is a FIRE monster other than "Volcanic Counter" in your Graveyard, inflict damage to your opponent equal to the amount of battle damage you took.$FIRE$$Activates if you take battle damage/Activates from your Graveyard$Trigger$
04732017$Molten Zombie$Unlimited$FIRE$[Pyro/Effect]$$$$$4$1600$400$$$$When this card is Special Summoned from the Graveyard: Draw 1 card.$$$You draw cards$Trigger$
13522325$Spirit of Flames$Unlimited$FIRE$[Pyro/Effect]$$$$$4$1700$1000$$$$Cannot be Normal Summoned/Set. Must first be Special Summoned (from your hand) by banishing 1 FIRE monster from your GY. Gains 300 ATK during your Battle Phase only.$FIRE$$$Summon/Continuous$
90810762$Raging Flame Sprite$Unlimited$FIRE$[Pyro/Effect]$$$$$3$100$200$$$$This card can attack directly. If this card inflicts battle damage to your opponent by a direct attack: It gains 1000 ATK.$$$$Continuous/Trigger$
88753985$Fox Fire$Unlimited$FIRE$[Pyro/Effect]$$$$$2$300$200$$$$During the End Phase, if this card was destroyed by battle and sent to the Graveyard this turn and was face-up at the start of the Damage Step: Special Summon this card from the Graveyard. This face-up card cannot be Tributed for a Tribute Summon.$$$Activates from your Graveyard$Trigger/Continuous$
66499018$Flame Tiger$Unlimited$FIRE$[Beast/Effect]$$$$$4$1800$0$$$$During your Draw Phase, if this card is in your Graveyard and you control no monsters, instead of conducting your normal draw: You can Special Summon this card, and if you do, banish it when it leaves the field.$$$Replaces normal draw$Trigger$
68658728$Little Chimera$Unlimited$FIRE$[Beast/Effect]$$$$$2$600$550$$$$All FIRE monsters on the field gain 500 ATK. All WATER monsters on the field lose 400 ATK.$FIRE$WATER$$Continuous$
60806437$UFO Turtle$Unlimited$FIRE$[Machine/Effect]$$$$$4$1400$1200$$$$When this card is destroyed by battle and sent to the GY: You can Special Summon 1 FIRE monster with 1500 or less ATK from your Deck, in Attack Position.$FIRE$$Activates from your Graveyard$Trigger$
22993208$Onslaught of the Fire Kings$Unlimited$SPELL$$$$$$$$$$$$If your opponent controls a monster and you control no monsters: Special Summon 1 FIRE Beast, Beast-Warrior, or Winged Beast-Type monster from your Deck. Its effects are negated and it is destroyed during the End Phase. You can only activate 1 "Onslaught of the Fire Kings" per turn.$FIRE/Beast/Beast-Warrior/Winged Beast$$$Activation requirement/Effect/Condition$
59388357$Circle of the Fire Kings$Unlimited$SPELL$$$$$$$$$Quick-Play$$$Target 1 FIRE monster you control and 1 FIRE monster in your GY; destroy that monster you control, and if you do, Special Summon that other monster from your GY. You can only activate 1 "Circle of the Fire Kings" per turn.$FIRE$$$Effect/Condition$
74845897$Rekindling$Unlimited$SPELL$$$$$$$$$$$$Special Summon from your GY as many FIRE monsters as possible with 200 DEF, but banish them during the End Phase of this turn.$FIRE/200 DEF Monster Cards$$$Effect$
69537999$Blaze Accelerator$Unlimited$SPELL$$$$$$$$$Continuous$$$You can target 1 monster your opponent controls; send 1 Pyro monster with 500 or less ATK from your hand to the GY, and if you do, destroy that target. Your monsters cannot attack the turn you activate this effect.$Pyro$$Sends from your hand to your Graveyard$Ignition-like/Condition$
61166988$Wild Nature's Release$Unlimited$SPELL$$$$$$$$$$$$Target 1 Beast or Beast-Warrior monster; it gains ATK equal to its current DEF (until the End Phase), and if it does, it is destroyed during the End Phase.$Beast/Beast-Warrior$$$Effect/Condition$
98645731$Pot of Duality$Unlimited$SPELL$$$$$$$$$$$$Excavate the top 3 cards of your Deck, add 1 of them to your hand, also, after that, shuffle the rest back into your Deck. You can only activate 1 "Pot of Duality" per turn. You cannot Special Summon during the turn you activate this card.$$$Excavates from the player's Deck/Adds from Deck to hand/Adds excavated cards to the hand/Shuffles excavated cards into the Deck$Effect/Condition$
74519184$Hand Destruction$Unlimited$SPELL$$$$$$$$$Quick-Play$$$Each player sends 2 cards from their hand to the GY, then draws 2 cards.$$$Sends from your hand to your Graveyard/Sends from your opponent's hand to your opponent's Graveyard/You draw cards/Your opponent draws cards$Effect$
31036355$Creature Swap$Unlimited$SPELL$$$$$$$$$$$$Each player chooses 1 monster they control and switches control of those monsters with each other. Those monsters cannot change their battle positions for the rest of this turn.$$$Changes control/Prevents Battle Position changes$Effect/Condition$
44947065$Burden of the Mighty$Unlimited$SPELL$$$$$$$$$Continuous$$$Each face-up monster your opponent controls loses 100 ATK x its own Level.$$$$Continuous-like$
82705573$Backfire$Unlimited$TRAP$$$$$$$$$Continuous$$$If a face-up FIRE monster(s) you control is destroyed and sent to the GY: Inflict 500 damage to your opponent.$FIRE$$$Trigger-like$
60718396$Flamvell Counter$Unlimited$TRAP$$$$$$$$$Counter$$$When a Spell/Trap Card is activated: Banish 1 FIRE monster with 200 DEF from your Graveyard; negate the activation, and if you do, destroy it.$FIRE/200 DEF Monster Cards$$$Activation requirement/Cost/Effect$
63356631$Phoenix Wing Wind Blast$Unlimited$TRAP$$$$$$$$$$$$Discard 1 card, then target 1 card your opponent controls; place that target on the top of the Deck.$$$Discards for cost/Returns from your opponent's field to your opponent's Deck$Cost/Effect$
21350571$Horn of the Phantom Beast$Unlimited$TRAP$$$$$$$$$$$$Target 1 Beast or Beast-Warrior monster you control; equip this card to that target. It gains 800 ATK. If the equipped monster destroys your opponent's monster by battle and sends it to the GY: Draw 1 card.$Beast/Beast-Warrior$$Equips self from field/Activates when it destroys a monster by battle/You draw cards$Effect/Continuous-like/Trigger-like$
98239899$Blast with Chain$Unlimited$TRAP$$$$$$$$$$$$Target 1 face-up monster you control; equip this card to that target. It gains 500 ATK. If this card is destroyed by a card effect while equipped: Target 1 card on the field; destroy that target.$$$Equips self from field$Effect/Continuous-like/Trigger-like$
42945701$Spiritual Fire Art - Kurenai$Unlimited$TRAP$$$$$$$$$$$$Tribute 1 FIRE monster; inflict damage to your opponent equal to that monster's original ATK.$FIRE$$Tributes for cost$Cost/Effect$
79544790$Regretful Rebirth$Unlimited$TRAP$$$$$$$$$$$$When a monster you control is destroyed by battle and sent to the Graveyard: Target that monster; Special Summon it in face-up Defense Position, but it is destroyed during your End Phase.$$$$Activation requirement/Effect$
54704216$Nightmare Wheel$Unlimited$TRAP$$$$$$$$$Continuous$$$Activate this card by targeting 1 monster your opponent controls; it cannot attack or change its battle position. When it leaves the field, destroy this card. Once per turn, during your Standby Phase: Inflict 500 damage to your opponent. That monster must be on the field to activate and to resolve this effect.$$$Prevents Battle Position changes$Continuous-like/Trigger-like/Condition$
97077563$Call of the Haunted$Unlimited$TRAP$$$$$$$$$Continuous$$$Activate this card by targeting 1 monster in your GY; Special Summon that target in Attack Position. When this card leaves the field, destroy that monster. When that monster is destroyed, destroy this card.$$$$Effect/Continuous-like$
