Passcode$Name$Status$Attribute$type$link$link_arrows$rank$pendulum_scale$level$attack$defense$spell_attribute$summoning_condition$pendulum_condition$card_text$card_supports$card_anti_supports$card_actions$effect_types$
87973893$Inzektor Axe - Zektahawk$Unlimited$SPELL$$$$$$$$$Equip$$$Equip only to an "Inzektor" monster. It gains 1000 ATK. When the equipped monster declares an attack, your opponent cannot activate Spell/Trap Cards.$Supports archetypes /Inzektor$$$Condition/Continuous-like$
40817915$Kurivolt$Unlimited$LIGHT$[Thunder/Effect]$$$$$1$300$200$$$$You can target 1 Xyz Monster that has material; detach 1 material from it, and if you do, Special Summon 1 "Kurivolt" from your Deck. Cannot be used as Synchro Material.$$Xyz Monster$Detaches Xyz Materials for effect$Ignition/Condition$
76202610$Darklon$Unlimited$DARK$[Fiend/Effect]$$$$$1$100$100$$$$When this card is Normal Summoned: You can have all face-up monsters you currently control gain 1 Level, also, they become DARK (these effects last until the End Phase).$$$Activates upon Normal Summon$Trigger$
03606728$Gagaga Girl$Unlimited$DARK$[Spellcaster/Effect]$$$$$3$1000$800$$$$You can target 1 "Gagaga Magician" you control; this card's Level becomes the Level of that monster. An Xyz Monster that was Summoned using only this card and other "Gagaga" monsters as Xyz Material gains this effect.●When it is Xyz Summoned: You can target 1 Special Summoned monster your opponent controls; its ATK becomes 0.$Supports archetypes /Gagaga$$Grants effect as Xyz Material/Activates upon Xyz Summon$Ignition/Unclassified/Trigger$
39695323$Gogogo Giant$Unlimited$EARTH$[Rock/Effect]$$$$$4$2000$0$$$$When this card is Normal Summoned: You can target 1 "Gogogo" monster in your GY; Special Summon that target in Defense Position, then change this card to Defense Position. If this card attacks, it is changed to Defense Position at the end of the Battle Phase.$Supports archetypes /Gogogo$$Activates upon Normal Summon/Changes battle positions$Trigger/Continuous$
76080032$ZW - Unicorn Spear$Unlimited$LIGHT$[Beast/Effect]$$$$$4$1900$0$$$$You can target 1 "Number C39: Utopia Ray" you control; equip this card from your hand to that target. It gains 1900 ATK. If the equipped monster battles an opponent's monster, the opponent's monster's effect is negated during the Battle Phase only. You can only control 1 "ZW - Unicorn Spear".$Number C39: Utopia Ray$$Activates from your hand/Equips self from hand$Ignition/Continuous-like/Unclassified$
02584136$Shocktopus$Unlimited$WATER$[Fish/Effect]$$$$$4$1600$800$$$$When this card is destroyed by battle with an opponent's monster and sent to the Graveyard: You can equip this card to that opponent's monster. That monster's ATK becomes 0, also it cannot change its battle position.$$$Activates if destroyed by battle/Activates from your Graveyard/Equips self from Graveyard/Prevents Battle Position changes$Trigger/Continuous-like$
38973775$Photon Lizard$Unlimited$LIGHT$[Dragon/Effect]$$$$$3$900$1200$$$$You can Tribute this card; add 1 Level 4 or lower "Photon" monster from your Deck to your hand. You can only use this effect of "Photon Lizard" once per turn.$Supports archetypes /Photon$$Tributes itself for cost/Adds from Deck to hand$Ignition$
65367484$Photon Thrasher$Unlimited$LIGHT$[Warrior/Effect]$$$$$4$2100$0$$$$Cannot be Normal Summoned/Set. Must first be Special Summoned (from your hand) while you control no monsters. Cannot attack if you control another monster.$$$$Summon/Continuous$
01362589$Photon Crusher$Unlimited$LIGHT$[Warrior/Effect]$$$$$4$2000$0$$$$If this card attacks, it is changed to Defense Position at the end of the Damage Step.$$$Changes battle positions$Continuous$
38757297$Photon Leo$Unlimited$LIGHT$[Beast/Effect]$$$$$6$2100$1100$$$$When this card is Normal Summoned: You can have your opponent shuffle their entire hand into the Deck, then they draw the same number of cards as they shuffled into the Deck.$$$Returns from your opponent's hand to your opponent's Deck/Your opponent draws cards$Trigger$
64145892$Photon Circle$Unlimited$LIGHT$[Spellcaster/Effect]$$$$$4$1000$1000$$$$Any Battle Damage you take from battles involving this card is halved.$$$$Continuous$
90640901$Reverse Buster$Unlimited$LIGHT$[Fiend/Effect]$$$$$4$1500$0$$$$This card can only attack face-down Defense Position monsters. If this card attacks, your opponent cannot activate any Spell/Trap Cards until the end of the Damage Step. If this card attacked a face-down Defense Position monster, at the start of the Damage Step: You can destroy that face-down monster.$$$$Continuous/Trigger$
33034646$Flame Armor Ninja$Unlimited$FIRE$[Warrior/Effect]$$$$$4$1700$1000$$$$When this card is Summoned: You can target 1 "Ninja" monster you control; increase its Level by 1.$Supports archetypes /Ninja$$Activates upon Normal Summon/Activates upon Flip Summon/Activates upon Special Summon$Trigger$
69023354$Air Armor Ninja$Unlimited$WIND$[Warrior/Effect]$$$$$4$1400$1400$$$$When this card is Summoned: You can target 1 "Ninja" monster you control; reduce its Level by 1.$Supports archetypes /Ninja$$Activates upon Normal Summon/Activates upon Flip Summon/Activates upon Special Summon$Trigger$
96427353$Aqua Armor Ninja$Unlimited$WATER$[Warrior/Effect]$$$$$4$800$1600$$$$When your opponent's monster declares a direct attack, if you have another "Ninja" monster in your Graveyard: You can banish this card from your Graveyard to target the attacking monster; negate that attack.$Supports archetypes /Ninja$$Activates from your Graveyard/Activates upon attack declaration$Trigger$
22812068$Earth Armor Ninja$Unlimited$EARTH$[Warrior/Effect]$$$$$5$1600$1200$$$$If your opponent controls a monster and you control no monsters, you can Special Summon this card (from your hand).$$$$Summon$
69207766$Inzektor Hornet$Unlimited$DARK$[Insect/Effect]$$$$$3$500$200$$$$Once per turn: You can equip 1 "Inzektor" monster from your hand or GY to this card. While this card is equipped to a monster, that monster's Level is increased by 3, also it gains ATK/DEF equal to this card's ATK/DEF. While this card is equipped to a monster: You can send this Equip Card to the GY, then target 1 card on the field; destroy that target.$Supports archetypes /Inzektor$$Equips monsters from the player's hand to itself/Equips monsters from the player's Graveyard to itself/Sends itself from field to Graveyard for cost$Ignition/Continuous$
95395761$Inzektor Ant$Unlimited$DARK$[Insect/Effect]$$$$$3$200$600$$$$Once per turn: You can equip 1 "Inzektor" monster from your hand or Graveyard to this card. While this card is equipped to a monster, that monster's Level is increased by 3, also it gains ATK and DEF equal to this card's ATK and DEF. If the equipped monster would be destroyed, you can destroy this Equip Card instead.$Supports archetypes /Inzektor$$$Ignition/Continuous-like$
21790410$Inzektor Centipede$Unlimited$DARK$[Insect/Effect]$$$$$3$1600$1200$$$$Once per turn: You can equip 1 "Inzektor" monster from your hand or GY to this card. If an Equip Card(s) is sent to your GY while equipped to this card (except during the Damage Step): You can add 1 "Inzektor" card from your Deck to your hand. While this card is equipped to a monster, that monster's Level is increased by 3.$Supports archetypes /Inzektor$$Adds from Deck to hand/Equips monsters from the player's hand to itself/Equips monsters from the player's Graveyard to itself$Ignition/Trigger/Continuous$
68184115$Inzektor Dragonfly$Unlimited$DARK$[Insect/Effect]$$$$$3$1000$1800$$$$Once per turn: You can equip 1 "Inzektor" monster from your hand or GY to this card. If an Equip Card(s) is sent to your GY while equipped to this card (except during the Damage Step): You can Special Summon 1 "Inzektor" monster from your Deck, except "Inzektor Dragonfly". While this card is equipped to a monster, that monster's Level is increased by 3.$Supports archetypes /Inzektor$$Equips monsters from the player's hand to itself/Equips monsters from the player's Graveyard to itself$Ignition/Trigger/Continuous$
94573223$Inzektor Giga-Mantis$Unlimited$DARK$[Insect/Effect]$$$$$6$2400$0$$$$You can target 1 face-up "Inzektor" monster you control; equip this card from your hand to that target. While this card is equipped to a monster, that monster's original ATK becomes 2400. If this card is sent to the GY while equipped to a monster: You can target 1 "Inzektor" monster in your GY except "Inzektor Giga-Mantis"; Special Summon that target. You can only use this effect of "Inzektor Giga-Mantis" once per turn.$Supports archetypes /Inzektor$$Activates from your Graveyard/Equips self from hand$Ignition/Continuous-like/Trigger/Condition$
21977828$Inzektor Giga-Weevil$Unlimited$DARK$[Insect/Effect]$$$$$6$0$2600$$$$You can target 1 face-up "Inzektor" monster you control; equip this card from your hand to that target. While this card is equipped to a monster, that monster's original DEF becomes 2600. If this card is sent to the Graveyard while equipped to a monster: You can target 1 "Inzektor" monster in your Graveyard; Special Summon that target. This effect of "Inzektor Giga-Weevil" can only be used once per turn.$Supports archetypes /Inzektor$$Equips self from hand/Activates from your Graveyard/Places cards from hand in Spell & Trap Zone$Ignition/Continuous-like/Trigger/Condition$
57962537$Wind-Up Rat$Unlimited$EARTH$[Beast/Effect]$$$$$3$600$600$$$$During your Main Phase: You can target 1 "Wind-Up" monster in your Graveyard; change this face-up Attack Position card you control to face-up Defense Position, and Special Summon that target in face-up Defense Position. This effect can only be used once while this card is face-up on the field.$Supports archetypes /Wind-Up$$Changes battle positions$Ignition/Condition$
93451636$Wind-Up Honeybee$Unlimited$EARTH$[Insect/Effect]$$$$$1$100$300$$$$When this card is destroyed by battle and sent to the Graveyard: You can Special Summon 1 Level 4 or lower "Wind-Up" monster from your Deck.$Supports archetypes /Wind-Up$$Activates if destroyed by battle/Activates from your Graveyard$Trigger$
20855340$Evoltile Pleuro$Unlimited$FIRE$[Reptile/Effect]$$$$$1$200$200$$$$If this card you control is destroyed and sent to your Graveyard: You can Special Summon 1 "Evolsaur" monster from your hand.$Supports archetypes /Evolsaur$$Activates if destroyed by battle/Activates if destroyed by card effect/Activates from your Graveyard$Trigger$
56240989$Evoltile Casinerio$Unlimited$FIRE$[Reptile/Effect]$$$$$3$1600$400$$$$At the end of the Battle Phase, if this card destroyed an opponent's monster by battle: You can Tribute this card; Special Summon 2 Level 6 or lower FIRE Dinosaur-Type monsters with the same name from your Deck. Their effects are negated and they are banished during the End Phase.$FIRE/Dinosaur$$Activates when it destroys a monster by battle/Tributes itself for cost$Trigger/Condition$
23234094$Evolsaur Elias$Unlimited$FIRE$[Dinosaur/Effect]$$$$$6$100$2400$$$$When this card is Special Summoned by the effect of an "Evoltile" monster: You can Special Summon 1 Level 6 or lower FIRE Dinosaur-Type monster from your hand.$Supports archetypes /Evoltile$$Activates upon Special Summon$Trigger$
69633792$Evolsaur Terias$Unlimited$FIRE$[Dinosaur/Effect]$$$$$6$2400$600$$$$When this card is Special Summoned by the effect of an "Evoltile" monster: This card loses 500 ATK.$Supports archetypes /Evoltile$$Activates upon Special Summon$Trigger$
95027497$Ninja Grandmaster Hanzo$Unlimited$DARK$[Warrior/Effect]$$$$$4$1800$1000$$$$When this card is Normal Summoned: You can add 1 "Ninjitsu Art" card from your Deck to your hand. When this card is Flip or Special Summoned: You can add 1 "Ninja" monster from your Deck to your hand, except "Ninja Grandmaster Hanzo".$Supports archetypes /Ninja/Ninjitsu Art$$Activates upon Normal Summon/Activates upon Flip Summon/Activates upon Special Summon/Adds from Deck to hand$Trigger$
22512406$Masked Ninja Ebisu$Unlimited$WIND$[Warrior/Effect]$$$$$4$1200$1800$$$$Once per turn, if you control a face-up "Ninja" monster other than "Masked Ninja Ebisu", you can activate this effect: Return a number of your opponent's Spell/Trap Cards to the hand, equal to the number of "Ninja" monsters you control, also every face-up "Goe Goe the Gallant Ninja" you control can attack your opponent directly this turn.$Supports archetypes /Ninja$$Returns from your opponent's field to your opponent's hand$Ignition$
58911105$Upstart Golden Ninja$Unlimited$LIGHT$[Warrior/Effect]$$$$$4$500$1800$$$$Once per turn: You can send 1 Trap from your hand to the GY; Special Summon 1 Level 4 or lower "Ninja" monster from your Deck in face-up Defense Position or face-down Defense Position.$Supports archetypes /Ninja$$Sends from hand to Graveyard for cost$Ignition$
95905259$Chow Len the Prophet$Unlimited$FIRE$[Spellcaster/Effect]$$$$$4$1800$200$$$$Once per turn: You can declare either Spell or Trap, then target 1 Set card in your opponent's Spell & Trap Zone; look at that target, and if it is the declared card type, that card cannot be activated this turn.$$$Declares a card type/Reveals face-down cards$Ignition$
21390858$Familiar-Possessed - Dharc$Unlimited$DARK$[Spellcaster/Effect]$$$$$4$1850$1500$$$$You can Special Summon this card (from your hand or Deck) by sending 1 face-up "Dharc the Dark Charmer" you control and 1 face-up DARK monster you control to the Graveyard. When you do: You can add 1 Level 3 or 4 LIGHT Spellcaster-Type monster from your Deck to your hand. If this card was Special Summoned by this effect and attacks a Defense Position monster, inflict piercing Battle Damage to your opponent.$Dharc the Dark Charmer/DARK/LIGHT/Spellcaster$$Activates from your hand/Activates from your Deck/Sends from field to Graveyard for cost/Adds from Deck to hand$Unclassified/Trigger/Continuous$
57784563$Dark Blade the Captain of the Evil World$Unlimited$DARK$[Warrior/Effect]$$$$$4$1800$1500$$$$Once per turn: You can banish 1 DARK monster from your Graveyard to target 1 Level 4 or lower LIGHT monster your opponent controls; equip it to this card. (You can only equip 1 monster at a time to this card with this effect.) If this card on the field would be destroyed, the monster equipped to it with this effect is destroyed, instead.$DARK$LIGHT$Equips monsters from the opponent's field to itself$Ignition/Continuous$
94283662$Trance Archfiend$Unlimited$DARK$[Fiend/Effect]$$$$$4$1500$500$$$$Once per turn: You can discard 1 Fiend-Type monster, and if you do, this card gains 500 ATK until the end of this turn. When this card you control is destroyed and sent to your Graveyard: You can target 1 of your banished DARK monsters; add that target to your hand.$DARK/Fiend$$Discards for effect/Activates from your Graveyard/Adds banished cards to the hand$Ignition/Trigger$
20277376$Divine Dragon Apocralyph$Unlimited$DARK$[Dragon/Effect]$$$$$4$1000$1500$$$$Once per turn: You can discard 1 card, then target 1 Dragon-Type monster in your Graveyard; add that target to your hand.$Dragon$$Discards for cost/Adds from Graveyard to hand$Ignition$
57662975$Darkstorm Dragon$Unlimited$DARK$[Dragon/Gemini/Effect]$$$$$8$2700$2500$$$$This card is treated as a Normal Monster while face-up on the field or in the Graveyard. While this card is a Normal Monster on the field, you can Normal Summon it to have it become an Effect Monster with this effect.●Once per turn: You can send 1 face-up Spell/Trap Card you control to the Graveyard; destroy all Spell and Trap Cards on the field.$$$Sends from field to Graveyard for cost$Unclassified/Condition/Ignition$
83061014$Numen erat Testudo$Unlimited$WATER$[Aqua/Effect]$$$$$5$1800$0$$$$Neither player can Special Summon monsters with 1800 or less ATK.$$$$Continuous$
29455728$Twin Photon Lizard$Unlimited$LIGHT$[Dragon/Fusion/Effect]$$$$$6$2400$1000$$2 "Photon" monsters$$You can Tribute this card; Special Summon, from your Graveyard, both of the Fusion Material Monsters used for the Fusion Summon of this card.$Supports archetypes /Photon$$Tributes itself for cost$Ignition$
56840427$Number C39: Utopia Ray$Unlimited$LIGHT$[Warrior/Xyz/Effect]$$$4$$$2500$2000$$3 Level 4 LIGHT monsters$$You can also Xyz Summon this card by using a "Number 39: Utopia" you control as material. (Transfer its materials to this card.) You can detach 1 material from this card; it gains 500 ATK until the end of this turn, and if it does, 1 monster your opponent controls loses 1000 ATK until the end of this turn. You must have 1000 LP or less to activate and to resolve this effect.$LIGHT/Number 39: Utopia$$Transfers$Summon/Ignition/Condition$
82944432$Blade Armor Ninja$Unlimited$WIND$[Warrior/Xyz/Effect]$$$4$$$2200$1000$$2 Level 4 Warrior-Type monsters$$Once per turn: You can detach 1 Xyz Material from this card to target 1 "Ninja" monster you control; it can make a second attack during each Battle Phase this turn.$Supports archetypes /Ninja$$$Ignition$
19333131$Number 12: Crimson Shadow Armor Ninja$Unlimited$EARTH$[Warrior/Xyz/Effect]$$$5$$$2400$1700$$2 Level 5 monsters$$Once per turn, during either player's turn: You can detach 1 Xyz Material from this card; this turn, face-up "Ninja" monsters you control cannot be destroyed by battle or by card effects.$Supports archetypes /Ninja$$$Quick$
55727845$Number 96: Dark Mist$Unlimited$DARK$[Fiend/Xyz/Effect]$$$2$$$100$1000$$3 Level 2 monsters$$Once per battle, when an attack is declared involving this card and an opponent's monster (Quick Effect): You can detach 1 material from this card; halve the ATK of the opponent's monster, and if you do, this card gains that same amount of ATK.$$$Activates upon attack declaration$Quick$
81122844$Wind-Up Carrier Zenmaity$Unlimited(OCG)$WATER$[Machine/Xyz/Effect]$$$3$$$1500$1500$$2 Level 3 monsters$$Once per turn: You can detach 1 Xyz Material from this card; Special Summon 1 "Wind-Up" monster from your hand or Deck. When a face-up "Wind-up" monster on the field is destroyed and sent to your Graveyard (except during the Damage Step): You can detach 1 Xyz Material from this card to target that monster; return that target to the hand.$Supports archetypes /Wind-Up$$Adds from Graveyard to hand$Ignition/Trigger$
18511599$Evolzar Solda$Unlimited$FIRE$[Dragon/Xyz/Effect]$$$6$$$2600$1000$$2 Level 6 Dinosaur-Type monsters$$This card cannot be destroyed by card effects while it has Xyz Material. When your opponent Special Summons a monster(s): You can detach 1 Xyz Material from this card; destroy that monster(s).$Dinosaur$$Applies effects if Xyz Material is attached/Activates upon Special Summon$Continuous/Trigger$
44505297$Inzektor Exa-Beetle$Unlimited$DARK$[Insect/Xyz/Effect]$$$6$$$1000$1000$$2 Level 6 monsters$$When this card is Xyz Summoned: You can target 1 monster in either GY; equip that target to this card. This card gains ATK/DEF equal to half the original ATK/DEF of the monster equipped by this effect. Once per turn: You can detach 1 material from this card, then target 1 face-up card on each field; send those targets to the GY.$$$Activates upon Xyz Summon/Equips monsters from the player's Graveyard to itself/Equips monsters from the opponent's Graveyard to itself/Sends from your field to your Graveyard/Sends from your opponent's field to your opponent's Graveyard$Trigger/Continuous/Ignition$
81000306$Full-Force Strike$Unlimited$SPELL$$$$$$$$$$$$Target 1 face-up monster you control; this turn, it cannot be destroyed by battle, players take no battle damage from its attacks, and if it attacks an opponent's monster, destroy that opponent's monster after damage calculation.$$$$Effect$
17494901$Gagagabolt$Unlimited$SPELL$$$$$$$$$$$$If you control a "Gagaga" monster: Target 1 card on the field; destroy that target.$Supports archetypes /Gagaga$$$Activation requirement/Effect$
44883600$Double Defender$Unlimited$SPELL$$$$$$$$$Continuous$$$Once per turn, when an opponent's monster declares an attack while you control 2 or more face-up Defense Position monsters: You can target the attacking monster; negate that attack.$$$Activates upon attack declaration$Trigger-like$
80887714$Galaxy Storm$Unlimited$SPELL$$$$$$$$$Quick-Play$$$Target 1 face-up Xyz Monster on the field that has no Xyz Material; destroy that target.$$Xyz Monster$$Effect$
16272453$Armor Ninjitsu Art of Alchemy$Unlimited$SPELL$$$$$$$$$$$$If you control a "Ninjitsu Art" card: Destroy as many other "Ninjitsu Art" cards you control as possible, then draw 2 cards.$Supports archetypes /Ninjitsu Art$$You draw cards$Activation requirement/Effect$
43661068$Star Light, Star Bright$Unlimited$SPELL$$$$$$$$$$$$Target 1 face-up monster you control; all face-up monsters you currently control with an ATK or DEF equal to that monster's become the same Level as that monster, until the End Phase.$$$$Effect$
79155167$Armor Blast$Unlimited$SPELL$$$$$$$$$$$$Target 1 face-up "Inzektor" card you control and 2 face-up cards your opponent controls; destroy them.$Supports archetypes /Inzektor$$$Effect$
16550875$Inzektor Sword - Zektkaliber$Unlimited$SPELL$$$$$$$$$Equip$$$Equip only to an "Inzektor" monster. It gains 800 ATK/DEF. If this face-up card on the field is sent to the GY: Target 1 "Inzektor" monster in your GY; add that target to your hand.$Supports archetypes /Inzektor$$Activates from your Graveyard/Adds from Graveyard to hand$Condition/Continuous-like/Trigger-like$
42548470$Weights & Zenmaisures$Unlimited$SPELL$$$$$$$$$$$$Target 2 face-up "Wind-Up" monsters you control with different Levels; your opponent chooses 1 of them, and the Level of the other monster becomes the same as the chosen monster's, until the End Phase. Then, if your opponent chose the monster with a lower Level, you can draw 1 card.$Supports archetypes /Wind-Up$$You draw cards$Effect$
78933589$Primordial Soup$Unlimited$SPELL$$$$$$$$$Continuous$$$Once per turn, during your Main Phase: You can shuffle up to 2 "Evolsaur" monsters from your hand into the Deck, then draw the same number of cards. You can only control 1 face-up "Primordial Soup".$Supports archetypes /Evolsaur$$Returns from your hand to your Deck/You draw cards$Ignition-like/Condition$
05338223$Evo-Force$Unlimited$SPELL$$$$$$$$$$$$Tribute 1 "Evoltile" monster; Special Summon 1 "Evolsaur" monster from your Deck. It is treated as if it was Special Summoned by the effect of an "Evoltile" monster.$Supports archetypes /Evoltile/Evolsaur$$Tributes for cost$Cost/Effect/Condition$
41722932$Dark Mambele$Unlimited$SPELL$$$$$$$$$$$$If you control 3 or more DARK monsters: Target 1 face-up card on the field; banish that target.$DARK$$$Activation requirement/Effect$
78811937$Creeping Darkness$Unlimited$SPELL$$$$$$$$$$$$Banish 2 DARK monsters from your GY; add 1 Level 4 DARK monster from your Deck to your hand.$DARK$$Adds from Deck to hand$Cost/Effect$
04215636$Shrine of Mist Valley$Unlimited$SPELL$$$$$$$$$Field$$$Once per turn, when a WIND monster(s) is destroyed by a card effect and sent to your Graveyard (except during the Damage Step): You can Special Summon 1 Level 3 or lower WIND monster from your hand or Deck. Its effects are negated.$WIND$$Activates if destroyed by card effect$Trigger-like$
30600344$Xyz Burst$Unlimited$SPELL$$$$$$$$$$$$If you control a Rank 6 or higher Xyz Monster: Destroy all Set cards your opponent controls.$Xyz Monster$$$Activation requirement/Effect$
77098449$Galaxy Wave$Unlimited$SPELL$$$$$$$$$Continuous$$$Each time you Xyz Summon: Inflict 500 damage to your opponent.$Xyz Monster$$$Trigger-like$
03493058$Dicephoon$Unlimited$SPELL$$$$$$$$$Quick-Play$$$Roll a six-sided die and apply the result.●2, 3, or 4: Destroy 1 Spell/Trap on the field.●5: Destroy 2 Spells/Traps on the field.●1 or 6: You take 1000 damage.$$$$Effect$
30488793$Counterforce$Unlimited$TRAP$$$$$$$$$$$$When a monster's attack is negated that targeted a face-up Attack Position monster: Inflict damage to your opponent equal to the difference in ATK between the 2 monsters.$$$$Activation requirement/Effect$
76972801$Gagagaguard$Unlimited$TRAP$$$$$$$$$$$$If you control 2 or more face-up "Gagaga" monsters: This turn, monsters you control cannot be destroyed by battle or by card effects.$Supports archetypes /Gagaga$$$Activation requirement/Effect$
02371506$Xyz Reflect$Unlimited$TRAP$$$$$$$$$Counter$$$When a Spell Card, Trap Card, or monster effect is activated that targets a face-up Xyz Monster(s) on the field: Negate the activation, and if you do, destroy it, then inflict 800 damage to your opponent.$Xyz Monster$$$Activation requirement/Effect$
39765115$Splash Capture$Unlimited$TRAP$$$$$$$$$$$$When your opponent Xyz Summons: Banish 2 Fish-Type monsters from your Graveyard to target that face-up Xyz Monster; take control of that target.$Fish$Xyz Monster$Changes control$Activation requirement/Cost/Effect$
65150219$Armor Ninjitsu Art of Freezing$Unlimited$TRAP$$$$$$$$$Continuous$$$When an opponent's monster declares an attack, if you control a "Ninja" monster: You can flip this card face-up; negate that attack and end the Battle Phase. While this card is face-up on the field and you control a "Ninja" monster, monsters your opponent controls cannot change their battle positions.$Supports archetypes /Ninja$$Activates upon attack declaration/Must be Set before activation/Ends the Battle Phase/Prevents battle position changes$Activation requirement/Effect/Continuous-like$
02148918$Armor Ninjitsu Art of Rust Mist$Unlimited$TRAP$$$$$$$$$Continuous$$$When a monster(s) is Special Summoned to your opponent's field, if you control a "Ninja" monster: Halve the current ATK of that Special Summoned monster(s).$Supports archetypes /Ninja$$$Trigger-like$
38643567$Inzektor Orb$Unlimited$TRAP$$$$$$$$$$$$Target 1 face-up "Inzektor" monster you control; equip this card to that target. It gains 500 ATK and DEF. When exactly 1 "Inzektor" monster you control is targeted by a card effect (except during the Damage Step): You can send this Equip Card to the Graveyard; negate that effect.$Supports archetypes /Inzektor$$Equips self from field/Sends itself from field to Graveyard for cost$Effect/Continuous-like/Quick-like$
64038662$Variable Form$Unlimited$TRAP$$$$$$$$$Continuous$$$Once per turn, you can activate 1 of these effects.●Target 2 face-up "Inzektor" monsters you control; equip one to the other.●Target 1 "Inzektor" monster you control that is an Equip Card; Special Summon that target in face-up Defense Position.$Supports archetypes /Inzektor$$$Quick-like$
91422370$Zenmailstrom$Unlimited$TRAP$$$$$$$$$$$$Tribute 1 "Wind-Up" monster with 1500 or more ATK; Special Summon 1 "Wind-Up" monster from your hand, then you can Special Summon 1 "Wind-Up" monster from your Deck with the same ATK as the monster Special Summoned by this effect.$Supports archetypes /Wind-Up$$Tributes for cost$Cost/Effect$
37421075$Degen-Force$Unlimited$TRAP$$$$$$$$$$$$Tribute 1 Level 4 or higher Dinosaur-Type monster; Special Summon 2 Level 3 or lower Reptile-Type monsters from your hand and/or Graveyard.$Dinosaur/Reptile$$Tributes for cost$Cost/Effect$
64815084$Evo-Branch$Unlimited$TRAP$$$$$$$$$$$$Target 1 face-up Reptile-Type monster you control; destroy it and Special Summon 1 "Evoltile" monster in face-down Defense Position from your Deck.$Supports archetypes /Evoltile$$$Effect$
90200789$Ninjitsu Art of Super-Transformation$Unlimited$TRAP$$$$$$$$$Continuous$$$Activate this card by targeting 1 "Ninja" monster you control and 1 face-up monster your opponent controls; send them to the GY, then Special Summon 1 Dragon, Dinosaur, or Sea Serpent monster from your Deck whose Level is less than or equal to the combined original Levels of the sent monster(s). When this card leaves the field, banish that monster.$Supports archetypes /Ninja$$Sends from field to Graveyard$Effect/Continuous-like$
26708437$Xyz Reborn$Unlimited$TRAP$$$$$$$$$$$$Target 1 Xyz Monster in your Graveyard; Special Summon it, and if you do, attach this card to it as an Xyz Material.$Xyz Monster$$Attaches itself as Xyz Material$Effect$
63193536$Over Capacity$Unlimited$TRAP$$$$$$$$$$$$When your opponent Special Summons a monster: Banish all face-up Level 2 or lower monsters on the field.$$$Activates upon Special Summon$Activation requirement/Effect$
99188141$The Huge Revolution is Over$Unlimited$TRAP$$$$$$$$$Counter$$$When a Spell/Trap Card, or monster effect, is activated that would destroy 2 or more cards on the field: Negate the activation, and if you do, banish it.$$$$Activation requirement/Effect$
26586849$Royal Prison$Unlimited$TRAP$$$$$$$$$Continuous$$$Neither player can Special Summon monsters from the GY.$$$$Continuous-like$
52971944$Sealing Ceremony of Katon$Unlimited$TRAP$$$$$$$$$Continuous$$$Once per turn: You can banish 1 FIRE monster from your Graveyard to target 1 card in your opponent's Graveyard; banish that target.$FIRE$$$Quick-like$
52601736$Inzektor Hopper$Unlimited$DARK$[Insect/Effect]$$$$$4$1700$1400$$$$Once per turn: You can equip 1 "Inzektor" monster from your hand or GY to this card. While this card is equipped to a monster, that monster's Level is increased by 4. While this card is equipped to a monster: You can send this Equip Card to the GY; the monster it was equipped to can attack directly this turn. Other monsters cannot attack the turn you activate this effect.$Supports archetypes /Inzektor$$Equips monsters from the player's hand to itself/Equips monsters from the player's Graveyard to itself/Sends itself from field to Graveyard for cost$Ignition/Continuous/Condition$
25484449$Wind-Up Shark$Unlimited$WATER$[Fish/Effect]$$$$$4$1500$1300$$$$When a "Wind-Up" monster is Normal or Special Summoned to your side of the field: You can Special Summon this card from your hand. Once per turn: You can activate 1 of these effects.●Increase this card's Level by 1, until the End Phase.●Reduce this card's Level by 1, until the End Phase.$Supports archetypes /Wind-Up$$Activates upon Normal Summon/Activates upon Special Summon$Trigger/Ignition$
88095331$Evoltile Najasho$Unlimited$FIRE$[Reptile/Effect]$$$$$2$100$2000$$$$If this card on the field is Tributed: You can Special Summon 1 "Evolsaur" monster from your Deck.$Supports archetypes /Evolsaur$$Activates if Tributed$Trigger$
99212922$White Dragon Ninja$Unlimited$LIGHT$[Dragon/Effect]$$$$$7$2700$1200$$$$Cannot be Special Summoned, except with a "Ninjitsu Art" card's effect. Spells/Traps you control cannot be destroyed by card effects.$Supports archetypes /Ninjitsu Art$$$Summon/Continuous$
25206027$Interplanetarypurplythorny Dragon$Unlimited$DARK$[Dragon/Effect]$$$$$5$2200$1100$$$$If a monster you control is destroyed by battle or card effect and sent to the Graveyard: You can Special Summon this card from your hand.$$$Activates from your Graveyard$Trigger$
52823314$Tour Bus From the Underworld$Unlimited$DARK$[Fiend/Effect]$$$$$3$1000$1000$$$$When this card is sent to the Graveyard: Target 1 monster in either player's Graveyard, except "Tour Bus From the Underworld"; shuffle that target into the Deck.$$$Activates from your Graveyard/Returns from Graveyard to Deck$Trigger$
51589188$Photon Trident$Unlimited$SPELL$$$$$$$$$Quick-Play$$$Target 1 face-up "Photon" monster you control; until the End Phase, it gains 700 ATK, and if it attacks a Defense Position monster, inflict piercing Battle Damage to your opponent. When it inflicts Battle Damage to your opponent this turn: You can target 1 Spell/Trap Card on the field; destroy that target.$Supports archetypes /Photon$$$Effect/Trigger-like$
24362891$Evo-Instant$Unlimited$TRAP$$$$$$$$$$$$Tribute 1 Reptile-Type monster; Special Summon 1 "Evolsaur" monster from your Deck.$Supports archetypes /Evolsaur$$Tributes for cost$Cost/Effect$
50766506$Ninjitsu Art of Duplication$Unlimited$TRAP$$$$$$$$$Continuous$$$Activate this card by Tributing 1 "Ninja" monster; Special Summon any number of "Ninja" monsters from your Deck, in face-up Attack Position and/or face-down Defense Position, with combined Levels less than or equal to the Level of the Tributed monster. When this card leaves the field, destroy those monsters.$Supports archetypes /Ninja$$Tributes for cost/Activates when it leaves the field$Cost/Effect/Trigger-like$
20193924$White Night Queen$Unlimited$LIGHT$[Fairy/Effect]$$$$$7$2100$800$$$$Cannot be Special Summoned. Once per turn: You can target 1 Set card; destroy that target.$$$$Summon/Ignition$
48588176$Danipon$Unlimited$EARTH$[Insect/Effect]$$$$$2$600$600$$$$When this card is destroyed by battle and sent to the GY: You can add 1 Insect monster with 1000 or less DEF from your Deck to your hand.$Insect$$Activates from your Graveyard/Adds from Deck to hand$Trigger$
74983881$Sweet Corn$Unlimited$EARTH$[Plant/Effect]$$$$$2$0$0$$$$Once per turn, during your Main Phase 2: You can pay 500 Life Points; Special Summon 1 "Maize Token" (Plant-Type/EARTH/Level 1/ATK 0/DEF 0).$$$$Ignition$
$Vampiric Koala (Updated from: Vampire Koala)$$EARTH$[Beast/Effect]$$$$$4$1800$1500$$$$If this card inflicts battle damage to your opponent by battle with a monster: Gain LP equal to the battle damage inflicted.$$$$$
07243511$Koalo-Koala$Unlimited$EARTH$[Beast/Fusion/Effect]$$$$$6$2800$200$$"Sea Koala" + "Tree Otter"$$You can send 1 Beast-Type monster from your hand to the Graveyard to target 1 monster your opponent controls; destroy it.$Beast$$Sends from hand to Graveyard for cost/Sends from your hand to your Graveyard$Ignition$
31919988$Dark Diviner$Unlimited$DARK$[Fiend/Synchro/Effect]$$$$$4$2000$1000$$1 DARK Tuner + 1 non-Tuner Insect-Type monster$$This card cannot be destroyed by battle. When this card declares an attack, if the ATK of the attack target is higher than this card: The ATK of the attack target becomes equal to this face-up card's current ATK. This change lasts until the end of the Battle Phase. When this card destroys an opponent's monster by battle and sends it to the Graveyard: Send the top 3 cards of your opponent's Deck to the Graveyard.$DARK/Insect$$Activates upon attack declaration/Activates when it destroys a monster by battle/Sends from your opponent's Deck to your opponent's Graveyard$Continuous/Trigger/Condition$
67904682$Dark Flattop$Unlimited$DARK$[Machine/Synchro/Effect]$$$$$8$0$3000$$1 DARK Tuner + 1 or more non-Tuner Machine-Type monsters$$Once per turn: You can target 1 "Reactor" monster or "Flying Fortress SKY FIRE" in your Graveyard; Special Summon that target, ignoring its Summoning conditions. If this card is destroyed and sent to the Graveyard: You can Special Summon 1 Level 5 or lower Machine-Type monster from your hand.$Supports archetypes /Reactor$$Activates if destroyed by battle/Activates if destroyed by card effect/Activates from your Graveyard$Ignition/Trigger$
93353691$Driven Daredevil$Unlimited$EARTH$[Warrior/Synchro/Effect]$$$$$7$2400$2100$$1 Warrior-Type Tuner + 1 or more non-Tuner Warrior-Type monsters$$This card cannot be destroyed by battle when attacked by a monster with higher ATK. After damage calculation, if this card was attacked by a monster with higher ATK: Destroy the opponent's monster it battled.$Warrior$$$Continuous/Trigger$
77334267$Wind-Up Arsenal Zenmaioh$Unlimited$WIND$[Machine/Xyz/Effect]$$$5$$$2600$1900$$2 Level 5 monsters$$Once per turn: You can detach 1 material from this card, then target 2 Set cards on the field; destroy them.$$$$Ignition$
04423206$M-X-Saber Invoker$Forbidden(OCG)$EARTH$[Warrior/Xyz/Effect]$$$3$$$1600$500$$2 Level 3 monsters$$Once per turn: You can detach 1 material from this card; Special Summon 1 Level 4 EARTH Warrior or Beast-Warrior monster from your Deck, in Defense Position, but destroy it during the End Phase.$EARTH/Warrior/Beast-Warrior$$$Ignition$
