Passcode$Name$Status$Attribute$type$link$link_arrows$rank$pendulum_scale$level$attack$defense$spell_attribute$summoning_condition$pendulum_condition$card_text$card_supports$card_anti_supports$card_actions$effect_types$
68468459$Fallen of Albaz$Unlimited$DARK$[Dragon/Effect]$$$$$4$1800$0$$$$If this card is Normal or Special Summoned (except during the Damage Step): You can discard 1 card; Fusion Summon 1 Fusion Monster from your Extra Deck, using monsters on either field as Fusion Material, including this card, but you cannot use other monsters you control as Fusion Material. You can only use this effect of "Fallen of Albaz" once per turn.$$$Activates upon Normal Summon/Activates upon Special Summon/Discards for cost/Uses cards on the player's field as Fusion Materials/Uses cards on the opponent's field as Fusion Materials/Uses itself as a Fusion Material$Trigger/Condition$
30680659$Water Enchantress of the Temple$Semi-Limited(OCG)$WATER$[Spellcaster/Effect]$$$$$3$1500$1200$$$$If you control an "Adventurer Token": You can Special Summon this card from your hand. You can banish this card from your hand or GY; add 1 "Rite of Aramesir" from your Deck or GY to your hand. If you control an "Adventurer Token": You can place 1 Field Spell that mentions "Adventurer Token" from your Deck face-up in your Field Zone. You can only use each effect of "Water Enchantress of the Temple" once per turn.$Adventurer Token/Rite of Aramesir$$$$
82732705$Skill Drain$Unlimited$TRAP$$$$$$$$$Continuous$$$Activate this card by paying 1000 LP. Negate the effects of all face-up monsters while they are face-up on the field (but their effects can still be activated).$$$$Cost/Continuous-like$
09748752$Caius the Shadow Monarch$Unlimited$DARK$[Fiend/Effect]$$$$$6$2400$1000$$$$If this card is Tribute Summoned: Target 1 card on the field; banish that target, and if you do, inflict 1000 damage to your opponent if it is a DARK monster.$DARK$DARK$Activates upon Tribute Summon$Trigger$
13821299$Trap Eater$Unlimited$DARK$[Fiend/Tuner/Effect]$$$$$4$1900$1600$$$$Cannot be Normal Summoned/Set. Must be Special Summoned (from your hand) by sending 1 face-up Trap your opponent controls to the GY.$$$Sends from field to Graveyard for cost/Sends from your opponent's field to your opponent's Graveyard$Summon$
21620076$Pain Painter$Unlimited$DARK$[Zombie/Tuner/Effect]$$$$$2$400$200$$$$This card's name becomes "Plaguespreader Zombie" while on the field. Once per turn: You can target up to 2 Zombie monsters you control, except this card; they become Level 2 (until the end of this turn), and if they do, they cannot be used as Synchro Material, except for the Synchro Summon of a Zombie monster.$Plaguespreader Zombie/Zombie$$$Continuous/Ignition/Condition$
19808608$D/D Berfomet$Unlimited$DARK$[Fiend/Effect]$$$$$4$1400$1800$$$$Once per turn: You can target 1 "D/D" monster you control that has a Level, except "D/D Berfomet", and declare a Level from 1 to 8; it becomes that Level until the end of this turn, also you cannot Special Summon monsters for the rest of this turn, except "D/D" monsters.$Supports archetypes /D/D$$Declares a Level$Ignition$
46136942$Performapal Odd-Eyes Dissolver$Unlimited$DARK$[Spellcaster/Pendulum/Effect]$$$$4$8$2000$2600$$$Once per turn, during your Main Phase: You can Fusion Summon 1 Dragon Fusion Monster from your Extra Deck, using monsters from your hand or field as Fusion Material.$At the start of the Damage Step, if your Pendulum Monster battles an opponent's monster: You can Special Summon this card from your hand, and if you do, your monster cannot be destroyed by that battle. You can only use this effect of "Performapal Odd-Eyes Dissolver" once per turn. During your Main Phase: You can Fusion Summon 1 Fusion Monster from your Extra Deck, using monsters from your hand, field, and/or Pendulum Zones, including this card.$Dragon/Fusion Monster/Pendulum Monster$$Uses cards on the player's field as Fusion Materials/Uses Spell Cards as Fusion Materials/Uses itself as a Fusion Material$Pendulum Effect /Ignition-like/Monster Effect/Trigger/Condition/Ignition$
74583607$D/D/D Flame King Genghis$Unlimited$FIRE$[Fiend/Fusion/Effect]$$$$$6$2000$1500$$2 "D/D" monsters$$If another "D/D" monster(s) is Special Summoned to your field, while you control this monster (except during the Damage Step): You can target 1 "D/D" monster in your GY; Special Summon it. You can only use this effect of "D/D/D Flame King Genghis" once per turn. If this card is destroyed by battle, or if this card in its owner's possession is destroyed by an opponent's card effect: You can target 1 "Dark Contract" card in your GY; add it to your hand.$Supports archetypes /D/D/Dark Contract$$Activates upon Special Summon/Activates from your Graveyard/Adds from Graveyard to hand$Trigger/Condition$
82956492$D/D/D Oracle King d'Arc$Unlimited$DARK$[Fiend/Fusion/Effect]$$$$$7$2800$2000$$2 "D/D" monsters$$Any effect that would inflict damage to you makes you gain that much LP, instead.$Supports archetypes /D/D$$$Continuous$
25789292$Forbidden Chalice$Unlimited$SPELL$$$$$$$$$Quick-Play$$$Target 1 face-up monster on the field; until the end of this turn, that target gains 400 ATK, but its effects are negated.$$$$Effect$
52584282$Hercules Beetle$Unlimited$EARTH$[Insect/Normal]$$$$$5$1500$2000$$$$A massive beetle with a tough carapace and a dangerous horn.$$$$$
60802233$Kuwagata α$Unlimited$EARTH$[Insect/Normal]$$$$$4$1250$1000$$$$A very vicious stag beetle that goes for the head.$$$$$
40453765$Swamp Battleguard$Unlimited$EARTH$[Warrior/Effect]$$$$$5$1800$1500$$$$Gains 500 ATK for each "Lava Battleguard" you control.$Lava Battleguard$$$Continuous$
20394040$Lava Battleguard$Unlimited$EARTH$[Warrior/Effect]$$$$$5$1550$1800$$$$Gains 500 ATK for each "Swamp Battleguard" you control.$Swamp Battleguard$$$Continuous$
16226786$Night Assailant$Unlimited$DARK$[Fiend/Flip/Effect]$$$$$3$200$500$$$$FLIP: Target 1 monster your opponent controls; destroy that target.If this card is sent from the hand to the GY: Target 1 Flip monster in your GY, except "Night Assailant"; add that target to your hand.$Flip monster$$Activates upon being flipped face-up/Adds from Graveyard to hand/Activates from your Graveyard$Flip/Trigger$
44330098$Gorz the Emissary of Darkness$Unlimited$DARK$[Fiend/Effect]$$$$$7$2700$2500$$$$When you take damage from a card in your opponent's possession: You can Special Summon this card from your hand. You must control no cards to activate and to resolve this effect. When this card is Special Summoned by its effect: Activate the appropriate effect, based on the type of damage.●Battle damage: Special Summon 1 "Emissary of Darkness Token" (Fairy/LIGHT/Level 7/ATK ?/DEF ?). Its ATK and DEF are each equal to the amount of battle damage you took.●Effect damage: Inflict damage to your opponent equal to the damage you took.$$$Activates upon Special Summon$Trigger/Condition$
48686504$Lonefire Blossom$Unlimited$FIRE$[Plant/Effect]$$$$$3$500$1400$$$$Once per turn: You can Tribute 1 face-up Plant monster; Special Summon 1 Plant monster from your Deck.$Plant$$Tributes for cost$Ignition$
01833916$Heroic Challenger - Thousand Blades$Unlimited$EARTH$[Warrior/Effect]$$$$$4$1300$1100$$$$Once per turn, if this card is in Attack Position: You can discard 1 "Heroic" card; Special Summon 1 "Heroic" monster from your Deck, and if you do, change this card to Defense Position, also you cannot Special Summon monsters for the rest of this turn, except "Heroic" monsters. When you take damage while this card is in your GY: You can Special Summon this card in Attack Position. You can only use this effect of "Heroic Challenger - Thousand Blades" once per turn.$Supports archetypes /Heroic$$Discards for cost/Changes battle positions/Activates from your Graveyard$Ignition/Trigger/Condition$
72714461$Wisdom-Eye Magician$Unlimited$LIGHT$[Spellcaster/Pendulum/Effect]$$$$5$4$1500$1500$$$If you have a "Magician" or "Performapal" card in your other Pendulum Zone: You can destroy this card, and if you do, place 1 "Magician" Pendulum Monster from your Deck in your Pendulum Zone, except "Wisdom-Eye Magician".$You can discard this card, then target 1 card in your Pendulum Zone, whose current Pendulum Scale is different from its original Pendulum Scale; its Pendulum Scale becomes its original Pendulum Scale until the end of this turn.$Supports archetypes /Magician /Performapal$$Activates if other Pendulum Zone is occupied by specific card/Places from Deck to Pendulum Zone/Discards itself for cost$Pendulum Effect /Ignition-like/Monster Effect/Ignition$
40318957$Performapal Skullcrobat Joker$Unlimited$DARK$[Spellcaster/Pendulum/Effect]$$$$8$4$1800$100$$$You cannot Pendulum Summon monsters, except "Performapal" monsters, "Magician" Pendulum Monsters, and "Odd-Eyes" monsters. This effect cannot be negated.$When this card is Normal Summoned: You can add 1 "Performapal" monster, "Magician" Pendulum Monster, or "Odd-Eyes" monster from your Deck to your hand, except "Performapal Skullcrobat Joker".$Supports archetypes /Performapal/Magician /Odd-Eyes$$Activates upon Normal Summon/Effect that cannot be negated/Adds from Deck to hand$Pendulum Effect /Continuous-like/Condition/Monster Effect/Trigger$
55623480$Fairy Tail - Snow$Unlimited(OCG)$LIGHT$[Spellcaster/Effect]$$$$$4$1850$1000$$$$If this card is Normal or Special Summoned: You can target 1 face-up monster your opponent controls; change it to face-down Defense Position. If this card is in your GY (Quick Effect): You can banish 7 other cards from your hand, field, and/or GY; Special Summon this card.$$$Activates upon Normal Summon/Activates upon Special Summon/Changes battle positions/Flips monsters face-down/Activates from your Graveyard$Trigger/Quick$
05560911$Destrudo the Lost Dragon's Frisson$Unlimited(OCG)$DARK$[Dragon/Tuner/Effect]$$$$$7$1000$3000$$$$If this card is in your hand or GY: You can pay half your LP, then target 1 Level 6 or lower monster you control; Special Summon this card, and if you do, this card's Level is reduced by the Level of the targeted monster, also place this card on the bottom of the Deck if it leaves the field. You can only use this effect of "Destrudo the Lost Dragon's Frisson" once per turn.$$$Activates from your hand/Activates from your Graveyard/Returns itself to the Deck when it leaves the field$Ignition/Condition$
60645181$Heroic Champion - Excalibur$Unlimited$LIGHT$[Warrior/Xyz/Effect]$$$4$$$2000$2000$$2 Level 4 Warrior monsters$$Once per turn: You can detach 2 materials from this card; this card's ATK becomes double its original ATK until the end of your opponent's turn.$Warrior$$Detaches multiple Xyz Materials as cost$Ignition$
48009503$Heroic Champion - Gandiva$Unlimited$EARTH$[Warrior/Xyz/Effect]$$$4$$$2100$1800$$2 Level 4 Warrior monsters$$Once per turn, when a Level 4 or lower monster(s) is Special Summoned to your opponent's field (except during the Damage Step): You can detach 1 material from this card; destroy that Special Summoned monster(s).$Warrior$$$Trigger$
75304793$Symph Amplifire$Unlimited$SPELL$$$$$$$$$Field$$$Each time an effect of a "Symphonic Warrior" card is activated, place 1 Symphonic Counter on this card when that effect resolves. All "Symphonic Warrior" monsters on the field gain 100 ATK for each Symphonic Counter on this card. Once per turn: You can remove 5 or 7 Symphonic Counters from your field; apply this effect, depending on the number of Symphonic Counters removed.●5: Inflict 300 damage to your opponent for each "Symphonic Warrior" card on the field.●7: Banish cards your opponent controls and/or in their GY, up to the number of "Symphonic Warrior" cards on the field.$Supports archetypes /Symphonic Warrior$$$Continuous-like/Ignition-like$
23002292$Red Reboot$Limited(OCG)$TRAP$$$$$$$$$Counter$$$When your opponent activates a Trap Card: Negate the activation, and if you do, Set that card face-down, then they can Set 1 other Trap directly from their Deck. For the rest of this turn after this card resolves, your opponent cannot activate Trap Cards. You can activate this card from your hand by paying half your LP.$$$Sets from your opponent's Deck$Activation requirement/Effect/Lingering/Condition$
