Passcode$Name$Status$Attribute$type$link$link_arrows$rank$pendulum_scale$level$attack$defense$spell_attribute$summoning_condition$pendulum_condition$card_text$card_supports$card_anti_supports$card_actions$effect_types$
56832966$Number S39: Utopia the Lightning$Unlimited$LIGHT$[Warrior/Xyz/Effect]$$$5$$$2500$2000$$3 Level 5 LIGHT monsters$$You can also Xyz Summon this card by using a Rank 4 "Utopia" monster you control as material. (Transfer its materials to this card.) Cannot be used as material for an Xyz Summon. If this card battles, your opponent cannot activate cards or effects until the end of the Damage Step. Once per Chain, during damage calculation, if this card battles an opponent's monster while this card has a "Utopia" Xyz Monster as material (Quick Effect): You can detach 2 materials from this card; this card's ATK becomes 5000 during that damage calculation only.$Supports archetypes /Utopia $$Transfers/Detaches multiple Xyz Materials as cost$Summon/Condition/Continuous/Quick$
01845204$Instant Fusion$Limited$SPELL$$$$$$$$$$$$Pay 1000 LP; Special Summon 1 Level 5 or lower Fusion Monster from your Extra Deck, but it cannot attack, also it is destroyed during the End Phase. (This is treated as a Fusion Summon.) You can only activate 1 "Instant Fusion" per turn.$Fusion Monster$$$Cost/Effect/Condition$
40605147$Solemn Strike$Unlimited$TRAP$$$$$$$$$Counter$$$When a monster(s) would be Special Summoned, OR a monster effect is activated: Pay 1500 LP; negate the Summon or activation, and if you do, destroy that card.$$$$Activation requirement/Cost/Effect$
69351984$Metalfoes Volflame$Unlimited$FIRE$[Psychic/Pendulum/Normal]$$$$8$7$2400$2000$$$Once per turn: You can target 1 other face-up card you control; destroy it, and if you do, Set 1 "Metalfoes" Spell/Trap directly from your Deck.$Roasting red rockets boost its blazing, bright-blast burners to liquified lava levels. Vanquisher of the Vanisher!$Supports archetypes /Metalfoes$$Sets from your Deck$Pendulum Effect /Ignition-like$
01357146$Ronintoadin$Unlimited(OCG)$WATER$[Aqua/Effect]$$$$$2$100$2000$$$$Cannot be used as Synchro Material. This card's name becomes "Des Frog" while on the field. If this card is in your GY: You can banish 1 "Frog" monster from your GY; Special Summon this card.$Supports archetypes /Frog$$Activates from your Graveyard$Condition/Continuous/Ignition$
65367484$Photon Thrasher$Unlimited$LIGHT$[Warrior/Effect]$$$$$4$2100$0$$$$Cannot be Normal Summoned/Set. Must first be Special Summoned (from your hand) while you control no monsters. Cannot attack if you control another monster.$$$$Summon/Continuous$
46502744$Retaliating "C"$Unlimited$EARTH$[Insect/Effect]$$$$$4$1400$1400$$$$When your opponent activates a Spell Card that includes an effect that Special Summons a monster(s) (Quick Effect): You can Special Summon this card from your hand. If Summoned this way, while this card is face-up on the field, any card sent to the GY is banished instead. If this card is sent from the field to the GY: You can add 1 EARTH Insect monster with 1500 or less ATK from your Deck to your hand, except "Retaliating "C"".$EARTH/Insect$$Activates from your Graveyard$Quick/Continuous/Trigger$
29726552$Kumongous, the Sticky String Kaiju$Unlimited$EARTH$[Insect/Effect]$$$$$7$2400$2500$$$$You can Special Summon this card (from your hand) to your opponent's field in Attack Position, by Tributing 1 monster they control. If your opponent controls a "Kaiju" monster, you can Special Summon this card (from your hand) in Attack Position. You can only control 1 "Kaiju" monster. When your opponent Normal or Special Summons a monster(s): You can remove 2 Kaiju Counters from anywhere on the field; until the end of the next turn, that monster(s) cannot attack and it has its effects negated.$$Anti-supports archetypes /Kaiju$Activates from your hand/Tributes opponent's monsters/Activates upon Normal Summon/Activates upon Special Summon$Unclassified/Trigger$
45206713$D/D Swirl Slime$Unlimited$DARK$[Fiend/Effect]$$$$$2$200$200$$$$If this card is in your hand: You can Fusion Summon 1 "D/D/D" Fusion Monster from your Extra Deck, using monsters from your hand as Fusion Materials, including this card. You can banish this card from your GY; Special Summon 1 "D/D" monster from your hand. You can only use each effect of "D/D Swirl Slime" once per turn.$Supports archetypes /D/D/D/D/D$$Activates from your hand/Uses cards in the hand as Fusion Materials/Uses itself as a Fusion Material/Activates from your Graveyard$Ignition/Condition$
74069667$D/D/D Oblivion King Abyss Ragnarok$Unlimited$DARK$[Fiend/Pendulum/Effect]$$$$5$8$2200$3000$$$If you Special Summon a "D/D" monster(s), except during the Damage Step: You can target 1 "D/D" monster in your Graveyard; any battle damage your opponent takes becomes halved for the rest of this turn, also Special Summon that monster, and if you do, take 1000 damage. You can only use this effect of "D/D/D Oblivion King Abyss Ragnarok" once per turn.$If this card is Normal or Special Summoned: You can target 1 "D/D/D" monster in your Graveyard; Special Summon it. You can only use this effect of "D/D/D Oblivion King Abyss Ragnarok" once per turn. Once per turn: You can Tribute 1 other "D/D" monster, then target 1 monster your opponent controls; banish it.$Supports archetypes /D/D/D/D/D$$Activates upon Normal Summon/Activates upon Special Summon/Tributes for cost$Pendulum Effect /Trigger-like/Condition/Monster Effect/Trigger/Ignition$
09929398$Blackwing - Gofu the Vague Shadow$Forbidden(OCG)$DARK$[Winged Beast/Tuner/Effect]$$$$$5$0$0$$$$Cannot be Normal Summoned/Set. Must first be Special Summoned (from your hand) while you control no monsters. When this card is Special Summoned from the hand: You can Special Summon 2 "Vague Shadow Tokens" (Winged Beast-Type/DARK/Level 1/ATK 0/DEF 0), but they cannot be Tributed or be used as Synchro Material. You can banish this card and 1 or more face-up non-Tuners you control, then target 1 "Blackwing" Synchro Monster in your Graveyard whose Level equals the total Levels the banished monsters had on the field; Special Summon it, and if you do, it is treated as a Tuner.$Supports archetypes /Blackwing$$Cannot be Tributed$Summon/Trigger/Ignition$
33782437$One Day of Peace$Limited$SPELL$$$$$$$$$$$$Each player draws 1 card, and neither player takes damage until the end of the opponent's next turn.$$$You draw cards/Your opponent draws cards$Effect$
66399653$Union Hangar$Unlimited$SPELL$$$$$$$$$Field$$$When this card is activated: You can add 1 LIGHT Machine Union monster from your Deck to your hand. Once per turn, if a LIGHT Machine Union monster(s) is Normal or Special Summoned to your field (except during the Damage Step): You can target 1 of those monsters; equip 1 appropriate LIGHT Machine Union monster, with a different name, from your Deck to that monster, but the Union monster you equipped cannot be Special Summoned this turn. You can only activate 1 "Union Hangar" per turn.$LIGHT/Machine/Union monster$$Adds from Deck to hand/Activates upon Normal Summon/Activates upon Special Summon$Effect/Trigger-like/Condition$
93343894$Water Magician$Unlimited$WATER$[Aqua/Normal]$$$$$4$1400$1000$$$$This monster swamps an opponent with an almost endless supply of water.$$$$$
94022093$Behegon$Unlimited$WATER$[Aqua/Normal]$$$$$4$1350$1000$$$$With an enormous maw and massive teeth, this monstrosity is one dangerous and strange serpent from the deep.$$$$$
$B.E.S. Big Core (Updated from: Big Core)$$DARK$[Machine/Effect]$$$$$6$2300$1100$$$$If this card is Normal Summoned: Place 3 counters on it. Cannot be destroyed by battle. At the end of the Damage Step, if this card battled: Remove 1 counter from this card. If you cannot, destroy it.$$$$$
10963799$Barrier Statue of the Torrent$Unlimited$WATER$[Aqua/Effect]$$$$$4$1000$1000$$$$Neither player can Special Summon monsters, except WATER monsters.$WATER$$$Continuous$
47961808$Barrier Statue of the Inferno$Unlimited$FIRE$[Pyro/Effect]$$$$$4$1000$1000$$$$Neither player can Special Summon monsters, except FIRE monsters.$FIRE$$$Continuous$
67136033$Coach Captain Bearman$Unlimited$FIRE$[Beast-Warrior/Effect]$$$$$8$2600$2700$$$$You can Normal Summon this card without Tributing, but its original ATK becomes 1300. Once per turn: You can make all Level 4 Beast-Warrior-Type monsters you currently control become Level 8 until the end of this turn. This card cannot be used as an Xyz Material for an Xyz Summon, except for the Xyz Summon of a FIRE Warrior-Type monster.$Beast-Warrior/FIRE/Warrior$$$Unclassified/Ignition/Condition$
34267821$Artifact Lancea$Unlimited$LIGHT$[Fairy/Effect]$$$$$5$1700$2300$$$$You can Set this card from your hand to your Spell & Trap Zone as a Spell. During your opponent's turn, if this Set card in the Spell & Trap Zone is destroyed and sent to your GY: Special Summon it. During your opponent's turn (Quick Effect): You can Tribute this card from your hand or face-up field; neither player can banish cards for the rest of this turn.$$$Sets self from hand as Spell Card/Activates if destroyed while Set/Activates from your Graveyard/Activates from your hand/Tributes itself for cost$Unclassified/Trigger/Quick$
84769941$Super Anti-Kaiju War Machine Mecha-Dogoran$Unlimited$LIGHT$[Machine/Effect]$$$$$8$?$2000$$$$Cannot be Normal Summoned/Set. Must first be Special Summoned (from your hand) while your opponent controls a "Kaiju" monster. You can only control 1 "Kaiju" monster. Once per turn: You can remove 2 Kaiju Counters from anywhere on the field; equip 1 "Kaiju" monster from your hand or Graveyard to this card. This card gains ATK equal to the combined original ATK of the "Kaiju" monsters equipped to it by this effect.$Supports archetypes /Kaiju$Anti-supports archetypes /Kaiju$Equips monsters from the player's hand to itself/Equips monsters from the player's Graveyard to itself$Summon/Unclassified/Ignition/Continuous$
29929832$Marine Beast$Unlimited$WATER$[Fish/Fusion]$$$$$5$1700$1600$$$$"Water Magician" + "Behegon"$$$$$
56910167$Superdreadnought Rail Cannon Gustav Max$Unlimited$EARTH$[Machine/Xyz/Effect]$$$10$$$3000$3000$$2 Level 10 monsters$$Once per turn: You can detach 1 material from this card; inflict 2000 damage to your opponent.$$$$Ignition$
30741334$Coach King Giantrainer$Unlimited$FIRE$[Warrior/Xyz/Effect]$$$8$$$2800$2000$$3 Level 8 monsters$$You can detach 1 Xyz Material from this card; draw 1 card and show it, then if it was a monster, inflict 800 damage to your opponent. You cannot conduct your Battle Phase the turn you activate this effect. You can only use this effect of "Coach King Giantrainer" up to thrice per turn.$$$You draw cards/Shows the player's drawn cards/Cannot conduct Battle Phase$Ignition/Condition$
79569173$Seismic Shockwave$Unlimited$TRAP$$$$$$$$$Continuous$$$Destroy this card during your 3rd Standby Phase after activation. Activate this card when a face-up Dinosaur-Type monster you control is destroyed and sent to the Graveyard (except during the Damage Step): Choose 3 of your opponent's unused Spell & Trap Zones. Those Zones cannot be used. If this card destroys itself: You can target 1 Dinosaur-Type monster in your Graveyard; add that target to your hand.$Dinosaur$$Activates from your Graveyard/Returns from Graveyard to hand$Continuous-like/Activation requirement/Effect/Trigger-like$
79161790$Inverse Universe$Unlimited$TRAP$$$$$$$$$$$$Switch the ATK and DEF of all face-up Effect Monsters on the field.$Effect Monster$Effect Monster$$Effect$
21350571$Horn of the Phantom Beast$Unlimited$TRAP$$$$$$$$$$$$Target 1 Beast or Beast-Warrior monster you control; equip this card to that target. It gains 800 ATK. If the equipped monster destroys your opponent's monster by battle and sends it to the GY: Draw 1 card.$Beast/Beast-Warrior$$Equips self from field/Activates when it destroys a monster by battle/You draw cards$Effect/Continuous-like/Trigger-like$
