Passcode$Name$Status$Attribute$type$link$link_arrows$rank$pendulum_scale$level$attack$defense$spell_attribute$summoning_condition$pendulum_condition$card_text$card_supports$card_anti_supports$card_actions$effect_types$
09126351$Swap Frog$Limited(OCG)$WATER$[Aqua/Effect]$$$$$2$1000$500$$$$You can Special Summon this card (from your hand) by discarding 1 other WATER monster. When this card is Summoned: You can send 1 Level 2 or lower WATER Aqua monster from your Deck or face-up field to the GY. Once per turn: You can return 1 monster you control to the hand; you can Normal Summon 1 "Frog" monster during your Main Phase this turn, except "Swap Frog", in addition to your Normal Summon/Set. (You can only gain this effect once per turn.)$Supports archetypes /Frog$$Activates from your hand/Discards for cost/Sends from your Deck to your Graveyard/Sends from your field to your Graveyard/Returns from field to hand for cost$Summon/Trigger/Ignition$
81275020$Speedroid Terrortop$Limited$WIND$[Machine/Effect]$$$$$3$1200$600$$$$If you control no monsters, you can Special Summon this card (from your hand). When this card is Normal or Special Summoned: You can add 1 "Speedroid" monster from your Deck to your hand, except "Speedroid Terrortop". You can only use this effect of "Speedroid Terrortop" once per turn.$Supports archetypes /Speedroid$$Activates upon Normal Summon/Activates upon Special Summon/Adds from Deck to hand$Summon/Trigger/Condition$
85252081$Super Quantal Mech Beast Grampulse$Unlimited$WATER$[Machine/Xyz/Effect]$$$3$$$1800$2800$$2 Level 3 monsters$$Cannot attack unless it has Xyz Material. Once per turn: You can detach 1 Xyz Material from this card, then target 1 Spell/Trap Card on the field; destroy it. This effect can be activated during either player's turn, if this card has "Super Quantum Blue Layer" as Xyz Material. Once per turn: You can attach 1 "Super Quantum" monster from your hand or field to this card as an Xyz Material.$Supports archetypes /Super Quantum$$Attaches as Xyz Material/Applies effects if specific Xyz Material is attached$Continuous/Ignition/Condition$
33256280$Metalfoes Goldriver$Unlimited$FIRE$[Psychic/Pendulum/Normal]$$$$1$4$1900$500$$$Once per turn: You can target 1 other face-up card you control; destroy it, and if you do, Set 1 "Metalfoes" Spell/Trap directly from your Deck.$That gleaming, golden buggy breaks bad guys good. What wonderful wheels! (With a bumbling buffoon....)$Supports archetypes /Metalfoes$$Sets from your Deck$Pendulum Effect /Ignition-like$
46239604$Dupe Frog$Unlimited$WATER$[Aqua/Effect]$$$$$2$100$2000$$$$This card's name becomes "Des Frog" while on the field. Monsters your opponent controls cannot target monsters for attacks, except this one. When this card is sent from the field to the GY: You can add 1 "Frog" monster from your Deck or GY to your hand, except "Dupe Frog".$Supports archetypes /Frog$$Activates from your Graveyard/Adds from Deck to hand/Adds from Graveyard to hand$Continuous/Trigger$
08233522$Ally of Justice Cycle Reader$Unlimited$DARK$[Machine/Tuner/Effect]$$$$$3$1000$1000$$$$(Quick Effect): You can discard this card to the GY, then target up to 2 LIGHT monsters in your opponent's GY; banish those targets.$$LIGHT$Activates from your hand/Discards itself for cost$Quick$
06075801$Paladin of Felgrand$Unlimited$LIGHT$[Warrior/Effect]$$$$$4$1700$300$$$$If this card is Normal or Special Summoned: You can equip 1 Level 7 or 8 Dragon monster from your hand or Deck to this card. This card is unaffected by other monsters' effects, while equipped with an Equip Card. You can Tribute 1 monster and this card, then target 1 Level 7 or 8 Dragon monster in your GY; Special Summon it.$Dragon$$Activates upon Normal Summon/Activates upon Special Summon/Equips monsters from the player's Deck to itself/Equips monsters from the player's hand to itself/Tributes for cost/Tributes itself for cost$Trigger/Continuous/Ignition$
76751255$Igknight Reload$Unlimited$SPELL$$$$$$$$$Quick-Play$$$Reveal any number of Pendulum Monsters from your hand and shuffle them into the Deck, then draw cards equal to the number of cards you shuffled into the Deck +1. For the rest of this turn after this card resolves, you cannot draw cards by card effects. You can only activate 1 "Igknight Reload" per turn.$Pendulum Monster$$Reveals your hand for effect/Returns from your hand to your Deck/You draw cards$Effect/Condition$
27813661$Sky Iris$Unlimited$SPELL$$$$$$$$$Field$$$Your opponent cannot target "Magician", "Performapal", or "Odd-Eyes" cards in your Pendulum Zones with card effects. You can target 1 other face-up card you control; destroy it, and if you do, add 1 "Odd-Eyes" card from your Deck to your hand. You can only use this effect of "Sky Iris" once per turn.$Supports archetypes /Magician /Performapal/Odd-Eyes$$Adds from Deck to hand$Continuous-like/Ignition-like/Condition$
84171830$Domain of the True Monarchs$Unlimited$SPELL$$$$$$$$$Field$$$While you have no cards in your Extra Deck and you are the only player that controls a Tribute Summoned monster, your opponent cannot Special Summon monsters from the Extra Deck. If a Tribute Summoned monster you control attacks an opponent's monster, it gains 800 ATK during damage calculation only. Once per turn: You can reduce the Level of 1 monster with 2800 ATK/1000 DEF in your hand by 2 until the end of this turn (even after they are Summoned/Set, and even if this card leaves the field).$$$$Continuous-like/Ignition-like$
96474800$Magic Deflector$Unlimited$TRAP$$$$$$$$$$$$For the rest of this turn, negate all Equip, Field, Continuous and Quick-Play Spell Card effects on the field.$$Equip Spell Card/Field Spell Card/Continuous Spell Card/Quick-Play Spell Card$$Effect$
11593137$Chaos Trap Hole$Unlimited$TRAP$$$$$$$$$Counter$$$When a LIGHT or DARK monster(s) would be Summoned: Pay 2000 LP; negate the Summon of the LIGHT and DARK monster(s), and if you do, banish it.$$LIGHT/DARK$$Activation requirement/Cost/Effect$
39122311$Oasis of Dragon Souls$Unlimited$TRAP$$$$$$$$$Continuous$$$Activate this card by targeting 1 monster in your Graveyard; Special Summon it in Defense Position. It becomes Wyrm-Type. When this card leaves the field, destroy that monster. When that monster leaves the field, destroy this card.$$$$Effect/Continuous-like$
75376965$Enchanting Mermaid$Unlimited$WATER$[Fish/Normal]$$$$$3$1200$900$$$$A beautiful mermaid that lures voyagers to a watery grave.$$$$$
$Slime Toad (Updated from: Frog the Jam)$$WATER$[Aqua/Normal]$$$$$2$700$500$$$$A slime with the head of a frog, it attacks by croaking terribly.$$$$$
$Cipher Soldier (Updated from: Kinetic Soldier)$$EARTH$[Machine/Effect]$$$$$3$1350$1800$$$$If this card battles a Warrior-Type monster, during damage calculation: This card gains 2000 ATK and DEF during that damage calculation only.$$$$$
36262024$Black Dragon's Chick$Unlimited$DARK$[Dragon/Effect]$$$$$1$800$500$$$$You can send this face-up card you control to the GY; Special Summon 1 "Red-Eyes Black Dragon" from your hand.$Red-Eyes Black Dragon$$Sends itself from field to Graveyard for cost$Ignition$
24508238$D.D. Crow$Unlimited$DARK$[Winged Beast/Effect]$$$$$1$100$100$$$$(Quick Effect): You can discard this card to the GY, then target 1 card in your opponent's GY; banish that target.$$$Discards itself for cost$Quick$
94944637$Doom Shaman$Unlimited$DARK$[Spellcaster/Gemini/Effect]$$$$$6$2400$2000$$$$This card is treated as a Normal Monster while face-up on the field or in the Graveyard. While this card is a Normal Monster on the field, you can Normal Summon it to have it become an Effect Monster with this effect.●Once per turn: You can Special Summon 1 Fiend-Type monster from your hand or from either Graveyard. When this card leaves the field, destroy all Fiend-Type monsters Special Summoned by this effect.$Fiend$Fiend$$Unclassified/Condition/Ignition/Continuous$
74968065$Hecatrice$Unlimited$LIGHT$[Fairy/Effect]$$$$$4$1500$1100$$$$You can discard this card to the GY; add 1 "Valhalla, Hall of the Fallen" from your Deck to your hand.$Valhalla, Hall of the Fallen$$Activates from your hand/Discards itself for cost/Adds from Deck to hand$Ignition$
83239739$Oyster Meister$Unlimited$WATER$[Fish/Effect]$$$$$3$1600$200$$$$If this card is sent from the field to the Graveyard, except when destroyed by battle: Special Summon 1 "Oyster Token" (Fish-Type/WATER/Level 1/ATK 0/DEF 0).$$$Activates from your Graveyard$Trigger$
83903521$Beast of the Pharaoh$Unlimited$EARTH$[Zombie/Effect]$$$$$3$400$600$$$$If this card is sent to the GY for a Synchro Summon: You can target 1 Level 4 or lower Zombie monster in your GY; Special Summon that target.$Zombie/Synchro Monster$$Activates from your Graveyard$Trigger$
36107810$Night's End Sorcerer$Unlimited$DARK$[Spellcaster/Tuner/Effect]$$$$$2$1300$400$$$$When this card is Special Summoned: You can target up to 2 cards in your opponent's Graveyard; banish them.$$$Activates upon Special Summon$Trigger$
57662975$Darkstorm Dragon$Unlimited$DARK$[Dragon/Gemini/Effect]$$$$$8$2700$2500$$$$This card is treated as a Normal Monster while face-up on the field or in the Graveyard. While this card is a Normal Monster on the field, you can Normal Summon it to have it become an Effect Monster with this effect.●Once per turn: You can send 1 face-up Spell/Trap Card you control to the Graveyard; destroy all Spell and Trap Cards on the field.$$$Sends from field to Graveyard for cost$Unclassified/Condition/Ignition$
49959355$Uni-Zombie$Unlimited$DARK$[Zombie/Tuner/Effect]$$$$$3$1300$0$$$$You can target 1 face-up monster on the field; discard 1 card, and if you do, increase that target's Level by 1. You can target 1 face-up monster on the field; monsters you control cannot attack for the rest of this turn, except Zombie monsters, also send 1 Zombie monster from your Deck to the GY, and if you do, increase that target's Level by 1. You can only use each effect of "Uni-Zombie" once per turn.$Zombie$$Discards for effect/Sends from your Deck to your Graveyard$Ignition/Condition$
80516007$Rare Fish$Unlimited$WATER$[Fish/Fusion]$$$$$4$1500$1200$$$$"Fusionist" + "Enchanting Mermaid"$$$$$
01641882$Fusionist$Unlimited$EARTH$[Beast/Fusion]$$$$$3$900$700$$$$"Petit Angel" + "Mystical Sheep #2"$$$$$
