Passcode$Name$Status$Attribute$type$link$link_arrows$rank$pendulum_scale$level$attack$defense$spell_attribute$summoning_condition$pendulum_condition$card_text$card_supports$card_anti_supports$card_actions$effect_types$
55878038$Chaos Dragon Levianeer$Unlimited$DARK$[Dragon/Effect]$$$$$8$3000$0$$$$Cannot be Normal Summoned/Set. Must first be Special Summoned (from your hand) by banishing 3 LIGHT and/or DARK monsters from your GY. When Summoned this way: You can activate this effect; apply the following effect, based on the Attribute(s) of the monsters banished for the Special Summon, also this card cannot attack for the rest of this turn.●Only LIGHT: Special Summon 1 monster from your GY in Defense Position.●Only DARK: Shuffle 1 random card from your opponent's hand into the Deck.●Both LIGHT and DARK: Destroy up to 2 cards on the field.You can only use this effect of "Chaos Dragon Levianeer" once per turn.$LIGHT/DARK$$Returns from your opponent's hand to your opponent's Deck$Summon/Trigger/Condition$
43898403$Twin Twisters$Unlimited$SPELL$$$$$$$$$Quick-Play$$$Discard 1 card, then target up to 2 Spells/Traps on the field; destroy them.$$$Discards for cost$Cost/Effect$
41420027$Solemn Judgment$Unlimited$TRAP$$$$$$$$$Counter$$$When a monster(s) would be Summoned, OR a Spell/Trap Card is activated: Pay half your LP; negate the Summon or activation, and if you do, destroy that card.$$$$Activation requirement/Cost/Effect$
36584821$Gren Maju Da Eiza$Unlimited$FIRE$[Fiend/Effect]$$$$$3$?$?$$$$This card's ATK/DEF are each equal to the number of your banished cards x 400.$$$$Continuous$
28031913$Crusadia Leonis$Unlimited$EARTH$[Beast/Effect]$$$$$3$1200$1600$$$$You can Special Summon this card (from your hand) in Defense Position to your zone a Link Monster points to. You can only Special Summon "Crusadia Leonis" once per turn this way. You can target 1 "Crusadia" Link Monster you control; if it attacks a Defense Position monster this turn, inflict piercing battle damage to your opponent. You can only use this effect of "Crusadia Leonis" once per turn.$Supports archetypes /Crusadia$$$Unclassified/Condition/Ignition$
56003780$Salamangreat Jack Jaguar$Unlimited$FIRE$[Cyberse/Effect]$$$$$4$1800$1200$$$$If this card attacks a Defense Position monster, inflict piercing battle damage. If you control a "Salamangreat" Link Monster, while this card is in your GY: You can target 1 "Salamangreat" monster in your GY, except "Salamangreat Jack Jaguar"; shuffle that target into the Deck, and if you do, Special Summon this card to your zone your "Salamangreat" Link Monster points to. You can only use this effect of "Salamangreat Jack Jaguar" once per turn.$Supports archetypes /Salamangreat$$Activates from your Graveyard/Returns from your Graveyard to your Deck$Continuous/Ignition/Condition$
21441617$Orcust Cymbal Skeleton$Unlimited$DARK$[Machine/Effect]$$$$$3$1200$1500$$$$You can banish this card from your GY, then target 1 "Orcust" monster in your GY, except "Orcust Cymbal Skeleton"; Special Summon it, also you cannot Special Summon monsters for the rest of this turn, except DARK monsters. You can only use this effect of "Orcust Cymbal Skeleton" once per turn.$Supports archetypes /Orcust$$Activates from your Graveyard$Ignition/Condition$
92559258$Servant of Endymion$Unlimited(OCG)$WIND$[Spellcaster/Pendulum/Effect]$$$$2$3$900$1500$$$Each time a Spell Card is activated, place 1 Spell Counter on this card when that Spell resolves. You can remove 3 Spell Counters from this card; Special Summon both this card from your Pendulum Zone and 1 monster from your Deck with 1000 or more ATK that you can place a Spell Counter on, and if you do, place 1 Spell Counter on each.$You can only Special Summon "Servant(s) of Endymion" once per turn. This card with a Spell Counter can attack directly. Once per opponent's turn (Quick Effect): You can discard 1 card; place 1 Spell Counter on each card you control that you can place a Spell Counter on. If this card in the Monster Zone is destroyed: You can place this card in your Pendulum Zone, then place the same number of Spell Counters on it that it had as a monster.$$$Discards for cost/Activates if destroyed by battle/Activates if destroyed by card effect/Goes to Pendulum Zone$Pendulum Effect /Continuous-like/Ignition-like/Monster Effect/Continuous/Quick/Trigger/Condition$
98159737$Tenyi Spirit - Adhara$Unlimited$EARTH$[Wyrm/Tuner/Effect]$$$$$1$0$0$$$$If you control no Effect Monsters: You can Special Summon this card from your hand. If you control a face-up non-Effect Monster: You can banish this card from your hand or GY, then target 1 of your banished Wyrm monsters, except this card; add it to your hand. You can only use each effect of "Tenyi Spirit - Adhara" once per turn.$Non-Effect Monster/Wyrm$$Activates from your hand/Activates from your Graveyard/Adds banished cards to the hand$Ignition$
23431858$Tenyi Spirit - Vishuda$Unlimited$DARK$[Wyrm/Effect]$$$$$7$1500$2500$$$$If you control no Effect Monsters: You can Special Summon this card from your hand. If you control a face-up non-Effect Monster: You can banish this card from your hand or GY, then target 1 card your opponent controls; return it to the hand. You can only use each effect of "Tenyi Spirit - Vishuda" once per turn.$Non-Effect Monster$$Activates from your hand/Activates from your Graveyard/Returns from your opponent's field to your opponent's hand$Ignition/Condition$
55285840$Time Thief Redoer$Unlimited$DARK$[Psychic/Xyz/Effect]$$$4$$$2400$2000$$2 Level 4 monsters$$Once per turn, during the Standby Phase: You can attach the top card of your opponent's Deck to this card as material. (Quick Effect): You can detach up to 3 different types of materials from this card, then apply the following effect(s) depending on what was detached.●Monster: Banish this card until the End Phase.●Spell: Draw 1 card.●Trap: Place 1 face-up card your opponent controls on the top of the Deck.You can only use this effect of "Time Thief Redoer" once per turn.$$$Attaches as Xyz Material/Detaches Xyz Materials for effect/Detaches multiple Xyz Materials for effect/You draw cards/Returns from field to Deck$Trigger/Quick/Condition$
14934922$Salamangreat Rage$Unlimited$TRAP$$$$$$$$$$$$Activate 1 of these effects.●Send 1 "Salamangreat" monster from your hand or face-up field to the GY, then target 1 card on the field; destroy it.●Target 1 "Salamangreat" Link Monster you control that was Link Summoned using a monster with its same name as material; destroy cards your opponent controls, up to that monster's Link Rating.You can only activate 1 "Salamangreat Rage" per turn.$Supports archetypes /Salamangreat$$Sends from hand to Graveyard for cost/Sends from field to Graveyard for cost$Cost/Effect/Condition$
47606319$Gigantes$Unlimited$EARTH$[Rock/Effect]$$$$$4$1900$1300$$$$Cannot be Normal Summoned/Set. Must first be Special Summoned (from your hand) by banishing 1 EARTH monster from your GY. If this card is destroyed by battle and sent to the GY: Destroy all Spells and Traps on the field.$EARTH$$Activates if destroyed by battle/Activates from your Graveyard$Summon/Trigger$
44860890$Brotherhood of the Fire Fist - Raven$Unlimited$FIRE$[Beast-Warrior/Effect]$$$$$3$200$1800$$$$If this card is sent from the field to the GY: You can Set 1 "Fire Formation" Spell directly from your Deck. "Fire Formation" Spells/Traps you control cannot be destroyed by your opponent's card effects.$Supports archetypes /Fire Formation$$Activates from your Graveyard/Sets from your Deck$Trigger/Continuous$
71696014$Magician's Robe$Unlimited$DARK$[Spellcaster/Effect]$$$$$2$700$2000$$$$During your opponent's turn (Quick Effect): You can discard 1 Spell/Trap; Special Summon 1 "Dark Magician" from your Deck. During your opponent's turn, if you activate a Spell/Trap Card or effect while this card is in your GY (except during the Damage Step): You can Special Summon this card, but banish it when it leaves the field. You can only use each effect of "Magician's Robe" once per turn.$Dark Magician$$Discards for cost/Activates from your Graveyard$Quick/Trigger/Condition$
53309998$Sea Archiver$Unlimited$WATER$[Cyberse/Effect]$$$$$3$300$2100$$$$If a monster is Normal or Special Summoned to a zone a Link Monster points to (except during the Damage Step): You can Special Summon this card from your GY (if it was there when the Summon resolved) or hand (even if not), but banish it when it leaves the field. You can only use this effect of "Sea Archiver" once per turn.$Link Monster$Link Monster$Activates from your Graveyard/Activates from your hand/Activates upon Normal Summon/Activates upon Special Summon$Trigger/Condition$
80794697$Flame Bufferlo$Unlimited$FIRE$[Cyberse/Effect]$$$$$3$1400$200$$$$If this face-up card leaves the field: You can discard 1 Cyberse monster, and if you do, draw 2 cards. You can only use this effect of "Flame Bufferlo" once per turn.$Cyberse$$Activates when it leaves the field/Discards for effect/You draw cards$Trigger/Condition$
89662401$Salamangreat Fowl$Unlimited$FIRE$[Cyberse/Effect]$$$$$4$1800$200$$$$If a "Salamangreat" monster(s), except "Salamangreat Fowl" is Normal or Special Summoned to your field (except during the Damage Step): You can Special Summon this card from your hand. You can only use this effect of "Salamangreat Fowl" once per turn. You can send 1 "Salamangreat" card from your hand or face-up field to the GY, then target 1 Set Spell/Trap your opponent controls; that Set card cannot be activated this turn.$Supports archetypes /Salamangreat$$Activates from your hand/Activates upon Normal Summon/Activates upon Special Summon/Sends from hand to Graveyard for cost/Sends from field to Graveyard for cost$Trigger/Condition/Ignition$
09653271$Kaminari Attack$Unlimited$WIND$[Thunder/Fusion]$$$$$5$1900$1400$$$$"Ocubeam" + "Mega Thunderball"$$$$$
74168099$Brotherhood of the Fire Fist - Horse Prince$Unlimited$FIRE$[Beast-Warrior/Synchro/Effect]$$$$$6$2200$2200$$1 FIRE Tuner + 1+ non-Tuner monsters$$When this card is Synchro Summoned: You can Special Summon 1 Level 3 FIRE monster from your Deck. After you Synchro Summon this card, you cannot Special Summon Level 5 or higher monsters for the rest of the turn.$FIRE$$Activates upon Synchro Summon$Trigger/Unclassified$
42110604$Hi-Speedroid Chanbara$Unlimited$WIND$[Machine/Synchro/Effect]$$$$$5$2000$1000$$1 Tuner + 1+ non-Tuner monsters$$This card can make a second attack during each Battle Phase. At the start of the Damage Step, if this card battles: It gains 200 ATK. If this card is sent to the GY: You can target 1 of your banished "Speedroid" cards; add it to your hand. You can only Special Summon "Hi-Speedroid Chanbara(s)" once per turn.$Supports archetypes /Speedroid$$Activates from your Graveyard/Adds banished cards to the hand$Continuous/Trigger/Condition$
53129443$Dark Hole$Unlimited$SPELL$$$$$$$$$$$$Destroy all monsters on the field.$$$$Effect$
27827272$Makiu, the Magical Mist$Unlimited$SPELL$$$$$$$$$$$$Target 1 "Summoned Skull", or 1 Thunder monster, in your Monster Zone; destroy all monsters your opponent controls with DEF less than or equal to the ATK of that monster. You cannot conduct your Battle Phase the turn you activate this card.$Summoned Skull/Thunder$$Cannot conduct Battle Phase$Effect/Condition$
69035382$Contract with the Abyss$Unlimited$SPELL$$$$$$$$$Ritual$$$This card can be used to Ritual Summon any DARK Ritual Monster. You must also Tribute monsters from your hand or field whose total Levels exactly equal the Level of the Ritual Monster you Ritual Summon.$DARK/Ritual Monster$$Tributes as an effect$Effect$
57103969$Fire Formation - Tenki$Semi-Limited$SPELL$$$$$$$$$Continuous$$$When this card is activated: You can add 1 Level 4 or lower Beast-Warrior monster from your Deck to your hand. All Beast-Warrior monsters you control gain 100 ATK. You can only activate 1 "Fire Formation - Tenki" per turn.$Beast-Warrior$$Adds from Deck to hand$Effect/Continuous-like/Condition$
