Passcode$Name$Status$Attribute$type$link$link_arrows$rank$pendulum_scale$level$attack$defense$spell_attribute$summoning_condition$pendulum_condition$card_text$card_supports$card_anti_supports$card_actions$effect_types$
14087893$Book of Moon$Unlimited$SPELL$$$$$$$$$Quick-Play$$$Target 1 face-up monster on the field; change that target to face-down Defense Position.$$$Flips monsters face-down/Changes battle positions$Effect$
21044178$Abyss Dweller$Unlimited$WATER$[Sea Serpent/Xyz/Effect]$$$4$$$1700$1400$$2 Level 4 monsters$$While this card has a material attached that was originally WATER, all WATER monsters you control gain 500 ATK. Once per turn (Quick Effect): You can detach 1 material from this card; your opponent cannot activate any card effects in their GY this turn.$WATER$$Applies effects if specific Xyz Material is attached$Continuous/Quick$
06511113$Traptrix Rafflesia$Unlimited$EARTH$[Plant/Xyz/Effect]$$$4$$$300$2500$$2 Level 4 monsters$$This card is unaffected by Trap effects while it has Xyz Material. "Traptrix" monsters you control, except "Traptrix Rafflesia", cannot be destroyed by battle or card effects. Your opponent cannot target "Traptrix" monsters you control, except "Traptrix Rafflesia", with card effects. Once per turn (Quick Effect): You can detach 1 material from this card and send 1 "Hole" Normal Trap Card that meets its activation conditions from your Deck to the GY; this effect becomes that Trap Card's effect when that card is activated.$Supports archetypes /Traptrix/Hole/Trap Hole $$Applies effects if Xyz Material is attached/Sends from your Deck to your Graveyard/Resolves as another card's effect$Continuous/Quick$
78868119$Deep Sea Diva$Unlimited$WATER$[Sea Serpent/Tuner/Effect]$$$$$2$200$400$$$$When this card is Normal Summoned: You can Special Summon 1 Level 3 or lower Sea Serpent monster from your Deck.$Sea Serpent$$Activates upon Normal Summon$Trigger$
82012319$Scrap Golem$Unlimited$EARTH$[Rock/Effect]$$$$$5$2300$1400$$$$Once per turn: You can target 1 Level 4 or lower "Scrap" monster in your GY; Special Summon that target to either player's field.$Supports archetypes /Scrap$$$Ignition$
01561110$ABC-Dragon Buster$Semi-Limited(OCG)$LIGHT$[Machine/Fusion/Effect]$$$$$8$3000$2800$$"A-Assault Core" + "B-Buster Drake" + "C-Crush Wyvern"$$Must first be Special Summoned (from your Extra Deck) by banishing the above cards you control and/or from your GY. (You do not use "Polymerization".) Once per turn (Quick Effect): You can discard 1 card, then target 1 card on the field; banish it. During your opponent's turn (Quick Effect): You can Tribute this card, then target 3 of your banished LIGHT Machine Union monsters with different names; Special Summon them.$LIGHT/Machine/Union monster$$Discards for cost/Tributes itself for cost$Summon/Quick$
77075360$Junk Speeder$Semi-Limited(OCG)$WIND$[Warrior/Synchro/Effect]$$$$$5$1800$1000$$1 "Synchron" Tuner + 1+ non-Tuner monsters$$If this card is Synchro Summoned: You can Special Summon as many "Synchron" Tuners as possible with different Levels from your Deck, in Defense Position. You cannot Special Summon monsters from the Extra Deck, except Synchro Monsters, the turn you activate this effect. When an attack is declared involving this card that was Synchro Summoned this turn and another monster: You can make this card's ATK become double its original ATK until the end of this turn. You can only use each effect of "Junk Speeder" once per turn.$Supports archetypes /Synchron$$Activates upon Synchro Summon/Activates upon attack declaration$Trigger/Condition$
50954680$Crystal Wing Synchro Dragon$Unlimited$WIND$[Dragon/Synchro/Effect]$$$$$8$3000$2500$$1 Tuner + 1+ non-Tuner Synchro Monsters$$Once per turn, when another monster's effect is activated (Quick Effect): You can negate the activation, and if you do, destroy that monster, and if you do that, this card gains ATK equal to the destroyed monster's original ATK until the end of this turn. If this card battles an opponent's Level 5 or higher monster, during damage calculation: This card gains ATK equal to the current ATK of the opponent's monster it is battling during that damage calculation only.$Synchro Monster$$$Quick/Trigger$
00440556$Bahamut Shark$Unlimited$WATER$[Sea Serpent/Xyz/Effect]$$$4$$$2600$2100$$2 Level 4 WATER monsters$$Once per turn: You can detach 1 material from this card; Special Summon 1 Rank 3 or lower WATER Xyz Monster from your Extra Deck. This card cannot attack for the rest of this turn.$WATER/Xyz Monster$$$Ignition$
$Where Arf Thou?$$SPELL$$$$$$$$$$$$If you control a Level 1 monster: Add 1 Level 1 monster from your Deck to your hand. During the End Phase of this turn, take 2000 damage if you did not Normal Summon the added monster, or a card with the same name, after activating this card.$$$$$
04474060$SPYRAL GEAR - Drone$Unlimited$WIND$[Machine/Effect]$$$$$1$100$100$$$$If this card is Normal or Special Summoned: You can look at the top 3 cards of your opponent's Deck, and if you do, place them on top of their Deck in any order. (Quick Effect): You can Tribute this card, then target 1 "SPYRAL" monster you control; it gains 500 ATK for each card your opponent controls. You can banish this card and 1 "SPYRAL" card from your GY, then target 1 "SPYRAL Super Agent" in your GY; add it to your hand.$Supports archetypes /SPYRAL$$Activates upon Normal Summon/Activates upon Special Summon/Looks at cards from the top of the opponent's Deck/Changes the opponent's Deck order/Places cards from the opponent's Deck on the top of the Deck/Tributes itself for cost/Activates from your Graveyard/Adds from Graveyard to hand$Trigger/Quick/Ignition$
09212051$SPYRAL MISSION - Rescue$Unlimited$TRAP$$$$$$$$$Continuous$$$Destroy this card during your 3rd End Phase after activation. Once per turn: You can target 1 "SPYRAL" monster in your GY; add it to your hand. You can banish this card from your GY, then target 1 "SPYRAL" monster in your GY; Special Summon it. You can only control 1 "SPYRAL MISSION - Rescue".$Supports archetypes /SPYRAL$$Adds from Graveyard to hand/Activates from your Graveyard$Condition/Quick-like/Unclassified$
18590133$Goblin King$Unlimited$DARK$[Fiend/Effect]$$$$$1$0$0$$$$While you control another Fiend monster, this card cannot be attacked. This card's ATK/DEF become equal to the number of other Fiend monsters on the field x 1000.$Fiend$$$Continuous$
40991587$The Lady in Wight$Unlimited$DARK$[Zombie/Effect]$$$$$3$0$2200$$$$Face-up Level 3 or lower Zombie monsters on the field, except "The Lady in Wight", cannot be destroyed by battle, also they are unaffected by Spell/Trap Cards and effects. This card's name becomes "Skull Servant" while it is in the GY.$Zombie/Skull Servant$$$Continuous/Unclassified$
01596508$Dimension Fortress Weapon$Unlimited$DARK$[Machine/Effect]$$$$$4$1700$200$$$$Cards cannot be sent from the Deck to the GY.$$$Prevents sending cards from Deck to Graveyard$Continuous$
11747708$Spore$Unlimited$WIND$[Plant/Tuner/Effect]$$$$$1$400$800$$$$If this card is in your GY: You can banish 1 other Plant monster from your GY; Special Summon this card, and if you do, increase its Level by the Level of that banished monster. You can only use this effect of "Spore" once per Duel.$Plant$$Activates from your Graveyard$Ignition/Condition$
50091196$Formula Synchron$Unlimited$LIGHT$[Machine/Synchro/Tuner/Effect]$$$$$2$200$1500$$1 Tuner + 1 non-Tuner monster$$When this card is Synchro Summoned: You can draw 1 card. Once per Chain, during your opponent's Main Phase, you can (Quick Effect): Immediately after this effect resolves, Synchro Summon using this card you control.$$$Activates upon Synchro Summon/You draw cards/Uses itself as a Synchro Material$Trigger/Quick$
01686814$Ultimaya Tzolkin$Unlimited$DARK$[Dragon/Synchro/Effect]$$$$$0$0$0$$(This card's original Level is always treated as 12.)$$Cannot be Synchro Summoned. Must be Special Summoned (from your Extra Deck) by sending 2 Level 5 or higher monsters you control with the same Level to the GY (1 Tuner and 1 non-Tuner). Once per turn, when a Spell/Trap(s) is Set on your field (except during the Damage Step): You can Special Summon 1 "Power Tool" Synchro Monster or 1 Level 7 or 8 Dragon Synchro Monster from your Extra Deck. While you control another Synchro Monster, monsters cannot target this card for attacks, also neither player can target it with card effects.$Supports archetypes /Power Tool$$Sends from your field to your Graveyard$Condition/Summon/Trigger/Continuous$
58901502$Goyo Defender$Unlimited$EARTH$[Warrior/Synchro/Effect]$$$$$3$1000$1000$$1 Tuner + 1+ non-Tuner monsters$$Once per turn, if all monsters you control are EARTH Warrior Synchro Monsters (min. 1): You can Special Summon "Goyo Defender" from your Extra Deck. When this card is targeted for an attack: You can make this card gain 1000 ATK for each EARTH Warrior Synchro Monster you control (other than this card), until the end of the Damage Step.$EARTH/Warrior/Synchro Monster$$$Ignition/Trigger$
84040113$Muddy Mudragon$Unlimited$DARK$[Dragon/Synchro/Effect]$$$$$6$500$2200$$1 Tuner + 1+ non-Tuner monsters$$This card can be used as a substitute for any 1 Fusion Material whose name is specifically listed on the Fusion Monster Card, but the other Fusion Material(s) must be correct. During your Main Phase, if you control this Synchro Summoned card: You can Fusion Summon 1 Fusion Monster from your Extra Deck, using monsters you control as Fusion Material, including this card. You can only use this effect of "Muddy Mudragon" once per turn.$Fusion Monster$$Uses cards on the player's field as Fusion Materials/Uses itself as a Fusion Material$Unclassified/Ignition/Condition$
13032689$Xyz Unit$Unlimited$SPELL$$$$$$$$$Equip$$$Equip only to a face-up Xyz Monster. It gains ATK equal to its Rank x 200. If the equipped monster you control would detach its material to activate its effect: You can detach this card as 1 of the materials.$Xyz Monster$$Replaces detaching own Xyz Materials for cost/Sends itself from field to Graveyard for cost$Condition/Continuous-like/Trigger-like$
29401950$Bottomless Trap Hole$Unlimited$TRAP$$$$$$$$$$$$When your opponent Summons a monster(s) with 1500 or more ATK: Destroy that monster(s) with 1500 or more ATK, and if you do, banish it.$$$$Activation requirement/Effect$
70342110$Dimensional Prison$Unlimited$TRAP$$$$$$$$$$$$When an opponent's monster declares an attack: Target that attacking monster; banish that target.$$$Activates upon attack declaration$Activation requirement/Effect$
07811875$Gravity Collapse$Unlimited$TRAP$$$$$$$$$Counter$$$When your opponent would Summon a monster(s): Send 1 face-up Synchro Monster you control to the GY; negate the Summon, and if you do, destroy that monster, and your opponent cannot Summon a monster until the end of this turn.$Synchro Monster$$Activates upon Normal Summon/Activates upon Flip Summon/Activates upon Special Summon/Sends from field to Graveyard for cost$Activation requirement/Cost/Effect/Condition$
69599136$Floodgate Trap Hole$Unlimited$TRAP$$$$$$$$$$$$When your opponent Summons a monster(s): Change that monster(s) to face-down Defense Position. Monsters changed to face-down Defense Position by this effect cannot change their battle positions.$$$Changes battle positions/Flips monsters face-down/Prevents battle position changes$Activation requirement/Effect$
