Passcode$Name$Status$Attribute$type$link$link_arrows$rank$pendulum_scale$level$attack$defense$spell_attribute$summoning_condition$pendulum_condition$card_text$card_supports$card_anti_supports$card_actions$effect_types$
94145021$Droll & Lock Bird$Unlimited$WIND$[Spellcaster/Effect]$$$$$1$0$0$$$$If a card(s) is added from the Main Deck to your opponent's hand, except during the Draw Phase (Quick Effect): You can send this card from your hand to the GY; for the rest of this turn, cards cannot be added from either player's Main Deck to the hand.$$$Activates if your opponent draws a card/Sends itself from hand to Graveyard for cost/Prevents adding cards from Deck to hand$Quick$
63288573$Sky Striker Ace - Kagari$Limited(OCG)$FIRE$[Machine/Link/Effect]$1$Top-Left$$$$1500$- $$1 non-FIRE "Sky Striker Ace" monster$$If this card is Special Summoned: You can target 1 "Sky Striker" Spell in your GY; add it to your hand. Gains 100 ATK for each Spell in your GY. You can only Special Summon "Sky Striker Ace - Kagari(s)" once per turn.$Supports archetypes /Sky Striker/Sky Striker Ace$$Activates upon Special Summon/Adds from Graveyard to hand$Condition/Trigger/Continuous$
73915051$Scapegoat$Unlimited$SPELL$$$$$$$$$Quick-Play$$$Special Summon 4 "Sheep Tokens" (Beast/EARTH/Level 1/ATK 0/DEF 0) in Defense Position. They cannot be Tributed for a Tribute Summon. You cannot Summon other monsters the turn you activate this card (but you can Normal Set).$$$$Effect/Lingering/Condition$
13518809$Ruin, Supreme Queen of Oblivion$Unlimited$LIGHT$[Fairy/Ritual/Effect]$$$$$10$2900$3000$$$$You can Ritual Summon this card with "Cycle of the World". This card's name becomes "Ruin, Queen of Oblivion" while in the hand or on the field. While this Ritual Summoned card is on the field, Ritual Monsters you control cannot be destroyed by card effects. If all monsters used to Ritual Summon this card were Ritual Monsters, it can make a second attack during each Battle Phase. If this card destroys an opponent's monster by battle: You can inflict damage to your opponent equal to that destroyed monster's original ATK.$Ruin, Queen of Oblivion/Ritual Monster$$$Summon/Unclassified/Continuous/Trigger$
59913418$Demise, Supreme King of Armageddon$Unlimited$DARK$[Fiend/Ritual/Effect]$$$$$10$3000$3000$$$$You can Ritual Summon this card with "Cycle of the World". This card's name becomes "Demise, King of Armageddon" while in the hand or on the field. While this Ritual Summoned card is on the field, your Ritual Monsters cannot be destroyed by battle. If all monsters used to Ritual Summon this card were Ritual Monsters, you do not pay LP to activate its effects. Once per turn: You can pay 2000 LP; destroy as many other cards on the field as possible, and if you do, inflict 200 damage to your opponent for each destroyed card they controlled.$Demise, King of Armageddon/Ritual Monster$$Reduces costs$Summon/Unclassified/Continuous/Condition/Ignition$
66015185$Twin Triangle Dragon$Unlimited$DARK$[Dragon/Link/Effect]$2$Bottom/Right$$$$1200$- $$2 Level 4 or lower Dragon monsters, except Tokens$$When this card is Link Summoned: You can pay 500 LP, then target 1 Level 5 or higher monster in your GY; Special Summon it to your zone this card points to, but it cannot attack this turn, also it has its effects negated.$Dragon$$Activates upon Link Summon$Trigger$
77058170$Underclock Taker$Unlimited$DARK$[Cyberse/Link/Effect]$2$Left/Bottom$$$$1000$- $$2 Effect Monsters$$Once per turn: You can target 1 face-up monster this card points to and 1 face-up monster your opponent controls; the opponent's target loses ATK equal to the ATK of the target this monster points to, until the end of this turn.$Effect Monster$$$Ignition$
63995093$Machine Duplication$Unlimited$SPELL$$$$$$$$$$$$Target 1 Machine monster you control with 500 or less ATK; Special Summon up to 2 monsters from your Deck with the same name as that face-up monster.$Machine$$$Effect$
41587307$Broken Bamboo Sword$Unlimited$SPELL$$$$$$$$$Equip$$$The equipped monster gains 0 ATK.$$$$Continuous-like$
01539051$Space Gift$Unlimited$SPELL$$$$$$$$$$$$Draw 1 card for each different "Neo-Spacian" name on the monsters you control.$Supports archetypes /Neo-Spacian$$You draw cards$Effect$
68462976$Secret Village of the Spellcasters$Unlimited$SPELL$$$$$$$$$Field$$$If only you control a Spellcaster monster, your opponent cannot activate Spell Cards. If you control no Spellcaster monsters, you cannot activate Spell Cards.$Spellcaster$$$Continuous-like$
10813327$Waking the Dragon$Unlimited$TRAP$$$$$$$$$$$$If this Set card in its owner's control has left the field because of an opponent's effect, and is now in the GY or banished: You can Special Summon 1 monster from your Deck or Extra Deck.$$$Activates if destroyed while Set/Activates when it leaves the field/Activates from your Graveyard/Activates while banished$Trigger-like$
56647086$Invader of Darkness$Unlimited$DARK$[Fiend/Effect]$$$$$8$2900$2500$$$$Your opponent cannot activate Quick-Play Spell Cards.$$Quick-Play Spell Card$$Continuous$
34334692$Ritual Raven$Unlimited$DARK$[Fiend/Effect]$$$$$1$300$300$$$$If you Ritual Summon exactly 1 DARK Ritual Monster with a card effect that requires use of monsters, this card can be used as the entire requirement.$DARK/Ritual Monster$$$Unclassified$
37132349$Ojama Red$Unlimited$LIGHT$[Beast/Effect]$$$$$2$0$1000$$$$When this card is Normal Summoned: You can Special Summon up to 4 "Ojama" monsters from your hand in Attack Position.$Supports archetypes /Ojama$$Activates upon Normal Summon$Trigger$
85103922$Artifact Moralltach$Unlimited$LIGHT$[Fairy/Effect]$$$$$5$2100$1400$$$$You can Set this card from your hand to your Spell & Trap Zone as a Spell. During your opponent's turn, if this Set card in the Spell & Trap Zone is destroyed and sent to your GY: Special Summon it. If this card is Special Summoned during your opponent's turn: You can destroy 1 face-up card your opponent controls.$$$Sets self from hand as Spell Card/Activates if destroyed while Set/Activates from your Graveyard$Unclassified/Trigger$
76930964$Twilight Ninja Getsuga, the Shogun$Unlimited$DARK$[Warrior/Effect]$$$$$8$2000$3000$$$$You can Tribute Summon this card by Tributing 1 "Ninja" monster. If this card is in Attack Position: You can target 2 "Ninja" monsters in your GY, except "Twilight Ninja Getsuga, the Shogun"; change this card to Defense Position, and if you do, Special Summon those monsters. You can only use this effect of "Twilight Ninja Getsuga, the Shogun" once per turn.$Supports archetypes /Ninja$$Changes battle positions$Summon/Ignition/Condition$
70117860$Windwitch - Snow Bell$Unlimited$WIND$[Spellcaster/Tuner/Effect]$$$$$1$100$100$$$$If you control 2 or more WIND monsters, and no non-WIND monsters: You can Special Summon this card from your hand. A WIND Synchro Monster that was Summoned using this card as Synchro Material cannot be destroyed by your opponent's card effects.$WIND/Synchro Monster$$Applies effect when used as Synchro Material$Ignition/Unclassified$
71007216$Windwitch - Glass Bell$Unlimited$WIND$[Spellcaster/Tuner/Effect]$$$$$4$1500$1500$$$$If this card is Normal or Special Summoned: You can add 1 "Windwitch" monster from your Deck to your hand, except "Windwitch - Glass Bell", also you cannot Special Summon monsters for the rest of this turn, except WIND monsters. You can only use this effect of "Windwitch - Glass Bell" once per turn.$Supports archetypes /Windwitch$$Activates upon Normal Summon/Activates upon Special Summon/Adds from Deck to hand$Trigger/Condition$
31423101$Divine Sword - Phoenix Blade$Forbidden(OCG)$SPELL$$$$$$$$$Equip$$$Equip only to a Warrior monster. It gains 300 ATK. During your Main Phase, if this card is in your GY: You can banish 2 Warrior monsters from your GY; add this card to your hand.$Warrior$$Activates from your Graveyard/Returns itself from Graveyard to hand$Condition/Continuous-like/Ignition-like$
42015635$Neo Space$Unlimited$SPELL$$$$$$$$$Field$$$"Elemental HERO Neos" and all Fusion Monsters that specifically list "Elemental HERO Neos" as a Fusion Material gain 500 ATK. Fusion Monsters that specifically list "Elemental HERO Neos" as a Fusion Material do not have to activate their effects during the End Phase that shuffle them into the Extra Deck.$Elemental HERO Neos/Fusion Monster$$Makes mandatory effects optional/Prevents returning cards from field to Deck$Continuous-like$
19578592$Axe of Fools$Unlimited$SPELL$$$$$$$$$Equip$$$The equipped monster gains 1000 ATK, also its effects are negated. Once per turn, during your Standby Phase: Inflict 500 damage to the controller of the equipped monster.$$$$Continuous-like/Trigger-like$
79324191$Ninjitsu Art Notebook$Unlimited$SPELL$$$$$$$$$Continuous$$$Once per turn: You can send 1 "Ninja" monster from your hand to the GY; Set 1 "Ninjitsu Art" Spell/Trap directly from your Deck, except "Ninjitsu Art Notebook".$Supports archetypes /Ninja/Ninjitsu Art$$Sends from hand to Graveyard/Sets from your Deck$Ignition-like$
29389368$Nutrient Z$Unlimited$TRAP$$$$$$$$$$$$During damage calculation, when you are about to take 2000 or more battle damage: Gain 4000 LP first.$$$$Activation requirement/Effect$
58851034$Cursed Seal of the Forbidden Spell$Unlimited$TRAP$$$$$$$$$Counter$$$When a Spell Card is activated: Discard 1 Spell; negate the activation, and if you do, destroy it, and if you do that, your opponent cannot activate Spell Cards with that name for the rest of this Duel.$$$Discards for cost$Activation requirement/Cost/Effect$
