Passcode$Name$Status$Attribute$type$link$link_arrows$rank$pendulum_scale$level$attack$defense$spell_attribute$summoning_condition$pendulum_condition$card_text$card_supports$card_anti_supports$card_actions$effect_types$
17266660$Herald of Orange Light$Limited(OCG)$LIGHT$[Fairy/Tuner/Effect]$$$$$2$300$500$$$$When your opponent activates a monster effect (Quick Effect): You can send this card and 1 other Fairy monster from your hand to the GY; negate the activation, and if you do, destroy it.$Fairy$Effect Monster$Activates from your hand/Sends itself from hand to Graveyard for cost/Sends from hand to Graveyard for cost$Quick$
98978921$Link Spider$Unlimited$EARTH$[Cyberse/Link/Effect]$1$Bottom$$$$1000$- $$1 Normal Monster$$Once per turn: You can Special Summon 1 Level 4 or lower Normal Monster from your hand to your zone this card points to.$Normal Monster$$$Ignition$
08267140$Cosmic Cyclone$Unlimited$SPELL$$$$$$$$$Quick-Play$$$Pay 1000 LP, then target 1 Spell/Trap on the field; banish it.$$$$Cost/Effect$
70791313$Royal Magical Library$Unlimited$LIGHT$[Spellcaster/Effect]$$$$$4$0$2000$$$$Each time a Spell Card is activated, place 1 Spell Counter on this card when that Spell resolves (max. 3). You can remove 3 Spell Counters from this card; draw 1 card.$$$You draw cards$Continuous/Ignition$
20584712$SPYRAL Tough$Unlimited$WIND$[Warrior/Effect]$$$$$4$1900$1500$$$$This card's name becomes "SPYRAL Super Agent" while it is on the field or in the GY. Once per turn: You can declare 1 type of card (Monster, Spell, or Trap) and target 1 card your opponent controls; reveal the top card of your opponent's Deck, and if you do, destroy the targeted card if the revealed card is the declared type.$SPYRAL Super Agent$$Declares a card type/Reveals from the top of your opponent's Deck$Unclassified/Ignition$
57288708$World Legacy - "World Chalice"$Unlimited$DARK$[Machine/Effect]$$$$$5$0$0$$$$If a monster(s) is Special Summoned from the Extra Deck (except during the Damage Step): You can Tribute this card; send that monster(s) to the GY. You can only use each of the following effects of "World Legacy - "World Chalice"" once per turn.●If this face-up Normal Summoned/Set card leaves the field: You can Special Summon 2 "World Chalice" monsters from your Deck, except "World Legacy - "World Chalice"".●During your Main Phase, except the turn this card was sent to the GY: You can banish this card from your GY; add 1 "World Legacy" card from your Deck to your hand.$Supports archetypes /World Chalice/World Legacy$$Activates upon Special Summon/Tributes itself for cost/Sends from your field to your Graveyard/Sends from your opponent's field to your opponent's Graveyard/Activates from your Graveyard/Adds from Deck to hand$Trigger/Condition/Ignition$
05560911$Destrudo the Lost Dragon's Frisson$Unlimited(OCG)$DARK$[Dragon/Tuner/Effect]$$$$$7$1000$3000$$$$If this card is in your hand or GY: You can pay half your LP, then target 1 Level 6 or lower monster you control; Special Summon this card, and if you do, this card's Level is reduced by the Level of the targeted monster, also place this card on the bottom of the Deck if it leaves the field. You can only use this effect of "Destrudo the Lost Dragon's Frisson" once per turn.$$$Activates from your hand/Activates from your Graveyard/Returns itself to the Deck when it leaves the field$Ignition/Condition$
39910367$Magical Citadel of Endymion$Unlimited$SPELL$$$$$$$$$Field$$$Each time a Spell Card is activated, place 1 Spell Counter on this card when that Spell resolves. If a card with a Spell Counter(s) is destroyed, place its Spell Counters on this card. Once per turn, if you would activate a card effect by removing a Spell Counter(s) from a card you control, you can remove that many Spell Counters from this card instead. If this card would be destroyed, you can remove 1 Spell Counter from this card instead.$$$$Continuous-like$
47325505$Fossil Dig$Unlimited$SPELL$$$$$$$$$$$$Add 1 Level 6 or lower Dinosaur monster from your Deck to your hand.$Dinosaur$$Adds from Deck to hand$Effect$
81066751$Divine Punishment$Unlimited$TRAP$$$$$$$$$Counter$$$When a Spell/Trap Card, or monster effect, is activated, while "The Sanctuary in the Sky" is on the field: Negate the activation, and if you do, destroy it.$The Sanctuary in the Sky$$$Activation requirement/Effect$
38761908$Paleozoic Dinomischus$Unlimited$TRAP$$$$$$$$$$$$Target 1 face-up card on the field; discard 1 card, and if you do, banish it. Once per Chain, when a Trap Card is activated while this card is in your GY: You can Special Summon this card as a Normal Monster (Aqua/WATER/Level 2/ATK 1200/DEF 0). (This card is NOT treated as a Trap.) If Summoned this way, this card is unaffected by monster effects, also banish it when it leaves the field.$$$Discards for effect/Activates from your Graveyard$Effect/Quick-like/Condition$
64765016$Paleozoic Marrella$Unlimited$TRAP$$$$$$$$$$$$Send 1 Trap from your Deck to the GY. Once per Chain, when a Trap Card is activated while this card is in your GY: You can Special Summon this card as a Normal Monster (Aqua/WATER/Level 2/ATK 1200/DEF 0). (This card is NOT treated as a Trap.) If Summoned this way, this card is unaffected by monster effects, also banish it when it leaves the field.$$$Sends from your Deck to your Graveyard/Activates from your Graveyard$Effect/Quick-like/Condition$
01154611$Paleozoic Leanchoilia$Unlimited$TRAP$$$$$$$$$$$$Target 1 banished card; return it to the GY. Once per Chain, when a Trap Card is activated while this card is in your GY: You can Special Summon this card as a Normal Monster (Aqua/WATER/Level 2/ATK 1200/DEF 0). (This card is NOT treated as a Trap.) If Summoned this way, this card is unaffected by monster effects, also banish it when it leaves the field.$$$Returns the player's banished cards to the Graveyard/Returns the opponent's banished cards to the Graveyard/Activates from your Graveyard$Effect/Quick-like/Condition$
91559748$Prickle Fairy$Unlimited$EARTH$[Plant/Effect]$$$$$4$300$2000$$$$Your opponent cannot attack Insect monsters. If this card battled a monster, at the end of the Damage Step: Change that monster to Defense Position.$Insect$$Changes battle positions$Continuous/Trigger$
37957847$Insect Princess$Unlimited$WIND$[Insect/Effect]$$$$$6$1900$1200$$$$All Insect monsters your opponent controls are changed to Attack Position. If this card destroys an Insect monster by battle: This card gains 500 ATK.$$Insect$Changes battle positions$Continuous/Trigger$
12171659$Zeradias, Herald of Heaven$Unlimited$LIGHT$[Fairy/Effect]$$$$$4$2100$800$$$$You can discard this card to the GY; add 1 "The Sanctuary in the Sky" from your Deck to your hand. If "The Sanctuary in the Sky" is not on the field, destroy this card.$The Sanctuary in the Sky$$Adds from Deck to hand/Discards itself for cost$Ignition/Continuous$
02204140$Book of Life$Unlimited$SPELL$$$$$$$$$$$$Target 1 Zombie monster in your GY and 1 monster in your opponent's GY; Special Summon the first target, also banish the second target.$Zombie$$$Effect$
60876124$Rare Value$Unlimited$SPELL$$$$$$$$$$$$If you control 2 or more "Crystal Beast" cards in your Spell & Trap Zone: Your opponent chooses 1 "Crystal Beast" card in your Spell & Trap Zone, you send it to the GY, and if you do, you draw 2 cards.$Supports archetypes /Crystal Beast$$Sends from your field to your Graveyard for cost/You draw cards$Activation requirement/Effect$
04064256$Zombie World$Unlimited$SPELL$$$$$$$$$Field$$$All monsters on the field and in the GYs become Zombie monsters. Neither player can Tribute Summon monsters, except Zombie monsters.$Zombie$$$Continuous-like$
75014062$Spell Power Grasp$Unlimited$SPELL$$$$$$$$$$$$Target 1 face-up card on the field that you can place a Spell Counter on; place 1 Spell Counter on that target, then you can add 1 "Spell Power Grasp" from your Deck to your hand. You can only activate 1 "Spell Power Grasp" per turn.$$$Adds from Deck to hand/Adds copies of itself to hand$Effect/Condition$
31222701$Wavering Eyes$Unlimited$SPELL$$$$$$$$$Quick-Play$$$Destroy as many cards in each player's Pendulum Zones as possible, then apply these effects, in sequence, depending on the number of cards destroyed by this effect.●1+: Inflict 500 damage to your opponent.●2+: You can add 1 Pendulum Monster from your Main Deck to your hand.●3+: You can banish 1 card on the field.●4: You can add 1 "Wavering Eyes" from your Deck to your hand.$Pendulum Monster$Pendulum Monster$Adds from Deck to hand/Adds copies of itself to hand$Effect$
34029630$Pitch-Black Power Stone$Unlimited$TRAP$$$$$$$$$Continuous$$$Activate this card by placing 3 Spell Counters on it. Once per turn, during your turn: You can target 1 other face-up card on the field that you can place a Spell Counter on; remove 1 Spell Counter from this card, and if you do, place 1 Spell Counter on that target. When the last Spell Counter(s) is removed from this card, destroy it.$$$$Cost/Quick-like/Continuous-like$
83675475$Token Feastevil$Unlimited$TRAP$$$$$$$$$$$$When a Token(s) is Special Summoned: Destroy as many Tokens on the field as possible, and if you do, inflict 300 damage to your opponent for each Token destroyed.$Monster Token$Monster Token$$Activation requirement/Effect$
96012004$Lucky Chance$Unlimited$TRAP$$$$$$$$$Continuous$$$Once per Chain, if a monster effect is activated that tosses a coin once: Call heads or tails. If your call matches the coin toss for that monster effect, draw 1 card immediately after that effect resolves.$Coin toss$Coin toss$You draw cards$Quick-like$
25551951$Blowback Dragon$Unlimited$DARK$[Machine/Effect]$$$$$6$2300$1200$$$$Once per turn: You can target 1 card your opponent controls; toss a coin 3 times and destroy that target if at least 2 of the results are heads.$$$$Ignition$
87751584$Gatling Dragon$Unlimited$DARK$[Machine/Fusion/Effect]$$$$$8$2600$1200$$"Barrel Dragon" + "Blowback Dragon"$$Once per turn: You can toss a coin 3 times and destroy as many monsters on the field as possible, but not more than the number of heads.$$$$Ignition$
