Passcode$Name$Status$Attribute$type$link$link_arrows$rank$pendulum_scale$level$attack$defense$spell_attribute$summoning_condition$pendulum_condition$card_text$card_supports$card_anti_supports$card_actions$effect_types$
48130397$Super Polymerization$Semi-Limited(OCG)$SPELL$$$$$$$$$Quick-Play$$$Discard 1 card; Fusion Summon 1 Fusion Monster from your Extra Deck, using monsters from either field as Fusion Material. Neither player can activate cards or effects in response to this card's activation.$Fusion Monster$$Discards for cost/Sends from your field to your Graveyard/Sends from your opponent's field to your opponent's Graveyard/Uses cards on the player's field as Fusion Materials/Uses cards on the opponent's field as Fusion Materials$Cost/Effect/Condition$
43175858$Toon Kingdom$Unlimited$SPELL$$$$$$$$$Field$$$When this card is activated: Banish 3 cards from the top of your Deck, face-down. This card's name becomes "Toon World" while in the Field Zone. Your opponent cannot target Toon monsters you control with card effects. If a Toon monster(s) you control would be destroyed by battle or card effect, you can banish 1 card from the top of your Deck, face-down, for each of those monster(s) instead.$Toon World/Toon monster$$$Effect/Continuous-like$
27204311$Nibiru, the Primal Being$Unlimited$LIGHT$[Rock/Effect]$$$$$11$3000$600$$$$During the Main Phase, if your opponent Normal or Special Summoned 5 or more monsters this turn (Quick Effect): You can Tribute as many face-up monsters on the field as possible, and if you do, Special Summon this card from your hand, then Special Summon 1 "Primal Being Token" (Rock/LIGHT/Level 11/ATK ?/DEF ?) to your opponent's field. (This Token's ATK/DEF become the combined original ATK/DEF of the Tributed monsters.) You can only use this effect of "Nibiru, the Primal Being" once per turn.$$$Activates from your hand/Tributes as an effect/Tributes opponent's monsters$Quick/Condition$
52404456$Madolche Messengelato$Unlimited$EARTH$[Warrior/Effect]$$$$$4$1600$1000$$$$If this card in your possession is destroyed by an opponent's card and sent to your GY: Shuffle this card into the Deck. When this card is Special Summoned: You can add 1 "Madolche" Spell/Trap from your Deck to your hand. You must control a face-up "Madolche" Beast monster to activate and to resolve this effect.$Supports archetypes /Madolche$$Activates from your Graveyard/Returns itself from Graveyard to Deck/Adds from Deck to hand$Trigger$
17502671$Infernity General$Unlimited$DARK$[Fiend/Effect]$$$$$7$2700$1500$$$$If you have no cards in your hand: You can banish this card from your GY, then target 2 Level 3 or lower "Infernity" monsters in your GY; Special Summon them from the GY, but their effects are negated.$Supports archetypes /Infernity$$Activates from your Graveyard$Ignition$
59975920$Super Quantum Red Layer$Unlimited$FIRE$[Warrior/Effect]$$$$$5$2000$800$$$$If you control no monsters, you can Special Summon this card (from your hand). You can only use each of the following effects of "Super Quantum Red Layer" once per turn.●When this card is Normal or Special Summoned: You can target 1 "Super Quant" card in your GY; add it to your hand.●If this card is sent to the GY: You can target 1 "Super Quant" monster in your GY, except "Super Quantum Red Layer"; Special Summon it, but it cannot activate its effects.$Supports archetypes /Super Quant$$Activates upon Normal Summon/Activates upon Special Summon/Adds from Graveyard to hand/Activates from your Graveyard$Summon/Condition/Trigger$
71278040$Parallel eXceed$Unlimited$WIND$[Cyberse/Effect]$$$$$8$2000$2000$$$$If this card is Special Summoned by the effect of "Parallel eXceed", its Level becomes 4 and its original ATK/DEF become halved. You can only use each of the following effects of "Parallel eXceed" once per turn.●If you Link Summon: You can Special Summon this card from your hand to your zone that Link Monster points to.●If this card is Normal or Special Summoned: You can Special Summon 1 "Parallel eXceed" from your Deck.$Link Monster$$Activates upon Special Summon/Activates from your hand/Activates upon Link Summon/Activates upon Normal Summon$Unclassified/Condition/Trigger$
73347079$Raidraptor - Force Strix$Unlimited$DARK$[Winged Beast/Xyz/Effect]$$$4$$$100$2000$$2 Level 4 monsters$$Gains 500 ATK/DEF for each Winged Beast monster you control, except this card. Once per turn: You can detach 1 material from this card; add 1 Level 4 DARK Winged Beast monster from your Deck to your hand.$Winged Beast/DARK$$Adds from Deck to hand$Continuous/Ignition$
63789924$Smoke Grenade of the Thief$Unlimited(OCG)$SPELL$$$$$$$$$Equip$$$When this card is destroyed by a card effect while equipped to a monster: Look at your opponent's hand and discard 1 card from their hand.$$$Reveals your opponent's hand/Your opponent discards$Trigger-like$
43658697$U.A. Signing Deal$Unlimited$SPELL$$$$$$$$$$$$Special Summon 1 "U.A." monster from your Deck, but its effects are negated, also it cannot be used as Synchro or Xyz Material for a Summon. Then you lose LP equal to that monster's Level x 300. You can only activate 1 "U.A. Signing Deal" per turn.$Supports archetypes /U.A.$$$Effect/Condition$
43262273$Appointer of the Red Lotus$Unlimited(OCG)$TRAP$$$$$$$$$$$$Pay 2000 LP and reveal your entire hand; look at your opponent's hand and banish 1 card from their hand, until your opponent's next End Phase.$$$Reveals your hand for cost/Reveals your opponent's hand/Returns the opponent's banished cards to the hand$Cost/Effect$
25704359$Unpossessed$Unlimited$TRAP$$$$$$$$$Continuous$$$"Charmer" monsters you control cannot be destroyed by battle. If a "Familiar-Possessed" monster you control attacks an opponent's monster, it gains 800 ATK during damage calculation only. If a monster(s) you control is destroyed by battle or card effect, while this card is already face-up in your Spell & Trap Zone: You can Special Summon 1 Spellcaster monster with 1500 DEF from your Deck, whose Attribute is different from at least 1 of those destroyed monsters' original Attributes on the field, in Attack Position or face-down Defense Position. You can only use this effect of "Unpossessed" once per turn.$Supports archetypes /Charmer/Familiar-Possessed$$Activates if destroyed by battle/Activates if destroyed by card effect$Continuous-like/Trigger-like/Condition$
74311226$Atlantean Dragoons$Unlimited$WATER$[Sea Serpent/Effect]$$$$$4$1800$0$$$$All your Level 3 or lower Sea Serpent monsters can attack directly. If this card is sent to the GY to activate a WATER monster's effect: Add 1 Sea Serpent monster from your Deck to your hand, except "Atlantean Dragoons".$WATER/Sea Serpent$$Activates from your Graveyard/Adds from Deck to hand$Continuous/Trigger$
05763020$Weeping Idol$Unlimited$DARK$[Rock/Effect]$$$$$2$0$500$$$$You can banish 1 Tuner from your GY; Special Summon this card from your hand.$Tuner monster$$$Ignition$
85431040$Evil Thorn$Unlimited$DARK$[Plant/Effect]$$$$$1$100$300$$$$You can Tribute this card; inflict 300 damage to your opponent, and if you do, you can Special Summon up to 2 "Evil Thorn" from your Deck in Attack Position, but their effects cannot be activated.$$$Tributes itself for cost$Ignition$
31314549$Raidraptor - Singing Lanius$Unlimited$DARK$[Winged Beast/Effect]$$$$$4$100$100$$$$If you control a face-up Xyz Monster, you can Special Summon this card (from your hand). You can only Special Summon "Raidraptor - Singing Lanius" once per turn this way.$Xyz Monster$$$Summon/Condition$
90432163$The Phantom Knights of Ancient Cloak$Unlimited$DARK$[Warrior/Effect]$$$$$3$800$1000$$$$If this card is in Attack Position: You can target 1 DARK monster on the field; change this card to Defense Position, and if you do, that monster gains 800 ATK/DEF until the end of your opponent's turn. You can banish this card from your GY; add 1 "The Phantom Knights" card from your Deck to your hand, except "The Phantom Knights of Ancient Cloak". You can only use each effect of "The Phantom Knights of Ancient Cloak" once per turn.$Supports archetypes /The Phantom Knights$$Changes battle positions/Activates from your Graveyard/Adds from Deck to hand$Ignition/Condition$
81020646$Void Ogre Dragon$Unlimited$DARK$[Dragon/Synchro/Effect]$$$$$8$3000$3000$$1 DARK Tuner + 1+ non-Tuner monsters$$Once per turn, when your opponent activates a Spell/Trap Card while you have no cards in your hand (Quick Effect): You can negate the activation, and if you do, destroy it.$DARK$$$Quick$
48934760$Demise of the Land$Unlimited$SPELL$$$$$$$$$Quick-Play$$$When your opponent Special Summons a monster(s): Activate 1 Field Spell Card directly from your Deck.$Field Spell Card$$Activates cards from your Deck$Activation requirement/Effect$
50619462$Cattle Call$Unlimited$SPELL$$$$$$$$$Quick-Play$$$Send 1 face-up monster you control to the GY, whose original Type is Beast, Beast-Warrior, or Winged Beast; Special Summon 1 monster from your Extra Deck with the same original Type, but it cannot attack, its effects are negated, also it is destroyed during the End Phase. You can only activate 1 "Cattle Call" per turn.$Beast/Beast-Warrior/Winged Beast$$Sends from field to Graveyard for cost$Cost/Effect/Condition$
03298689$The Phantom Knights' Rank-Up-Magic Launch$Unlimited$SPELL$$$$$$$$$Quick-Play$$$During the Main Phase: Target 1 DARK Xyz Monster you control with no material; Special Summon from your Extra Deck, 1 DARK Xyz Monster that is 1 Rank higher than that monster you control, by using it as material, and if you do, attach this card to it as additional material. (This is treated as an Xyz Summon. Transfer its materials to the Summoned monster.) During your Main Phase: You can banish this card from your GY, then target 1 DARK Xyz Monster you control; attach 1 "The Phantom Knights" monster from your hand to that monster as material.$Supports archetypes /The Phantom Knights$$Transfers/Attaches itself as Xyz Material/Activates from your Graveyard$Activation requirement/Effect/Ignition-like$
07672244$Shien's Spy$Unlimited$SPELL$$$$$$$$$$$$Target 1 face-up monster you control; give control of it to your opponent until the End Phase of this turn.$$$Changes control$Effect$
08559793$Raidraptor - Nest$Unlimited$SPELL$$$$$$$$$Continuous$$$If you control 2 or more "Raidraptor" monsters: You can add 1 "Raidraptor" monster from your Deck or GY to your hand. You can only use this effect of "Raidraptor - Nest" once per turn.$Supports archetypes /Raidraptor$$Adds from Deck to hand/Adds from Graveyard to hand$Ignition-like/Condition$
53567095$Icarus Attack$Unlimited$TRAP$$$$$$$$$$$$Tribute 1 Winged Beast monster, then target 2 cards on the field; destroy them.$Winged Beast$$Tributes for cost$Cost/Effect$
98827725$The Phantom Knights of Shade Brigandine$Unlimited$TRAP$$$$$$$$$$$$Special Summon this card in Defense Position as a Normal Monster (Warrior/DARK/Level 4/ATK 0/DEF 300). (This card is NOT treated as a Trap.) If you have no Traps in your GY, you can activate this card the turn it was Set. You can only activate 1 "The Phantom Knights of Shade Brigandine" per turn.$$$$Effect/Condition$
