Passcode$Name$Status$Attribute$type$link$link_arrows$rank$pendulum_scale$level$attack$defense$spell_attribute$summoning_condition$pendulum_condition$card_text$card_supports$card_anti_supports$card_actions$effect_types$
93854893$Dingirsu, the Orcust of the Evening Star$Unlimited$DARK$[Machine/Xyz/Effect]$$$8$$$2600$2100$$2 Level 8 monsters$$You can only Special Summon "Dingirsu, the Orcust of the Evening Star(s)" once per turn. You can also Xyz Summon this card by using an "Orcust" Link Monster you control as material. If a card(s) you control would be destroyed by battle or card effect, you can detach 1 material from this card instead. If this card is Special Summoned: You can activate 1 of these effects;●Send 1 card your opponent controls to the GY.●Attach 1 of your banished Machine monsters to this card as material.$Supports archetypes /Orcust$$Activates upon Special Summon/Sends from your opponent's field to your opponent's Graveyard/Does not have effects which detach Xyz Materials for cost/Attaches your banished cards as Xyz Material$Summon/Continuous/Trigger$
12421694$Sky Striker Ace - Kaina$Unlimited$EARTH$[Machine/Link/Effect]$1$Bottom-Right$$$$1500$- $$1 non-EARTH "Sky Striker Ace" monster$$If this card is Special Summoned: You can target 1 face-up monster your opponent controls; it cannot attack until the end of your opponent's turn. Each time you activate a "Sky Striker" Spell Card, or its effect, gain 100 LP immediately after the card or effect resolves. You can only Special Summon "Sky Striker Ace - Kaina(s)" once per turn.$Supports archetypes /Sky Striker/Sky Striker Ace$$Activates upon Special Summon$Trigger/Continuous/Condition$
35261759$Pot of Desires$Semi-Limited$SPELL$$$$$$$$$$$$Banish 10 cards from the top of your Deck, face-down; draw 2 cards. You can only activate 1 "Pot of Desires" per turn.$$$You draw cards$Cost/Effect/Condition$
34471458$Fortune Lady Light$Unlimited$LIGHT$[Spellcaster/Effect]$$$$$1$?$?$$$$This card's ATK/DEF become its Level x 200. Once per turn, during your Standby Phase: Increase this card's Level by 1 (max. 12). When this face-up card leaves the field by card effect: You can Special Summon 1 "Fortune Lady" monster from your Deck.$Supports archetypes /Fortune Lady$$Activates when it leaves the field$Continuous/Trigger$
39581190$Subterror Nemesis Archer$Unlimited$EARTH$[Fairy/Effect]$$$$$3$1600$1400$$$$At the start of the Damage Step, if this card attacks an opponent's face-down Defense Position monster, and you control another "Subterror" monster: You can shuffle that opponent's monster into the Deck. If this card on the field is destroyed by battle or card effect and sent to the GY: You can Special Summon 1 "Subterror" monster from your Deck in face-up or face-down Defense Position. You can only use each effect of "Subterror Nemesis Archer" once per turn.$Supports archetypes /Subterror$$Returns from your opponent's field to your opponent's Deck/Activates from your Graveyard$Trigger/Condition$
52927340$Altergeist Kunquery$Unlimited$EARTH$[Spellcaster/Effect]$$$$$5$0$2400$$$$When an opponent's monster declares an attack, if you control an "Altergeist" card: You can Special Summon this card from your hand, and if you do, negate that attack. If this card is Special Summoned: You can target 1 face-up card your opponent controls; negate the effects of that card while it and this monster are face-up on the field.$Supports archetypes /Altergeist$$Activates from your hand/Activates upon attack declaration/Activates upon Special Summon$Trigger$
57835716$Orcust Harp Horror$Unlimited(OCG)$DARK$[Machine/Effect]$$$$$4$1700$1400$$$$You can banish this card from your GY; Special Summon 1 "Orcust" monster from your Deck, except "Orcust Harp Horror", also you cannot Special Summon monsters for the rest of this turn, except DARK monsters. You can only use this effect of "Orcust Harp Horror" once per turn.$Supports archetypes /Orcust$$Activates from your Graveyard$Ignition/Condition$
04055337$Orcust Knightmare$Unlimited$DARK$[Machine/Effect]$$$$$7$100$2000$$$$Cannot be destroyed by battle with a Link Monster. You can banish this card from your GY, then target 1 face-up monster on the field; you cannot Special Summon monsters, except DARK monsters, for the rest of this turn, also send 1 DARK Machine monster from your Deck to the GY, except "Orcust Knightmare", and if you do, the targeted monster gains ATK equal to the Level of the monster sent to the GY x 100, until the end of this turn. You can only use this effect of "Orcust Knightmare" once per turn.$DARK/Machine$Link Monster$Activates from your Graveyard/Sends from your Deck to your Graveyard$Continuous/Ignition/Condition$
92998610$Aloof Lupine$Unlimited$DARK$[Beast/Effect]$$$$$4$1700$300$$$$When this card is Normal Summoned: You can banish 1 monster from your hand; banish 1 monster from your Deck with the same Type as that monster. If this card is destroyed by battle, or if this card in its owner's possession is destroyed by an opponent's card effect: You can target 1 of your banished monsters; add it to your hand. You can only use each effect of "Aloof Lupine" once per turn.$$$Activates upon Normal Summon/Activates if destroyed by battle/Activates if destroyed by card effect/Adds banished cards to the hand$Trigger/Condition$
37261776$Salamangreat Violet Chimera$Unlimited$FIRE$[Cyberse/Fusion/Effect]$$$$$8$2800$2000$$1 "Salamangreat" monster + 1 Link Monster$$If this card is Fusion Summoned: You can make this card gain ATK equal to half the combined original ATK of the materials used to Summon it, until the end of this turn. Once per battle, during damage calculation, if this monster battles a monster whose current ATK is different from its original ATK (Quick Effect): You can double this card's ATK during damage calculation only. If this card that was Fusion Summoned using "Salamangreat Violet Chimera" as material battles a monster, that monster's ATK becomes 0 during damage calculation only.$Supports archetypes /Salamangreat$$Activates upon Fusion Summon$Trigger/Quick/Continuous$
68663748$Fortune's Future$Unlimited$SPELL$$$$$$$$$$$$Target 1 of your banished "Fortune Lady" monsters; return it to the GY, then draw 2 cards.$Supports archetypes /Fortune Lady$$Returns the player's banished cards to the Graveyard/You draw cards$Effect$
89208725$Metaverse$Unlimited(OCG)$TRAP$$$$$$$$$$$$Take 1 Field Spell from your Deck, and either activate it or add it to your hand.$Field Spell Card$$Activates cards from your Deck/Adds from Deck to hand$Effect$
70095154$Cyber Dragon$Unlimited$LIGHT$[Machine/Effect]$$$$$5$2100$1600$$$$If only your opponent controls a monster, you can Special Summon this card (from your hand).$$$Activates from your hand$Unclassified$
13316346$Boot-Up Soldier - Dread Dynamo$Unlimited$EARTH$[Machine/Effect]$$$$$4$0$2000$$$$While you control a "Gadget" monster, this card gains 2000 ATK.$Supports archetypes /Gadget$$$Continuous$
71870152$Fortune Lady Fire$Unlimited$FIRE$[Spellcaster/Effect]$$$$$2$?$?$$$$This card's ATK/DEF become its Level x 200. Once per turn, during your Standby Phase: Increase this card's Level by 1 (max. 12). When this card is Special Summoned in Attack Position by the effect of a "Fortune Lady" card: Target 1 face-up monster your opponent controls; destroy that target, and if you do, inflict damage to your opponent equal to the destroyed monster's ATK on the field.$Supports archetypes /Fortune Lady$$$Continuous/Trigger$
29088922$Fortune Lady Water$Unlimited$WATER$[Spellcaster/Effect]$$$$$4$?$?$$$$This card's ATK/DEF become its Level x 300. Once per turn, during your Standby Phase: Increase this card's Level by 1 (max. 12). If this card is Special Summoned while you control a "Fortune Lady" monster except "Fortune Lady Water": Draw 2 cards.$Supports archetypes /Fortune Lady$$You draw cards$Continuous/Trigger$
23171610$Limiter Removal$Unlimited$SPELL$$$$$$$$$Quick-Play$$$Double the ATK of all Machine monsters you currently control, until the end of this turn. During the End Phase of this turn, destroy those monsters.$Machine$$$Effect/Lingering$
87902575$Future Visions$Unlimited$SPELL$$$$$$$$$Field$$$Each time a monster is Normal Summoned: Target that monster; banish it. During the next Standby Phase of the player who controlled that monster: Return it to the field in face-up Attack Position.$$$Returns banished cards to the field$Trigger-like$
22123627$Moray of Greed$Unlimited$SPELL$$$$$$$$$$$$Shuffle 2 WATER monsters from your hand into the Deck, then draw 3 cards.$WATER$$Returns from your hand to your Deck/You draw cards$Effect$
49430782$True Draco Heritage$Unlimited$SPELL$$$$$$$$$Continuous$$$During your Main Phase: You can draw cards equal to the number of "True Draco" and "True King" card types (Monster, Spell, and Trap) sent from the field to the GY this turn. During your Main Phase, you can: Immediately after this effect resolves, Tribute Summon 1 "True Draco" or "True King" monster face-up. If this card is sent from the Spell & Trap Zone to the GY: You can target 1 Spell/Trap on the field; destroy it. You can only use each effect of "True Draco Heritage" once per turn.$Supports archetypes /True Draco and True King$$You draw cards/Activates from your Graveyard$Ignition-like/Trigger-like$
13955608$Stronghold the Moving Fortress$Unlimited$TRAP$$$$$$$$$Continuous$$$Special Summon this card in Defense Position as an Effect Monster (Machine/EARTH/Level 4/ATK 0/DEF 2000). (This card is also still a Trap.) While you control "Green Gadget", "Red Gadget", and "Yellow Gadget", this card gains 3000 ATK.$Green Gadget/Red Gadget/Yellow Gadget$$$Effect/Condition/Continuous-like$
30834988$All-Out Attacks$Unlimited$TRAP$$$$$$$$$Continuous$$$If a monster(s) is Special Summoned while this card is face-up on the field: Change that monster to face-up Attack Position, and must attack, if able, during the turn they are Special Summoned.$$$Activates upon Special Summon/Changes battle positions$Trigger-like$
$Synchro Material$$TRAP$$$$$$$$$$$$Target 1 face-up monster your opponent controls; you can use that monster as Synchro Material this turn, as if you controlled it. You cannot conduct your Battle Phase the turn you activate this card.$$$$$
54059040$Eisbahn$Unlimited$TRAP$$$$$$$$$Continuous$$$If a non-WATER monster(s) is Normal or Special Summoned while you control a WATER monster: Change that Summoned monster to Defense Position.$WATER$$Activates upon Normal Summon/Activates upon Special Summon/Changes battle positions$Trigger-like$
35125879$True King's Return$Unlimited$TRAP$$$$$$$$$Continuous$$$If this card is sent from the Spell & Trap Zone to the GY: You can target 1 monster on the field; destroy it. You cannot activate the following effects of "True King's Return" in the same Chain.●You can target 1 "True Draco" or "True King" monster in your GY; Special Summon it in Defense Position, also for the rest of this turn, you cannot Special Summon.●During your opponent's Main Phase, you can: Immediately after this effect resolves, Tribute Summon 1 "True Draco" or "True King" monster face-up.You can only use each effect of "True King's Return" once per turn.$Supports archetypes /True Draco and True King$$Activates from your Graveyard$Trigger-like/Condition/Quick-like$
