Passcode$Name$Status$Attribute$type$link$link_arrows$rank$pendulum_scale$level$attack$defense$spell_attribute$summoning_condition$pendulum_condition$card_text$card_supports$card_anti_supports$card_actions$effect_types$
06614221$Fog King$Unlimited$WATER$[Spellcaster/Effect]$$$$$7$0$0$$$$You can Tribute 1 monster, or no monsters, to Normal Summon (but not Set) this card. The ATK of this card becomes the combined original ATK of the Tributed monsters. Neither player can Tribute cards.$$$Prevents the player's Tributes/Prevents the opponent's Tributes/Cannot be Tributed$Summon/Continuous$
57666212$Kuraz the Light Monarch$Unlimited$LIGHT$[Warrior/Effect]$$$$$6$2400$1000$$$$When this card is Normal or Special Summoned: You can target up to 2 cards on the field; destroy those targets, and if you do, each player can draw 1 card for each of the cards they controlled that was destroyed by this effect. This card cannot attack during the turn it is Normal or Special Summoned.$$$Activates upon Normal Summon/Activates upon Special Summon/You draw cards/Your opponent draws cards$Trigger/Continuous$
12580477$Raigeki$Unlimited$SPELL$$$$$$$$$$$$Destroy all monsters your opponent controls.$$$$Effect$
55063751$Gameciel, the Sea Turtle Kaiju$Unlimited$WATER$[Aqua/Effect]$$$$$8$2200$3000$$$$You can Special Summon this card (from your hand) to your opponent's field in Attack Position, by Tributing 1 monster they control. If your opponent controls a "Kaiju" monster, you can Special Summon this card (from your hand) in Attack Position. You can only control 1 "Kaiju" monster. When your opponent activates a card or effect, except "Gameciel, the Sea Turtle Kaiju" (Quick Effect): You can remove 2 Kaiju Counters from anywhere on the field; negate the activation, and if you do, banish that card.$$Anti-supports archetypes /Kaiju$Activates from your hand/Tributes opponent's monsters$Unclassified/Quick$
81035362$Fiendish Rhino Warrior$Unlimited$EARTH$[Fiend/Effect]$$$$$3$1400$900$$$$Fiend monsters you control, except "Fiendish Rhino Warrior", cannot be destroyed by battle or card effects. If this card is sent to the GY: You can send 1 Fiend monster from your Deck to the GY, except "Fiendish Rhino Warrior". You can only use this effect of "Fiendish Rhino Warrior" once per turn.$Fiend$$Activates from your Graveyard/Sends from your Deck to your Graveyard$Continuous/Trigger/Condition$
22404675$Mithra the Thunder Vassal$Unlimited$LIGHT$[Thunder/Effect]$$$$$2$800$1000$$$$If this card is in your hand: You can activate this effect; you cannot Special Summon monsters from the Extra Deck for the rest of this turn, also Special Summon this card, and if you do, Special Summon 1 "Vassal Token" (Thunder-Type/LIGHT/Level 1/ATK 800/DEF 1000) to your opponent's field in Defense Position. If this card is Tributed for a Tribute Summon: You can activate this effect; you can Tribute Summon 1 monster during your Main Phase this turn, in addition to your Normal Summon/Set this turn. (You can only gain this effect once per turn.) You can only use each effect of "Mithra the Thunder Vassal" once per turn.$$$$Ignition/Trigger/Condition$
63821877$The Phantom Knights of Ragged Gloves$Unlimited$DARK$[Warrior/Effect]$$$$$3$1000$500$$$$A DARK Xyz Monster that was Summoned using this card on the field as material gains this effect.●If it is Xyz Summoned: It gains 1000 ATK.You can banish this card from your GY; send 1 "Phantom Knights" card from your Deck to the GY. You can only use each effect of "The Phantom Knights of Ragged Gloves" once per turn.$Supports archetypes /Phantom Knights/The Phantom Knights$$Grants effect as Xyz Material/Activates upon Xyz Summon/Activates from your Graveyard/Sends from your Deck to your Graveyard$Unclassified/Trigger/Ignition/Condition$
12369277$Super Quantum Blue Layer$Unlimited$WATER$[Psychic/Effect]$$$$$3$1200$2000$$$$When this card is Normal or Special Summoned: You can add 1 "Super Quant" card from your Deck to your hand, except "Super Quantum Blue Layer". If this card is sent to the Graveyard: You can target up to 3 "Super Quant" cards in your Graveyard; shuffle them into the Deck. You can only use each effect of "Super Quantum Blue Layer" once per turn.$Supports archetypes /Super Quant$$Activates upon Normal Summon/Activates upon Special Summon/Adds from Deck to hand/Activates from your Graveyard/Returns from your Graveyard to your Deck$Trigger/Condition$
18895832$System Down$Unlimited$SPELL$$$$$$$$$$$$Pay 1000 LP; banish all Machine-Type monsters your opponent controls and in their Graveyard.$$Machine$$Cost/Effect$
29549364$Mask of Restrict$Unlimited$TRAP$$$$$$$$$Continuous$$$Neither player can Tribute cards.$$$Prevents the player's Tributes/Prevents the opponent's Tributes$Continuous-like$
70861343$Ninjitsu Art of Transformation$Unlimited$TRAP$$$$$$$$$Continuous$$$Activate this card by Tributing 1 face-up "Ninja" monster; Special Summon 1 Beast, Winged Beast, or Insect monster from your hand or Deck whose Level is less than or equal to the Level the Tributed monster had on the field +3. When this card leaves the field, destroy that monster.$Supports archetypes /Ninja$$Tributes for cost$Cost/Effect/Continuous-like$
65150219$Armor Ninjitsu Art of Freezing$Unlimited$TRAP$$$$$$$$$Continuous$$$When an opponent's monster declares an attack, if you control a "Ninja" monster: You can flip this card face-up; negate that attack and end the Battle Phase. While this card is face-up on the field and you control a "Ninja" monster, monsters your opponent controls cannot change their battle positions.$Supports archetypes /Ninja$$Activates upon attack declaration/Must be Set before activation/Ends the Battle Phase/Prevents battle position changes$Activation requirement/Effect/Continuous-like$
54241725$The Prime Monarch$Unlimited$TRAP$$$$$$$$$Continuous$$$Once per turn: You can target 2 "Monarch" Spells/Traps in your GY; shuffle them into the Deck, then draw 1 card. If this card is in your GY: You can banish 1 other "Monarch" Spell/Trap from your GY; Special Summon this card in Defense Position as a Normal Monster (Fairy/LIGHT/Level 5/ATK 1000/DEF 2400). (This card is NOT treated as a Trap.) You can only use this effect of "The Prime Monarch" once per turn.$Supports archetypes /Monarch $$Returns from your Graveyard to your Deck/You draw cards/Activates from your Graveyard$Quick-like/Condition$
03170832$Takuhee$Unlimited$WIND$[Winged Beast/Normal]$$$$$4$1450$1000$$$$This bird is known far and wide as a harbinger of doom.$$$$$
00732302$Temple of Skulls$Unlimited$DARK$[Zombie/Normal]$$$$$4$900$1300$$$$A mysterious temple of skulls and bones that pulls in unsuspecting enemies.$$$$$
29436665$Dark Eradicator Warlock$Unlimited$DARK$[Spellcaster/Effect]$$$$$7$2500$2100$$$$Cannot be Normal Summoned/Set. Must be Special Summoned (from your hand) by Tributing 1 "Dark Magician", and cannot be Special Summoned by other ways. Each time a Normal Spell Card is activated, inflict 1000 damage to your opponent immediately after it resolves.$Dark Magician/Normal Spell Card$$Tributes for cost$Summon/Continuous$
99177923$Infernity Archfiend$Unlimited(OCG)$DARK$[Fiend/Effect]$$$$$4$1800$1200$$$$When you draw this card, if you have no other cards in your hand: You can reveal this card; Special Summon this card from your hand. When this card is Special Summoned: You can add 1 "Infernity" card from your Deck to your hand. You must have no cards in your hand to activate and to resolve this effect.$Supports archetypes /Infernity$$Activates from your hand/Reveals itself in the hand for cost/Activates upon Special Summon/Adds from Deck to hand$Trigger$
23893227$Cyber Dragon Core$Unlimited$LIGHT$[Machine/Effect]$$$$$2$400$1500$$$$This card's name becomes "Cyber Dragon" while on the field or in the GY. If this card is Normal Summoned: Add 1 "Cyber" Spell/Trap from your Deck to your hand. If only your opponent controls a monster: You can banish this card from your GY; Special Summon 1 "Cyber Dragon" monster from your Deck. You can only use 1 "Cyber Dragon Core" effect per turn, and only once that turn.$Supports archetypes /Cyber/Cybernetic/Cyber Dragon $$Activates upon Normal Summon/Adds from Deck to hand/Activates from your Graveyard$Trigger/Ignition/Condition/Unclassified$
09024367$Galaxy Dragon$Unlimited$LIGHT$[Dragon/Effect]$$$$$4$2000$1200$$$$This card cannot attack directly, and can only attack Dragon-Type monsters. If this card battles a Dragon-Type monster, this card gains 1000 ATK during the Damage Step only, also that monster has its effects negated during this Battle Phase, as long as this card remains face-up on the field.$$Dragon$$Continuous$
32231618$Prediction Princess Coinorma$Unlimited$EARTH$[Fairy/Flip/Effect]$$$$$3$800$1400$$$$FLIP: You can Special Summon 1 Level 3 or higher Flip monster from your hand or Deck in face-down Defense Position, also you cannot activate monster effects for the rest of this turn, except "Prediction Princess" monsters'.$Supports archetypes /Prediction Princess$$Activates upon being flipped face-up$Flip$
94997874$Prediction Princess Tarotrei$Unlimited$LIGHT$[Fairy/Ritual/Effect]$$$$$9$2700$1200$$$$You can Ritual Summon this card with "Prediction Ritual". Once per turn, during your End Phase: You can Special Summon 1 Flip monster from your hand or GY in face-down Defense Position. You can only use 1 of the following effects of "Prediction Princess Tarotrei" per turn, and only once that turn.●(Quick Effect): You can target 1 face-down monster on the field; change it to face-up Attack Position.●(Quick Effect): You can target 1 face-up monster on the field; change it to face-down Defense Position.$Flip monster$$Flips monsters face-up/Changes battle positions/Flips monsters face-down$Summon/Trigger/Condition/Quick$
08327462$Skullbird$Unlimited$WIND$[Winged Beast/Fusion]$$$$$6$1900$1700$$$$"Takuhee" + "Temple of Skulls"$$$$$
56747793$United We Stand$Unlimited$SPELL$$$$$$$$$Equip$$$The equipped monster gains 800 ATK/DEF for each face-up monster you control.$$$$Continuous-like$
48800175$The Melody of Awakening Dragon$Unlimited$SPELL$$$$$$$$$$$$Discard 1 card; add up to 2 Dragon monsters with 3000 or more ATK and 2500 or less DEF from your Deck to your hand.$Dragon$$Discards for cost/Adds from Deck to hand$Cost/Effect$
30392583$Prediction Ritual$Unlimited$SPELL$$$$$$$$$Ritual$$$This card is used to Ritual Summon "Prediction Princess Tarotrei". You must also Tribute monsters from your hand or field whose total Levels equal 9 or more. During your Main Phase, except the turn this card was sent to the GY: You can banish this card from your GY; add 1 "Prediction Princess" monster from your Deck to your hand.$Supports archetypes /Prediction Princess$$Tributes as an effect/Activates from your Graveyard/Adds from Deck to hand$Effect/Ignition-like$
90200789$Ninjitsu Art of Super-Transformation$Unlimited$TRAP$$$$$$$$$Continuous$$$Activate this card by targeting 1 "Ninja" monster you control and 1 face-up monster your opponent controls; send them to the GY, then Special Summon 1 Dragon, Dinosaur, or Sea Serpent monster from your Deck whose Level is less than or equal to the combined original Levels of the sent monster(s). When this card leaves the field, banish that monster.$Supports archetypes /Ninja$$Sends from field to Graveyard$Effect/Continuous-like$
34507039$Wiretap$Unlimited$TRAP$$$$$$$$$Counter$$$When a Trap is activated: Negate the activation, and if you do, shuffle that card into the Deck.$$$Returns from field to Deck$Activation requirement/Effect$
