Passcode$Name$Status$Attribute$type$link$link_arrows$rank$pendulum_scale$level$attack$defense$spell_attribute$summoning_condition$pendulum_condition$card_text$card_supports$card_anti_supports$card_actions$effect_types$
14536035$Dark Grepher$Unlimited(OCG)$DARK$[Warrior/Effect]$$$$$4$1700$1600$$$$You can Special Summon this card (from your hand) by discarding 1 Level 5 or higher DARK monster. Once per turn: You can discard 1 DARK monster; send 1 DARK monster from your Deck to the GY.$DARK$$Discards for cost/Sends from Deck to Graveyard$Unclassified/Ignition$
90582719$Gladiator Beast Andal$Unlimited$EARTH$[Beast-Warrior/Normal]$$$$$4$1900$1500$$$$This one-eyed warrior bear is an aggressive hunter that strikes down its prey with the powerful swipes of its claws. No one can bear the brunt of his tremendously fast and heavy blows.$$$$$
26976414$Atlantean Pikeman$Unlimited$WATER$[Sea Serpent/Normal]$$$$$2$1400$0$$$$The Great Ocean Lord, who reigns over the depths, is served by these lancers. Deep-sea creatures exist in fear of facing the stream of attacks their lances are capable of.$$$$$
79407975$Rainbow Dark Dragon$Unlimited$DARK$[Dragon/Effect]$$$$$10$4000$0$$$$(This card is always treated as an "Ultimate Crystal" card.)Cannot be Normal Summoned/Set. Must be Special Summoned (from your hand) by banishing 7 DARK monsters with different names from your GY. You can banish all other DARK monsters from your field and GY; this card gains 500 ATK for each card banished this way.$DARK$$$Summon/Ignition$
05592689$Samsara Lotus$Unlimited(OCG)$DARK$[Plant/Effect]$$$$$1$0$0$$$$During your End Phase, if you control no Spell or Trap Cards, you can Special Summon this card from your Graveyard in face-up Attack Position. This card's controller takes 1000 damage during each of their Standby Phases.$$$Activates from your Graveyard$Trigger$
31986288$Regenerating Rose$Unlimited$DARK$[Plant/Effect]$$$$$7$0$1500$$$$When this card is destroyed by battle and sent to the Graveyard, you can Special Summon 2 "Regenerating Rose Tokens" (Plant-Type/DARK/Level 3/ATK 1200/DEF 1200).$$$Activates if destroyed by battle/Activates from your Graveyard$Trigger$
78371393$Yubel$Unlimited$DARK$[Fiend/Effect]$$$$$10$0$0$$$$This card cannot be destroyed by battle. You take no Battle Damage from battles involving this card. Before damage calculation, when this face-up Attack Position card is attacked by an opponent's monster: Inflict damage to your opponent equal to that monster's ATK. During your End Phase: Tribute 1 other monster or destroy this card. When this card is destroyed, except by its own effect: Its owner can Special Summon 1 "Yubel - Terror Incarnate" from their hand, Deck, or Graveyard.$Yubel - Terror Incarnate$$Tributes as an effect/Activates if destroyed by card effect$Continuous/Trigger$
04779091$Yubel - Terror Incarnate$Unlimited$DARK$[Fiend/Effect]$$$$$11$0$0$$$$Cannot be Normal Summoned or Set. Must be Special Summoned by "Yubel", and cannot be Special Summoned by other ways. This card cannot be destroyed by battle. You take no Battle Damage from battles involving this card. Before damage calculation, when this face-up Attack Position card is attacked by an opponent's monster: Inflict damage to your opponent equal to that monster's ATK. During your End Phase: Destroy all other monsters on the field. When this face-up card leaves the field: You can Special Summon 1 "Yubel - The Ultimate Nightmare" from your hand, Deck, or Graveyard.$Yubel/Yubel - The Ultimate Nightmare$$Activates when it leaves the field$Summon/Continuous/Trigger$
31764700$Yubel - The Ultimate Nightmare$Unlimited$DARK$[Fiend/Effect]$$$$$12$0$0$$$$Cannot be Normal Summoned or Set. Must be Special Summoned by "Yubel - Terror Incarnate", and cannot be Special Summoned by other ways. This card cannot be destroyed by battle. You take no Battle Damage from battles involving this card. At the end of the Damage Step, if this face-up Attack Position card battles an opponent's monster: Inflict damage equal to that monster's ATK to your opponent, also destroy that monster.$Yubel - Terror Incarnate$$$Summon/Continuous/Trigger$
67159705$Armored Cybern$Unlimited$WIND$[Machine/Union/Effect]$$$$$4$0$2000$$$$Once per turn, you can either: Target 1 "Cyber Dragon" you control, or 1 Fusion Monster you control that lists "Cyber Dragon" as Fusion Material; equip this card to that target, OR: Unequip this card and Special Summon it. Once per turn, while equipped to a monster by this effect: You can target 1 face-up monster on the field; the equipped monster loses exactly 1000 ATK (even if this card leaves the field), and if it does, destroy that target. If the equipped monster would be destroyed by battle or card effect, destroy this card instead.$Cyber Dragon$$Equips self from field$Ignition/Ignition-like/Continuous-like$
03657444$Cyber Valley$Unlimited$LIGHT$[Machine/Effect]$$$$$1$0$0$$$$You can activate 1 of these effects.●When this card is targeted for an attack: You can banish this card; draw 1 card, then end the Battle Phase.●You can target 1 face-up monster you control and this card; banish both those targets, then draw 2 cards.●You can target 1 card in your GY; banish both this card and 1 card from your hand, then place that target on top of the Deck.$$$You draw cards/Ends the Battle Phase/Returns from your Graveyard to your Deck$Condition/Trigger/Ignition$
30042158$Cyber Ouroboros$Unlimited$DARK$[Machine/Effect]$$$$$2$100$600$$$$When this card is removed from play, you can send 1 card from your hand to the Graveyard to draw 1 card.$$$Activates while banished/Sends from hand to Graveyard for cost/You draw cards$Trigger$
66436257$Volcanic Counter$Unlimited$FIRE$[Pyro/Effect]$$$$$3$300$1300$$$$When you take battle damage while this card is in your Graveyard: Banish it from your Graveyard, then if there is a FIRE monster other than "Volcanic Counter" in your Graveyard, inflict damage to your opponent equal to the amount of battle damage you took.$FIRE$$Activates if you take battle damage/Activates from your Graveyard$Trigger$
53927679$Fire Trooper$Unlimited$FIRE$[Warrior/Effect]$$$$$3$1000$1000$$$$When this card is Summoned, you can send it to the Graveyard to inflict 1000 damage to your opponent.$$$Sends itself from field to Graveyard for cost$Trigger$
93431862$Destiny HERO - Dunker$Unlimited$DARK$[Warrior/Effect]$$$$$4$1200$1700$$$$You can send 1 "Destiny HERO" card from your hand to the Graveyard; inflict 500 damage to your opponent.$Supports archetypes /Destiny HERO$$Sends from hand to Graveyard for cost/Sends from your hand to your Graveyard$Ignition$
39829561$Destiny HERO - Departed$Unlimited$DARK$[Warrior/Effect]$$$$$2$1000$0$$$$During your Standby Phase, if this card is in your Graveyard: Special Summon it in face-up Attack Position to your opponent's side of the field. If this card is destroyed by battle, banish it instead of sending it to the Graveyard. If a card effect would send this card to the Graveyard from the hand or Deck, banish it instead.$$$Activates from your Graveyard$Trigger/Unclassified$
66214679$Dark Horus$Unlimited$DARK$[Dragon/Effect]$$$$$8$3000$1800$$$$Once per turn, after resolving a Spell Card that was activated during your opponent's Main Phase: You can target 1 Level 4 DARK monster in your Graveyard; Special Summon that target. This card must be face-up on the field to activate and to resolve this effect.$DARK$$$Trigger/Condition$
92719314$The Dark Creator$Unlimited$DARK$[Thunder/Effect]$$$$$8$2300$3000$$$$Cannot be Normal Summoned/Set. Must first be Special Summoned (from your hand) by having 5 or more DARK monsters in your Graveyard while you control no monsters. Once per turn: You can banish 1 DARK monster from your Graveyard to target 1 DARK monster in your Graveyard; Special Summon that target.$DARK$$$Summon/Ignition$
38107923$Dark Nephthys$Unlimited$DARK$[Winged Beast/Effect]$$$$$8$2400$1600$$$$If you have 3 or more DARK monsters in your Graveyard and this card in your hand: You can banish 2 of them from your Graveyard; send this card from your hand to the Graveyard. During your next Standby Phase after this card was sent to the Graveyard by this effect: Special Summon this card from the Graveyard. When this card is Special Summoned: Target 1 Spell/Trap Card on the field; destroy that target.$DARK$$Activates from your hand/Sends itself from hand to Graveyard/Activates from your Graveyard/Activates upon Special Summon$Ignition/Trigger$
65192027$Dark Armed Dragon$Unlimited$DARK$[Dragon/Effect]$$$$$7$2800$1000$$$$Cannot be Normal Summoned/Set. Must be Special Summoned (from your hand) by having exactly 3 DARK monsters in your GY. You can banish 1 DARK monster from your GY, then target 1 card on the field; destroy that target.$DARK$$$Summon/Ignition$
91596726$Dark Crusader$Unlimited$DARK$[Warrior/Effect]$$$$$4$1600$200$$$$You can send 1 DARK monster from your hand to the Graveyard; this card gains 400 ATK.$DARK$$Sends from your hand to your Graveyard/Sends from hand to Graveyard for cost$Ignition$
28985331$Armageddon Knight$Limited$DARK$[Warrior/Effect]$$$$$4$1400$1200$$$$When this card is Summoned: You can send 1 DARK monster from your Deck to the GY.$DARK$$Activates upon Normal Summon/Activates upon Flip Summon/Activates upon Special Summon/Sends from your Deck to your Graveyard$Trigger$
64379430$Doomsday Horror$Unlimited$DARK$[Fiend/Effect]$$$$$4$?$?$$$$This card's ATK and DEF are equal to the number of banished DARK monsters x 300. If this card is destroyed and sent to the Graveyard: Return all banished DARK monsters to the Graveyards.$DARK$$Activates from your Graveyard/Returns the player's banished cards to the Graveyard/Returns the opponent's banished cards to the Graveyard$Continuous/Trigger$
90464188$Obsidian Dragon$Unlimited$DARK$[Rock/Effect]$$$$$4$800$2100$$$$Negate the effects of Spell and Trap Cards that target only 1 face-up DARK monster you control, and destroy them.$DARK$$$Continuous$
27869883$Shadowpriestess of Ohm$Unlimited$DARK$[Spellcaster/Effect]$$$$$4$1700$1600$$$$You can Tribute 1 face-up DARK monster you control to inflict 800 damage to your opponent.$DARK$$Tributes for cost$Ignition$
26254876$Gemini Lancer$Unlimited$WATER$[Sea Serpent/Gemini/Effect]$$$$$4$1800$1400$$$$This card is treated as a Normal Monster while face-up on the field or in the Graveyard. While this card is face-up on the field, you can Normal Summon it to have it be treated as an Effect Monster with this effect:●During battle between this attacking card and a Defense Position monster whose DEF is lower than the ATK of this card, inflict the difference as Battle Damage to your opponent.$$$$Unclassified/Condition/Continuous$
53257892$Gigaplant$Unlimited$EARTH$[Plant/Gemini/Effect]$$$$$6$2400$1200$$$$This card is treated as a Normal Monster while face-up on the field or in the GY. While this card is a Normal Monster on the field, you can Normal Summon it to have it become an Effect Monster with this effect.●Once per turn: You can Special Summon 1 Insect or Plant monster from your hand or GY.$Insect/Plant$$$Unclassified/Condition/Ignition$
90642597$Future Samurai$Unlimited$LIGHT$[Warrior/Gemini/Effect]$$$$$4$1600$1200$$$$This card is treated as a Normal Monster while face-up on the field or in the Graveyard. While this card is face-up on the field, you can Normal Summon it to have it become an Effect Monster with this effect.●Once per turn: You can banish 1 monster from your Graveyard to target 1 face-up monster on the field; destroy that target.$$$$Unclassified/Condition/Ignition$
26046205$Vengeful Shinobi$Unlimited$DARK$[Warrior/Effect]$$$$$2$400$800$$$$When this face-up Attack Position card is targeted for an attack: Draw 1 card.$$$You draw cards$Trigger$
52035300$The Immortal Bushi$Unlimited$DARK$[Warrior/Effect]$$$$$3$1200$600$$$$While this card is face-up on the field, it cannot be Tributed, except for the Tribute Summon of a Warrior-Type monster. During your Standby Phase, if this card is in your Graveyard and all the monsters in your Graveyard are Warrior-Type: You can Special Summon this card. You must also control no monsters to activate and to resolve this effect.$Warrior$$Cannot be Tributed/Activates from your Graveyard$Continuous/Trigger$
89529919$Field-Commander Rahz$Unlimited$EARTH$[Warrior/Effect]$$$$$4$1600$1200$$$$When this card is Normal or Special Summoned: Choose 1 Level 4 or lower Warrior-Type monster from your Deck, except "Field-Commander Rahz", and place it on top of your Deck.$Warrior$$Activates upon Normal Summon/Activates upon Special Summon/Places cards from the player's Deck on the top of the Deck$Trigger$
25924653$Gladiator Beast Darius$Unlimited$EARTH$[Beast-Warrior/Effect]$$$$$4$1700$300$$$$When this card is Special Summoned by the effect of a "Gladiator Beast" monster: You can target 1 "Gladiator Beast" monster in your Graveyard; Special Summon that target, but its effect(s) is negated by this card, and it is shuffled into the Deck when this card leaves the field. At the end of the Battle Phase, if this card attacked or was attacked: You can shuffle it into the Deck; Special Summon 1 "Gladiator Beast" monster from your Deck, except "Gladiator Beast Darius".$Supports archetypes /Gladiator Beast$$Returns itself from field to Deck for cost$Trigger$
52248570$Imprisoned Queen Archfiend$Unlimited$DARK$[Fiend/Effect]$$$$$8$2600$1700$$$$During each of your Standby Phases, you must pay 1000 Life Points (this is not optional), or this card is destroyed. During your Standby Phase: Target 1 Level 4 or lower Fiend-Type monster on the field; that target gains 1000 ATK until the End Phase. "Pandemonium" must be on the field and this card must be in your Graveyard to activate and to resolve this effect.$Pandemonium/Fiend$$$Maintenance cost/Trigger/Condition$
52319752$Black Veloci$Unlimited$EARTH$[Dinosaur/Effect]$$$$$4$1800$300$$$$If this card attacks an opponent's monster, this card gains 400 ATK during the Damage Step only. If this card is attacked by an opponent's monster, this card loses 400 ATK during the Damage Step only.$$$$Continuous$
88307361$Superancient Deepsea King Coelacanth$Unlimited$WATER$[Fish/Effect]$$$$$7$2800$2200$$$$Once per turn: You can discard 1 card; Special Summon as many Level 4 or lower Fish-Type monsters as possible from your Deck, but they cannot declare an attack and their effects are negated. During either player's turn, when this face-up card on the field is targeted by a card effect: You can Tribute 1 other Fish-Type monster; negate the activation, and if you do, destroy that card.$Fish$$Discards for cost/Tributes for cost$Ignition/Quick$
14702066$Cannon Soldier MK-2$Forbidden(OCG)$EARTH$[Machine/Effect]$$$$$5$1900$1200$$$$You can Tribute 2 monsters to inflict 1500 damage to your opponent.$$$Tributes for cost$Ignition$
51196174$The Calculator$Unlimited$LIGHT$[Thunder/Effect]$$$$$2$?$0$$$$The ATK of this card is the combined Levels of all face-up monsters you control x 300.$$$$Continuous$
87685879$Sea Koala$Unlimited$EARTH$[Beast/Effect]$$$$$2$100$1600$$$$Once per turn: You can target 1 monster your opponent controls; change its ATK to 0 until the end of this turn. You must control a Beast-Type monster (other than this card) to activate and to resolve this effect.$Beast$$$Ignition$
14089428$Blue Thunder T-45$Unlimited$LIGHT$[Machine/Effect]$$$$$4$1700$1000$$$$If this card destroys an opponent's monster by battle: Special Summon 1 "Thunder Option Token" (Machine-Type/LIGHT/Level 4/ATK 1500/DEF 1500). This Token cannot be Tributed for a Tribute Summon.$$$Activates when it destroys a monster by battle$Trigger/Condition$
50074522$Magnetic Mosquito$Unlimited$LIGHT$[Insect/Effect]$$$$$3$300$1000$$$$FLIP: Destroy all face-up Machine-Type monsters on the field.$$Machine$Activates upon being flipped face-up$Flip$
53461122$Earth Effigy$Unlimited$EARTH$[Rock/Effect]$$$$$4$100$2000$$$$This card can be treated as 2 Tributes for the Tribute Summon of an EARTH Normal Monster.$EARTH/Normal Monster$$$Unclassified$
99865167$Wind Effigy$Unlimited$WIND$[Winged Beast/Effect]$$$$$4$1800$200$$$$This card can be treated as 2 Tributes for the Tribute Summon of a WIND Normal Monster.$WIND/Normal Monster$$$Unclassified$
13857930$Neo-Spacian Twinkle Moss$Unlimited$LIGHT$[Plant/Fusion/Effect]$$$$$4$500$1100$$This card's name is also treated as "Neo-Spacian Glow Moss". This card cannot be Special Summoned except with "NEX". When this card attacks or is attacked, draw 1 card. Reveal that card, and based on its type apply the proper effect:$$●Monster: End the Battle Phase.●Spell: You can change this card's attack to a direct attack.●Trap: This monster is changed to Defense Position.$NEX$$You draw cards/Shows the player's drawn cards/Ends the Battle Phase/Changes battle positions$Condition/Summon/Trigger$
49352945$Elemental HERO Storm Neos$Unlimited$WIND$[Warrior/Fusion/Effect]$$$$$9$3000$2500$$"Elemental HERO Neos" + "Neo-Spacian Air Hummingbird" + "Neo-Spacian Aqua Dolphin"$$Must first be Special Summoned (from your Extra Deck) by shuffling the above cards you control into the Deck. (You do not use "Polymerization".) Once per turn: You can destroy all Spell and Trap Cards on the field. During the End Phase: Shuffle this card into the Extra Deck. When this card is shuffled into the Extra Deck this way: Shuffle all cards on the field into the Deck.$$$Returns Fusion Materials for Contact Fusion to Deck/Returns itself from field to Extra Deck/Returns from field to Deck$Summon/Ignition/Trigger$
86346643$Rainbow Neos$Unlimited$LIGHT$[Warrior/Fusion/Effect]$$$$$10$4500$3000$$"Elemental HERO Neos" + 1 "Ultimate Crystal" monster$$Must be Fusion Summoned with the above Fusion Materials. Once per turn: You can activate 1 of these effects.●Send 1 monster you control to the GY; shuffle all monsters your opponent controls into the Deck.●Send 1 Spell/Trap you control to the GY; shuffle all Spells and Traps your opponent controls into the Deck.●Send 1 card from the top of your Deck to the GY; shuffle all cards from your opponent's GY into the Deck.$Supports archetypes /Ultimate Crystal$$Sends from your field to your Graveyard for cost/Returns from your opponent's field to your opponent's Deck/Sends from the top of your Deck to your Graveyard for cost/Returns from your opponent's Graveyard to your opponent's Deck$Summon/Ignition$
12735388$Rainbow Veil$Unlimited$SPELL$$$$$$$$$Equip$$$If the equipped monster battles an opponent's monster, while that monster is on the field its effect(s) is negated during the Battle Phase only.$$$$Continuous-like$
48130397$Super Polymerization$Semi-Limited(OCG)$SPELL$$$$$$$$$Quick-Play$$$Discard 1 card; Fusion Summon 1 Fusion Monster from your Extra Deck, using monsters from either field as Fusion Material. Neither player can activate cards or effects in response to this card's activation.$Fusion Monster$$Discards for cost/Sends from your field to your Graveyard/Sends from your opponent's field to your opponent's Graveyard/Uses cards on the player's field as Fusion Materials/Uses cards on the opponent's field as Fusion Materials$Cost/Effect/Condition$
75524092$Vicious Claw$Unlimited$SPELL$$$$$$$$$Equip$$$The equipped monster gains 300 ATK. If the equipped monster would be destroyed by battle, return this card to its owner's hand instead. Then, destroy 1 monster, except the one that battled the equipped monster, and inflict 600 damage to your opponent. After that, Special Summon 1 "Evil Token" (Fiend-Type/DARK/Level 7/ATK 2500/DEF 2500) on your opponent's side of the field. During the turn this card is returned to your hand, you cannot use "Vicious Claw" from your hand.$$$Returns itself from field to hand$Continuous-like/Condition$
11913700$Instant Neo Space$Unlimited$SPELL$$$$$$$$$Equip$$$Equip only to a Fusion Monster that lists "Elemental HERO Neos" as material. It does not have to activate its effect during the End Phase to shuffle itself into the Extra Deck. If the equipped monster leaves the field: You can Special Summon 1 "Elemental HERO Neos" from your hand, Deck, or GY.$Fusion Monster/Elemental HERO Neos$$Makes mandatory effects optional/Prevents returning cards from field to Deck$Condition/Continuous-like/Trigger-like$
48017809$Mirage Tube$Unlimited$SPELL$$$$$$$$$Quick-Play$$$This card cannot be activated from your hand. Activate only when a face-up monster you control is selected as an attack target. Inflict 1000 damage to your opponent.$$$$Condition/Activation requirement/Effect$
74402414$Spell Chronicle$Unlimited$SPELL$$$$$$$$$Continuous$$$Activate this card by sending your entire hand to the GY; banish 5 Spells/Traps from your Deck. Each time your opponent activates a Spell Card, place 1 Chronicle Counter on this card when that Spell Card resolves. You can remove 2 Chronicle Counters from this card; your opponent chooses 1 card banished by this card's effect for you to add to your hand. If this face-up card in the Spell & Trap Zone leaves the field: You take 500 damage for each card currently banished by this card's effect.$Spell Card/Trap Card$$Sends from hand to Graveyard for cost/Adds banished cards to the hand$Cost/Effect/Continuous-like/Ignition-like/Condition$
01896112$Dimension Explosion$Unlimited$SPELL$$$$$$$$$Quick-Play$$$Return 1 face-up Fusion Monster you control to the Extra Deck. Both players select up to 2 of their monsters that are removed from play, and Special Summon them.$Fusion Monster$$Returns from field to Extra Deck for cost$Cost/Effect$
47295267$Cybernetic Zone$Unlimited$SPELL$$$$$$$$$Quick-Play$$$Select 1 face-up Machine-Type Fusion Monster you control and remove it from play until the End Phase of this turn. When that monster is returned to the field, double its ATK. During your next Standby Phase, destroy it.$Machine/Fusion Monster$$$Effect/Lingering$
73680966$The Beginning of the End$Unlimited$SPELL$$$$$$$$$$$$If you have 7 or more DARK monsters in your GY: Banish 5 DARK monsters from your GY; draw 3 cards.$DARK$$You draw cards$Activation requirement/Cost/Effect$
00674561$Dark Eruption$Unlimited$SPELL$$$$$$$$$$$$Target 1 DARK monster with 1500 or less ATK in your GY; add that target to your hand.$DARK$$Adds from Graveyard to hand$Effect$
46173679$Fires of Doomsday$Unlimited$SPELL$$$$$$$$$Quick-Play$$$Special Summon 2 "Doomsday Tokens" (Fiend/DARK/Level 1/ATK 0/DEF 0) in Defense Position. They cannot be Tributed for a Tribute Summon, unless it is for a DARK monster. You cannot Summon other monsters the turn you activate this card (but you can Normal Set).$DARK$$$Effect/Lingering/Condition$
73567374$Unleash Your Power!$Unlimited$SPELL$$$$$$$$$Quick-Play$$$All Gemini monsters that were on your side of the field when this card was activated are treated as Effect Monsters, and gain their effect(s). During the End Phase of this turn, Set all monsters affected by this card's effect.$Gemini monster$$Flips monsters face-down$Effect/Condition$
09952083$Chain Summoning$Unlimited$SPELL$$$$$$$$$Quick-Play$$$Activate as Chain Link 3 or higher: You can conduct up to 3 Normal Summons/Sets this turn, not just 1. You cannot activate this card if multiple cards with the same name, or the effects of such cards, are already activated in that Chain.$$$$Activation requirement/Effect/Condition$
35956022$Acidic Downpour$Unlimited$SPELL$$$$$$$$$Field$$$All EARTH monsters lose 500 ATK and gain 400 DEF.$EARTH$EARTH$$Continuous-like$
72345736$Six Samurai United$Unlimited$SPELL$$$$$$$$$Continuous$$$Each time a "Six Samurai" monster(s) is Normal or Special Summoned, place 1 Bushido Counter on this card (max. 2). You can send this card to the GY; draw 1 card for each Bushido Counter on this card.$Supports archetypes /Six Samurai$Anti-supports archetypes /Six Samurai$You draw cards/Sends itself from field to Graveyard for cost$Continuous-like/Ignition-like$
08730435$Gladiator Beast's Battle Archfiend Shield$Unlimited$SPELL$$$$$$$$$Equip$$$Equip only to a "Gladiator Beast" monster. If the equipped monster would be destroyed, destroy this card instead. When this card is sent to your Graveyard because the equipped monster you controlled was shuffled into your Deck: Return this card to your hand.$Supports archetypes /Gladiator Beast$$Returns itself from Graveyard to hand$Condition/Continuous-like/Trigger-like$
35224440$Gladiator Proving Ground$Unlimited$SPELL$$$$$$$$$$$$Add 1 Level 4 or lower "Gladiator Beast" monster from your Deck to your hand.$Supports archetypes /Gladiator Beast$$Adds from Deck to hand$Effect$
61623148$Dark World Grimoire$Unlimited$SPELL$$$$$$$$$Continuous$$$During your End Phase, if you discard a monster(s) to the Graveyard because you had more cards than your hand size limit: You can target 1 of those monsters; Special Summon that target.$$$$Trigger-like$
07617253$Rainbow Path$Unlimited$TRAP$$$$$$$$$$$$When an opponent's monster declares an attack: Send 1 "Crystal Beast" card from your Spell & Trap Zone to the GY, then target the attacking monster; negate the attack, then you can add 1 "Rainbow Dragon" or "Rainbow Dark Dragon" from your Deck to your hand.$Supports archetypes /Crystal Beast/Ultimate Crystal$$Activates upon attack declaration/Sends from field to Graveyard/Adds from Deck to hand$Activation requirement/Cost/Effect$
34002992$Rainbow Life$Unlimited$TRAP$$$$$$$$$$$$Discard 1 card; until the end of this turn, each time you would take damage, gain that amount of LP instead.$$$Discards for cost$Cost/Effect$
60406591$Sinister Seeds$Unlimited$TRAP$$$$$$$$$$$$When a monster you control is destroyed by a battle in which you took damage, and it was in face-up Attack Position at the start of the Damage Step and when it was destroyed: Special Summon 1 "Sinister Seed Token" (Plant-Type/DARK/Level 1/ATK 100/DEF 100) for every 500 points of battle damage you took from that battle.$$$Activates if destroyed by battle$Activation requirement/Effect$
93895605$Hate Buster$Unlimited$TRAP$$$$$$$$$$$$When a Fiend-Type monster you control is targeted for an attack: Target the opponent's attacking monster and that monster you control; destroy both targets, and if you do, inflict damage to your opponent equal to the original ATK of the opponent's destroyed monster.$Fiend$$$Activation requirement/Effect$
39980304$Chain Material$Unlimited$TRAP$$$$$$$$$$$$Any time you Fusion Summon a monster this turn, you can remove from play, from your side of the field, Deck, hand or Graveyard, Fusion Material Monsters that are listed on the Fusion Monster Card, and use them as Fusion Material Monsters. You cannot attack during the turn this card is activated. If you used this effect for a Fusion Summon, the Summoned Fusion Monster(s) is destroyed during the End Phase.$$$Uses cards in the hand as Fusion Materials/Uses cards on the player's field as Fusion Materials/Uses cards in the player's Deck as Fusion Materials/Uses cards in the player's Graveyard as Fusion Materials$Effect/Condition$
65384019$Alchemy Cycle$Unlimited$TRAP$$$$$$$$$$$$The original ATK of all face-up monsters you control becomes 0, until the End Phase. Each time a monster that had its original ATK reduced to 0 by this effect is destroyed by battle and sent to the Graveyard, draw 1 card.$$$Activates if destroyed by battle/You draw cards$Effect/Trigger-like$
92773018$Cybernetic Hidden Technology$Unlimited$TRAP$$$$$$$$$Continuous$$$When an opponent's monster declares an attack: You can send to the Graveyard 1 "Cyber Dragon" you control, or 1 Fusion Monster you control that lists "Cyber Dragon" as a Fusion Material Monster, then target the attacking monster; destroy that target.$Cyber Dragon$$Activates upon attack declaration/Sends from field to Graveyard for cost$Trigger-like$
38167722$Dark Spirit Art - Greed$Unlimited$TRAP$$$$$$$$$$$$Tribute 1 DARK monster. Draw 2 cards. Your opponent can negate this effect by revealing 1 Spell Card in their hand.$DARK$$Tributes for cost/You draw cards/Reveals your opponent's hand$Cost/Effect$
05562461$Dark Illusion$Unlimited$TRAP$$$$$$$$$Counter$$$When a Spell/Trap Card, or monster effect, is activated that targets a DARK monster on the field: Negate the activation, and if you do, destroy that card.$DARK$$$Activation requirement/Effect$
31550470$Escape from the Dark Dimension$Unlimited$TRAP$$$$$$$$$Continuous$$$Target 1 of your banished DARK monsters; Special Summon that target. When this card leaves the field, destroy that target, and if you do, banish it. When that target is destroyed, destroy this card.$DARK$$$Effect/Continuous-like$
67045174$Gemini Trap Hole$Unlimited$TRAP$$$$$$$$$$$$Activate only when a Gemini monster that is treated as an Effect Monster is destroyed by battle. Destroy all monsters your opponent controls.$Gemini monster$Gemini monster$$Activation requirement/Effect$
04440873$Drastic Drop Off$Unlimited$TRAP$$$$$$$$$Counter$$$When your opponent adds a card(s) from their Deck to their hand, including drawing: They must discard 1 of those cards.$$$Activates if your opponent draws a card/Your opponent discards$Activation requirement/Effect$
30834988$All-Out Attacks$Unlimited$TRAP$$$$$$$$$Continuous$$$If a monster(s) is Special Summoned while this card is face-up on the field: Change that monster to face-up Attack Position, and must attack, if able, during the turn they are Special Summoned.$$$Activates upon Special Summon/Changes battle positions$Trigger-like$
67223587$Double Tag Team$Unlimited$TRAP$$$$$$$$$$$$Activate only when you Special Summon a "Gladiator Beast" monster. Special Summon 1 Level 4 or lower "Gladiator Beast" monster from your hand or Deck.$Supports archetypes /Gladiator Beast$$$Activation requirement/Effect$
93217231$Offering to the Snake Deity$Unlimited$TRAP$$$$$$$$$$$$Target 1 face-up Reptile monster you control and 2 cards your opponent controls; destroy all three targets.$Reptile$$$Effect$
39712330$Cry Havoc!$Unlimited$TRAP$$$$$$$$$Continuous$$$You can remove from play 1 monster from your Graveyard to Normal Summon or Set 1 Normal Monster from your hand. You can only activate this effect during your Main Phase.$Normal Monster$$$Quick-like$
66100045$Transmigration Break$Unlimited$TRAP$$$$$$$$$Continuous$$$Any cards that would be returned to the Deck from the Graveyard are removed from play instead.$$$$Continuous-like$
92595643$Fine$Unlimited$TRAP$$$$$$$$$$$$Discard 2 cards.$$$You discard/Discards for effect$Effect$
40921744$Darklord Zerato$Unlimited$DARK$[Fairy/Effect]$$$$$8$2800$2300$$$$If you have 4 or more DARK monsters with different names in your Graveyard, you can Tribute Summon this card by Tributing 1 DARK monster. You can send 1 DARK monster from your hand to the Graveyard; destroy all monsters your opponent controls. Once per turn, during the End Phase, if this effect was activated this turn: Destroy this card.$DARK$$Sends from hand to Graveyard for cost$Summon/Ignition/Trigger$
76925842$Darknight Parshath$Unlimited$DARK$[Fairy/Effect]$$$$$5$1900$1400$$$$If this card destroys an opponent's monster by battle: You can banish 1 DARK monster from your Graveyard; draw 1 card. This card gains 100 ATK for each DARK monster in your Graveyard.$DARK$$You draw cards$Trigger/Continuous$
13314457$Deepsea Macrotrema$Unlimited$WATER$[Fish/Effect]$$$$$1$600$100$$$$When this card is sent from the field to the Graveyard, all face-up WATER monsters you control gain 500 ATK until the end of this turn.$WATER$$Activates from your Graveyard$Trigger$
01475311$Allure of Darkness$Unlimited$SPELL$$$$$$$$$$$$Draw 2 cards, then banish 1 DARK monster from your hand, or, if you do not have any in your hand, send your entire hand to the GY.$DARK$$You draw cards/Sends from hand to Graveyard$Effect$
49808196$Metabo Globster$Unlimited$DARK$[Fiend/Effect]$$$$$3$800$300$$$$When you Tribute this card for the Tribute Summon of a DARK monster, Special Summon 3 "Metabo Tokens" (Fiend-Type/DARK/Level 1/ATK 0/DEF 0) in Defense Position. These tokens cannot be Tributed for a Tribute Summon.$DARK$$Activates if Tributed$Trigger/Condition$
76203291$Golden Flying Fish$Unlimited$LIGHT$[Fish/Effect]$$$$$4$1700$1000$$$$You can Tribute 1 other Fish-Type monster, then target 1 card on the field; destroy that target.$Fish$$Tributes for cost$Ignition$
12298909$Prime Material Dragon$Unlimited$LIGHT$[Dragon/Effect]$$$$$6$2400$2000$$$$Any effect that would inflict damage to a player increases their Life Points by the same amount, instead. During either player's turn, when a card or effect is activated that would destroy a monster(s) on the field: You can send 1 card from your hand to the Graveyard; negate the activation, and if you do, destroy it.$$$Sends from your hand to your Graveyard/Sends from hand to Graveyard for cost$Continuous/Quick$
48686504$Lonefire Blossom$Unlimited$FIRE$[Plant/Effect]$$$$$3$500$1400$$$$Once per turn: You can Tribute 1 face-up Plant monster; Special Summon 1 Plant monster from your Deck.$Plant$$Tributes for cost$Ignition$
75081613$Aztekipede, the Worm Warrior$Unlimited$EARTH$[Insect/Effect]$$$$$4$1900$400$$$$Cannot be Normal Summoned/Set. Must be Special Summoned by banishing 1 Insect-Type monster from your Graveyard, and cannot be Special Summoned by other ways. If this card inflicts battle damage to your opponent: Send the top card of their Deck to the Graveyard.$Insect$$Activates when it inflicts battle damage/Sends from the top of your opponent's Deck to your opponent's Graveyard$Summon/Trigger$
34294855$Vampire's Curse$Unlimited$DARK$[Zombie/Effect]$$$$$6$2000$800$$$$When this card is destroyed by battle and sent to the GY: You can pay 500 LP; Special Summon it during the Standby Phase of the next turn. If you do: It gains 500 ATK.$$$Activates from your Graveyard$Trigger$
36931229$Castle Gate$Unlimited$EARTH$[Rock/Effect]$$$$$6$0$2400$$$$This card cannot be destroyed by battle. Once per turn, if this card is in face-up Attack Position, you can Tribute 1 Level 5 or lower monster to inflict damage to your opponent equal to that monster's original ATK.$$$Tributes for cost$Continuous/Ignition$
38247752$Dark-Eyes Illusionist$Unlimited$DARK$[Spellcaster/Effect]$$$$$2$0$1400$$$$FLIP: Target 1 monster on the field; it cannot attack while this card is face-up on the field.$$$Activates upon being flipped face-up$Flip$
99747800$Legendary Fiend$Unlimited$DARK$[Fiend/Effect]$$$$$6$1500$1800$$$$Once per turn, during your Standby Phase: This card gains 700 ATK.$$$$Trigger$
26905245$Metal Reflect Slime$Unlimited$TRAP$$$$$$$$$Continuous$$$Special Summon this card in Defense Position as an Effect Monster (Aqua/WATER/Level 10/ATK 0/DEF 3000). (This card is also still a Trap.) If Summoned this way, this card cannot attack.$$$$Effect/Condition/Continuous-like$
79852326$Zoma the Spirit$Unlimited$TRAP$$$$$$$$$Continuous$$$Special Summon this card in Defense Position as an Effect Monster (Zombie/DARK/Level 4/ATK 1800/DEF 500). (This card is also still a Trap.) If this card Summoned this way is destroyed by battle: Inflict damage to your opponent equal to the ATK of the monster that destroyed it.$$$Activates if destroyed by battle/Activates from your Graveyard$Effect/Condition/Trigger-like$
65743242$Call of the Earthbound$Unlimited$TRAP$$$$$$$$$$$$When an opponent's monster declares an attack: You choose the target of the attack.$$$Activates upon attack declaration$Activation requirement/Effect$
45462639$Dark Red Enchanter$Unlimited$DARK$[Spellcaster/Effect]$$$$$6$1700$2200$$$$If this card is Normal Summoned: Place 2 Spell Counters on it. Each time a Spell Card is activated, place 1 Spell Counter on this card when that Spell resolves. Gains 300 ATK for each Spell Counter on it. Once per turn: You can remove 2 Spell Counters from this card; discard 1 random card from your opponent's hand.$Spell Card$$Activates upon Normal Summon/Your opponent discards$Trigger/Continuous/Ignition$
63665875$Goblin Zombie$Unlimited$DARK$[Zombie/Effect]$$$$$4$1100$1050$$$$If this card inflicts battle damage to your opponent: Send the top card of their Deck to the GY. If this card is sent from the field to the GY: Add 1 Zombie monster with 1200 or less DEF from your Deck to your hand.$Zombie$$Activates when it inflicts battle damage/Sends from your opponent's Deck to your opponent's Graveyard/Adds from Deck to hand$Trigger$
33655493$Belial - Marquis of Darkness$Unlimited$DARK$[Fiend/Effect]$$$$$8$2800$2400$$$$Your opponent cannot target any face-up monster you control, except "Belial - Marquis of Darkness", for an attack, or with Spell/Trap effects.$$$$Continuous$
