Passcode$Name$Status$Attribute$type$link$link_arrows$rank$pendulum_scale$level$attack$defense$spell_attribute$summoning_condition$pendulum_condition$card_text$card_supports$card_anti_supports$card_actions$effect_types$
83555666$Ring of Destruction$Unlimited$TRAP$$$$$$$$$$$$During your opponent's turn: Target 1 face-up monster your opponent controls whose ATK is less than or equal to their LP; destroy that face-up monster, and if you do, take damage equal to its original ATK, then inflict damage to your opponent, equal to the damage you took. You can only activate 1 "Ring of Destruction" per turn.$$$$Activation requirement/Effect/Condition$
17192817$Molten Behemoth$Unlimited$FIRE$[Pyro/Normal]$$$$$5$1000$2200$$$$A giant born from magma, it attacks with a magma punch.$$$$$
04035199$Shapesnatch$Unlimited$DARK$[Machine/Normal]$$$$$5$1200$1700$$$$A bow tie with horrible power, it attacks an opponent by controlling others.$$$$$
31242786$Souleater$Unlimited$EARTH$[Fish/Normal]$$$$$4$1200$0$$$$A living wonder of mystery.$$$$$
83986578$King Tiger Wanghu$Unlimited$EARTH$[Beast/Effect]$$$$$4$1700$1000$$$$When a monster(s) with 1400 or less ATK is Normal Summoned or Special Summoned: Destroy those monsters with 1400 or less ATK. This card must be face-up on the field to activate and to resolve this effect.$$$$Trigger$
45547649$Birdface$Unlimited$WIND$[Winged Beast/Effect]$$$$$4$1600$1600$$$$When this card is destroyed by battle and sent to the GY: You can add 1 "Harpie Lady" from your Deck to your hand.$Harpie Lady$$Activates if destroyed by battle/Activates from your Graveyard/Adds from Deck to hand$Trigger$
82642348$Kryuel$Unlimited$DARK$[Fiend/Effect]$$$$$4$1000$1700$$$$When this card is sent to the Graveyard as a result of battle, toss a coin and call it. If you call it right, destroy 1 monster on your opponent's side of the field.$$$$Trigger$
42364374$Arsenal Bug$Unlimited$EARTH$[Insect/Effect]$$$$$3$2000$2000$$$$If you control no other Insect-Type monsters, this card's ATK and DEF become 1000.$Insect$$$Continuous$
17214465$Maiden of the Aqua$Unlimited$WATER$[Aqua/Effect]$$$$$4$700$2000$$$$As long as this card remains face-up on the field, the field is treated as "Umi" (however there is no increasing or decreasing of ATK/DEF due to "Umi"'s effect). If there is an active Field Spell Card on the field, this effect is not applied.$$$$Continuous$
05257687$Jowls of Dark Demise$Unlimited$WATER$[Fiend/Effect]$$$$$2$200$100$$$$FLIP: Take control of 1 monster on your opponent's side of the field until the end of the turn that this card's effect is activated. When the controlled monster attacks, it can attack your opponent's Life Points directly.$$$Activates upon being flipped face-up/Changes control$Flip$
44913552$Timeater$Unlimited$DARK$[Machine/Effect]$$$$$6$1900$1700$$$$If this card destroys an opponent's monster by battle: Your opponent skips their next Main Phase 1.$$$Skips Main Phase 1$Trigger$
70307656$Mucus Yolk$Unlimited$DARK$[Aqua/Effect]$$$$$3$0$100$$$$This card can attack your opponent's Life Points directly. Each time this card inflicts Battle Damage to your opponent's Life Points, increase the ATK of this card by 1000 points during your next Standby Phase. The ATK increase lasts as long as this card remains face-up on the field.$$$Activates when it inflicts battle damage$Continuous/Trigger$
02792265$Servant of Catabolism$Unlimited$LIGHT$[Aqua/Effect]$$$$$3$700$500$$$$This monster may attack your opponent's Life Points directly.$$$$Continuous$
75285069$Moisture Creature$Unlimited$LIGHT$[Fairy/Effect]$$$$$9$2800$2900$$$$You can Tribute 3 monsters to Tribute Summon (but not Set) this card. If Summoned this way: Destroy all Spells and Traps your opponent controls.$$$$Summon/Trigger$
80233946$Gora Turtle$Unlimited$WATER$[Aqua/Effect]$$$$$3$1100$1100$$$$As long as this card remains face-up on the field, monsters with an ATK equal to 1900 or more cannot declare an attack.$$$$Continuous$
16222645$Sasuke Samurai$Unlimited$WIND$[Warrior/Effect]$$$$$2$500$800$$$$At the start of the Damage Step, if this card attacks a face-down Defense Position monster: Destroy that face-down monster.$$$$Trigger$
43716289$Poison Mummy$Unlimited$EARTH$[Zombie/Effect]$$$$$4$1000$1800$$$$FLIP: Inflict 500 damage to your opponent.$$$Activates upon being flipped face-up$Flip$
89111398$Dark Dust Spirit$Unlimited$EARTH$[Zombie/Spirit/Effect]$$$$$6$2200$1800$$$$Cannot be Special Summoned. During the End Phase of the turn this card is Normal Summoned or flipped face-up: Return it to the hand. When this card is Normal Summoned or flipped face-up: Destroy all other face-up monsters on the field.$$$Returns itself from field to hand/Activates upon Normal Summon/Activates upon being flipped face-up$Summon/Trigger$
16509093$Royal Keeper$Unlimited$EARTH$[Zombie/Effect]$$$$$4$1600$1700$$$$Once per turn, you can flip this card into face-down Defense Position. When this card is flipped face-up, it gains 300 ATK and DEF until the end of the turn. (If attacked, this effect resolves after damage calculation.)$$$Changes battle positions/Flips itself face-down$Ignition/Trigger$
42994702$Wandering Mummy$Unlimited$EARTH$[Zombie/Effect]$$$$$4$1500$1500$$$$You can flip this card into face-down Defense Position once per turn during your Main Phase. After you use this effect, rearrange the face-down Defense Position monsters in your Main Monster Zones, then return them in face-down Defense Position.$$$Flips itself face-down/Changes battle positions/Rearranges face-down cards$Ignition$
88989706$Great Dezard$Unlimited$DARK$[Spellcaster/Effect]$$$$$6$1900$2300$$$$When this monster destroys the following number of monsters as a result of battle, the following effects are activated in order:One: As long as this card remains face-up on the field, negate the activation and effects of all Spell and Trap Cards that target this card and destroy them.Two: You can Special Summon 1 "Fushioh Richie" from your hand or your Deck by Tributing this card during your Main Phase.$Fushioh Richie$$Activates when it destroys a monster by battle/Tributes itself for cost$Condition/Quick/Ignition$
15383415$Swarm of Scarabs$Unlimited$DARK$[Insect/Effect]$$$$$3$500$1000$$$$Once per turn: You can change this card to face-down Defense Position. If this card is Flip Summoned: Target 1 monster your opponent controls; destroy that target.$$$Flips itself face-down/Changes battle positions/Activates upon Flip Summon$Ignition/Trigger$
41872150$Swarm of Locusts$Unlimited$DARK$[Insect/Effect]$$$$$3$1000$500$$$$Once per turn: You can change this card to face-down Defense Position. If this card is Flip Summoned: Target 1 Spell/Trap your opponent controls; destroy that target.$$$Flips itself face-down/Changes battle positions/Activates upon Flip Summon$Ignition/Trigger$
78266168$Giant Axe Mummy$Unlimited$EARTH$[Zombie/Effect]$$$$$5$1700$2000$$$$You can flip this card into face-down Defense Position once per turn during your Main Phase. If the ATK of a monster on your opponent's side of the field that attacks this card in face-down Defense Position is lower than the DEF of this monster, the attacking monster is destroyed.$$$Changes battle positions/Flips itself face-down$Ignition/Trigger$
14261867$8-Claws Scorpion$Unlimited$DARK$[Insect/Effect]$$$$$2$300$200$$$$Once per turn, you can flip this card into face-down Defense Position. When this card attacks an opponent's face-down Defense Position monster, this card's ATK becomes 2400 during damage calculation only.$$$Flips itself face-down/Changes battle positions$Ignition/Trigger$
40659562$Guardian Sphinx$Unlimited$EARTH$[Rock/Effect]$$$$$5$1700$2400$$$$Once per turn: You can change this card to face-down Defense Position. When this card is Flip Summoned: Return all monsters your opponent controls to the hand.$$$Changes battle positions/Flips itself face-down/Activates upon Flip Summon/Returns from field to hand$Ignition/Trigger$
77044671$Pyramid Turtle$Unlimited$EARTH$[Zombie/Effect]$$$$$4$1200$1400$$$$When this card is destroyed by battle and sent to the GY: You can Special Summon 1 Zombie monster with 2000 or less DEF from your Deck.$Zombie$$Activates if destroyed by battle/Activates from your Graveyard$Trigger$
03549275$Dice Jar$Unlimited$LIGHT$[Rock/Effect]$$$$$3$200$300$$$$FLIP: Both players roll a six-sided die. The player with the lower result takes damage equal to their opponent's roll x 500. However, if the winner rolled a 6, the loser takes 6000 damage. If the rolls are the same, both players roll again.$$$$Flip$
40933924$Dark Scorpion Burglars$Unlimited$DARK$[Warrior/Effect]$$$$$4$1000$1000$$$$When this card inflicts Battle Damage to your opponent: Your opponent sends 1 Spell Card from their Deck to the Graveyard.$$$Activates when it inflicts battle damage/Sends from your opponent's Deck to your opponent's Graveyard$Trigger$
76922029$Don Zaloog$Unlimited$DARK$[Warrior/Effect]$$$$$4$1400$1500$$$$When this card inflicts battle damage to your opponent: You can activate 1 of these effects;●Discard 1 random card from their hand.●Send the top 2 cards of their Deck to the GY.$$$Activates when it inflicts battle damage/Sends from your opponent's Deck to your opponent's Graveyard/Your opponent discards$Trigger$
02326738$Des Lacooda$Unlimited$EARTH$[Zombie/Effect]$$$$$3$500$600$$$$Once per turn: You can change this card to face-down Defense Position. If this card is Flip Summoned: Draw 1 card.$$$Flips itself face-down/Changes battle positions/Activates upon Flip Summon/You draw cards$Ignition/Trigger$
39711336$Fushioh Richie$Unlimited$DARK$[Zombie/Effect]$$$$$7$2600$2900$$$$This card cannot be Normal Summoned or Set. This card can only be Special Summoned from your hand or your Deck by Tributing 1 "Great Dezard" that has fulfilled the condition. You can flip this card into face-down Defense Position once per turn during your Main Phase. As long as this monster remains face-up on the field, negate the activation and effects of all Spell and Trap Cards that target this card and destroy them. When this card is flipped face-up, you can Special Summon 1 Zombie-Type monster from your Graveyard.$Great Dezard/Zombie$$Tributes for cost/Flips itself face-down/Changes battle positions$Summon/Ignition/Quick/Trigger$
75109441$Cobraman Sakuzy$Unlimited$EARTH$[Reptile/Effect]$$$$$3$800$1400$$$$You can flip this card into face-down Defense Position once per turn during your Main Phase. When this card is flipped face-up, look at all Set Spell and Trap Cards on your opponent's side of the field and then return them to their original position.$$$Flips itself face-down/Changes battle positions/Reveals face-down cards$Ignition/Trigger$
02204140$Book of Life$Unlimited$SPELL$$$$$$$$$$$$Target 1 Zombie monster in your GY and 1 monster in your opponent's GY; Special Summon the first target, also banish the second target.$Zombie$$$Effect$
38699854$Book of Taiyou$Unlimited$SPELL$$$$$$$$$$$$Flip 1 face-down monster on the field into face-up Attack Position.$$$Flips monsters face-up$Effect$
14087893$Book of Moon$Unlimited$SPELL$$$$$$$$$Quick-Play$$$Target 1 face-up monster on the field; change that target to face-down Defense Position.$$$Flips monsters face-down/Changes battle positions$Effect$
41482598$Mirage of Nightmare$Forbidden(OCG)$SPELL$$$$$$$$$Continuous$$$Once per turn, during your opponent's Standby Phase: Draw cards until you have 4 cards in your hand. If you do, during your next Standby Phase after that: Randomly discard the same number of cards you drew (or your entire hand, if you do not have enough cards).$$$You draw cards/Discards for effect$Trigger-like$
77876207$Secret Pass to the Treasures$Unlimited$SPELL$$$$$$$$$$$$Select 1 face-up monster with an ATK equal to 1000 points or less on your side of the field. During the turn this card is activated, the selected monster can attack your opponent's Life Points directly.$$$$Effect$
04861205$Call of the Mummy$Unlimited$SPELL$$$$$$$$$Continuous$$$Once per turn: You can Special Summon 1 Zombie monster from your hand. You must control no monsters to activate and to resolve this effect.$Zombie$$$Ignition-like/Condition$
40350910$Timidity$Unlimited$SPELL$$$$$$$$$$$$Neither player can destroy Set Spell and Trap Cards on the field until your opponent's next End Phase.$$$$Effect$
76754619$Pyramid Energy$Unlimited$SPELL$$$$$$$$$Quick-Play$$$You can select and activate 1 of the following effects:●Increase the ATK of all face-up monsters on your side of the field by 200 points until the End Phase of the turn this card is activated.●Increase the DEF of all face-up monsters on your side of the field by 500 points until the End Phase of the turn this card is activated.$$$$Effect$
03149764$Tutan Mask$Unlimited$TRAP$$$$$$$$$Counter$$$When a Spell/Trap Card is activated that targets exactly 1 Zombie monster on the field (and no other cards): Negate the activation, and if you do, destroy it.$Zombie$$$Activation requirement/Effect$
39537362$Ordeal of a Traveler$Unlimited$TRAP$$$$$$$$$Continuous$$$When an opponent's monster declares an attack: Your opponent chooses 1 random card in your hand and calls the type of the card (Monster, Spell, or Trap), and if they call it wrong, return the attacking monster to the hand.$$$Activates upon attack declaration/Declares a card type/Reveals your hand for effect/Returns from your opponent's field to your opponent's hand$Trigger-like$
76532077$Bottomless Shifting Sand$Unlimited$TRAP$$$$$$$$$Continuous$$$At the end of your opponent's turn, destroy the face-up monster(s) with the highest ATK on the field. During your own Standby Phase, if you have 4 or less cards in your hand, this card is destroyed.$$$$Trigger-like/Continuous-like$
02926176$Curse of Royal$Unlimited$TRAP$$$$$$$$$Counter$$$Negate the activation and the effect of a Spell or Trap Card that includes the effect of destroying 1 Spell or Trap Card and destroy it.$$$$Effect$
38411870$Needle Ceiling$Unlimited$TRAP$$$$$$$$$$$$When there are 4 or more monsters on the field: Destroy all face-up monsters.$$$$Activation requirement/Effect$
65810489$Statue of the Wicked$Unlimited$TRAP$$$$$$$$$$$$If this Set card is destroyed and sent to the GY: Special Summon 1 "Wicked Token" (Fiend/DARK/Level 4/ATK 1000/DEF 1000).$$$Activates if destroyed while Set/Activates from your Graveyard$Trigger-like$
01804528$Dark Coffin$Unlimited$TRAP$$$$$$$$$$$$When this face-down card is destroyed and sent to the Graveyard, your opponent selects and executes 1 of the following effects:●Discard 1 random card in their hand.●Select 1 monster on their side of the field and destroy it.$$$Activates if destroyed while Set/Activates from your Graveyard/Your opponent discards$Trigger-like$
38299233$Needle Wall$Unlimited$TRAP$$$$$$$$$Continuous$$$Once per turn, during your Standby Phase: Roll a six-sided die. Treat your opponent's Main Monster Zones as numbers 1-5, counting from your right, and destroy the monster that is in the same Main Monster Zone as the result. If the result is 6, roll again.$$$$Trigger-like$
64697231$Trap Dustshoot$Forbidden(OCG)$TRAP$$$$$$$$$$$$Activate only if your opponent has 4 or more cards in their hand. Look at your opponent's hand, select 1 Monster Card in it, and return that card to its owner's Deck.$$$Reveals your opponent's hand/Returns from your opponent's hand to your opponent's Deck$Activation requirement/Effect$
01082946$Pyro Clock of Destiny$Unlimited$TRAP$$$$$$$$$$$$Move the turn count forward by 1 turn. The turn in which this card is activated continues as normal.$$$$Effect$
37576645$Reckless Greed$Unlimited$TRAP$$$$$$$$$$$$Draw 2 cards and skip your next 2 Draw Phases.$$$You draw cards/Skips Draw Phase$Effect$
63571750$Pharaoh's Treasure$Unlimited$TRAP$$$$$$$$$$$$Shuffle this card face-up into your Deck. If you draw this face-up card that was added to the Deck by this effect: Send it to the GY, then target 1 card in your GY, except this card; add that target to your hand.$$$Returns itself from field to Deck/Allows face-up cards in Main Deck/Sends itself from hand to Graveyard/Adds from Graveyard to hand$Effect/Trigger-like$
24530661$Master Kyonshee$Unlimited$EARTH$[Zombie/Normal]$$$$$4$1750$1000$$$$A wandering Kyonshee searching for a strong rival to defeat. They say he was known as the master of all martial arts.$$$$$
51934376$Kabazauls$Unlimited$WATER$[Dinosaur/Normal]$$$$$4$1700$1500$$$$A huge monster in the shape of a hippopotamus. The sneezing from his gigantic body is so fierce that people mistake it for a hurricane.$$$$$
97923414$Inpachi$Unlimited$EARTH$[Machine/Normal]$$$$$4$1600$1900$$$$A log that attacks lost travelers in the forest. Originally a big tree, it was cut down and possessed by a wicked spirit.$$$$$
90980792$Dark Jeroid$Unlimited$DARK$[Fiend/Effect]$$$$$4$1200$1500$$$$If this card is Summoned: Target 1 face-up monster on the field; it loses 800 ATK.$$$$Trigger$
04335645$Newdoria$Unlimited$DARK$[Fiend/Effect]$$$$$4$1200$800$$$$If this card is destroyed by battle and sent to the GY: Target 1 monster on the field; destroy that target.$$$Activates if destroyed by battle/Activates from your Graveyard$Trigger$
76052811$Helpoemer$Unlimited$DARK$[Fiend/Effect]$$$$$5$2000$1400$$$$Cannot be Special Summoned from the GY. At the end of your opponent's Battle Phase, if this card is in the GY because it was destroyed by battle: Make your opponent discard 1 random card. This card must be in the GY to activate and to resolve this effect.$$$Activates from your Graveyard/Your opponent discards$Summon/Trigger/Condition$
24317029$Gravekeeper's Spy$Unlimited$DARK$[Spellcaster/Flip/Effect]$$$$$4$1200$2000$$$$FLIP: Special Summon 1 "Gravekeeper's" monster with 1500 or less ATK from your Deck.$Supports archetypes /Gravekeeper's$$Activates upon being flipped face-up$Flip$
50712728$Gravekeeper's Curse$Unlimited$DARK$[Spellcaster/Effect]$$$$$3$800$800$$$$If this card is Summoned: Inflict 500 damage to your opponent.$$$$Trigger$
37101832$Gravekeeper's Guard$Unlimited$DARK$[Spellcaster/Effect]$$$$$4$1000$1900$$$$FLIP: Target 1 monster your opponent controls; return that target to the hand.$$$Returns from field to hand$Flip$
63695531$Gravekeeper's Spear Soldier$Unlimited$DARK$[Spellcaster/Effect]$$$$$4$1500$1000$$$$If this card attacks a Defense Position monster, inflict piercing battle damage to your opponent.$$$$Continuous$
99690140$Gravekeeper's Vassal$Unlimited$DARK$[Spellcaster/Effect]$$$$$3$700$500$$$$Any battle damage this card inflicts to your opponent is treated as effect damage instead.$$$$Continuous$
26084285$Gravekeeper's Watcher$Unlimited$DARK$[Spellcaster/Effect]$$$$$4$1000$1000$$$$During either player's turn, when your opponent activates a Spell/Trap Card or monster effect that could make them discard when it resolves: You can send this card from your hand to the Graveyard; negate the activation, and if you do, destroy it.$$$Sends itself from hand to Graveyard for cost$Quick$
62473983$Gravekeeper's Chief$Unlimited$DARK$[Spellcaster/Effect]$$$$$5$1900$1200$$$$You can only control 1 face-up "Gravekeeper's Chief". Your GY is unaffected by "Necrovalley". When this card is Tribute Summoned: You can target 1 "Gravekeeper's" monster in your GY; Special Summon that target.$Supports archetypes /Gravekeeper's$Necrovalley$Activates upon Tribute Summon$Unclassified/Continuous/Trigger$
99877698$Gravekeeper's Cannonholder$Unlimited$DARK$[Spellcaster/Effect]$$$$$4$1400$1200$$$$You can Tribute 1 "Gravekeeper's" monster, except "Gravekeeper's Cannonholder"; inflict 700 damage to your opponent.$Supports archetypes /Gravekeeper's$$Tributes for cost$Ignition$
25262697$Gravekeeper's Assailant$Unlimited$DARK$[Spellcaster/Effect]$$$$$4$1500$1500$$$$When this card declares an attack while "Necrovalley" is on the field: You can target 1 face-up monster your opponent controls; change that target's battle position.$Necrovalley$$Activates upon attack declaration/Changes battle positions$Trigger$
51351302$A Man with Wdjat$Unlimited$DARK$[Spellcaster/Effect]$$$$$4$1600$1600$$$$When you Normal Summon this card, and during each of your Standby Phases, select 1 Set card on your opponent's side of the field. Pick it up and look at it, then return it to its original position.$$$Reveals face-down cards$Trigger$
98745000$Mystical Knight of Jackal$Unlimited$LIGHT$[Beast-Warrior/Effect]$$$$$7$2700$1200$$$$When this card destroys 1 monster on your opponent's side of the field and sends it to your opponent's Graveyard as a result of battle, you can then return the card to the top of your opponent's Deck.$$$Returns from your opponent's Graveyard to your opponent's Deck$Trigger$
24140059$A Cat of Ill Omen$Unlimited$DARK$[Beast/Flip/Effect]$$$$$2$500$300$$$$FLIP: Choose 1 Trap from your Deck and place it on top of your Deck, or, if "Necrovalley" is on the field, you can add that Trap to your hand instead.$Necrovalley$$Activates upon being flipped face-up/Changes your Deck order/Places cards from your Deck on the top of the Deck/Adds from Deck to hand$Flip$
51534754$Yomi Ship$Unlimited$WATER$[Aqua/Effect]$$$$$3$800$1400$$$$If this card is destroyed by battle and sent to the GY: Destroy the monster that destroyed this card.$$$Activates if destroyed by battle/Activates from your Graveyard$Trigger$
87523462$Winged Sage Falcos$Unlimited$WIND$[Winged Beast/Effect]$$$$$4$1700$1200$$$$When this card destroys an opponent's face-up Attack Position monster by battle and sends it to their Graveyard: You can place that monster on top of their Deck.$$$Returns from your opponent's Graveyard to your opponent's Deck$Trigger$
23927567$An Owl of Luck$Unlimited$WIND$[Winged Beast/Effect]$$$$$2$300$500$$$$FLIP: Select 1 Field Spell Card from your Deck and place it on top of your Deck. If "Necrovalley" is on the field, you can add the selected Field Spell Card to your hand instead.$Necrovalley/Field Spell Card$$Activates upon being flipped face-up/Changes your Deck order/Places cards from your Deck on the top of the Deck/Adds from Deck to hand$Flip$
50412166$Charm of Shabti$Unlimited$EARTH$[Rock/Effect]$$$$$1$100$100$$$$During either player's turn: You can discard this card; until the End Phase, "Gravekeeper's" monsters you control cannot be destroyed by battle.$Supports archetypes /Gravekeeper's$$Discards itself for cost$Quick$
86801871$Cobra Jar$Unlimited$EARTH$[Reptile/Effect]$$$$$2$600$300$$$$FLIP: Special Summon 1 "Poisonous Snake Token" (Reptile-Type/EARTH/Level 3/ATK 1200/DEF 1200). When the "Poisonous Snake Token" is destroyed as a result of battle, inflict 500 points of damage to your opponent's Life Points.$$$$Flip/Lingering$
23205979$Spirit Reaper$Unlimited$DARK$[Zombie/Effect]$$$$$3$300$200$$$$Cannot be destroyed by battle. After resolving a card effect that targets this face-up card, destroy this card. When this card inflicts Battle Damage to your opponent by a direct attack: Discard 1 random card from their hand.$$$Activates when it inflicts battle damage/Your opponent discards$Continuous/Trigger$
59290628$Nightmare Horse$Unlimited$DARK$[Zombie/Effect]$$$$$2$500$400$$$$This card can attack your opponent's Life Points directly even if there is a monster on your opponent's side of the field.$$$$Continuous$
85684223$Reaper on the Nightmare$Unlimited$DARK$[Zombie/Fusion/Effect]$$$$$5$800$600$$"Spirit Reaper" + "Nightmare Horse"$$This card is not destroyed as a result of battle. Destroy this card when it is targeted by the effect of a Spell, Trap, or Effect Monster. This card can attack your opponent's Life Points directly even if there is a monster on your opponent's side of the field. If this card successfully attacks your opponent's Life Points directly, your opponent discards 1 card randomly from his/her hand.$$$Your opponent discards$Continuous/Trigger$
78053598$Dark Designator$Unlimited$SPELL$$$$$$$$$$$$Declare 1 Monster Card name. If the declared card is in your opponent's Deck, add 1 of that card to your opponent's hand.$$$Declares a card name/Adds from Deck to hand$Effect$
12183332$Card Shuffle$Unlimited$SPELL$$$$$$$$$Continuous$$$Pay 300 Life Points to use this card's effect. Shuffle either your or your opponent's Deck. You can only use this effect during your turn, once per turn.$$$Changes your Deck order/Changes your opponent's Deck order$Ignition-like$
58577036$Reasoning$Unlimited(OCG)$SPELL$$$$$$$$$$$$Your opponent declares a monster Level from 1 to 12. Excavate cards from the top of your Deck until you excavate a monster that can be Normal Summoned/Set, then, if that monster is the same Level as the one declared by your opponent, send all excavated cards to the GY. If not, Special Summon the excavated monster, also send the remaining cards to the GY.$$$Declares a Level/Excavates from the player's Deck/Sends excavated cards to the Graveyard/Sends from your Deck to your Graveyard$Effect$
85562745$Dark Room of Nightmare$Unlimited$SPELL$$$$$$$$$Continuous$$$Each time your opponent takes damage from a card effect, except "Dark Room of Nightmare", inflict 300 damage to your opponent.$$$$Trigger-like$
11961740$Different Dimension Capsule$Unlimited$SPELL$$$$$$$$$$$$Banish 1 card from your Deck face-down. After this card's activation, it remains on the field. Destroy this card during your 2nd Standby Phase after activating this card, and if you do, add the banished card to the hand.$$$Adds banished cards to the hand$Effect/Continuous-like$
47355498$Necrovalley$Unlimited$SPELL$$$$$$$$$Field$$$All "Gravekeeper's" monsters gain 500 ATK/DEF. Cards in the GY cannot be banished. Negate any card effect that would move a card in the GY to a different place. Negate any card effect that changes Types or Attributes in the GY.$Supports archetypes /Gravekeeper's$$$Continuous-like$
84740193$Buster Rancher$Unlimited$SPELL$$$$$$$$$Equip$$$Only a monster with an ATK of 1000 points or less can be equipped with this card. During damage calculation, increase the ATK of the monster equipped with this card by 2500 points if the opponent's monster that battles it is in Attack Position and its ATK is 2500 or more, OR if the opponent's monster that battles it is in Defense Position and its DEF is 2500 or more.$$$$Condition/Continuous-like$
10248192$Hieroglyph Lithograph$Unlimited$SPELL$$$$$$$$$$$$Pay 1000 Life Points. During the current Duel, your hand size limit becomes 7.$$$Increases your hand size limit$Cost/Lingering$
47233801$Dark Snake Syndrome$Unlimited$SPELL$$$$$$$$$Continuous$$$During each of your Standby Phases: Inflict damage to both players. This damage begins at 200 and is doubled during each of your following Standby Phases.$$$$Trigger-like/Condition$
73628505$Terraforming$Limited$SPELL$$$$$$$$$$$$Add 1 Field Spell from your Deck to your hand.$Field Spell Card$$Adds from Deck to hand$Effect$
10012614$Banner of Courage$Unlimited$SPELL$$$$$$$$$Continuous$$$All monsters you control gain 200 ATK during your Battle Phase only.$$$$Continuous-like$
46411259$Metamorphosis$Forbidden(OCG)$SPELL$$$$$$$$$$$$Tribute 1 monster. Special Summon 1 Fusion Monster from your Extra Deck with the same Level as the Tributed monster.$Fusion Monster$$Tributes for cost$Cost/Effect$
72405967$Royal Tribute$Unlimited$SPELL$$$$$$$$$$$$If you control "Necrovalley": Both players discard any monsters in their hands.$Necrovalley$$Discards for effect/You discard/Your opponent discards$Activation requirement/Effect$
05990062$Reversal Quiz$Unlimited$SPELL$$$$$$$$$$$$Send all cards in your hand and on your side of the field to the Graveyard. Call the type of card (Spell, Trap, or Monster) on top of your Deck. If you call it right, exchange your current Life Points with your opponent's current ones.$$$Sends from your field to your Graveyard for cost/Sends from your hand to your Graveyard for cost/Declares a card type$Cost/Effect$
65830223$Coffin Seller$Unlimited$TRAP$$$$$$$$$Continuous$$$Each time a monster(s) is sent to your opponent's GY: Inflict 300 damage to your opponent.$$$$Trigger-like$
41398771$Curse of Aging$Unlimited$TRAP$$$$$$$$$$$$Discard 1 card from your hand. Decrease the ATK and DEF of all monsters on your opponent's side of the field by 500 points until the end of the turn this card is activated.$$$Discards for cost$Cost/Effect$
78783370$Barrel Behind the Door$Unlimited$TRAP$$$$$$$$$Counter$$$Activate only when a card's effect that would inflict damage to you is activated. Your opponent takes the damage instead.$$$$Activation requirement/Effect$
04178474$Raigeki Break$Unlimited$TRAP$$$$$$$$$$$$Discard 1 card, then target 1 card on the field; destroy it.$$$Discards for cost$Cost/Effect$
40172183$Narrow Pass$Unlimited$TRAP$$$$$$$$$Continuous$$$This card can only be activated when both players have 2 monsters or less on their respective sides of the field. Both players can only Normal Summon up to 2 additional monsters on their sides of the field.$$$$Activation requirement/Continuous-like$
77561728$Disturbance Strategy$Unlimited$TRAP$$$$$$$$$$$$Your opponent shuffles their entire hand into the Deck, then draws the same number of cards.$$$Returns from hand to Deck/Returns from your opponent's hand to your opponent's Deck/Your opponent draws cards$Effect$
03055837$Trap of Board Eraser$Unlimited$TRAP$$$$$$$$$Counter$$$When an effect that inflicts damage to your Life Points is activated (except Battle Damage), negate the damage to your Life Points. Your opponent then selects 1 card from his/her hand and discards it to his/her Graveyard.$$$Your opponent discards$Activation requirement/Effect$
30450531$Rite of Spirit$Unlimited$TRAP$$$$$$$$$$$$Target 1 "Gravekeeper's" monster in your GY; Special Summon that target. This card's activation and effect are unaffected by "Necrovalley".$Supports archetypes /Gravekeeper's$Necrovalley$$Effect/Condition$
76848240$Non Aggression Area$Unlimited$TRAP$$$$$$$$$$$$You can only activate this card during your Standby Phase. Discard 1 card from your hand. Your opponent cannot Normal Summon, Set and/or Special Summon during his/her next turn.$$$Discards for cost$Activation requirement/Cost/Effect$
02833249$D. Tribe$Unlimited$TRAP$$$$$$$$$$$$All monsters on your side of the field are treated as Dragon-Types until the End Phase of this turn.$Dragon$$$Effect$
17597059$Byser Shock$Unlimited$DARK$[Fiend/Effect]$$$$$5$800$600$$$$If this card is Summoned: Return all Set cards on the field to the hand.$$$Activates upon Normal Summon/Activates upon Flip Summon/Activates upon Special Summon/Returns from field to hand/Returns from your field to your hand/Returns from your opponent's field to your opponent's hand$Trigger$
38723936$Question$Unlimited$SPELL$$$$$$$$$$$$When activating this card, your opponent cannot check cards in the Graveyard. Your opponent calls the name of the first monster found at the bottom of your Graveyard. If he/she calls it right, the monster is removed from play. If he/she calls it wrong, the monster is Special Summoned to your side of the field.$$$Declares a card name$Condition/Effect$
93382620$Rope of Life$Unlimited$TRAP$$$$$$$$$$$$When a monster(s) is destroyed by battle and sent to your GY: Discard your entire hand (min.1), then target 1 of those monsters; Special Summon it, and if you do, it gains 800 ATK.$$$Activates if destroyed by battle/Discards for cost$Activation requirement/Cost/Effect$
54704216$Nightmare Wheel$Unlimited$TRAP$$$$$$$$$Continuous$$$Activate this card by targeting 1 monster your opponent controls; it cannot attack or change its battle position. When it leaves the field, destroy this card. Once per turn, during your Standby Phase: Inflict 500 damage to your opponent. That monster must be on the field to activate and to resolve this effect.$$$Prevents Battle Position changes$Continuous-like/Trigger-like/Condition$
00102380$Lava Golem$Unlimited$FIRE$[Fiend/Effect]$$$$$8$3000$2500$$$$Cannot be Normal Summoned/Set. Must first be Special Summoned (from your hand) to your opponent's field by Tributing 2 monsters they control. You cannot Normal Summon/Set the turn you Special Summon this card. Once per turn, during your Standby Phase: Take 1000 damage.$$$Tributes opponent's monsters$Summon/Condition/Trigger$
