Passcode$Name$Status$Attribute$type$link$link_arrows$rank$pendulum_scale$level$attack$defense$spell_attribute$summoning_condition$pendulum_condition$card_text$card_supports$card_anti_supports$card_actions$effect_types$
43096270$Alexandrite Dragon$Unlimited$LIGHT$[Dragon/Normal]$$$$$4$2000$100$$$$Many of the czars' lost jewels can be found in the scales of this priceless dragon. Its creator remains a mystery, along with how they acquired the imperial treasures. But whosoever finds this dragon has hit the jackpot... whether they know it or not.$$$$$
69380702$Bunilla$Unlimited$EARTH$[Beast/Normal]$$$$$1$150$2050$$$$This rabbit's got a sweet tooth! He's on a quest for the world's sweetest carrot, and just wants to nibble carrots all day today, tomorrow, and the day after that!$$$$$
95788410$Rabidragon$Unlimited$LIGHT$[Dragon/Normal]$$$$$8$2950$2900$$$$It's a snowfield-dwelling, giant-ear-sporting, super-acoustic, snowball-shaped mutant dragon! There's no way anybody can escape.$$$$$
31173519$Rai Rider$Unlimited$LIGHT$[Thunder/Effect]$$$$$3$1200$1400$$$$If this card battles an opponent's monster: That monster cannot attack while it is face-up on the field.$$$$Trigger$
68167124$Stinging Swordsman$Unlimited$WIND$[Warrior/Effect]$$$$$1$300$600$$$$When this card inflicts Battle Damage to your opponent: Return all face-up cards in your opponent's Spell & Trap Card Zones to the hand.$$$Returns from your opponent's field to your opponent's hand$Trigger$
94656263$Kagetokage$Unlimited$DARK$[Reptile/Effect]$$$$$4$1100$1500$$$$Cannot be Normal Summoned/Set. Must first be Special Summoned by its own effect. When you Normal Summon a Level 4 monster: You can Special Summon this card from your hand. Cannot be used as Synchro Material.$$$Activates upon Normal Summon$Summon/Trigger/Condition$
21051977$Acorno$Unlimited$EARTH$[Plant/Effect]$$$$$1$200$400$$$$During your Main Phase: You can send 1 "Pinecono" from your hand to the Graveyard, and Special Summon this card from the hand.$Pinecono$$Activates from your hand/Sends from your hand to your Graveyard$Ignition$
67445676$Pinecono$Unlimited$EARTH$[Plant/Effect]$$$$$1$400$200$$$$If this card is sent to the Graveyard by the effect of "Acorno": You can Special Summon this card from the Graveyard.$Acorno$$Activates from your Graveyard$Trigger$
93830681$Friller Rabca$Unlimited$WATER$[Fish/Effect]$$$$$3$700$1500$$$$When a Fish, Sea Serpent, or Aqua-Type monster you control is targeted for an attack: You can banish this card from your Graveyard, then target the attacking monster; negate the attack, and if you do, that target loses 500 ATK until the end of the next turn. You can only use this effect of "Friller Rabca" once per turn.$Fish/Sea Serpent/Aqua$$Activates from your Graveyard$Trigger$
20838380$Shark Stickers$Unlimited$WATER$[Fish/Effect]$$$$$3$200$1000$$$$When a Fish, Sea Serpent, or Aqua-Type monster is Normal or Special Summoned to your side of the field: You can Special Summon this card from your hand. This card cannot be used as a Synchro Material Monster.$Fish/Aqua/Sea Serpent$$Activates upon Normal Summon/Activates upon Special Summon$Trigger/Condition$
56223084$Needle Sunfish$Unlimited$WATER$[Fish/Effect]$$$$$3$1500$100$$$$When this card is sent to the Graveyard: Target 1 face-up monster your opponent controls; that target loses 500 ATK.$$$Activates from your Graveyard$Trigger$
93717133$Galaxy-Eyes Photon Dragon$Unlimited$LIGHT$[Dragon/Effect]$$$$$8$3000$2500$$$$You can Special Summon this card (from your hand) by Tributing 2 monsters with 2000 or more ATK. During the Battle Step, if this card battles an opponent's monster (Quick Effect): You can target that opponent's monster; banish both this card from the field and that target. Return those banished monsters to the field at the end of the Battle Phase, and if you banished an Xyz Monster, this card gains 500 ATK for each material it had when it was banished.$$Xyz Material/Xyz Monster$Tributes for cost/Returns banished cards to the field/Returns itself to the field while banished$Summon/Quick$
29116732$Daybreaker$Unlimited$LIGHT$[Warrior/Effect]$$$$$4$1700$0$$$$When this card is Special Summoned: You can Special Summon 1 "Daybreaker" from your hand.$$$Activates upon Special Summon$Trigger$
55501446$Lightserpent$Unlimited$LIGHT$[Reptile/Effect]$$$$$3$1200$800$$$$If this card is sent from the hand to the GY: You can Special Summon this card from your GY. Cannot be used as Synchro Material.$$$Activates from your Graveyard$Trigger/Condition$
92595545$Plasma Ball$Unlimited$LIGHT$[Thunder/Effect]$$$$$3$900$900$$$$This card can attack your opponent directly. When this card inflicts Battle Damage to your opponent by a direct attack: Destroy this card.$$$$Continuous/Trigger$
28990150$Photon Cerberus$Unlimited$LIGHT$[Beast/Effect]$$$$$3$1300$600$$$$During the turn this card was Normal Summoned, neither player can activate Trap Cards while this card is face-up on the field.$$$$Continuous$
55488859$Evoltile Gephyro$Unlimited$FIRE$[Reptile/Effect]$$$$$1$200$400$$$$When this card is destroyed by battle and sent to the Graveyard: You can target 1 "Evolsaur" monster in your Graveyard; Special Summon that target.$Supports archetypes /Evolsaur$$Activates from your Graveyard$Trigger$
81873903$Evoltile Westlo$Unlimited$FIRE$[Reptile/Effect]$$$$$3$700$1900$$$$FLIP: Special Summon 1 "Evolsaur" monster from your Deck.$Supports archetypes /Evolsaur$$$Flip$
28877602$Evoltile Odonto$Unlimited$FIRE$[Reptile/Effect]$$$$$2$500$1200$$$$When this card is Normal Summoned: You can Special Summon 1 "Evolsaur" monster from your hand.$Supports archetypes /Evolsaur$$$Trigger$
54266211$Evolsaur Vulcano$Unlimited$FIRE$[Dinosaur/Effect]$$$$$4$1200$1000$$$$When this card is Special Summoned by the effect of an "Evoltile" monster: You can target 1 "Evolsaur" monster in your Graveyard; Special Summon that target. It cannot declare an attack.$Supports archetypes /Evoltile/Evolsaur$$$Trigger$
80651316$Evolsaur Cerato$Unlimited$FIRE$[Dinosaur/Effect]$$$$$4$1900$1400$$$$When this card is Special Summoned by the effect of an "Evoltile" monster: It gains 200 ATK. If this card was Special Summoned by the effect of an "Evoltile" monster, each time this card destroys an opponent's monster by battle: You can add 1 "Evoltile" monster from your Deck to your hand.$Supports archetypes /Evoltile$$Adds from Deck to hand$Trigger$
17045014$Evolsaur Diplo$Unlimited$FIRE$[Dinosaur/Effect]$$$$$4$1600$800$$$$When this card is Special Summoned by the effect of an "Evoltile" monster: Target 1 Spell/Trap Card your opponent controls; destroy that target.$Supports archetypes /Evoltile$$$Trigger$
53540729$Wind-Up Warrior$Unlimited$EARTH$[Warrior/Effect]$$$$$4$1200$1800$$$$You can target 1 face-up "Wind-Up" monster you control; increase its Level by 1 and its ATK by 600, until the End Phase. This effect can only be used once while this card is face-up on the field.$Supports archetypes /Wind-Up$$$Ignition$
80538728$Wind-Up Knight$Unlimited$LIGHT$[Warrior/Effect]$$$$$4$1800$1200$$$$When a face-up "Wind-Up" monster you control is targeted for an attack: You can negate the attack. This effect can only be used once while this card is face-up on the field.$Supports archetypes /Wind-Up$$$Trigger$
16923472$Wind-Up Hunter$Forbidden(OCG)$DARK$[Beast-Warrior/Effect]$$$$$3$1600$500$$$$You can Tribute 1 face-up "Wind-Up" monster, except "Wind-Up Hunter"; send 1 random card from your opponent's hand to the Graveyard. This effect can only be used once while this card is face-up on the field.$Supports archetypes /Wind-Up$$Tributes for cost/Sends from your opponent's hand to your opponent's Graveyard$Ignition$
42328171$Wind-Up Bat$Unlimited$WIND$[Machine/Effect]$$$$$1$300$350$$$$You can target 1 "Wind-Up" monster in your Graveyard; change this face-up Attack Position card you control to face-up Defense Position, and add that target to your hand. This effect can only be used once while this card is face-up on the field.$Supports archetypes /Wind-Up$$Changes battle positions/Adds from Graveyard to hand$Ignition$
25716180$Wind-Up Kitten$Unlimited$EARTH$[Beast/Effect]$$$$$2$800$500$$$$You can target 1 monster your opponent controls; return that target to the hand. This effect can only be used once while this card is face-up on the field.$$$Returns from your opponent's field to your opponent's hand$Ignition/Condition$
51701885$D.D. Telepon$Unlimited$EARTH$[Psychic/Effect]$$$$$2$500$1800$$$$If this face-up card you control is banished: You can banish 1 Psychic-Type monster with 1500 or less ATK from your Deck. Then, during your next Standby Phase, if this card is still banished: Special Summon that monster banished by this effect.$Psychic$$$Trigger$
88205593$Wattcobra$Unlimited$LIGHT$[Thunder/Effect]$$$$$4$1000$500$$$$This card can attack your opponent directly. When this card inflicts Battle Damage to your opponent by a direct attack: Add 1 "Watt" monster from your Deck to your hand.$Supports archetypes /Watt$$Adds from Deck to hand$Continuous/Trigger$
24694698$Naturia Marron$Unlimited$EARTH$[Plant/Effect]$$$$$3$1200$700$$$$When this card is Normal Summoned: You can send 1 "Naturia" monster from your Deck to the GY. Once per turn: You can target 2 "Naturia" monsters in your GY; shuffle both those targets into the Deck, then draw 1 card.$Supports archetypes /Naturia$$Sends from your Deck to your Graveyard/Returns from your Graveyard to your Deck/You draw cards$Trigger/Ignition$
50088247$Prior of the Ice Barrier$Unlimited$WATER$[Aqua/Effect]$$$$$2$1000$400$$$$If you control an "Ice Barrier" monster, you can Special Summon this card (from your hand). You cannot Special Summon any Level 5 or higher monsters the turn you Summon this way. You can Tribute this card, then target 1 "Ice Barrier" monster in your GY, except "Prior of the Ice Barrier"; Special Summon that target.$Supports archetypes /Ice Barrier$$Tributes itself for cost$Summon/Condition/Ignition$
87483942$Senior Silver Ninja$Unlimited$EARTH$[Warrior/Effect]$$$$$6$2300$2200$$$$When this card is flipped face-up: You can Special Summon any number of "Ninja" monsters, except "Senior Silver Ninja", from your hand and/or Graveyard in face-down Defense Position. There can only be 1 face-up "Senior Silver Ninja" on the field.$Supports archetypes /Ninja$$$Trigger/Unclassified$
13478040$Rodenut$Unlimited$EARTH$[Beast/Effect]$$$$$1$100$100$$$$Each time your opponent Special Summons a monster(s), place 1 Nut Counter on this card. You can remove 1 Nut Counter from this card to target 1 monster your opponent controls; destroy that target.$$$$Continuous/Ignition$
50866755$Fenghuang$Unlimited$FIRE$[Winged Beast/Spirit/Effect]$$$$$6$2100$1800$$$$Cannot be Special Summoned. During the End Phase of the turn this card is Normal Summoned or flipped face-up: Return it to the hand. When this card is Normal Summoned or flipped face-up: Destroy all Set Spell/Trap Cards your opponent controls.$$$Returns itself from field to hand/Activates upon Normal Summon$Summon/Trigger$
86361354$Tribe-Shocking Virus$Unlimited$WATER$[Thunder/Effect]$$$$$4$1700$1000$$$$Once per turn: You can banish 1 monster from your hand; destroy all face-up monsters on the field with the same Type as that monster.$$$$Ignition$
12755462$Goblin Pothole Squad$Unlimited$EARTH$[Warrior/Effect]$$$$$4$1500$400$$$$When this card is Normal Summoned, Trap Cards cannot be activated. Also, "Trap Hole" Trap Cards cannot be activated when a monster is Summoned, except "Dark Trap Hole".$$Anti-supports archetypes /Trap Hole $$Continuous$
49144107$Creepy Coney$Unlimited$EARTH$[Beast/Effect]$$$$$3$1000$1900$$$$FLIP: Inflict 1000 damage to your opponent for each face-up Normal Monster you control, except Tokens.$Normal Monster$$$Flip$
85138716$Rescue Rabbit$Unlimited$EARTH$[Beast/Effect]$$$$$4$300$100$$$$Cannot be Special Summoned from the Deck. You can banish this card you control; Special Summon 2 Level 4 or lower Normal Monsters with the same name from your Deck, but destroy them during the End Phase. You can only use this effect of "Rescue Rabbit" once per turn.$Normal Monster$$$Summon/Ignition$
12533811$Baby Tiragon$Unlimited$EARTH$[Dragon/Xyz/Effect]$$$1$$$900$900$$3 Level 1 monsters$$During your Main Phase 1: You can detach 1 Xyz Material from this card, then target 1 Level 1 monster you control; it can attack your opponent directly.$$$$Ignition$
48928529$Number 83: Galaxy Queen$Unlimited$DARK$[Spellcaster/Xyz/Effect]$$$1$$$500$500$$3 Level 1 monsters$$Once per turn: You can detach 1 Xyz Material from this card; until the opponent's next End Phase, the monsters you currently control cannot be destroyed by battle, and if they attack a Defense Position monster, inflict piercing battle damage to your opponent.$$$$Ignition$
74416224$Black Ray Lancer$Unlimited$DARK$[Beast-Warrior/Xyz/Effect]$$$3$$$2100$600$$2 Level 3 WATER monsters$$Once per turn: You can detach 1 Xyz Material from this card to target 1 face-up monster on the field; negate that target's effects until the End Phase.$WATER$$$Ignition$
11411223$Number 10: Illumiknight$Unlimited$LIGHT$[Warrior/Xyz/Effect]$$$4$$$2400$2400$$3 Level 4 monsters$$Once per turn: You can detach 1 Xyz Material from this card; send 1 card from your hand to the Graveyard, and if you do, draw 1 card.$$$Sends from your hand to your Graveyard/You draw cards$Ignition$
47805931$Number 20: Giga-Brilliant$Unlimited$LIGHT$[Insect/Xyz/Effect]$$$3$$$1800$1800$$2 Level 3 monsters$$Once per turn: You can detach 1 Xyz Material from this card; all face-up monsters you currently control gain 300 ATK.$$$$Ignition$
74294676$Evolzar Laggia$Unlimited$FIRE$[Dragon/Xyz/Effect]$$$4$$$2400$2000$$2 Level 4 Dinosaur monsters$$When a monster(s) would be Normal or Special Summoned, OR a Spell/Trap Card is activated (Quick Effect): You can detach 2 materials from this card; negate the Summon or activation, and if you do, destroy it.$Dinosaur$$Detaches multiple Xyz Materials as cost$Quick$
00698785$Thunder End Dragon$Unlimited$LIGHT$[Dragon/Xyz/Effect]$$$8$$$3000$2000$$2 Level 8 Normal Monsters$$Once per turn: You can detach 1 Xyz Material from this card; destroy all other monsters on the field.$Normal Monster$$$Ignition$
46083380$Attraffic Control$Unlimited$SPELL$$$$$$$$$Continuous$$$If your opponent controls 3 or more monsters, they cannot declare an attack.$$$$Continuous-like$
73178098$Ego Boost$Unlimited$SPELL$$$$$$$$$Quick-Play$$$When a monster declares an attack: Target 1 face-up monster on the field; it gains 1000 ATK until the end of the Battle Phase.$$$Activates upon attack declaration$Activation requirement/Effect$
09576193$Monster Slots$Unlimited$SPELL$$$$$$$$$$$$Target 1 face-up monster you control and 1 monster in your Graveyard with the same Level; banish the target from the Graveyard, then draw 1 card and reveal it, then if the card you drew is a monster with the same Level as the monster on the field, Special Summon it.$$$You draw cards/Shows the player's drawn cards$Effect$
46961802$Cross Attack$Unlimited$SPELL$$$$$$$$$$$$Target 2 face-up Attack Position monsters you control with the same ATK; this turn, one of them can attack your opponent directly and the other cannot attack.$$$$Effect$
72355441$Xyz Gift$Unlimited$SPELL$$$$$$$$$$$$If you control 2 or more face-up Xyz Monsters: Detach 2 Xyz Materials from a monster you control and draw 2 cards.$Xyz Monster$$Detaches Xyz Materials for effect/You draw cards$Activation requirement/Effect$
09354555$Photon Veil$Unlimited$SPELL$$$$$$$$$$$$Shuffle 3 LIGHT monsters from your hand into the Deck, then add 1 to 3 Level 4 or lower LIGHT monsters from your Deck to your hand. If you add 2 or more monsters, they must have the same name.$LIGHT$$Returns from your hand to your Deck/Adds from Deck to hand$Effect/Condition$
35848254$Photon Lead$Unlimited$SPELL$$$$$$$$$Quick-Play$$$Special Summon 1 Level 4 or lower LIGHT monster from your hand in face-up Attack Position.$LIGHT$$$Effect$
71233859$Photon Booster$Unlimited$SPELL$$$$$$$$$$$$Target 1 Level 4 or lower LIGHT monster on the field, except a Token; the ATK of all monsters currently on the field with its name become 2000, until the end of this turn.$LIGHT$$$Effect$
08632967$Evo-Karma$Unlimited$SPELL$$$$$$$$$Continuous$$$When a monster(s) is Special Summoned by the effect of an "Evoltile" monster you control, your opponent cannot activate cards or effects.$Supports archetypes /Evoltile$$$Continuous-like$
34026662$Evo-Miracle$Unlimited$SPELL$$$$$$$$$Quick-Play$$$Target 1 monster that was Special Summoned by the effect of an "Evoltile" monster; this turn, it cannot be destroyed by battle or by card effects.$Supports archetypes /Evoltile$$$Effect$
61011311$Zenmailfunction$Unlimited$SPELL$$$$$$$$$$$$Target 1 "Wind-Up" monster in your Graveyard; Special Summon it in face-up Defense Position. Its effect(s) is negated, and it cannot be Tributed or used as a Synchro Material Monster.$Supports archetypes /Wind-Up$$Cannot be Tributed$Effect$
07405310$Extra Gate$Unlimited$SPELL$$$$$$$$$Quick-Play$$$Declare a Level between 1 and 12; your opponent banishes 1 monster of that Level from their Extra Deck. If your opponent does not have a monster of that Level in their Extra Deck, you discard 1 card.$$$Declares a Level/Discards for effect/You discard$Effect$
33904024$Shard of Greed$Unlimited$SPELL$$$$$$$$$Continuous$$$Each time you draw a card(s) for your normal draw in your Draw Phase, place 1 Greed Counter on this card. You can send this card with 2 or more Greed Counters to the GY; draw 2 cards.$$$Draw a card/Sends itself from field to Graveyard for cost$Continuous-like/Ignition-like$
60398723$Murmur of the Forest$Unlimited$SPELL$$$$$$$$$$$$Target 1 face-up monster your opponent controls; change that target to face-down Defense Position, then you can return all Field Spell Cards on the field to the hand.$Field Spell Card$Field Spell Card$Flips monsters face-down/Returns from field to hand$Effect$
96383838$Tri-Wight$Unlimited$SPELL$$$$$$$$$$$$Target 3 Level 2 or lower Normal Monsters in your GY; Special Summon them.$Normal Monster$$$Effect$
33782437$One Day of Peace$Limited$SPELL$$$$$$$$$$$$Each player draws 1 card, and neither player takes damage until the end of the opponent's next turn.$$$You draw cards/Your opponent draws cards$Effect$
69176131$Space Cyclone$Unlimited$SPELL$$$$$$$$$Quick-Play$$$Detach 1 Xyz Material from a monster.$$Xyz Monster$Detaches Xyz Materials for effect$Effect$
95561280$Poisonous Winds$Unlimited$SPELL$$$$$$$$$Continuous$$$WIND monsters cannot be Special Summoned. All face-up WIND monsters on the field lose 500 ATK.$$WIND$$Continuous-like$
32065885$Heartfelt Appeal$Unlimited$TRAP$$$$$$$$$$$$When you take battle damage from your opponent's direct attack: Take control of the 1 face-up monster your opponent controls with the highest DEF, until your next End Phase. (If it's a tie, you get to choose.) Its effects are negated, also it cannot declare an attack.$$$Activates if you take battle damage/Changes control$Activation requirement/Effect$
68054593$Fiery Fervor$Unlimited$TRAP$$$$$$$$$$$$Target 1 face-up monster you control; equip this card to that target. If your opponent controls a monster with ATK higher than that same monster's original ATK, the ATK of the equipped monster becomes double the equipped monster's original ATK, during the Damage Step only.$$$Equips self from field$Effect/Continuous-like$
95448692$Damage Diet$Unlimited$TRAP$$$$$$$$$$$$Halve all damage you take this turn. You can banish this card from your Graveyard; halve all effect damage you take this turn. (You cannot halve the same damage twice with this effect.)$$$Activates from your Graveyard$Effect/Quick-like$
21843307$Copy Knight$Unlimited$TRAP$$$$$$$$$Continuous$$$When a Level 4 or lower Warrior monster is Normal Summoned to your field: Special Summon this card as a Normal Monster with the same name and Level as the Normal Summoned monster (Warrior/LIGHT/ATK 0/DEF 0). (This card is also still a Trap.)$Warrior$$Activates upon Normal Summon$Activation requirement/Effect/Condition$
67232306$Mirror Mail$Unlimited$TRAP$$$$$$$$$$$$When a face-up monster you control is targeted for an attack: Its ATK becomes equal to that of the attacking monster.$$$$Activation requirement/Effect$
94626050$Fish Rain$Unlimited$TRAP$$$$$$$$$$$$When a face-up Fish, Sea Serpent, or Aqua-Type monster on the field is banished: Special Summon 1 Level 3 or lower Fish, Sea Serpent, or Aqua-Type monster from your hand. (The banished monster(s) must be Fish, Sea Serpent, or Aqua-Type even after being banished.)$Fish/Sea Serpent/Aqua/Level 1 Monster Cards/Level 2 Monster Cards/Level 3 Monster Cards$$$Activation requirement/Effect$
20721759$Icy Crevasse$Unlimited$TRAP$$$$$$$$$$$$When exactly 1 monster you control is destroyed and sent to the Graveyard by an opponent's card effect: Target 1 monster your opponent controls; send that target to the Graveyard, and if you do, inflict damage to your opponent equal to its original ATK in the Graveyard.$$$Activates if destroyed by card effect/Sends from your opponent's field to your opponent's Graveyard$Activation requirement/Effect$
57115864$Lumenize$Unlimited$TRAP$$$$$$$$$$$$When an opponent's monster declares an attack: Target the attacking monster; negate the attack, and 1 face-up LIGHT monster you control gains ATK equal to that target's ATK, until your next End Phase.$LIGHT$$Activates upon attack declaration$Activation requirement/Effect$
93504463$Evolutionary Bridge$Unlimited$TRAP$$$$$$$$$$$$When a monster you control is targeted for an attack: Target 1 "Evoltile" monster in your Graveyard; Special Summon that target, then switch the attack target to that monster and conduct damage calculation.$Supports archetypes /Evoltile$$Activates upon attack declaration$Activation requirement/Effect$
29999161$Zenmairch$Unlimited$TRAP$$$$$$$$$$$$Target 1 face-up Level 4 or lower "Wind-Up" monster you control: Return that target to the hand (no matter its Level), then Special Summon 1 "Wind-Up" monster from the hand with the same Level as the returned monster's.$Supports archetypes /Wind-Up$$Returns from your field to your hand$Effect$
56993276$Wattcancel$Unlimited$TRAP$$$$$$$$$Counter$$$When your opponent would Normal or Special Summon a monster: Discard 1 "Watt" monster; negate the Summon and destroy it.$Supports archetypes /Watt$$Discards for cost$Activation requirement/Cost/Effect$
82382815$Champion's Vigilance$Unlimited$TRAP$$$$$$$$$Counter$$$If you control a Level 7 or higher Normal Monster, when a monster would be Summoned OR a Spell/Trap Card is activated: Negate the Summon or activation, and if you do, destroy that card.$Normal Monster$$$Activation requirement/Effect$
29876529$Darklight$Unlimited$TRAP$$$$$$$$$$$$Tribute 1 DARK monster with 1500 or more ATK; destroy all monsters that were Special Summoned this turn.$DARK$$Tributes for cost$Cost/Effect$
55271628$Tyrant's Throes$Unlimited$TRAP$$$$$$$$$Continuous$$$Activate by Tributing 2 Normal Monsters (except Tokens). Neither player can Normal or Special Summon Effect Monsters.$Normal Monster$Effect Monster$Tributes for cost$Cost/Continuous-like$
81665333$Sound the Retreat!$Unlimited$TRAP$$$$$$$$$$$$Return all monsters you control to the hand.$$$Returns from your field to your hand$Effect$
28654932$Deep Dark Trap Hole$Unlimited$TRAP$$$$$$$$$$$$When a Level 5 or higher Effect Monster(s) is Special Summoned: Banish that Level 5 or higher Effect Monster(s).$$Effect Monster$Activates upon Special Summon$Activation requirement/Effect$
54059040$Eisbahn$Unlimited$TRAP$$$$$$$$$Continuous$$$If a non-WATER monster(s) is Normal or Special Summoned while you control a WATER monster: Change that Summoned monster to Defense Position.$WATER$$Activates upon Normal Summon/Activates upon Special Summon/Changes battle positions$Trigger-like$
81443745$Sealing Ceremony of Suiton$Unlimited$TRAP$$$$$$$$$Continuous$$$Once per turn: You can send 1 WATER monster from your hand to the GY, then target 1 card in your opponent's GY; banish that target.$WATER$$Sends from hand to Graveyard for cost$Quick-like$
80495985$Photon Sabre Tiger$Unlimited$LIGHT$[Beast/Effect]$$$$$3$2000$300$$$$When this card is Normal or Flip Summoned: You can add 1 "Photon Sabre Tiger" from your Deck to your hand. If you do not control another "Photon Sabre Tiger", this card loses 800 ATK.$$$Activates upon Normal Summon/Activates upon Flip Summon/Adds from Deck to hand/Adds copies of itself to hand$Trigger/Continuous$
16480084$Evolsaur Pelta$Unlimited$FIRE$[Dinosaur/Effect]$$$$$4$1100$2000$$$$When this card is Special Summoned by the effect of an "Evoltile" monster: It gains 500 DEF. If this card was Special Summoned by the effect of an "Evoltile" monster, then is destroyed by battle: You can add 1 "Evoltile" monster from your Deck to your hand.$Supports archetypes /Evoltile$$Activates upon Special Summon/Activates from your Graveyard/Adds from Deck to hand$Trigger$
42874792$Wind-Up Rabbit$Unlimited$EARTH$[Beast-Warrior/Effect]$$$$$3$1400$600$$$$(Quick Effect): You can target 1 "Wind-Up" monster you control; banish it until your next Standby Phase. This effect can be used only once while this card is face-up on the field.$Supports archetypes /Wind-Up$$Returns banished cards to the field$Quick/Condition$
79279397$D-Boyz$Unlimited$DARK$[Fiend/Effect]$$$$$1$100$1000$$$$FLIP: You can Special Summon any number of "D-Boyz" from your Deck in face-up Attack Position, then you take 1000 damage for each monster Special Summoned by this effect.$$$$Flip$
15667446$Latinum, Exarch of Dark World$Unlimited$DARK$[Fiend/Effect]$$$$$6$1500$2400$$$$If this card is discarded to the Graveyard by a card effect: If it was discarded from your hand to your Graveyard by an opponent's card effect, target 1 Fiend-Type monster on the field; Special Summon this card from the Graveyard, then that target (if any) gains 500 ATK.$Fiend$$$Trigger$
42752141$Evolzar Dolkka$Unlimited$FIRE$[Dragon/Xyz/Effect]$$$4$$$2300$1700$$2 Level 4 Dinosaur monsters$$When another monster's effect is activated (Quick Effect): You can detach 1 material from this card; negate the activation, and if you do, destroy that monster.$Dinosaur$$$Quick$
78156759$Wind-Up Zenmaines$Unlimited$FIRE$[Machine/Xyz/Effect]$$$3$$$1500$2100$$2 Level 3 monsters$$If this face-up card on the field would be destroyed, you can detach 1 Xyz Material from this card instead. Once per turn, during the End Phase, if this effect was used this turn: Target 1 card on the field; destroy it.$$$Detaches Xyz Materials for effect$Continuous/Trigger$
04545854$Xyz Territory$Unlimited$SPELL$$$$$$$$$Field$$$When an Xyz Monster battles another monster, that Xyz Monster gains 200 ATK & DEF x its Rank, during damage calculation only. If this face-up card on the field would be destroyed by a card effect, you can detach 1 Xyz Material from a monster you control instead.$Xyz Monster$Xyz Monster$Detaches Xyz Materials for effect$Continuous-like$
41930553$Dark Smog$Unlimited$TRAP$$$$$$$$$Continuous$$$Once per turn: You can target 1 monster in your opponent's GY; discard 1 Fiend monster, and if you do, banish that target.$Fiend$$You discard/Discards for effect$Quick-like$
43359262$Sergeant Electro$Unlimited$FIRE$[Machine/Effect]$$$$$4$1600$1300$$$$Once per turn: You can target 1 Set card in your opponent's Spell & Trap Zone; while this card is face-up on the field, its target(s) cannot be activated.$$$$Ignition$
05237827$Vylon Ohm$Unlimited$LIGHT$[Fairy/Effect]$$$$$4$1500$200$$$$If this card is Normal Summoned: Target 1 Equip Spell Card in your Graveyard; banish that target, and if you do, add it to your hand during your next Standby Phase.$Equip Spell Card$$Activates upon Normal Summon/Adds banished cards to the hand$Trigger$
31632536$Laval Dual Slasher$Unlimited$FIRE$[Warrior/Synchro/Effect]$$$$$5$2400$200$$1 Tuner + 1 or more non-Tuner FIRE monsters$$This card gains effects based on the number of "Laval" monsters in your Graveyard:●2+: Once per turn, if this card attacks a Defense Position monster, it can attack once again in a row.●3+: If this card attacks a Defense Position monster, inflict piercing Battle Damage to your opponent.$Supports archetypes /Laval$$$Condition/Continuous$
64734090$Gem-Turtle$Unlimited$EARTH$[Rock/Effect]$$$$$4$0$2000$$$$FLIP: You can add 1 "Gem-Knight Fusion" from your Deck to your hand.$Gem-Knight Fusion$$Activates upon being flipped face-up/Adds from Deck to hand$Flip$
00123709$Laval Lancelord$Unlimited$FIRE$[Warrior/Effect]$$$$$6$2100$200$$$$You can Normal Summon this card without Tributing. If you do, during the End Phase: Send it to the Graveyard. When this card on the field is destroyed and sent to the Graveyard: You can target 1 of your banished FIRE monsters; add that target to your hand.$FIRE$$Sends itself from field to Graveyard/Activates from your Graveyard/Adds banished cards to the hand$Summon/Trigger$
36227804$Gishki Beast$Unlimited$WATER$[Beast/Effect]$$$$$4$1500$1300$$$$When this card is Normal Summoned: You can target 1 Level 4 or lower "Gishki" monster in your Graveyard; Special Summon that target in face-up Defense Position.$Supports archetypes /Gishki$$$Trigger$
69243722$Gem-Knight Emerald$Unlimited$EARTH$[Rock/Effect]$$$$$4$1800$800$$$$You can banish this face-up card you control and 1 face-up Normal Monster you control to target 1 "Gem-Knight" Fusion Monster in your Graveyard; Special Summon it from the Graveyard.$Supports archetypes /Gem-Knight$$$Ignition$
68120130$Junk Defender$Unlimited$EARTH$[Warrior/Effect]$$$$$3$500$1800$$$$When an opponent's monster declares a direct attack: You can Special Summon this card from your hand. Once per turn, during either player's turn: You can have this card gain 300 DEF until the end of this turn.$$$Activates upon attack declaration$Trigger/Quick$
74530899$Metaion, the Timelord$Unlimited$FIRE$[Fairy/Effect]$$$$$10$0$0$$$$Cannot be Special Summoned from the Deck. If you control no monsters, you can Normal Summon this card without Tributing. Cannot be destroyed by battle or card effects. You take no battle damage from attacks involving this Attack Position card. At the end of the Battle Phase, if this card battled: Return as many monsters on the field as possible to the hand (other than this card), and if you do, inflict 300 damage to your opponent for each card returned. Once per turn, during your Standby Phase: Shuffle this card into the Deck.$$$Returns from field to hand/Returns itself from field to Deck$Summon/Continuous/Trigger$
71341529$Infernity Knight$Unlimited$DARK$[Fiend/Effect]$$$$$3$1400$400$$$$When this card on the field is destroyed and sent to the Graveyard: You can discard 2 cards; Special Summon this card from the Graveyard.$$$Activates if destroyed by battle/Activates if destroyed by card effect/Activates from your Graveyard/Discards for cost$Trigger$
