Passcode$Name$Status$Attribute$type$link$link_arrows$rank$pendulum_scale$level$attack$defense$spell_attribute$summoning_condition$pendulum_condition$card_text$card_supports$card_anti_supports$card_actions$effect_types$
89943723$Elemental HERO Neos$Unlimited$LIGHT$[Warrior/Normal]$$$$$7$2500$2000$$$$A new Elemental HERO has arrived from Neo-Space! When he initiates a Contact Fusion with a Neo-Spacian his unknown powers are unleashed.$$$$$
37265642$Sabersaurus$Unlimited$EARTH$[Dinosaur/Normal]$$$$$4$1900$500$$$$This normally gentle dinosaur enjoys relaxing in its nest in the prairies. If it becomes angered, it turns terribly ferocious.$$$$$
17955766$Neo-Spacian Aqua Dolphin$Unlimited$WATER$[Warrior/Effect]$$$$$3$600$800$$$$Once per turn: You can discard 1 card; look at your opponent's hand and choose 1 monster. If you control a monster with ATK greater than or equal to the ATK of the chosen card, destroy the chosen card, and if you do, inflict 500 damage to your opponent. Otherwise, take 500 damage.$$$Discards for cost/Reveals your opponent's hand$Ignition$
89621922$Neo-Spacian Flare Scarab$Unlimited$FIRE$[Insect/Effect]$$$$$3$500$500$$$$Gains 400 ATK for each Spell/Trap your opponent controls.$$$$Continuous$
43237273$Neo-Spacian Dark Panther$Unlimited$DARK$[Beast/Effect]$$$$$3$1000$500$$$$Once per turn: You can target 1 face-up monster your opponent controls; until the End Phase, this card's name becomes that monster's original name, also replace this effect with that monster's original effects (if any).$$$$Ignition$
42682609$Chrysalis Dolphin$Unlimited$WATER$[Fish/Effect]$$$$$2$400$600$$$$By Tributing this card while "Neo Space" is on the field, Special Summon 1 "Neo-Spacian Aqua Dolphin" from your hand or Deck.$Neo Space/Neo-Spacian Aqua Dolphin$$Tributes itself for cost$Ignition$
41382147$Rallis the Star Bird$Unlimited$WIND$[Winged Beast/Effect]$$$$$3$800$800$$$$This card gains ATK equal to the Level of the monster that it battles x 200 during the Damage Step only. If this card attacks, it is removed from play at the end of the Damage Step and returned to your side of the field in face-up Attack Position at the beginning of your next turn's Battle Phase.$$$Returns itself to the field while banished$Continuous/Trigger$
99861526$Submarineroid$Unlimited$WATER$[Machine/Effect]$$$$$4$800$1800$$$$This card can attack your opponent directly, but when it does so using this effect, the battle damage inflicted to your opponent is the original ATK of this card. At the end of the Damage Step, if this card attacked or was attacked: You can change this card to Defense Position.$$$Changes battle positions$Continuous/Trigger$
36378213$Ambulanceroid$Unlimited$EARTH$[Machine/Effect]$$$$$3$300$1200$$$$When a "roid" monster is added from your Graveyard to your hand, you can Special Summon that monster.$Supports archetypes /roid$$$Trigger$
25034083$Decoyroid$Unlimited$WIND$[Machine/Effect]$$$$$2$300$500$$$$While this card is face-up on your side of the field, your opponent cannot select a face-up monster as an attack target except "Decoyroid".$$$$Continuous$
24311595$Rescueroid$Unlimited$FIRE$[Machine/Effect]$$$$$6$1600$1800$$$$When a "roid" monster you control is destroyed by battle and sent to the Graveyard, you can return that monster to its owner's hand.$Supports archetypes /roid$$Activates if destroyed by battle/Adds from Graveyard to hand$Trigger$
28355718$Destiny HERO - Double Dude$Unlimited$DARK$[Warrior/Effect]$$$$$6$1000$1000$$$$Cannot be Special Summoned. This card can attack twice during each Battle Phase. During your Standby Phase, if this card was destroyed since your last Standby Phase: You can Special Summon 2 "Double Dude Tokens" (Warrior-Type/DARK/Level 4/ATK 1000/DEF 1000). This card must be in your Graveyard to activate and to resolve this effect.$$$Activates from your Graveyard$Summon/Continuous/Trigger$
54749427$Destiny HERO - Defender$Unlimited$DARK$[Warrior/Effect]$$$$$4$100$2700$$$$During each of your opponent's Standby Phases: Your opponent draws 1 card. This card must be in face-up Defense Position to activate and to resolve this effect.$$$Your opponent draws cards$Trigger/Condition$
17132130$Destiny HERO - Dogma$Unlimited$DARK$[Warrior/Effect]$$$$$8$3400$2400$$$$Cannot be Normal Summoned/Set. Must be Special Summoned (from your hand) by Tributing 3 monsters, including at least 1 "Destiny HERO" monster. Once per turn, if you still control this face-up card during your opponent's next Standby Phase after you Special Summoned it this way: Halve your opponent's LP.$Supports archetypes /Destiny HERO$$Tributes for cost$Summon/Trigger$
55461064$Destiny HERO - Blade Master$Unlimited$DARK$[Warrior/Effect]$$$$$3$300$600$$$$During your opponent's Battle Phase (Quick Effect): You can discard this card; all "Destiny HERO" monsters you currently control gain 800 ATK until the end of this turn.$Supports archetypes /Destiny HERO$$Activates from your hand/Discards itself for cost$Quick$
80744121$Destiny HERO - Fear Monger$Unlimited$DARK$[Warrior/Effect]$$$$$4$1000$1000$$$$During your Standby Phase, if this card is in your GY because it was destroyed by battle and sent there since your last Standby Phase: Target 1 "Destiny HERO" monster in your GY, except "Destiny HERO - Fear Monger"; Special Summon that target.$Supports archetypes /Destiny HERO$$Activates if destroyed by battle/Activates from your Graveyard$Trigger$
81866673$Destiny HERO - Dasher$Unlimited$DARK$[Warrior/Effect]$$$$$6$2100$1000$$$$Once per turn: You can Tribute 1 other monster; this card gains 1000 ATK until the end of this turn. If this card attacks, change it to Defense Position at the end of the Battle Phase. Once, while this card is in your GY, when you draw a monster during your Draw Phase: You can reveal it; Special Summon it. This card must be in the GY to activate and to resolve this effect.$$$Tributes for cost/Changes battle positions/Activates from your Graveyard/Reveals your hand for cost$Ignition/Continuous/Trigger/Condition$
90654356$Black Ptera$Unlimited$WIND$[Dinosaur/Effect]$$$$$3$1000$500$$$$If this card is sent from the field to the GY, except by being destroyed by battle: Return it to the hand.$$$Returns itself from Graveyard to hand$Trigger$
79409334$Black Stego$Unlimited$EARTH$[Dinosaur/Effect]$$$$$4$1200$2000$$$$If this Attack Position card is targeted for an attack: Change this card to Defense Position.$$$Changes battle positions$Trigger$
15894048$Ultimate Tyranno$Unlimited$EARTH$[Dinosaur/Effect]$$$$$8$3000$2200$$$$This card can attack all monsters your opponent controls, once each. During your Battle Phase, if you control an "Ultimate Tyranno" that can attack, monsters other than "Ultimate Tyranno" cannot attack.$$$$Continuous$
63259351$Miracle Jurassic Egg$Unlimited$EARTH$[Dinosaur/Effect]$$$$$4$0$2000$$$$While face-up on the field, this card cannot be banished. Each time a Dinosaur-Type monster(s) is sent to your Graveyard, place 2 counters on this card. You can Tribute this card; Special Summon 1 Dinosaur-Type monster from your Deck whose Level is less than or equal to the number of counters that were on this card.$Dinosaur$$Tributes itself for cost$Continuous/Ignition$
36042004$Babycerasaurus$Unlimited$EARTH$[Dinosaur/Effect]$$$$$2$500$500$$$$If this card is destroyed by card effect and sent to the GY: Special Summon 1 Level 4 or lower Dinosaur monster from your Deck.$Dinosaur$$Activates if destroyed by card effect/Activates from your Graveyard$Trigger$
44702857$Bitelon$Unlimited$WATER$[Reptile/Effect]$$$$$6$2400$1000$$$$During battle between this attacking card and a Defense Position monster whose DEF is lower than the ATK of this card, inflict the difference as Battle Damage to your opponent.$$$$Continuous$
62437709$Alien Grey$Unlimited$LIGHT$[Reptile/Effect]$$$$$2$300$800$$$$FLIP: Place 1 A-Counter on 1 face-up monster on your opponent's side of the field. (If a monster with an A-Counter battles an "Alien" monster, it loses 300 ATK and DEF for each A-Counter during damage calculation only.) After this card has been flipped face-up, when it is destroyed by battle and sent to the Graveyard, draw 1 card.$Supports archetypes /Alien$$You draw cards/Distributes A-Counter$Flip/Continuous/Trigger$
25920413$Alien Skull$Unlimited$WIND$[Reptile/Effect]$$$$$4$1600$1800$$$$You can Tribute 1 face-up Level 3 or lower monster on your opponent's side of the field to Special Summon this card to your opponent's side of the field. If you Special Summon this monster this way, place 1 A-Counter on this card, and you cannot Normal Summon or Set the same turn. (If a monster with an A-Counter battles an "Alien" monster, it loses 300 ATK and DEF for each A-Counter during damage calculation only.)$Supports archetypes /Alien$$Activates from your hand/Tributes opponent's monsters$Summon/Trigger/Continuous$
62315111$Alien Hunter$Unlimited$WATER$[Reptile/Effect]$$$$$4$1600$800$$$$If this card destroys a monster with an A-Counter by battle, it can attack once again in a row.$$$$Trigger$
98719226$Alien Warrior$Unlimited$EARTH$[Reptile/Effect]$$$$$4$1800$1000$$$$When this card is destroyed by battle and sent to the Graveyard, place 2 A-Counters on the monster that destroyed it. (If a monster with an A-Counter battles an "Alien" monster, it loses 300 ATK and DEF for each A-Counter during damage calculation only.)$Supports archetypes /Alien$$Activates from your Graveyard$Trigger/Continuous$
24104865$Alien Mother$Unlimited$DARK$[Reptile/Effect]$$$$$6$2300$1500$$$$If this card destroys a monster with an A-Counter by battle and sends it to the Graveyard, Special Summon the destroyed monster to your side of the field at the end of the Battle Phase. When this card is removed from the field, all monsters that were Special Summoned by this card's effect are destroyed.$$$Activates when it destroys a monster by battle/Activates when it leaves the field$Trigger/Continuous$
51192573$Cosmic Horror Gangi'el$Unlimited$LIGHT$[Reptile/Effect]$$$$$7$2600$2000$$$$If you're Tributing a monster on your side of the field that is owned by your opponent, this card can be Normal Summoned with 1 Tribute. Once per turn, you can place 1 A-Counter on a monster on your opponent's side of the field. (If a monster with an A-Counter battles an "Alien" monster, it loses 300 ATK and DEF for each A-Counter during damage calculation only.)$Supports archetypes /Alien$$Distributes A-Counter$Summon/Ignition/Continuous$
97697678$Flying Saucer Muusik'i$Unlimited$LIGHT$[Machine/Effect]$$$$$5$1000$2000$$$$While this card is face-up on the field, you can select and add 1 "Alien" card from your Deck to your hand instead of conducting your normal draw during your Draw Phase.$Supports archetypes /Alien$$Adds from Deck to hand/Replaces normal draw$Trigger$
55171412$Elemental HERO Aqua Neos$Unlimited$WATER$[Warrior/Fusion/Effect]$$$$$7$2500$2000$$"Elemental HERO Neos" + "Neo-Spacian Aqua Dolphin"$$Must first be Special Summoned (from your Extra Deck) by shuffling the above cards you control into the Deck. (You do not use "Polymerization".) Once per turn: You can discard 1 card; destroy 1 random card in your opponent's hand. During the End Phase: Shuffle this card into the Extra Deck.$$$Returns Fusion Materials for Contact Fusion to Deck/Discards for cost/Returns itself from field to Extra Deck$Summon/Ignition/Trigger$
81566151$Elemental HERO Flare Neos$Unlimited$FIRE$[Warrior/Fusion/Effect]$$$$$7$2500$2000$$"Elemental HERO Neos" + "Neo-Spacian Flare Scarab"$$Must first be Special Summoned (from your Extra Deck) by shuffling the above cards you control into the Deck. (You do not use "Polymerization".) This card gains 400 ATK for each Spell/Trap Card on the field. During the End Phase: Shuffle this card into the Extra Deck.$$$Returns Fusion Materials for Contact Fusion to Deck/Returns itself from field to Extra Deck$Summon/Continuous/Trigger$
28677304$Elemental HERO Dark Neos$Unlimited$DARK$[Warrior/Fusion/Effect]$$$$$7$2500$2000$$"Elemental HERO Neos" + "Neo-Spacian Dark Panther"$$Must first be Special Summoned (from your Extra Deck) by shuffling the above cards you control into the Deck. (You do not use "Polymerization".) If this card is not already targeting a monster with its effect: You can target 1 face-up Effect Monster on the field; while you control this face-up card, that target's effect on the field is negated. During the End Phase: Shuffle this card into the Extra Deck.$$$Returns Fusion Materials for Contact Fusion to Deck/Returns itself from field to Extra Deck$Summon/Ignition/Trigger$
64599569$Chimeratech Overdragon$Unlimited$DARK$[Machine/Fusion/Effect]$$$$$9$?$?$$"Cyber Dragon" + 1+ Machine monsters$$Must be Fusion Summoned. If this card is Fusion Summoned: Send all other cards you control to the GY. The original ATK/DEF of this card each become equal to the number of Fusion Materials used for its Fusion Summon x 800. This card can attack your opponent's monsters a number of times each Battle Phase, up to the number of Fusion Materials used for its Fusion Summon.$Machine$$Activates upon Fusion Summon/Sends from your field to your Graveyard$Summon/Trigger/Continuous$
98927491$Ambulance Rescueroid$Unlimited$FIRE$[Machine/Fusion/Effect]$$$$$6$2300$1800$$"Rescueroid" + "Ambulanceroid"$$This monster cannot be Special Summoned except by Fusion Summon. Once per turn, when a monster on your side of the field is destroyed by battle and sent to the Graveyard, you can Special Summon that monster in Defense Position.$$$Activates if destroyed by battle$Summon/Trigger$
36256625$Super Vehicroid Jumbo Drill$Unlimited$EARTH$[Machine/Fusion/Effect]$$$$$8$3000$2000$$"Steamroid" + "Drillroid" + "Submarineroid"$$A Fusion Summon of this card can only be conducted with the above Fusion Material Monsters. During battle between this attacking card and a Defense Position monster whose DEF is lower than the ATK of this card, inflict the difference as Battle Damage to your opponent.$$$$Summon/Continuous$
16616620$Contact$Unlimited$SPELL$$$$$$$$$$$$Send all "Chrysalis" monsters you control to the Graveyard, and Special Summon 1 monster from your hand or Deck that is written in the card text of those cards.$Supports archetypes /Chrysalis$$Sends from your field to your Graveyard$Cost/Effect$
78387742$Fake Hero$Unlimited$SPELL$$$$$$$$$$$$Special Summon 1 "Elemental HERO" monster from your hand, but it cannot attack, also return it to the hand during the End Phase.$Supports archetypes /Elemental HERO$$Returns from your field to your hand$Effect/Condition$
41160595$Spell Calling$Unlimited$SPELL$$$$$$$$$$$$When this face-down card is destroyed and sent to the Graveyard by the effect of a Spell or Trap Card controlled by your opponent, select 1 Quick-Play Spell Card from your Deck and Set it after showing it to your opponent.$Quick-Play Spell Card$$Activates if destroyed by card effect/Activates if destroyed while Set/Activates from your Graveyard/Sets from your Deck$Trigger-like$
23299957$Vehicroid Connection Zone$Unlimited$SPELL$$$$$$$$$$$$Fusion Summon 1 "Vehicroid" Fusion Monster from your Extra Deck, using monsters from your hand or field as Fusion Materials, and if you do, it cannot be destroyed by card effects, and its effects cannot be negated.$Supports archetypes /Vehicroid$$Sends from your hand to your Graveyard/Sends from your field to your Graveyard/Uses cards in the hand as Fusion Materials/Uses cards on the player's field as Fusion Materials/Prevents the negation of card effects$Effect$
89899996$D - Spirit$Unlimited$SPELL$$$$$$$$$$$$Special Summon 1 Level 4 or lower "Destiny HERO" monster from your hand. You must not control any "Destiny HERO" monsters to activate and to resolve this effect.$Supports archetypes /Destiny HERO$$$Effect/Condition$
03659803$Overload Fusion$Unlimited$SPELL$$$$$$$$$$$$Fusion Summon 1 DARK Machine Fusion Monster from your Extra Deck, by banishing Fusion Materials listed on it from your field or GY.$DARK/Machine/Fusion Monster$$Uses cards on the player's field as Fusion Materials/Uses cards in the player's Graveyard as Fusion Materials$Effect$
22147147$Cyclone Blade$Unlimited$SPELL$$$$$$$$$Equip$$$Equip only to a "Destiny HERO" monster. At the end of the Damage Step, if the equipped monster attacked: Target 1 Spell/Trap Card on the field; destroy that target.$Supports archetypes /Destiny HERO$$$Condition/Trigger-like$
77565204$Future Fusion$Unlimited$SPELL$$$$$$$$$Continuous$$$During your 1st Standby Phase after this card's activation: Show 1 Fusion Monster in your Extra Deck and send the Fusion Materials listed on it from your Main Deck to the GY. During your 2nd Standby Phase after this card's activation: Fusion Summon 1 Fusion Monster from your Extra Deck with the same name as the monster you showed, and target it with this card. When this card leaves the field, destroy that target. When that target is destroyed, destroy this card.$Fusion Monster$$Reveals your Extra Deck/Sends from your Deck to your Graveyard/Uses cards in the player's Deck as Fusion Materials$Trigger-like/Continuous-like$
14772491$Common Soul$Unlimited$SPELL$$$$$$$$$Continuous$$$Select 1 face-up monster on the field to activate this card. Special Summon 1 "Neo-Spacian" monster from your hand to the same side of the field as the selected monster. The selected monster gains ATK equal to the ATK of the monster that was Special Summoned by this effect. When this card is removed from the field, return the monster that was Special Summoned by this card's effect to the hand.$Supports archetypes /Neo-Spacian$$Returns from field to hand$Effect/Continuous-like$
42015635$Neo Space$Unlimited$SPELL$$$$$$$$$Field$$$"Elemental HERO Neos" and all Fusion Monsters that specifically list "Elemental HERO Neos" as a Fusion Material gain 500 ATK. Fusion Monsters that specifically list "Elemental HERO Neos" as a Fusion Material do not have to activate their effects during the End Phase that shuffle them into the Extra Deck.$Elemental HERO Neos/Fusion Monster$$Makes mandatory effects optional/Prevents returning cards from field to Deck$Continuous-like$
80921533$Mausoleum of the Emperor$Unlimited$SPELL$$$$$$$$$Field$$$During the Main Phase: The turn player can activate these effect(s).●Pay 1000 LP; immediately after this effect resolves, Normal Summon 1 monster from your hand that requires 1 Tribute, without Tributing.●Pay 2000 LP; immediately after this effect resolves, Normal Summon 1 monster from your hand that requires 2 Tributes, without Tributing.(This is their one Normal Summon/Set for that turn.)$$$$Ignition-like$
53527835$Dark City$Unlimited$SPELL$$$$$$$$$Field$$$If a "Destiny HERO" monster attacks a monster with a higher ATK, the attacking monster gains 1000 ATK during damage calculation only.$Supports archetypes /Destiny HERO$$$Continuous-like$
15294090$Destiny Mirage$Unlimited$TRAP$$$$$$$$$$$$When a "Destiny HERO" monster you control is destroyed and sent to the Graveyard by an opponent's card effect: Special Summon, to your side of the field, all "Destiny HERO" monsters that were destroyed and sent to either Graveyard this turn.$Supports archetypes /Destiny HERO$$$Activation requirement/Effect$
43405287$D - Chain$Unlimited$TRAP$$$$$$$$$$$$Target 1 "Destiny HERO" monster you control; equip this card to that target. It gains 500 ATK. If it destroys an opponent's monster by battle and sends it to the GY: Inflict 500 damage to your opponent.$Supports archetypes /Destiny HERO$$Equips self from field$Effect/Continuous-like/Trigger-like$
24082387$Crop Circles$Unlimited$TRAP$$$$$$$$$$$$Send any number of monsters from your side of the field to the Graveyard to activate this card. Select from your Deck 1 "Alien" monster whose Level is equal to the total Levels of the sent monsters, and Special Summon it. If you fail to find a monster to Special Summon, you take 2000 damage.$Supports archetypes /Alien$$Sends from field to Graveyard for cost$Cost/Effect$
50470982$The Paths of Destiny$Unlimited$TRAP$$$$$$$$$$$$Both players toss a coin once. If a player's result is Heads, they gain 2000 Life Points, and if their result is Tails, they take 2000 damage.$$$$Effect$
96875080$Orbital Bombardment$Unlimited$TRAP$$$$$$$$$$$$Send 1 "Alien" monster from your side of the field to the Graveyard to activate this card. Destroy 1 Spell or Trap Card on the field.$Supports archetypes /Alien$$Sends from field to Graveyard for cost$Cost/Effect$
86742443$Royal Writ of Taxation$Unlimited$TRAP$$$$$$$$$$$$Activate only during your opponent's Standby Phase. Select 1 random card from your opponent's hand and look at it. Unless the selected card or a card with the same name is Normal Summoned or activated by the end of your next turn, inflict 1000 damage to your opponent. If the selected card or a card with the same name is Normal Summoned or activated by the end of your next turn, you take 1000 damage.$$$$Activation requirement/Effect/Lingering$
50684552$Wonder Garage$Unlimited$TRAP$$$$$$$$$$$$When this face-down card is destroyed and sent to the Graveyard, you can Special Summon 1 Level 4 or lower Machine-Type "roid" monster from your hand.$Supports archetypes /roid$$Activates if destroyed while Set/Activates from your Graveyard$Trigger-like$
97705809$Supercharge$Unlimited$TRAP$$$$$$$$$$$$When your opponent declares an attack while the only monsters you control are Machine-Type "roid" monster(s): Draw 2 cards.$Supports archetypes /roid$$Activates upon attack declaration/You draw cards$Activation requirement/Effect$
63477921$Cyber Summon Blaster$Unlimited$TRAP$$$$$$$$$Continuous$$$Each time a Machine monster(s) is Special Summoned, while this card is already face-up in your Spell & Trap Zone: Inflict 300 damage to your opponent.$Machine$Machine$Activates upon Special Summon$Trigger-like$
23869735$Fossil Excavation$Unlimited$TRAP$$$$$$$$$Continuous$$$Activate this card by discarding 1 card, then target 1 Dinosaur-Type monster in your Graveyard; Special Summon that target. Negate the effects of that monster on the field. When this card leaves the field, destroy that monster. When that monster is destroyed, destroy this card.$Dinosaur$$Discards for cost$Cost/Effect/Continuous-like$
16946849$Synthetic Seraphim$Unlimited$TRAP$$$$$$$$$Continuous$$$Each time a Counter Trap Card is activated, immediately after it resolves, Special Summon 1 "Synthetic Seraphim Token" (Fairy/LIGHT/Level 1/ATK 300/DEF 300).$Counter Trap Card$Counter Trap Card$$Continuous-like$
59258334$Brainwashing Beam$Unlimited$TRAP$$$$$$$$$Continuous$$$Select 1 monster with at least 1 A-Counter on your opponent's side of the field and take control of that monster. During each of your End Phases, remove 1 A-Counter from that controlled monster. If all A-Counters are removed from that monster, or that monster is destroyed, destroy this card.$$$Changes control$Effect/Continuous-like$
