Passcode$Name$Status$Attribute$type$link$link_arrows$rank$pendulum_scale$level$attack$defense$spell_attribute$summoning_condition$pendulum_condition$card_text$card_supports$card_anti_supports$card_actions$effect_types$
92418590$Gimmick Puppet Dreary Doll$Unlimited$DARK$[Machine/Effect]$$$$$8$0$0$$$$If this card is in your GY: You can banish 1 other "Gimmick Puppet" monster from your GY; Special Summon this card. You can only use this effect of "Gimmick Puppet Dreary Doll" once per turn. Cannot be used as material for an Xyz Summon, except for the Xyz Summon of a "Gimmick Puppet" monster.$Supports archetypes /Gimmick Puppet$$Activates from your Graveyard$Ignition/Condition$
39806198$Gimmick Puppet Magnet Doll$Unlimited$DARK$[Machine/Effect]$$$$$8$1000$1000$$$$If your opponent controls a monster, and all monsters you control are face-up "Gimmick Puppet" monsters (min. 1), you can Special Summon this card (from your hand).$Supports archetypes /Gimmick Puppet$$$Summon$
05291803$Chronomaly Tula Guardian$Unlimited$EARTH$[Rock/Effect]$$$$$5$1800$900$$$$If there is a face-up Field Spell Card on the field, you can Special Summon this card (from your hand). You can only control 1 "Chronomaly Tula Guardian".$Field Spell Card$$$Summon/Unclassified$
32696942$Big Belly Knight$Unlimited$EARTH$[Warrior/Effect]$$$$$4$1000$1600$$$$If this card is detached from an Xyz Monster and sent to the Graveyard to activate that monster's effect: You can Special Summon 1 Level 3 or lower monster from your hand.$Xyz Monster$$Activates from your Graveyard$Trigger$
68084557$Power Tool Mecha Dragon$Unlimited$DARK$[Machine/Synchro/Effect]$$$$$7$2300$2500$$1 Tuner + 1 or more non-Tuner monsters$$During your turn, when an Equip Spell Card(s) is equipped to this card: You can draw 1 card. You can only use this effect of "Power Tool Mecha Dragon" once per turn. Once per turn, during either player's turn: You can target 1 appropriate face-up Equip Card on the field; equip that target to this card.$Equip Spell Card/Equip Card$$You draw cards/Moves Equip Cards$Trigger/Quick$
04179255$Ancient Pixie Dragon$Unlimited$DARK$[Dragon/Synchro/Effect]$$$$$7$2100$3000$$1 Tuner + 1 or more non-Tuner monsters$$After resolving a Field Spell Card that was activated during your turn: Draw 1 card. You can only use this effect of "Ancient Pixie Dragon" once per turn. Once per turn: You can target 1 face-up Attack Position monster on the field; destroy that target. There must be a face-up Field Spell Card on the field to activate and to resolve this effect.$Field Spell Card$$You draw cards$Trigger/Condition/Ignition$
67968069$Junk Puppet$Unlimited$SPELL$$$$$$$$$$$$Target 1 "Gimmick Puppet" monster in your GY; Special Summon it. You can only activate 1 "Junk Puppet" per turn.$Supports archetypes /Gimmick Puppet$$$Effect/Condition$
04357063$Chronomaly City Babylon$Unlimited$SPELL$$$$$$$$$Field$$$Once per turn: You can banish 1 "Chronomaly" monster from your Graveyard, then target 1 "Chronomaly" monster in your Graveyard with the same Level as the banished monster; Special Summon it.$Supports archetypes /Chronomaly$$$Ignition-like$
30341772$Utopia Buster$Unlimited$SPELL$$$$$$$$$$$$If you control a "Utopia" monster: Destroy the 1 face-up monster your opponent controls that has the lowest ATK (your choice, if tied), and if you do, inflict damage to your opponent equal to the destroyed monster's ATK on the field.$Supports archetypes /Utopia $$$Activation requirement/Effect$
72837335$Chronomaly Gordian Knot$Unlimited$EARTH$[Rock/Effect]$$$$$3$300$900$$$$When this card is Normal Summoned: You can Special Summon 1 "Chronomaly" monster from your hand, and if you do, this card's Level becomes the current Level of that Special Summoned monster.$Supports archetypes /Chronomaly$$Activates upon Normal Summon$Trigger$
08226374$Gimmick Puppet Humpty Dumpty$Unlimited$DARK$[Machine/Effect]$$$$$4$0$100$$$$When this card is Normal or Special Summoned: You can Special Summon 1 "Gimmick Puppet" monster from your hand. You can only use this effect of "Gimmick Puppet Humpty Dumpty" once per turn.$Supports archetypes /Gimmick Puppet$$Activates upon Normal Summon/Activates upon Special Summon$Trigger/Condition$
34620088$Gimmick Puppet Shadow Feeler$Unlimited$DARK$[Machine/Effect]$$$$$8$1000$1000$$$$Cannot be destroyed by battle. When you take battle damage from an opponent's direct attack while this card is in your Graveyard: You can Special Summon this card from your Graveyard in face-up Attack Position, and if you do, take 1000 damage. You can only use this effect of "Gimmick Puppet Shadow Feeler" once per turn. If this card is an Xyz Material and would be sent to the Graveyard, banish it instead.$$$Activates if you take battle damage/Activates from your Graveyard$Continuous/Trigger/Condition$
71015787$Silent Wobby$Unlimited$WATER$[Fish/Effect]$$$$$4$1000$2000$$$$During your Main Phase: You can Special Summon this card from your hand to your opponent's side of the field. When Summoned this way: Draw 1 card, and if you do, your opponent gains 2000 Life Points. You can only use this effect of "Silent Wobby" once per turn. The hand size limit of this card's controller becomes 3.$$$Activates from your hand/Your opponent draws cards/You draw cards/Decreases your hand size limit$Ignition/Trigger/Condition/Continuous$
07409792$Dynatherium$Unlimited$WIND$[Beast/Effect]$$$$$4$1600$600$$$$You can Special Summon this card (from your hand). You can only Special Summon "Dynatherium" once per turn this way. When Summoned this way: Your opponent can target 1 Level 4 monster in either player's Graveyard; they Special Summon that target to their side of the field.$$$$Summon/Condition/Trigger$
08198620$Dragonecro Nethersoul Dragon$Unlimited$DARK$[Dragon/Fusion/Effect]$$$$$8$3000$0$$2 Zombie monsters$$Must first be Fusion Summoned. Monsters cannot be destroyed by battle with this card. At the end of the Damage Step, if this card battled a monster: Change that monster's ATK to 0, also, if that monster is still face-up on the field, Special Summon 1 "Dark Soul Token" (Zombie/DARK/Level ?/ATK ?/DEF 0) with the same Level/ATK as the original Level/ATK of that monster. You can only control 1 "Dragonecro Nethersoul Dragon".$Zombie$$$Summon/Continuous/Trigger/Condition/Unclassified$
34408491$Beelze of the Diabolic Dragons$Unlimited$DARK$[Dragon/Synchro/Effect]$$$$$8$3000$3000$$1 DARK Tuner + 1+ non-Tuner monsters$$Cannot be destroyed by battle or card effects. If you take damage from an attack involving this card, or from an opponent's card effect: This card gains ATK equal to the damage you took.$$$$Continuous/Trigger$
60992105$Blackfeather Darkrage Dragon$Unlimited$DARK$[Dragon/Synchro/Effect]$$$$$8$2800$1600$$1 Tuner + 1 or more non-Tuner monsters $$Once per turn, when you take damage: You can send up to 5 cards from the top of your Deck to the Graveyard, then if any monsters were sent to the Graveyard by this effect, this card gains 400 ATK.$$$Activates if you take battle damage/Activates if you take effect damage/Sends from the top of your Deck to your Graveyard$Trigger$
06387204$Number C6: Chronomaly Chaos Atlandis$Unlimited$LIGHT$[Machine/Xyz/Effect]$$$7$$$3300$3300$$3 Level 7 monsters$$If you activate any of this card's effects, your opponent takes no further damage this turn. Once per turn: You can target 1 monster your opponent controls; equip that target to this card as an Equip Spell Card whose effect makes this monster gain 1000 ATK. If this card has "Number 6: Chronomaly Atlandis" as an Xyz Material, it gains this effect.●You can detach 3 Xyz Materials from this card and send all "Number" monsters equipped by this card's effect to the Graveyard (min. 1); make your opponent's Life Points 100.$Number 6: Chronomaly Atlandis$Anti-supports archetypes /Number$Equips monsters from the opponent's field to itself/Sends from field to Graveyard/Grants effect to Equip Spell Card/Detaches multiple Xyz Materials as cost$Unclassified/Ignition/Condition$
33776843$Number C15: Gimmick Puppet Giant Hunter$Unlimited$DARK$[Machine/Xyz/Effect]$$$9$$$2500$1500$$3 Level 9 monsters$$Once per turn: You can detach 1 material from this card, then target 1 card your opponent controls; destroy it, then, if it was a monster, inflict damage to your opponent equal to its original ATK.$$$$Ignition$
69170557$Number C40: Gimmick Puppet of Dark Strings$Unlimited$DARK$[Machine/Xyz/Effect]$$$9$$$3300$2000$$3 Level 9 monsters$$If this card is Special Summoned: Destroy as many monsters with String Counters as possible, and if you do, draw 1 card, then inflict damage to your opponent equal to the highest original ATK among those destroyed monsters in the GY (your choice, if tied). Once per turn: You can detach 1 material from this card; place 1 String Counter on each face-up monster your opponent controls.$$$You draw cards$Trigger/Ignition$
06165656$Number C88: Gimmick Puppet Disaster Leo$Unlimited$DARK$[Machine/Xyz/Effect]$$$9$$$3500$2500$$4 Level 9 monsters$$Must be Special Summoned with a "Rank-Up-Magic" Spell targeting "Number 88: Gimmick Puppet of Leo". Neither player can target this card on the field with card effects. Once per turn: You can detach 1 material from this card; inflict 1000 damage to your opponent. During your End Phase, if your opponent's LP are 2000 or less, and this card has no materials, you win the Duel.$Supports archetypes /Rank-Up-Magic$$$Summon/Continuous/Ignition/Condition$
32559361$Number C9: Chaos Dyson Sphere$Unlimited$LIGHT$[Machine/Xyz/Effect]$$$10$$$3600$3200$$3 Level 10 monsters$$At the start of the Damage Step, if this card battles an opponent's monster: You can attach that monster to this card as a face-up Xyz Material. Once per turn: You can inflict 300 damage to your opponent for each Xyz Material attached to this card. If this card has "Number 9: Dyson Sphere" as an Xyz Material, it gains this effect.●Once per turn: You can detach any number of Xyz Materials from this card; inflict 800 damage to your opponent for each.$Number 9: Dyson Sphere$$Attaches as Xyz Material/Exchanges cards$Trigger/Ignition/Condition$
69058960$Number 13: Embodiment of Crime$Unlimited$DARK$[Fiend/Xyz/Effect]$$$1$$$500$500$$2 Level 1 monsters$$Once per turn, during either player's turn: You can detach 1 Xyz Material from this card; change all monsters your opponent controls to face-up Attack Position, also all monsters your opponent currently controls must attack this card this turn, if able. While you control "Number 31: Embodiment of Punishment", this card gains these effects.●This card cannot be destroyed by battle or by card effects while it has Xyz Material.●Your opponent takes any battle damage you would have taken from attacks on this card.$Number 31: Embodiment of Punishment$$$Quick/Continuous$
95442074$Number 31: Embodiment of Punishment$Unlimited$DARK$[Fiend/Xyz/Effect]$$$1$$$500$500$$2 Level 1 monsters$$Once per turn, during either player's turn: You can detach 1 Xyz Material from this card; change all monsters your opponent controls to face-up Attack Position, also all monsters your opponent currently controls must attack this card this turn, if able. While you control "Number 13: Embodiment of Crime", this card gains these effects.●This card cannot be destroyed by battle or by card effects while it has Xyz Material.●Your opponent takes any battle damage you would have taken from attacks on this card.$Number 13: Embodiment of Crime$$$Quick/Continuous$
31437713$Number 82: Heartlandraco$Unlimited$EARTH$[Dragon/Xyz/Effect]$$$4$$$2000$1500$$2 Level 4 monsters$$While you control a face-up Spell, your opponent cannot target this card for attacks. Once per turn: You can detach 1 material from this card; this turn, this card can attack your opponent directly, but other monsters cannot attack.$$$$Continuous/Ignition$
68836428$Tri-Edge Levia$Unlimited$WATER$[Sea Serpent/Xyz/Effect]$$$3$$$1800$1500$$3 Level 3 monsters$$Banish any monster destroyed by battle with this card. Once per turn, during either player's turn: You can detach 1 Xyz Material from this card, then target 1 face-up monster on the field; it loses 800 ATK, also its effects are negated. These changes last until the end of this turn.$$$$Continuous/Quick$
94220427$Rank-Up-Magic Argent Chaos Force$Unlimited$SPELL$$$$$$$$$$$$Target 1 Rank 5 or higher Xyz Monster you control; Special Summon from your Extra Deck, 1 "Number C" or "CXyz" monster that is 1 Rank higher than that monster you control, by using that target as material. (This is treated as an Xyz Summon. Transfer its materials to the Summoned monster.) When a Rank 5 or higher Xyz Monster(s) is Special Summoned to your field while this card is in your GY (except during the Damage Step): You can add this card to your hand. You can only use this effect of "Rank-Up-Magic Argent Chaos Force" once per Duel.$Supports archetypes /Number C/CXyz$$Transfers/Activates upon Special Summon/Activates from your Graveyard/Returns itself from Graveyard to hand$Effect/Trigger-like/Condition$
21715135$Gagaga Academy Emergency Network$Unlimited$SPELL$$$$$$$$$$$$If your opponent controls a monster and you control no monsters: Special Summon 1 "Gagaga" monster from your Deck. You cannot Special Summon any other monsters, except by Xyz Summon, during the turn you activate this card. You can only activate 1 "Gagaga Academy Emergency Network" per turn.$Supports archetypes /Gagaga$$$Effect/Condition$
67113830$Ghost of a Grudge$Unlimited$TRAP$$$$$$$$$$$$If your opponent has 8 or more cards in their Graveyard: The ATK of all monsters your opponent currently controls become 0.$$$$Activation requirement/Effect$
$Obelisk the Tormentor$Unlimited$DIVINE$[Divine-Beast/Effect]$$$$$10$4000$4000$$$$Requires 3 Tributes to Normal Summon (cannot be Normal Set). This card's Normal Summon cannot be negated. When Normal Summoned, cards and effects cannot be activated. Neither player can target this card with card effects. Once per turn, during the End Phase, if this card was Special Summoned: Send it to the GY. You can Tribute 2 monsters; destroy all monsters your opponent controls. This card cannot declare an attack the turn this effect is activated.$$$Sends itself from field to Graveyard/Tributes for cost$Summon/Unclassified/Continuous/Trigger/Ignition/Condition$
$The Winged Dragon of Ra$Unlimited$DIVINE$[Divine-Beast/Effect]$$$$$10$?$?$$$$Cannot be Special Summoned. Requires 3 Tributes to Normal Summon (cannot be Normal Set). This card's Normal Summon cannot be negated. When Normal Summoned, other cards and effects cannot be activated. When this card is Normal Summoned: You can pay LP so that you only have 100 left; this card gains ATK/DEF equal to the amount of LP paid. You can pay 1000 LP, then target 1 monster on the field; destroy that target.$$$$Summon/Unclassified/Continuous/Trigger/Ignition$
$Slifer the Sky Dragon$Unlimited$DIVINE$[Divine-Beast/Effect]$$$$$10$?$?$$$$Requires 3 Tributes to Normal Summon (cannot be Normal Set). This card's Normal Summon cannot be negated. When Normal Summoned, cards and effects cannot be activated. Once per turn, during the End Phase, if this card was Special Summoned: Send it to the GY. Gains 1000 ATK/DEF for each card in your hand. If a monster(s) is Normal or Special Summoned to your opponent's field in Attack Position: That monster(s) loses 2000 ATK, then if its ATK has been reduced to 0 as a result, destroy it.$$$Sends itself from field to Graveyard$Summon/Unclassified/Continuous/Trigger$
38033121$Dark Magician Girl$Unlimited$DARK$[Spellcaster/Effect]$$$$$6$2000$1700$$$$Gains 300 ATK for every "Dark Magician" or "Magician of Black Chaos" in the GYs.$Dark Magician/Magician of Black Chaos$$$Continuous$
48686504$Lonefire Blossom$Unlimited$FIRE$[Plant/Effect]$$$$$3$500$1400$$$$Once per turn: You can Tribute 1 face-up Plant monster; Special Summon 1 Plant monster from your Deck.$Plant$$Tributes for cost$Ignition$
37742478$Honest$Unlimited$LIGHT$[Fairy/Effect]$$$$$4$1100$1900$$$$During your Main Phase: You can return this face-up card from the field to the hand. During the Damage Step, when a LIGHT monster you control battles (Quick Effect): You can send this card from your hand to the GY; that monster gains ATK equal to the ATK of the opponent's monster it is battling, until the end of this turn.$LIGHT$$Returns itself from field to hand/Sends itself from hand to Graveyard for cost$Ignition/Quick$
97268402$Effect Veiler$Unlimited$LIGHT$[Spellcaster/Tuner/Effect]$$$$$1$0$0$$$$During your opponent's Main Phase (Quick Effect): You can send this card from your hand to the GY, then target 1 Effect Monster your opponent controls; negate the effects of that face-up monster your opponent controls, until the end of this turn.$$$Activates from your hand/Sends itself from hand to Graveyard for cost$Quick$
26082117$Gagaga Magician$Unlimited$DARK$[Spellcaster/Effect]$$$$$4$1500$1000$$$$Once per turn: You can declare a Level from 1 to 8; this card becomes that Level until the End Phase. You can only control 1 "Gagaga Magician". This card cannot be used as a Synchro Material Monster.$$$Declares a Level$Ignition/Unclassified/Condition$
93717133$Galaxy-Eyes Photon Dragon$Unlimited$LIGHT$[Dragon/Effect]$$$$$8$3000$2500$$$$You can Special Summon this card (from your hand) by Tributing 2 monsters with 2000 or more ATK. During the Battle Step, if this card battles an opponent's monster (Quick Effect): You can target that opponent's monster; banish both this card from the field and that target. Return those banished monsters to the field at the end of the Battle Phase, and if you banished an Xyz Monster, this card gains 500 ATK for each material it had when it was banished.$$Xyz Material/Xyz Monster$Tributes for cost/Returns banished cards to the field/Returns itself to the field while banished$Summon/Quick$
99365553$Lightpulsar Dragon$Unlimited$LIGHT$[Dragon/Effect]$$$$$6$2500$1500$$$$You can Special Summon this card (from your hand) by banishing 1 LIGHT and 1 DARK monster from your GY. You can Special Summon this card (from your GY) by sending 1 LIGHT and 1 DARK monster from your hand to the GY. When this card is sent from the field to the GY: You can target 1 Level 5 or higher DARK Dragon monster in your GY; Special Summon that target.$Dragon/LIGHT/DARK$$Sends from hand to Graveyard for cost/Activates from your Graveyard$Unclassified/Trigger$
25460258$Darkflare Dragon$Unlimited$DARK$[Dragon/Effect]$$$$$5$2400$1200$$$$You can Special Summon this card (from your hand) by banishing 1 LIGHT and 1 DARK monster from your GY. Once per turn: You can send 1 Dragon monster from your hand and 1 Dragon monster from your Deck to the GY, then target 1 card in either GY; banish that target.$Dragon/LIGHT/DARK$$Sends from hand to Graveyard for cost/Sends from your Deck to your Graveyard for cost$Unclassified/Ignition$
51858306$Eclipse Wyvern$Forbidden(OCG)$LIGHT$[Dragon/Effect]$$$$$4$1600$1000$$$$If this card is sent to the Graveyard: Banish 1 Level 7 or higher LIGHT or DARK Dragon-Type monster from your Deck. If this card is banished from your Graveyard: You can add the monster banished by this card's effect to your hand.$LIGHT/DARK/Dragon$$Activates from your Graveyard/Adds banished cards to the hand$Trigger$
28637168$Crane Crane$Unlimited$EARTH$[Winged Beast/Effect]$$$$$3$300$900$$$$When this card is Normal Summoned: You can target 1 Level 3 monster in your GY; Special Summon that target, but it has its effects negated. You can only use this effect of "Crane Crane" once per turn.$$$Activates upon Normal Summon$Trigger/Condition$
23693634$Colossal Fighter$Unlimited$DARK$[Warrior/Synchro/Effect]$$$$$8$2800$1000$$1 Tuner + 1 or more non-Tuner monsters$$This card gains 100 ATK for every Warrior-Type monster in any Graveyard. When this card is destroyed by battle and sent to the Graveyard: You can target 1 Warrior-Type monster in either Graveyard; Special Summon that target.$Warrior$Warrior$Activates from your Graveyard$Continuous/Trigger$
65676461$Number 32: Shark Drake$Unlimited$WATER$[Sea Serpent/Xyz/Effect]$$$4$$$2800$2100$$3 Level 4 monsters$$Once per turn, when this attacking card destroys an opponent's monster by battle and sends it to the Graveyard: You can detach 1 Xyz Material from this card; Special Summon the destroyed monster to your opponent's side of the field in face-up Attack Position, also it loses 1000 ATK, and if you do Summon this way, this card can make a second attack during this Battle Phase.$$$$Trigger$
96381979$Brotherhood of the Fire Fist - Tiger King$Unlimited$FIRE$[Beast-Warrior/Xyz/Effect]$$$4$$$2200$1800$$2 Level 4 Beast-Warrior monsters$$When this card is Xyz Summoned: You can Set 1 "Fire Formation" Spell/Trap directly from your Deck. Once per turn: You can detach 1 material from this card; negate the effects of all face-up Effect Monsters currently on the field, except Beast-Warriors, until the end of your opponent's turn. When this card is sent from the field to the GY: You can send 3 "Fire Formation" Spells/Traps you control to the GY; Special Summon 2 Level 4 or lower Beast-Warrior monsters with the same ATK from your Deck, in face-up Defense Position.$Supports archetypes /Fire Formation$$Activates upon Xyz Summon/Sets from your Deck/Activates from your Graveyard/Sends from field to Graveyard for cost$Trigger/Ignition$
00691925$Solar Recharge$Unlimited$SPELL$$$$$$$$$$$$Discard 1 "Lightsworn" monster; draw 2 cards, then send the top 2 cards of your Deck to the GY.$Supports archetypes /Lightsworn$$Discards for cost/You draw cards/Sends from your Deck to your Graveyard$Cost/Effect$
25789292$Forbidden Chalice$Unlimited$SPELL$$$$$$$$$Quick-Play$$$Target 1 face-up monster on the field; until the end of this turn, that target gains 400 ATK, but its effects are negated.$$$$Effect$
27243130$Forbidden Lance$Unlimited$SPELL$$$$$$$$$Quick-Play$$$Target 1 face-up monster on the field; until the end of this turn, that target loses 800 ATK, but is unaffected by the effects of other Spells/Traps.$$$$Effect$
96864811$Forbidden Dress$Unlimited$SPELL$$$$$$$$$Quick-Play$$$Target 1 face-up monster on the field; until the end of this turn, that target loses 600 ATK, but cannot be targeted or destroyed by other card effects.$$$$Effect$
57103969$Fire Formation - Tenki$Semi-Limited$SPELL$$$$$$$$$Continuous$$$When this card is activated: You can add 1 Level 4 or lower Beast-Warrior monster from your Deck to your hand. All Beast-Warrior monsters you control gain 100 ATK. You can only activate 1 "Fire Formation - Tenki" per turn.$Beast-Warrior$$Adds from Deck to hand$Effect/Continuous-like/Condition$
77585513$Jinzo$Unlimited$DARK$[Machine/Effect]$$$$$6$2400$1500$$$$Trap Cards, and their effects on the field, cannot be activated. Negate all Trap effects on the field.$$$$Continuous$
71413901$Breaker the Magical Warrior$Unlimited$DARK$[Spellcaster/Effect]$$$$$4$1600$1000$$$$If this card is Normal Summoned: Place 1 Spell Counter on it (max. 1). Gains 300 ATK for each Spell Counter on it. You can remove 1 Spell Counter from this card, then target 1 Spell/Trap on the field; destroy that target.$$$Activates upon Normal Summon$Trigger/Continuous/Ignition$
70095154$Cyber Dragon$Unlimited$LIGHT$[Machine/Effect]$$$$$5$2100$1600$$$$If only your opponent controls a monster, you can Special Summon this card (from your hand).$$$Activates from your hand$Unclassified$
78004197$Goldd, Wu-Lord of Dark World$Unlimited$DARK$[Fiend/Effect]$$$$$5$2300$1400$$$$If this card is discarded to the Graveyard by a card effect: If it was discarded from your hand to your Graveyard by an opponent's card effect, you can target up to 2 cards your opponent controls; Special Summon this card from the Graveyard, then destroy those targets (if any).$$$Activates from your Graveyard$Trigger$
23995346$Blue-Eyes Ultimate Dragon$Unlimited$LIGHT$[Dragon/Fusion]$$$$$12$4500$3800$$$$"Blue-Eyes White Dragon" + "Blue-Eyes White Dragon" + "Blue-Eyes White Dragon"$$$$$
64599569$Chimeratech Overdragon$Unlimited$DARK$[Machine/Fusion/Effect]$$$$$9$?$?$$"Cyber Dragon" + 1+ Machine monsters$$Must be Fusion Summoned. If this card is Fusion Summoned: Send all other cards you control to the GY. The original ATK/DEF of this card each become equal to the number of Fusion Materials used for its Fusion Summon x 800. This card can attack your opponent's monsters a number of times each Battle Phase, up to the number of Fusion Materials used for its Fusion Summon.$Machine$$Activates upon Fusion Summon/Sends from your field to your Graveyard$Summon/Trigger/Continuous$
72302403$Swords of Revealing Light$Unlimited$SPELL$$$$$$$$$$$$After this card's activation, it remains on the field, but you must destroy it during the End Phase of your opponent's 3rd turn. When this card is activated: If your opponent controls a face-down monster, flip all monsters they control face-up. While this card is face-up on the field, your opponent's monsters cannot declare an attack.$$$Flips monsters face-up$Condition/Effect/Continuous-like$
32807846$Reinforcement of the Army$Limited$SPELL$$$$$$$$$$$$Add 1 Level 4 or lower Warrior monster from your Deck to your hand.$Warrior$$Adds from Deck to hand$Effect$
44095762$Mirror Force$Unlimited$TRAP$$$$$$$$$$$$When an opponent's monster declares an attack: Destroy all your opponent's Attack Position monsters.$$$Activates upon attack declaration$Activation requirement/Effect$
53582587$Torrential Tribute$Unlimited$TRAP$$$$$$$$$$$$When a monster(s) is Summoned: Destroy all monsters on the field.$$$$Activation requirement/Effect$
81059524$Des Volstgalph$Unlimited$EARTH$[Dragon/Effect]$$$$$6$2200$1700$$$$If this card destroys an opponent's monster by battle and sends it to the Graveyard: Inflict 500 damage to your opponent. Each time a Normal or Quick-Play Spell Card resolves, this card gains 200 ATK until the end of this turn.$Normal Spell Card/Quick-Play Spell Card$Normal Spell Card/Quick-Play Spell Card$Activates when it destroys a monster by battle$Trigger/Continuous$
73125233$Raiza the Storm Monarch$Unlimited$WIND$[Winged Beast/Effect]$$$$$6$2400$1000$$$$If this card is Tribute Summoned: Target 1 card on the field; place that target on the top of the Deck.$$$Activates upon Tribute Summon/Returns from field to Deck$Trigger$
04906301$Necro Gardna$Unlimited$DARK$[Warrior/Effect]$$$$$3$600$1300$$$$During your opponent's turn: You can banish this card from your Graveyard; negate the next attack this turn from a monster your opponent controls (this is a Quick Effect).$$$Activates from your Graveyard$Quick$
65192027$Dark Armed Dragon$Unlimited$DARK$[Dragon/Effect]$$$$$7$2800$1000$$$$Cannot be Normal Summoned/Set. Must be Special Summoned (from your hand) by having exactly 3 DARK monsters in your GY. You can banish 1 DARK monster from your GY, then target 1 card on the field; destroy that target.$DARK$$$Summon/Ignition$
12298909$Prime Material Dragon$Unlimited$LIGHT$[Dragon/Effect]$$$$$6$2400$2000$$$$Any effect that would inflict damage to a player increases their Life Points by the same amount, instead. During either player's turn, when a card or effect is activated that would destroy a monster(s) on the field: You can send 1 card from your hand to the Graveyard; negate the activation, and if you do, destroy it.$$$Sends from your hand to your Graveyard/Sends from hand to Graveyard for cost$Continuous/Quick$
09748752$Caius the Shadow Monarch$Unlimited$DARK$[Fiend/Effect]$$$$$6$2400$1000$$$$If this card is Tribute Summoned: Target 1 card on the field; banish that target, and if you do, inflict 1000 damage to your opponent if it is a DARK monster.$DARK$DARK$Activates upon Tribute Summon$Trigger$
37520316$Mind Control$Unlimited(OCG)$SPELL$$$$$$$$$$$$Target 1 monster your opponent controls; until the End Phase, take control of that target, but it cannot declare an attack or be Tributed.$$$Changes control/Cannot be Tributed$Effect$
75500286$Gold Sarcophagus$Limited$SPELL$$$$$$$$$$$$Banish 1 card from your Deck, face-up. During your 2nd Standby Phase after this card's activation, add that card to the hand.$$$Adds banished cards to the hand$Effect/Lingering$
29401950$Bottomless Trap Hole$Unlimited$TRAP$$$$$$$$$$$$When your opponent Summons a monster(s) with 1500 or more ATK: Destroy that monster(s) with 1500 or more ATK, and if you do, banish it.$$$$Activation requirement/Effect$
63356631$Phoenix Wing Wind Blast$Unlimited$TRAP$$$$$$$$$$$$Discard 1 card, then target 1 card your opponent controls; place that target on the top of the Deck.$$$Discards for cost/Returns from your opponent's field to your opponent's Deck$Cost/Effect$
20586572$Exploder Dragon$Unlimited$EARTH$[Dragon/Effect]$$$$$3$1000$0$$$$If this card is destroyed by battle and sent to the GY: Destroy the monster that destroyed it. Neither player takes any battle damage from attacks involving this attacking card.$$$Activates if destroyed by battle/Activates from your Graveyard$Trigger/Continuous$
57774843$Judgment Dragon$Unlimited$LIGHT$[Dragon/Effect]$$$$$8$3000$2600$$$$Cannot be Normal Summoned/Set. Must be Special Summoned (from your hand) by having 4 or more "Lightsworn" monsters with different names in your GY. You can pay 1000 LP; destroy all other cards on the field. Once per turn, during your End Phase: Send the top 4 cards of your Deck to the GY.$Supports archetypes /Lightsworn$$Sends from the top of your Deck to your Graveyard$Summon/Ignition/Trigger$
92826944$Mezuki$Unlimited$EARTH$[Zombie/Effect]$$$$$4$1700$800$$$$You can banish this card from your GY, then target 1 Zombie monster in your GY; Special Summon that target.$Zombie$$Activates from your Graveyard$Ignition$
33420078$Plaguespreader Zombie$Unlimited$DARK$[Zombie/Tuner/Effect]$$$$$2$400$200$$$$If this card is in your GY: You can place 1 card from your hand on the top of the Deck; Special Summon this card, but banish it when it leaves the field.$$$Returns from hand to Deck for cost/Activates from your Graveyard$Ignition$
71564252$Thunder King Rai-Oh$Unlimited$LIGHT$[Thunder/Effect]$$$$$4$1900$800$$$$Neither player can add cards from their Deck to their hand except by drawing them. During either player's turn, when your opponent would Special Summon exactly 1 monster: You can send this face-up card to the Graveyard; negate the Special Summon, and if you do, destroy it.$$$Prevents adding cards from Deck to hand/Sends itself from field to Graveyard for cost$Continuous/Quick$
44508094$Stardust Dragon$Unlimited$WIND$[Dragon/Synchro/Effect]$$$$$8$2500$2000$$1 Tuner + 1+ non-Tuner monsters$$When a card or effect is activated that would destroy a card(s) on the field (Quick Effect): You can Tribute this card; negate the activation, and if you do, destroy it. During the End Phase, if this effect was activated this turn (and was not negated): You can Special Summon this card from your GY.$$$Tributes itself for cost$Quick/Trigger$
69031175$Blackwing Armor Master$Unlimited$DARK$[Winged Beast/Synchro/Effect]$$$$$7$2500$1500$$1 "Blackwing" Tuner + 1 or more non-Tuner monsters$$Cannot be destroyed by battle, and you take no battle damage from attacks involving this card. At the end of the Damage Step, if this card attacked a monster: You can place 1 Wedge Counter on that monster (max. 1). You can remove all Wedge Counters from your opponent's monsters; the ATK and DEF of those monsters that had Wedge Counters become 0 until the end of this turn.$Supports archetypes /Blackwing$$$Continuous/Trigger/Ignition$
76913983$Blackwing Armed Wing$Unlimited$DARK$[Winged Beast/Synchro/Effect]$$$$$6$2300$1000$$1 "Blackwing" Tuner + 1+ non-Tuner monsters$$If this card attacks a Defense Position monster, it gains 500 ATK during the Damage Step only, also inflict piercing battle damage.$Supports archetypes /Blackwing$$$Continuous$
05318639$Mystical Space Typhoon$Unlimited$SPELL$$$$$$$$$Quick-Play$$$Target 1 Spell/Trap on the field; destroy that target.$$$$Effect$
53567095$Icarus Attack$Unlimited$TRAP$$$$$$$$$$$$Tribute 1 Winged Beast monster, then target 2 cards on the field; destroy them.$Winged Beast$$Tributes for cost$Cost/Effect$
33508719$Morphing Jar$Limited$EARTH$[Rock/Flip/Effect]$$$$$2$700$600$$$$FLIP: Both players discard as many cards as possible from their hands, then each player draws 5 cards.$$$Discards for effect/You draw cards/Your opponent draws cards$Flip$
24317029$Gravekeeper's Spy$Unlimited$DARK$[Spellcaster/Flip/Effect]$$$$$4$1200$2000$$$$FLIP: Special Summon 1 "Gravekeeper's" monster with 1500 or less ATK from your Deck.$Supports archetypes /Gravekeeper's$$Activates upon being flipped face-up$Flip$
23205979$Spirit Reaper$Unlimited$DARK$[Zombie/Effect]$$$$$3$300$200$$$$Cannot be destroyed by battle. After resolving a card effect that targets this face-up card, destroy this card. When this card inflicts Battle Damage to your opponent by a direct attack: Discard 1 random card from their hand.$$$Activates when it inflicts battle damage/Your opponent discards$Continuous/Trigger$
09596126$Chaos Sorcerer$Unlimited$DARK$[Spellcaster/Effect]$$$$$6$2300$2000$$$$Cannot be Normal Summoned/Set. Must first be Special Summoned (from your hand) by banishing 1 LIGHT and 1 DARK monster from your GY. Once per turn: You can target 1 face-up monster on the field; banish that target. This card cannot attack the turn you activate this effect.$$$$Summon/Ignition/Condition$
72989439$Black Luster Soldier - Envoy of the Beginning$Unlimited$LIGHT$[Warrior/Effect]$$$$$8$3000$2500$$$$Cannot be Normal Summoned/Set. Must first be Special Summoned (from your hand) by banishing 1 LIGHT and 1 DARK monster from your GY. Once per turn, you can activate 1 of these effects.●Target 1 monster on the field; banish it. This card cannot attack the turn this effect is activated.●If this attacking card destroys an opponent's monster by battle: It can make a second attack in a row.$LIGHT/DARK$$Activates when it destroys a monster by battle$Summon/Condition/Ignition/Trigger$
21502796$Ryko, Lightsworn Hunter$Unlimited$LIGHT$[Beast/Flip/Effect]$$$$$2$200$100$$$$FLIP: Apply these effects (simultaneously).●You can destroy 1 card on the field.●Send the top 3 cards of your Deck to the GY.$$$Sends from the top of your Deck to your Graveyard$Flip$
94381039$Celestia, Lightsworn Angel$Unlimited$LIGHT$[Fairy/Effect]$$$$$5$2300$200$$$$When you Tribute Summon this card by Tributing a "Lightsworn" monster: You can send the top 4 cards of your Deck to the GY, then target up to 2 cards your opponent controls; destroy those targets.$Supports archetypes /Lightsworn$$Activates upon Tribute Summon/Sends from the top of your Deck to your Graveyard for cost$Trigger$
11819616$Tytannial, Princess of Camellias$Unlimited$WIND$[Plant/Effect]$$$$$8$2800$2600$$$$When a card or effect is activated that targets a card(s) on the field (Quick Effect): You can Tribute 1 face-up Plant monster; negate the activation, and if you do, destroy it.$Plant$$Tributes for cost$Quick$
00423585$Summoner Monk$Unlimited$DARK$[Spellcaster/Effect]$$$$$4$800$1600$$$$While this card is face-up on the field, it cannot be Tributed. If this card is Normal or Flip Summoned: Change this card to Defense Position. Once per turn: You can discard 1 Spell; Special Summon 1 Level 4 monster from your Deck, but that monster cannot attack this turn.$$$Activates upon Normal Summon/Activates upon Flip Summon/Cannot be Tributed/Changes battle positions/Discards for cost$Continuous/Trigger/Ignition$
59616123$Trap Stun$Unlimited$TRAP$$$$$$$$$$$$Negate all other Trap effects on the field this turn.$$$$Effect$
