Passcode$Name$Status$Attribute$type$link$link_arrows$rank$pendulum_scale$level$attack$defense$spell_attribute$summoning_condition$pendulum_condition$card_text$card_supports$card_anti_supports$card_actions$effect_types$
65612386$Angmarl the Fiendish Monarch$Unlimited$DARK$[Fiend/Effect]$$$$$6$2400$1000$$$$When this card is Tribute Summoned: You can banish 1 Spell Card from your Graveyard; add 1 card with the same name as the banished Spell Card from your Deck to your hand.$$$Activates upon Tribute Summon/Adds from Deck to hand$Trigger$
01006081$Junk Changer$Unlimited$EARTH$[Warrior/Tuner/Effect]$$$$$3$1500$900$$$$You can only use the following effect of "Junk Changer" once per turn. If this card is Normal or Special Summoned: You can target 1 "Junk" monster on the field, then activate 1 of these effects;●Increase its Level by 1.●Reduce its Level by 1.$Supports archetypes /Junk$$Activates upon Normal Summon/Activates upon Special Summon$Condition/Trigger$
38491199$Junkuriboh$Unlimited$EARTH$[Machine/Effect]$$$$$1$300$200$$$$When your opponent activates a card or effect that would inflict damage to you (Quick Effect): You can send this card from your hand or field to the GY; negate the activation, and if you do, destroy that card.$$$Sends itself from hand to Graveyard for cost/Sends itself from field to Graveyard for cost$Quick$
35058857$Magical King Moonstar$Unlimited$DARK$[Fiend/Effect]$$$$$3$900$600$$$$Cannot be used as a Synchro Material, except for the Synchro Summon of a DARK Synchro Monster. If you control a Tuner monster, you can Special Summon this card (from your hand). If this card is Normal or Special Summoned: You can target 1 other monster you control or in your Graveyard; until the end of this turn, this card's Level becomes the same as that monster's, also you cannot Special Summon, except by Synchro Summon.$Tuner monster/DARK/Synchro Monster$$Activates upon Normal Summon/Activates upon Special Summon$Condition/Summon/Trigger$
64880894$Stardust Charge Warrior$Unlimited$WIND$[Warrior/Synchro/Effect]$$$$$6$2000$1300$$1 Tuner + 1+ non-Tuner monsters$$When this card is Synchro Summoned: You can draw 1 card. You can only use this effect of "Stardust Charge Warrior" once per turn. This card can attack all Special Summoned monsters your opponent controls, once each.$$$Activates upon Synchro Summon/You draw cards$Trigger/Condition/Continuous$
90884403$Phantasmal Lord Ultimitl Bishbaalkin$Unlimited$DARK$[Dragon/Synchro/Effect]$$$$$0$0$0$$(This card's original Level is always treated as 12.)$$Cannot be Synchro Summoned. Must be Special Summoned (from your Extra Deck) by sending 2 Level 8 or higher monsters you control with the same Level to the Graveyard (1 Tuner and 1 non-Tuner), and cannot be Special Summoned by other ways. Cannot be destroyed by card effects. This card gains 1000 ATK for each monster on the field. Once per turn, during either player's Main Phase: You can Special Summon the same number of "Utchatzimime Tokens" (Fiend-Type/DARK/Level 1/ATK 0/DEF 0) on each player's field in Defense Position, so as to Summon as many as possible, also this card cannot attack for the rest of this turn.$$$Sends from your field to your Graveyard$Condition/Summon/Continuous/Quick$
37279508$Number 37: Hope Woven Dragon Spider Shark$Unlimited$WATER$[Sea Serpent/Xyz/Effect]$$$4$$$2600$2100$$2 Level 4 WATER monsters$$When any player's monster declares an attack: You can detach 1 Xyz Material from this card; all monsters your opponent currently controls lose 1000 ATK until the end of this turn. When this card is destroyed by battle or card effect and sent to the Graveyard: You can target 1 other monster in your Graveyard; Special Summon it. You can only use each effect of "Number 37: Hope Woven Dragon Spider Shark" once per turn.$WATER$$Activates upon attack declaration/Activates from your Graveyard$Trigger/Condition$
63767246$Number 38: Hope Harbinger Dragon Titanic Galaxy$Unlimited$LIGHT$[Dragon/Xyz/Effect]$$$8$$$3000$2500$$2 Level 8 monsters$$Once per turn, when a Spell Card or effect is activated on the field (Quick Effect): You can negate that effect, and if you do, attach that card to this card as material. When an opponent's monster declares an attack: You can detach 1 material from this card; change the attack target to this card and perform damage calculation. If another face-up Xyz Monster(s) you control is destroyed by battle or card effect: You can target 1 face-up Xyz Monster you control; it gains ATK equal to 1 of those destroyed monster's original ATK.$Xyz Monster$$Attaches as Xyz Material/Activates upon attack declaration/Exchanges cards$Quick/Trigger$
90162951$Number 35: Ravenous Tarantula$Unlimited$DARK$[Insect/Xyz/Effect]$$$10$$$0$0$$2 Level 10 monsters$$All monsters you control gain ATK and DEF equal to the difference between your LP and your opponent's. While this card has Xyz Material, each time your opponent Special Summons a monster(s), inflict 600 damage to your opponent. Once per turn: You can detach 1 Xyz Material from this card; destroy all face-up monsters your opponent controls with ATK less than or equal to this card's.$$$Applies effects if Xyz Material is attached$Continuous/Ignition$
26556950$Number 84: Pain Gainer$Unlimited$DARK$[Insect/Xyz/Effect]$$$11$$$0$0$$2 Level 11 monsters$$You can also Xyz Summon this card by using a Rank 8, 9, or 10 DARK Xyz Monster you control with 2 or more Xyz Materials as the Xyz Material. (Xyz Materials attached to that monster also become Xyz Materials on this card.) This card gains DEF equal to the combined Ranks of all Xyz Monsters you control x 200. While this card has Xyz Material, each time your opponent activates a Spell/Trap Card, inflict 600 damage to your opponent immediately after it resolves. Once per turn: You can detach 1 Xyz Material from this card; destroy all face-up monsters your opponent controls with DEF less than or equal to this card's.$DARK/Xyz Monster$$Transfers/Applies effects if Xyz Material is attached$Summon/Continuous/Ignition$
62541668$Number 77: The Seven Sins$Unlimited$DARK$[Fiend/Xyz/Effect]$$$12$$$4000$3000$$2 Level 12 monsters$$You can also Xyz Summon this card by using a Rank 10 or 11 DARK Xyz Monster you control as the Xyz Material. (Xyz Materials attached to that monster also become Xyz Materials on this card.) If Summoned this way, the following effect cannot be activated this turn. Once per turn: You can detach 2 Xyz Materials from this card; banish as many Special Summoned monsters your opponent controls as possible, then attach 1 of those banished monsters to this card as Xyz Material. If this face-up card on the field would be destroyed by battle or card effect, you can detach 1 Xyz Material from this card instead.$DARK/Xyz Monster$$Transfers/Detaches multiple Xyz Materials as cost/Attaches your opponent's banished cards as Xyz Material/Exchanges cards/Detaches Xyz Materials for effect$Summon/Condition/Ignition/Continuous$
99940363$Frost Blast of the Monarchs$Unlimited$SPELL$$$$$$$$$$$$If you control a monster with 2400 or more ATK and 1000 DEF: Target 1 Set card on the field; destroy it. You can banish this card and 1 "Monarch" Spell/Trap Card from your Graveyard, then target 1 Set card on the field; destroy it.$Supports archetypes /Monarch $$Activates from your Graveyard$Activation requirement/Effect/Ignition-like$
25334372$Tsukumo Slash$Unlimited$SPELL$$$$$$$$$Quick-Play$$$If a monster you control attacks a monster whose ATK is higher than itself during damage calculation: Your battling monster gains ATK equal to the difference between your LP and your opponent's, during that damage calculation only. You can only activate 1 "Tsukumo Slash" per turn.$$$$Activation requirement/Effect/Condition$
62829077$Shining Hope Road$Unlimited$SPELL$$$$$$$$$$$$Target 3 monsters in your Graveyard; Special Summon all 3, but their effects are negated. Immediately after this effect resolves, Xyz Summon 1 "Utopia" or "Utopic" Xyz Monster using only those 3 monsters. You cannot Special Summon other monsters during the turn you activate this card.$Supports archetypes /Utopia /Utopic$$$Activation requirement/Effect/Condition$
98827725$The Phantom Knights of Shade Brigandine$Unlimited$TRAP$$$$$$$$$$$$Special Summon this card in Defense Position as a Normal Monster (Warrior/DARK/Level 4/ATK 0/DEF 300). (This card is NOT treated as a Trap.) If you have no Traps in your GY, you can activate this card the turn it was Set. You can only activate 1 "The Phantom Knights of Shade Brigandine" per turn.$$$$Effect/Condition$
24212820$The Phantom Knights of Dark Gauntlets$Unlimited$TRAP$$$$$$$$$$$$Send 1 "Phantom Knights" Spell/Trap from your Deck to the GY. When an opponent's monster declares a direct attack while you control no cards and this card is in your GY: Special Summon this card in Defense Position as an Effect Monster (Warrior/DARK/Level 4/ATK 300/DEF 600), but banish it when it leaves the field. (This card is NOT treated as a Trap.) If Summoned this way, this card gains 300 DEF for each "Phantom Knights" Spell/Trap in your GY.$Supports archetypes /Phantom Knights$$Sends from your Deck to your Graveyard/Activates upon attack declaration/Activates from your Graveyard$Effect/Trigger-like/Condition/Continuous-like$
51606429$The Phantom Knights of Tomb Shield$Unlimited$TRAP$$$$$$$$$$$$Special Summon this card in Attack Position as a Normal Monster (Warrior/DARK/Level 3/ATK 0/DEF 0). (This card is NOT treated as a Trap.) During your turn, except the turn this card was sent to the GY: You can banish this card from your GY, then target 1 face-up Trap your opponent controls; negate its effects until the end of this turn.$$$Activates from your Graveyard$Effect/Quick-like$
97001138$Dark Advance$Unlimited$TRAP$$$$$$$$$$$$During either player's Main Phase or Battle Phase: Target 1 monster in your Graveyard with 2400 or more ATK and 1000 DEF; add it to your hand, then immediately after this effect resolves, you can Tribute Summon 1 monster with 2400 or more ATK and 1000 DEF in face-up Attack Position. You can only activate 1 "Dark Advance" per turn.$$$Adds from Graveyard to hand$Activation requirement/Effect/Condition$
24590232$King's Consonance$Unlimited$TRAP$$$$$$$$$$$$When an opponent's monster declares a direct attack: Negate the attack, then you can apply the rest of this card's effect. Banish 1 Tuner monster and any number of non-Tuner monsters from your Graveyard, whose total Levels equal 8 or less, and if you do, Special Summon from your Extra Deck 1 Synchro Monster whose Level equals the total Levels of those banished monsters. (This Special Summon is treated as a Synchro Summon.)$Tuner monster/Synchro Monster$$Activates upon attack declaration$Activation requirement/Effect$
50584941$Red Supremacy$Unlimited$TRAP$$$$$$$$$$$$Banish 1 "Red Dragon Archfiend" Synchro Monster from your Graveyard, then target 1 "Red Dragon Archfiend" Synchro Monster you control; its name becomes the banished monster's original name, and replace its effects with the banished monster's original effects.$Supports archetypes /Red Dragon Archfiend $$$Cost/Effect$
27552504$Beatrice, Lady of the Eternal$Unlimited(OCG)$LIGHT$[Fairy/Xyz/Effect]$$$6$$$2500$2800$$2 Level 6 monsters$$You can also Xyz Summon this card by sending 1 "Burning Abyss" monster from your hand to the GY, then using 1 "Dante" monster you control as material. (Transfer its materials to this card.) If Summoned this way, the following effect cannot be activated this turn. Once per turn (Quick Effect): You can detach 1 material from this card; send 1 card from your Deck to the GY. If this card in your possession is destroyed by your opponent's card and sent to your GY: You can Special Summon 1 "Burning Abyss" monster from your Extra Deck, ignoring its Summoning conditions.$Supports archetypes /Burning Abyss/Dante$$Sends from hand to Graveyard for cost/Transfers/Sends from Deck to Graveyard/Activates if destroyed by battle/Activates if destroyed by card effect/Activates from your Graveyard$Summon/Condition/Quick/Trigger$
68535320$Fire Hand$Unlimited$FIRE$[Pyro/Effect]$$$$$4$1600$1000$$$$When this card in your possession is destroyed by your opponent's card and sent to your GY: You can target 1 monster they control; destroy that target, then you can Special Summon 1 "Ice Hand" from your Deck.$Ice Hand$$$Trigger$
95929069$Ice Hand$Unlimited$WATER$[Aqua/Effect]$$$$$4$1400$1600$$$$When this card in your possession is destroyed by your opponent's card and sent to your GY: You can target 1 Spell/Trap they control; destroy that target, then you can Special Summon 1 "Fire Hand" from your Deck.$Fire Hand$$$Trigger$
31061682$Kozmo Farmgirl$Unlimited$LIGHT$[Psychic/Effect]$$$$$3$1500$1000$$$$During either player's turn: You can banish this card; Special Summon 1 Level 4 or higher "Kozmo" monster from your hand. You can only use this effect of "Kozmo Farmgirl" once per turn. When this card inflicts battle damage to your opponent: You can pay 500 LP; add 1 "Kozmo" card from your Deck to your hand.$Supports archetypes /Kozmo$$Adds from Deck to hand$Quick/Condition/Trigger$
67050396$Kozmo Goodwitch$Unlimited$LIGHT$[Psychic/Effect]$$$$$4$1800$1000$$$$During either player's turn: You can banish this card; Special Summon 1 Level 5 or higher "Kozmo" monster from your hand. You can only use this effect of "Kozmo Goodwitch" once per turn. Once per turn: You can pay 500 LP, then target 1 face-up monster your opponent controls; change it to face-down Defense Position.$Supports archetypes /Kozmo$$Flips monsters face-down/Changes battle positions$Quick/Condition/Ignition$
94454495$Kozmo Sliprider$Unlimited$LIGHT$[Machine/Effect]$$$$$5$2300$800$$$$If this card is Normal or Special Summoned: You can target 1 Spell/Trap Card on the field; destroy it. If this card is destroyed by battle or card effect and sent to the Graveyard: You can banish this card from your Graveyard; Special Summon 1 Level 4 or lower "Kozmo" monster from your Deck.$Supports archetypes /Kozmo$$Activates upon Normal Summon/Activates upon Special Summon/Activates from your Graveyard$Trigger$
20849090$Kozmo Forerunner$Unlimited$LIGHT$[Machine/Effect]$$$$$7$2800$1400$$$$Cannot be targeted by an opponent's card effects. During your Standby Phase: Gain 1000 LP. If this card is destroyed by battle or card effect and sent to the Graveyard: You can banish this card from your Graveyard; Special Summon 1 Level 6 or lower "Kozmo" monster from your Deck.$Supports archetypes /Kozmo$$Activates from your Graveyard$Continuous/Trigger$
56907986$Kozmo Strawman$Unlimited$LIGHT$[Psychic/Effect]$$$$$2$500$1800$$$$During either player's turn: You can banish this card; Special Summon 1 Level 3 or higher "Kozmo" monster from your hand. You can only use this effect of "Kozmo Strawman" once per turn. Once per turn: You can pay 500 LP, then target 1 of your banished "Kozmo" monsters; Special Summon it, but its effects are negated, also destroy it during the End Phase.$Supports archetypes /Kozmo$$$Quick/Condition/Ignition$
93302695$Kozmoll Wickedwitch$Unlimited$DARK$[Psychic/Effect]$$$$$4$1900$300$$$$During either player's turn: You can banish this card; Special Summon 1 Level 5 or higher "Kozmo" monster from your hand. You can only use this effect of "Kozmoll Wickedwitch" once per turn. Once per turn, during either player's turn: You can pay 1000 LP; this turn, this card cannot be destroyed by battle or card effects.$Supports archetypes /Kozmo$$$Quick/Condition$
29491334$Kozmo DOG Fighter$Unlimited$DARK$[Machine/Effect]$$$$$6$2000$2400$$$$Once per turn, during the Standby Phase: You can Special Summon 1 "DOG Fighter Token" (Machine-Type/DARK/Level 6/ATK 2000/DEF 2400). If this card is destroyed by battle or card effect and sent to the Graveyard: You can banish this card from your Graveyard; Special Summon 1 Level 5 or lower "Kozmo" monster from your Deck.$Supports archetypes /Kozmo$$Activates from your Graveyard$Trigger$
55885348$Kozmo Dark Destroyer$Unlimited$DARK$[Machine/Effect]$$$$$8$3000$1800$$$$If this card is Normal or Special Summoned: You can target 1 monster on the field; destroy it. Your opponent cannot target this card with card effects. If this card is destroyed by battle or card effect and sent to the GY: You can banish this card from your GY; Special Summon 1 Level 7 or lower "Kozmo" monster from your Deck.$Supports archetypes /Kozmo$$Activates if destroyed by battle/Activates if destroyed by card effect/Activates from your Graveyard$Trigger/Continuous$
67237709$Kozmotown$Unlimited$SPELL$$$$$$$$$Field$$$Once per turn: You can target 1 of your banished "Kozmo" monsters; return it to the hand, and if you do, lose LP equal to its original Level x 100. Once per turn: You can reveal any number of "Kozmo" monsters in your hand and shuffle them into the Deck, then draw cards equal to the number of cards you shuffled into the Deck. If this card in the Field Zone is destroyed by a card effect: You can add 1 "Kozmo" card from your Deck to your hand.$Supports archetypes /Kozmo$$Adds banished cards to the hand/Reveals your hand for effect/Returns from your hand to your Deck/You draw cards/Activates from your Graveyard/Adds from Deck to hand$Ignition-like/Trigger-like$
82270047$Kozmo Lightsword$Unlimited$SPELL$$$$$$$$$Equip$$$Equip only to a Psychic-Type "Kozmo" monster. It gains 500 ATK and DEF, it can make up to 2 attacks on monsters during each Battle Phase, also if it attacks a Defense Position monster, inflict piercing battle damage to your opponent. If this card is sent from the field to the Graveyard: You can pay 800 LP; add this card to your hand. You can only use this effect of "Kozmo Lightsword" once per turn.$Supports archetypes /Kozmo$$Activates from your Graveyard/Returns itself from Graveyard to hand$Condition/Continuous-like/Trigger-like$
98069388$Horn of Heaven$Unlimited$TRAP$$$$$$$$$Counter$$$When a monster(s) would be Summoned: Tribute 1 monster; negate the Summon, and if you do, destroy that monster(s).$$$Tributes for cost$Activation requirement/Cost/Effect$
50323155$Black Horn of Heaven$Unlimited$TRAP$$$$$$$$$Counter$$$When your opponent would Special Summon exactly 1 monster: Negate the Special Summon, and if you do, destroy it.$$$$Activation requirement/Effect$
99590524$Treacherous Trap Hole$Unlimited$TRAP$$$$$$$$$$$$If you have no Trap Cards in your Graveyard: Target 2 monsters on the field; destroy those targets.$$$$Activation requirement/Effect$
28654932$Deep Dark Trap Hole$Unlimited$TRAP$$$$$$$$$$$$When a Level 5 or higher Effect Monster(s) is Special Summoned: Banish that Level 5 or higher Effect Monster(s).$$Effect Monster$Activates upon Special Summon$Activation requirement/Effect$
01005587$Void Trap Hole$Unlimited$TRAP$$$$$$$$$$$$When your opponent Special Summons a monster(s) with 2000 or more ATK: Negate the effects of 1 of those monsters with 2000 or more ATK, and if you do, destroy it.$$$$Activation requirement/Effect$
02055403$Time-Space Trap Hole$Unlimited$TRAP$$$$$$$$$$$$When your opponent Special Summons a monster(s) from the hand or Extra Deck: Shuffle that monster(s) into the Deck, then you lose 1000 LP for each returned monster.$$$Returns from field to Deck/Returns from field to Extra Deck$Activation requirement/Effect$
01637760$Grand Horn of Heaven$Unlimited$TRAP$$$$$$$$$Counter$$$During your opponent's Main Phase, when they would Special Summon a monster(s): Negate the Summon, and if you do, destroy that monster, then your opponent draws 1 card, then end the Main Phase.$$$Your opponent draws cards/Ends the Main Phase$Activation requirement/Effect$
69512157$Vector Pendulum, the Dracoverlord$Unlimited$DARK$[Dragon/Pendulum/Normal]$$$$3$4$1850$0$$$Negate all card effects in your opponent's Pendulum Zones.$This Overlord overran an entire world with his army of Dracofiends, using his Dragon Alchemy to convert all life into his terrible minions. The source of this power is unidentified, and probably extra-dimensional.$$$$Pendulum Effect /Continuous-like$
23434538$Maxx "C"$Unlimited(OCG)$EARTH$[Insect/Effect]$$$$$2$500$200$$$$During either player's turn: You can send this card from your hand to the Graveyard; this turn, each time your opponent Special Summons a monster(s), immediately draw 1 card. You can only use 1 "Maxx "C"" per turn.$$$Sends itself from hand to Graveyard for cost/You draw cards$Quick/Condition$
84764038$Scarm, Malebranche of the Burning Abyss$Unlimited$DARK$[Fiend/Effect]$$$$$3$800$2000$$$$If you control a monster that is not a "Burning Abyss" monster, destroy this card. You can only use 1 of these effects of "Scarm, Malebranche of the Burning Abyss" per turn, and only once that turn.●If you control no Spell/Trap Cards: You can Special Summon this card from your hand.●During the End Phase, if this card is in the Graveyard because it was sent there this turn: You can add 1 Level 3 DARK Fiend-Type monster from your Deck to your hand, except "Scarm, Malebranche of the Burning Abyss".$Supports archetypes /Burning Abyss$$Activates from your Graveyard/Adds from Deck to hand$Continuous/Condition/Ignition/Trigger$
20758643$Graff, Malebranche of the Burning Abyss$Unlimited$DARK$[Fiend/Effect]$$$$$3$1000$1500$$$$If you control a monster that is not a "Burning Abyss" monster, destroy this card. You can only use 1 of these effects of "Graff, Malebranche of the Burning Abyss" per turn, and only once that turn.●If you control no Spell/Trap Cards: You can Special Summon this card from your hand.●If this card is sent to the Graveyard: You can Special Summon 1 "Burning Abyss" monster from your Deck, except "Graff, Malebranche of the Burning Abyss".$Supports archetypes /Burning Abyss$$Activates from your Graveyard$Continuous/Condition/Ignition/Trigger$
57143342$Cir, Malebranche of the Burning Abyss$Unlimited$DARK$[Fiend/Effect]$$$$$3$1600$1200$$$$If you control a monster that is not a "Burning Abyss" monster, destroy this card. You can only use 1 of these effects of "Cir, Malebranche of the Burning Abyss" per turn, and only once that turn.●If you control no Spell/Trap Cards: You can Special Summon this card from your hand.●If this card is sent to the Graveyard: You can target 1 "Burning Abyss" monster in your Graveyard, except "Cir, Malebranche of the Burning Abyss"; Special Summon it.$Supports archetypes /Burning Abyss$$Activates from your Graveyard$Continuous/Condition/Ignition/Trigger$
00734741$Rubic, Malebranche of the Burning Abyss$Unlimited$DARK$[Fiend/Tuner/Effect]$$$$$3$100$2100$$$$If you control a monster that is not a "Burning Abyss" monster, destroy this card. Cannot be used as a Synchro Material, except for the Synchro Summon of a "Burning Abyss" Synchro Monster. If you control no Spell/Trap Cards: You can Special Summon this card from your hand. You can only use this effect of "Rubic, Malebranche of the Burning Abyss" once per turn.$Supports archetypes /Burning Abyss$$$Continuous/Condition/Ignition$
47728740$Alich, Malebranche of the Burning Abyss$Unlimited$DARK$[Fiend/Effect]$$$$$3$1200$0$$$$If you control a monster that is not a "Burning Abyss" monster, destroy this card. You can only use 1 of these effects of "Alich, Malebranche of the Burning Abyss" per turn, and only once that turn.●If you control no Spell/Trap Cards: You can Special Summon this card from your hand.●If this card is sent to the Graveyard: You can target 1 face-up monster on the field; negate its effects until the end of this turn.$Supports archetypes /Burning Abyss$$Activates from your hand/Activates from your Graveyard$Continuous/Condition/Ignition/Trigger$
73213494$Calcab, Malebranche of the Burning Abyss$Unlimited$DARK$[Fiend/Effect]$$$$$3$1400$0$$$$If you control a monster that is not a "Burning Abyss" monster, destroy this card. You can only use 1 of these effects of "Calcab, Malebranche of the Burning Abyss" per turn, and only once that turn.●If you control no Spell/Trap Cards: You can Special Summon this card from your hand.●If this card is sent to the Graveyard: You can target 1 Set Spell/Trap Card on the field; return that target to the hand.$Supports archetypes /Burning Abyss$$Activates from your Graveyard/Returns from field to hand$Continuous/Condition/Ignition/Trigger$
36553319$Farfa, Malebranche of the Burning Abyss$Unlimited$DARK$[Fiend/Effect]$$$$$3$1000$1900$$$$If you control a monster that is not a "Burning Abyss" monster, destroy this card. You can only use 1 of these effects of "Farfa, Malebranche of the Burning Abyss" per turn, and only once that turn.●If you control no Spells/Traps: You can Special Summon this card from your hand.●If this card is sent to the GY: You can target 1 monster on the field; banish it until the End Phase.$Supports archetypes /Burning Abyss$$Activates from your Graveyard/Returns banished cards to the field$Continuous/Condition/Ignition/Trigger$
62957424$Libic, Malebranche of the Burning Abyss$Unlimited$DARK$[Fiend/Effect]$$$$$3$1300$700$$$$If you control a monster that is not a "Burning Abyss" monster, destroy this card. You can only use 1 of these effects of "Libic, Malebranche of the Burning Abyss" per turn, and only once that turn.●If you control no Spell/Trap Cards: You can Special Summon this card from your hand.●If this card is sent to the Graveyard: You can Special Summon 1 Level 3 DARK Fiend-Type monster from your hand, but its effects are negated.$Supports archetypes /Burning Abyss$$Activates from your hand/Activates from your Graveyard$Continuous/Condition/Ignition/Trigger$
09342162$Cagna, Malebranche of the Burning Abyss$Unlimited$DARK$[Fiend/Effect]$$$$$3$1500$300$$$$If you control a monster that is not a "Burning Abyss" monster, destroy this card. You can only use 1 of these effects of "Cagna, Malebranche of the Burning Abyss" per turn, and only once that turn.●If you control no Spell/Trap Cards: You can Special Summon this card from your hand.●If this card is sent to the Graveyard: You can send 1 "Burning Abyss" Spell/Trap Card from your Deck to the Graveyard.$Supports archetypes /Burning Abyss$$Activates from your Graveyard/Sends from your Deck to your Graveyard$Continuous/Condition/Ignition/Trigger$
59438930$Ghost Ogre & Snow Rabbit$Unlimited$LIGHT$[Psychic/Tuner/Effect]$$$$$3$0$1800$$$$When a monster on the field activates its effect, or when a Spell/Trap that is already face-up on the field activates its effect (Quick Effect): You can send this card from your hand or field to the GY; destroy that card on the field. You can only use this effect of "Ghost Ogre & Snow Rabbit" once per turn.$$$Sends itself from hand to Graveyard for cost/Sends itself from field to Graveyard for cost$Quick/Condition$
45593826$Draghig, Malebranche of the Burning Abyss$Unlimited$DARK$[Fiend/Effect]$$$$$3$1100$900$$$$If you control a monster that is not a "Burning Abyss" monster, destroy this card. You can only use 1 of these effects of "Draghig, Malebranche of the Burning Abyss" per turn, and only once that turn.●If you control no Spell/Trap Cards: You can Special Summon this card from your hand.●If this card is sent to the Graveyard: You can choose 1 "Burning Abyss" card from your Deck and place it on top of your Deck.$Supports archetypes /Burning Abyss$$Activates from your Graveyard/Places cards from your Deck on the top of the Deck$Continuous/Condition/Ignition/Trigger$
81992475$Barbar, Malebranche of the Burning Abyss$Unlimited$DARK$[Fiend/Effect]$$$$$3$1700$1000$$$$If you control a monster that is not a "Burning Abyss" monster, destroy this card. You can only use 1 of these effects of "Barbar, Malebranche of the Burning Abyss" per turn, and only once that turn.●If you control no Spell/Trap Cards: You can Special Summon this card from your hand.●If this card is sent to the Graveyard: You can target up to 3 "Burning Abyss" cards in your Graveyard, except "Barbar, Malebranche of the Burning Abyss"; banish them, and if you do, inflict 300 damage to your opponent for each.$Supports archetypes /Burning Abyss$$Activates from your Graveyard$Continuous/Condition/Ignition/Trigger$
92746535$Luster Pendulum, the Dracoslayer$Limited(OCG)$LIGHT$[Dragon/Pendulum/Tuner/Effect]$$$$5$4$1850$0$$$Once per turn, if you have a card in your other Pendulum Zone: You can destroy that card, and if you do, add 1 card from your Deck to your hand, with the same name as that card.$Cannot Special Summon Fusion, Synchro, or Xyz Monsters using this card as material, except "Dracoslayer" monsters.$Supports archetypes /Dracoslayer$$Activates if other Pendulum Zone is occupied/Adds from Deck to hand$Pendulum Effect /Ignition-like/Monster Effect/Condition$
57624336$Archfiend Eccentrick$Unlimited$LIGHT$[Fiend/Pendulum/Effect]$$$$7$3$800$1000$$$You can target 1 other Spell/Trap Card on the field; destroy both it and this card. You can only use this effect of "Archfiend Eccentrick" once per turn.$You can Tribute this card, then target 1 monster on the field; destroy it. You can only use this effect of "Archfiend Eccentrick" once per turn.$$$Tributes itself for cost$Pendulum Effect /Ignition-like/Condition/Monster Effect/Ignition$
79229522$Chimeratech Fortress Dragon$Unlimited$DARK$[Machine/Fusion/Effect]$$$$$8$0$0$$"Cyber Dragon" + 1+ Machine monsters$$Cannot be used as Fusion Material. Must first be Special Summoned (from your Extra Deck) by sending the above cards from either field to the GY. The original ATK of this card becomes 1000 x the number of materials used for its Special Summon.$Machine$Cyber Dragon/Machine$Sends Fusion Materials for Contact Fusion to Graveyard$Condition/Summon/Continuous$
18386170$Dante, Pilgrim of the Burning Abyss$Unlimited$LIGHT$[Fairy/Fusion/Effect]$$$$$9$2800$2500$$3 "Burning Abyss" monsters with different names$$Must be Fusion Summoned and cannot be Special Summoned by other ways. Cannot be targeted by an opponent's card effects. Once per turn, during either player's turn: You can send 1 "Burning Abyss" card from your hand to the Graveyard; draw 1 card. If this card is destroyed by battle and sent to the Graveyard, or if this card you control is sent to your Graveyard by an opponent's card effect: You can send 1 random card from your opponent's hand to the Graveyard.$Supports archetypes /Burning Abyss$$Sends from your hand to your Graveyard for cost/You draw cards/Activates from your Graveyard/Sends from your opponent's hand to your opponent's Graveyard$Summon/Continuous/Quick/Trigger$
73580471$Black Rose Dragon$Unlimited$FIRE$[Dragon/Synchro/Effect]$$$$$7$2400$1800$$1 Tuner + 1+ non-Tuner monsters$$When this card is Synchro Summoned: You can destroy all cards on the field. Once per turn: You can banish 1 Plant monster from your GY, then target 1 Defense Position monster your opponent controls; change that target to face-up Attack Position, and if you do, its ATK becomes 0 until the end of this turn.$Plant$$Activates upon Synchro Summon/Changes battle positions$Trigger/Ignition$
31924889$Arcanite Magician$Unlimited$LIGHT$[Spellcaster/Synchro/Effect]$$$$$7$400$1800$$1 Tuner + 1+ non-Tuner Spellcaster monsters$$If this card is Synchro Summoned: Place 2 Spell Counters on it. This card gains 1000 ATK for each Spell Counter on it. You can remove 1 Spell Counter from your field, then target 1 card your opponent controls; destroy that target.$Spellcaster$$Activates upon Synchro Summon$Trigger/Continuous/Ignition$
00601193$Virgil, Rock Star of the Burning Abyss$Unlimited$LIGHT$[Spellcaster/Synchro/Effect]$$$$$6$2500$1000$$1 Tuner + 1 or more non-Tuner monsters$$You can only control 1 "Virgil, Rock Star of the Burning Abyss". Once per turn: You can discard 1 "Burning Abyss" card, then target 1 card your opponent controls or in their Graveyard; shuffle it into the Deck. If this card on the field is destroyed by battle or card effect and sent to the Graveyard: You can draw 1 card. You can only use this effect of "Virgil, Rock Star of the Burning Abyss" once per turn.$Supports archetypes /Burning Abyss$$Discards for cost/Returns from your opponent's field to your opponent's Deck/Returns from your opponent's Graveyard to your opponent's Deck/Activates from your Graveyard/You draw cards$Unclassified/Ignition/Trigger/Condition$
18239909$Ignister Prominence, the Blasting Dracoslayer$Unlimited$FIRE$[Dragon/Synchro/Effect]$$$$$8$2850$0$$1 Tuner + 1+ non-Tuner Pendulum Monsters$$Once per turn: You can target 1 Pendulum Monster on the field or 1 card in the Pendulum Zone; destroy it, and if you do, shuffle 1 card on the field into the Deck. Once per turn: You can Special Summon 1 "Dracoslayer" monster from your Deck in Defense Position, but it cannot be used as material for a Synchro Summon.$Supports archetypes /Dracoslayer$Pendulum Monster$Returns from field to Deck$Ignition$
80117527$Number 11: Big Eye$Unlimited$DARK$[Spellcaster/Xyz/Effect]$$$7$$$2600$2000$$2 Level 7 monsters$$Once per turn: You can detach 1 material from this card, then target 1 monster your opponent controls; take control of that monster. This card cannot attack the turn this effect is activated.$$$Changes control$Ignition/Condition$
29515122$Digvorzhak, King of Heavy Industry$Unlimited$EARTH$[Machine/Xyz/Effect]$$$5$$$3200$2000$$3 Level 5 monsters$$Once per turn: You can detach 1 material from this card; send the top 3 cards of your opponent's Deck to the GY, then, if any monsters were sent to the GY by this effect, destroy cards your opponent controls, up to the number of monsters sent.$$$Sends from your opponent's Deck to your opponent's Graveyard$Ignition$
00581014$Daigusto Emeral$Unlimited(OCG)$WIND$[Rock/Xyz/Effect]$$$4$$$1800$800$$2 Level 4 monsters$$Once per turn: You can detach 1 material from this card, then activate 1 of these effects.●Target 3 monsters in your GY; shuffle all 3 into the Deck, then draw 1 card.●Target 1 non-Effect Monster in your GY; Special Summon that target.$Non-Effect Monster$$Returns from your Graveyard to your Deck/You draw cards$Ignition$
73964868$Constellar Pleiades$Unlimited$LIGHT$[Warrior/Xyz/Effect]$$$5$$$2500$1500$$2 Level 5 LIGHT monsters$$Once per turn (Quick Effect): You can detach 1 material from this card, then target 1 card on the field; return that target to the hand.$LIGHT$$Returns from field to hand$Quick$
12014404$Gagaga Cowboy$Unlimited$EARTH$[Warrior/Xyz/Effect]$$$4$$$1500$2400$$2 Level 4 monsters$$Once per turn: You can detach 1 Xyz Material from this card; apply this effect, depending on this card's current battle position.●Attack Position: If this card attacks an opponent's monster this turn, it gains 1000 ATK, also the opponent's monster loses 500 ATK, during the Damage Step only.●Defense Position: Inflict 800 damage to your opponent.$$$$Ignition$
21044178$Abyss Dweller$Unlimited$WATER$[Sea Serpent/Xyz/Effect]$$$4$$$1700$1400$$2 Level 4 monsters$$While this card has a material attached that was originally WATER, all WATER monsters you control gain 500 ATK. Once per turn (Quick Effect): You can detach 1 material from this card; your opponent cannot activate any card effects in their GY this turn.$WATER$$Applies effects if specific Xyz Material is attached$Continuous/Quick$
00440556$Bahamut Shark$Unlimited$WATER$[Sea Serpent/Xyz/Effect]$$$4$$$2600$2100$$2 Level 4 WATER monsters$$Once per turn: You can detach 1 material from this card; Special Summon 1 Rank 3 or lower WATER Xyz Monster from your Extra Deck. This card cannot attack for the rest of this turn.$WATER/Xyz Monster$$$Ignition$
22653490$Lightning Chidori$Unlimited$WIND$[Thunder/Xyz/Effect]$$$4$$$1900$1600$$2 Level 4 WIND monsters$$If this card is Xyz Summoned: Target 1 Set card your opponent controls; return that target to the bottom of the Deck. Once per turn: You can detach 1 Xyz Material from this card, then target 1 face-up card your opponent controls; return that target to the top of the Deck.$WIND$$Activates upon Xyz Summon/Returns from your opponent's field to your opponent's Deck$Trigger/Ignition$
38495396$Constellar Ptolemy M7$Unlimited$LIGHT$[Machine/Xyz/Effect]$$$6$$$2700$2000$$2 Level 6 monsters$$You can also Xyz Summon this card by using a "Constellar" Xyz Monster you control as material, other than "Constellar Ptolemy M7". (Transfer its materials to this card.) If Summoned this way, the following effect cannot be activated this turn. Once per turn: You can detach 1 material from this card, then target 1 monster on the field or in either GY; return that target to the hand.$Supports archetypes /Constellar$$Transfers/Returns from field to hand/Adds from Graveyard to hand$Summon/Condition/Ignition$
38273745$Evilswarm Ouroboros$Unlimited$DARK$[Dragon/Xyz/Effect]$$$4$$$2750$1950$$3 Level 4 monsters$$Once per turn: You can detach 1 Xyz Material from this card, then activate 1 of these effects. Each effect can only be used once while this card is face-up on the field.●Target 1 card your opponent controls; return that target to the hand.●Send 1 random card from your opponent's hand to the Graveyard.●Target 1 card in your opponent's Graveyard; banish that target.$$$Returns from your opponent's field to your opponent's hand/Sends from your opponent's hand to your opponent's Graveyard$Ignition/Condition$
29669359$Number 61: Volcasaurus$Unlimited$FIRE$[Dinosaur/Xyz/Effect]$$$5$$$2500$1000$$2 Level 5 monsters$$Once per turn: You can detach 1 Xyz Material from this card, then target 1 face-up monster your opponent controls; destroy that opponent's monster, and if you do, inflict damage to your opponent equal to the destroyed monster's original ATK. This card cannot attack your opponent directly during the turn you activate this effect.$$$$Ignition$
14152862$Norito the Moral Leader$Unlimited$LIGHT$[Spellcaster/Xyz/Effect]$$$6$$$2700$2000$$2 Level 6 Spellcaster monsters$$Once per turn, when your opponent activates a Spell/Trap Card (Quick Effect): You can detach 1 material from this card; negate the activation, and if you do, destroy it.$Spellcaster$$$Quick$
63746411$Number 106: Giant Hand$Unlimited$EARTH$[Rock/Xyz/Effect]$$$4$$$2000$2000$$2 Level 4 monsters$$When a monster effect is activated on your opponent's field (Quick Effect): You can detach 2 materials from this card, then target 1 Effect Monster your opponent controls; while this monster is face-up on the field, that Effect Monster's effects are negated, also it cannot change its battle position.$$$Detaches multiple Xyz Materials as cost/Prevents Battle Position changes$Quick$
82633039$Castel, the Skyblaster Musketeer$Unlimited$WIND$[Winged Beast/Xyz/Effect]$$$4$$$2000$1500$$2 Level 4 monsters$$You can detach 1 material from this card, then target 1 face-up monster on the field; change it to face-down Defense Position. You can detach 2 materials from this card, then target 1 other face-up card on the field; shuffle it into the Deck. You can only use 1 "Castel, the Skyblaster Musketeer" effect per turn, and only once that turn.$$$Changes battle positions/Flips monsters face-down/Detaches multiple Xyz Materials as cost/Returns from field to Deck$Ignition/Condition$
83531441$Dante, Traveler of the Burning Abyss$Unlimited$LIGHT$[Warrior/Xyz/Effect]$$$3$$$1000$2500$$2 Level 3 monsters$$Once per turn: You can detach 1 material from this card and choose a number from 1 to 3, then send that many cards from the top of your Deck to the GY; until the end of this turn, this card gains 500 ATK for each card sent to the GY this way. If this card attacks, it is changed to Defense Position at the end of the Battle Phase. If this card is sent to the GY: You can target 1 "Burning Abyss" card in your GY, except this card; add it to your hand.$Supports archetypes /Burning Abyss$$Sends from the top of your Deck to your Graveyard for cost/Changes battle positions/Activates from your Graveyard/Adds from Graveyard to hand$Ignition/Continuous/Trigger$
44405066$Red-Eyes Flare Metal Dragon$Unlimited$DARK$[Dragon/Xyz/Effect]$$$7$$$2800$2400$$2 Level 7 monsters$$Cannot be destroyed by card effects while it has Xyz Material. While this card has Xyz Material, each time your opponent activates a card or effect, inflict 500 damage to your opponent immediately after it resolves. Once per turn (Quick Effect): You can detach 1 Xyz Material from this card, then target 1 "Red-Eyes" Normal Monster in your GY; Special Summon it.$Supports archetypes /Red-Eyes$$Applies effects if Xyz Material is attached$Continuous/Quick$
88722973$Majester Paladin, the Ascending Dracoslayer$Unlimited$WIND$[Dragon/Xyz/Effect]$$$4$$$1850$2000$$2 Level 4 Pendulum Monsters$$When this card is Xyz Summoned: You can add 1 Pendulum Monster from your Deck to your hand during the End Phase of this turn. Once per turn: You can detach 1 material from this card; Special Summon 1 face-up "Dracoslayer" Pendulum Monster from your Extra Deck, but it cannot be used as material for an Xyz Summon.$Supports archetypes /Dracoslayer$$Activates upon Xyz Summon/Adds from Deck to hand$Trigger/Ignition$
58577036$Reasoning$Unlimited(OCG)$SPELL$$$$$$$$$$$$Your opponent declares a monster Level from 1 to 12. Excavate cards from the top of your Deck until you excavate a monster that can be Normal Summoned/Set, then, if that monster is the same Level as the one declared by your opponent, send all excavated cards to the GY. If not, Special Summon the excavated monster, also send the remaining cards to the GY.$$$Declares a Level/Excavates from the player's Deck/Sends excavated cards to the Graveyard/Sends from your Deck to your Graveyard$Effect$
67723438$Emergency Teleport$Semi-Limited(OCG)$SPELL$$$$$$$$$Quick-Play$$$Special Summon 1 Level 3 or lower Psychic monster from your hand or Deck, but banish it during the End Phase of this turn.$Psychic$$$Effect$
93260132$Spell Shattering Arrow$Unlimited$SPELL$$$$$$$$$Quick-Play$$$Destroy as many face-up Spells your opponent controls as possible, and if you do, inflict 500 damage to your opponent for each.$$$$Effect$
21143940$Mask Change$Unlimited$SPELL$$$$$$$$$Quick-Play$$$Target 1 "HERO" monster you control; send it to the GY, also, after that, if it left the field by this effect, Special Summon 1 "Masked HERO" monster from your Extra Deck with the same Attribute that the sent monster had when it was on the field (its original Attribute, if face-down).$Supports archetypes /HERO/Masked HERO$$Sends from your field to your Graveyard$Effect$
01372887$Shared Ride$Unlimited$SPELL$$$$$$$$$Quick-Play$$$For the rest of this turn, each time a card(s) is added from the Main Deck or GY to your opponent's hand, except by drawing them, you immediately draw 1 card. You can only activate 1 "Shared Ride" per turn.$$$Activates if your opponent draws a card/You draw cards$Effect/Condition$
79844764$The Monarchs Stormforth$Unlimited$SPELL$$$$$$$$$Quick-Play$$$Once during this turn, if you would Tribute a monster for a Tribute Summon, you can Tribute 1 monster your opponent controls even though you do not control it. You can only activate 1 "The Monarchs Stormforth" per turn. During the turn you activate this card, you cannot Special Summon monsters from the Extra Deck.$$$Tributes opponent's monsters$Effect/Condition$
93600443$Mask Change II$Limited(OCG)$SPELL$$$$$$$$$Quick-Play$$$Discard 1 card, then target 1 face-up monster you control that has a Level; send it to the GY, also, after that, if it left the field by this effect, Special Summon from your Extra Deck, 1 "Masked HERO" monster with the same Attribute, but a higher Level than, the Attribute/Level the monster had when it was on the field (its original Attribute/Level, if face-down). (This is treated as a Special Summon with "Mask Change".) You can only activate 1 "Mask Change II" per turn.$Supports archetypes /Masked HERO$$Discards for cost/Sends from your field to your Graveyard$Cost/Effect/Condition$
05133471$Galaxy Cyclone$Unlimited$SPELL$$$$$$$$$$$$Target 1 Set Spell/Trap on the field; destroy it. During your Main Phase, except the turn this card was sent to the GY: You can banish this card from your GY, then target 1 face-up Spell/Trap on the field; destroy it. You can only use this effect of "Galaxy Cyclone" once per turn.$$$Activates from your Graveyard$Effect/Ignition-like/Condition$
44771289$The Terminus of the Burning Abyss$Unlimited$SPELL$$$$$$$$$$$$Fusion Summon 1 "Burning Abyss" Fusion Monster from your Extra Deck, using monsters from your hand or field as Fusion Materials. During your Main Phase, except the turn this card was sent to the Graveyard: You can banish this card from your Graveyard, then target 1 "Burning Abyss" monster on the field; it gains 800 ATK and DEF until the end of your opponent's next turn.$Supports archetypes /Burning Abyss$$Sends from your hand to your Graveyard/Sends from your field to your Graveyard/Activates from your Graveyard/Uses cards in the hand as Fusion Materials/Uses cards on the player's field as Fusion Materials$Effect/Ignition-like$
04227096$Mistaken Arrest$Unlimited$SPELL$$$$$$$$$Quick-Play$$$Until the end of your next turn after this card resolves, neither player can add cards from their Deck to their hand except by drawing them.$$$Prevents adding cards from Deck to hand$Effect$
14733538$Draco Face-Off$Unlimited(OCG)$SPELL$$$$$$$$$Quick-Play$$$Reveal 1 "Dracoslayer" Pendulum Monster and 1 "Dracoverlord" Pendulum Monster from your Deck, your opponent randomly picks 1 of them for you to place in your Pendulum Zone or Special Summon (your choice), and you add the other card to your Extra Deck face-up. You can only activate 1 "Draco Face-Off" per turn.$Supports archetypes /Dracoslayer/Dracoverlord$$Reveals cards from your Deck/Places from Deck to Pendulum Zone/Adds from Deck to Extra Deck$Effect/Condition$
94739788$Remove Brainwashing$Unlimited$TRAP$$$$$$$$$Continuous$$$The control of all monsters on the field returns to the owners.$$$Changes control$Continuous-like$
20522190$Dark Mirror Force$Unlimited$TRAP$$$$$$$$$$$$When an opponent's monster declares an attack: Banish all Defense Position monsters your opponent controls.$$$Activates upon attack declaration$Activation requirement/Effect$
21481146$Radiant Mirror Force$Unlimited$TRAP$$$$$$$$$$$$When an opponent's monster declares an attack while they control 3 or more Attack Position monsters: Destroy all Attack Position monsters your opponent controls.$$$Activates upon attack declaration$Activation requirement/Effect$
73507661$Fairy Wind$Unlimited$TRAP$$$$$$$$$$$$Destroy as many face-up Spells/Traps on the field as possible, except this card, and if you do, each player takes damage equal to the total number of cards destroyed by this effect x 300.$$$$Effect$
78474168$Breakthrough Skill$Unlimited$TRAP$$$$$$$$$$$$Target 1 face-up Effect Monster your opponent controls; that face-up monster your opponent controls has its effects negated until the end of this turn. During your turn, except the turn this card was sent to the Graveyard: You can banish this card from your Graveyard, then target 1 face-up Effect Monster your opponent controls; that target has its effects negated until the end of this turn.$$Effect Monster$Activates from your Graveyard$Effect/Quick-like$
59305593$Mistake$Unlimited$TRAP$$$$$$$$$Continuous$$$Neither player can add cards from their Deck to their hand except by drawing them.$$$Prevents adding cards from Deck to hand$Continuous-like$
20036055$The Traveler and the Burning Abyss$Unlimited$TRAP$$$$$$$$$$$$Target any number of "Burning Abyss" monsters in your Graveyard that were sent there this turn; Special Summon them in Defense Position. You can only activate 1 "The Traveler and the Burning Abyss" per turn.$Supports archetypes /Burning Abyss$$$Effect/Condition$
36006208$Fire Lake of the Burning Abyss$Unlimited$TRAP$$$$$$$$$$$$Send 2 face-up "Burning Abyss" monsters you control to the Graveyard, then target up to 3 cards on the field; destroy those targets.$Supports archetypes /Burning Abyss$$Sends from field to Graveyard for cost$Cost/Effect$
05650082$Storming Mirror Force$Unlimited$TRAP$$$$$$$$$$$$When an opponent's monster declares an attack: Return all your opponent's Attack Position monsters to the hand.$$$Activates upon attack declaration/Returns from your opponent's field to your opponent's hand$Activation requirement/Effect$
75249652$Blazing Mirror Force$Unlimited$TRAP$$$$$$$$$$$$When an opponent's monster declares an attack: Destroy as many Attack Position monsters your opponent controls as possible, and if you do, take damage equal to half the combined original ATK of those destroyed monsters, then inflict damage to your opponent equal to the damage you took.$$$Activates upon attack declaration$Activation requirement/Effect$
