Passcode$Name$Status$Attribute$type$link$link_arrows$rank$pendulum_scale$level$attack$defense$spell_attribute$summoning_condition$pendulum_condition$card_text$card_supports$card_anti_supports$card_actions$effect_types$
64271667$Meteor Dragon$Unlimited$EARTH$[Dragon/Normal]$$$$$6$1800$2000$$$$This dragon appeared from the sky and crashed to the earth.$$$$$
81933259$Beastly Mirror Ritual$Unlimited$SPELL$$$$$$$$$Ritual$$$This card is used to Ritual Summon "Fiend's Mirror". You must also Tribute monsters from the field or your hand whose total Levels equal 6 or more.$$$Tributes as an effect$Effect$
31890399$Fiend's Mirror$Unlimited$DARK$[Fiend/Ritual]$$$$$6$2100$1800$$$$You can Ritual Summon this card with "Beastly Mirror Ritual".$$$$$
90660762$Meteor Black Dragon$Unlimited$FIRE$[Dragon/Fusion]$$$$$8$3500$2000$$$$"Red-Eyes Black Dragon" + "Meteor Dragon"$$$$$
27054370$Firewing Pegasus$Unlimited$FIRE$[Beast/Normal]$$$$$6$2250$1800$$$$A heavenly stallion soaring through the skies on crimson wings.$$$$$
11287364$Quick-Span Knight$Unlimited$EARTH$[Machine/Tuner/Effect]$$$$$3$1000$800$$$$If this card is sent to the Graveyard for a Synchro Summon: Target 1 face-up monster your opponent controls; that target loses 500 ATK.$Synchro Monster$$Activates from your Graveyard$Trigger$
86915847$Armored Bee$Unlimited$WIND$[Insect/Effect]$$$$$4$1600$1200$$$$Once per turn: You can target 1 face-up monster your opponent controls; halve that target's ATK until the End Phase.$$$$Ignition$
75292259$Great Poseidon Beetle$Unlimited$EARTH$[Insect/Effect]$$$$$7$2500$2300$$$$If this card targets an opponent's face-up Attack Position monster for an attack, and that monster is not destroyed by the battle, this card can attack the same monster again in a row. This effect can only used twice per turn.$$$$Continuous$
56410040$Junk Forward$Unlimited$EARTH$[Warrior/Effect]$$$$$3$900$1500$$$$If you control no monsters, you can Special Summon this card (from your hand).$$$$Summon$
49674183$Fallen Angel of Roses$Unlimited$EARTH$[Plant/Effect]$$$$$7$2400$1300$$$$You can Special Summon this card (from your hand) by returning 1 Plant monster you control to the hand, except "Fallen Angel of Roses", but banish it when it leaves the field.$Plant$$Returns from field to hand for cost$Summon$
39284521$Machina Cannon$Unlimited$EARTH$[Machine/Effect]$$$$$8$0$2200$$$$Cannot be Normal Summoned/Set. Must first be Special Summoned (from your hand) by sending 1 or more other Machine monsters from your hand to the GY. Gains 800 ATK for each monster sent to the GY for this Special Summon.$Machine$$Sends from hand to Graveyard for cost$Summon/Continuous$
06602300$Blaze Fenix, the Burning Bombardment Bird$Limited(OCG)$FIRE$[Pyro/Fusion/Effect]$$$$$8$2800$2300$$1 Machine-Type monster + 1 Pyro-Type monster$$Once per turn, during your Main Phase: You can inflict 300 damage to your opponent for each card on the field. This card cannot attack during the turn you activate this effect.$Machine/Pyro$$$Ignition/Condition$
45298492$Scarred Warrior$Unlimited$EARTH$[Warrior/Synchro/Effect]$$$$$5$2100$1000$$1 Tuner + 1 or more non-Tuner monsters$$Your opponent cannot target face-up Warrior-Type monsters for attacks, except this one. Once per turn, if this card would be destroyed by battle, it is not destroyed.$Warrior$$$Continuous$
19353570$Kagemucha Knight$Unlimited$DARK$[Warrior/Effect]$$$$$3$0$0$$$$When you Normal Summon a Level 3 monster: You can Special Summon this card from your hand. Cannot be used as Synchro Material.$$$Activates upon Normal Summon$Trigger/Condition$
55758589$Photon Wyvern$Unlimited$LIGHT$[Dragon/Effect]$$$$$7$2500$2000$$$$When this card is Normal or Flip Summoned: Destroy all Set cards your opponent controls.$$$Activates upon Normal Summon/Activates upon Flip Summon$Trigger$
81146288$Rosaria, the Stately Fallen Angel$Unlimited$EARTH$[Plant/Effect]$$$$$8$2900$2400$$$$Cannot be Normal Summoned/Set. Must first be Special Summoned (from your hand) by banishing 2 Level 7 or higher Plant-Type monsters (1 from your hand and 1 from your Graveyard). Once per turn: You can negate the effects of all other face-up cards currently on the field, until the end of this turn.$Plant$$$Summon/Ignition$
18631392$Ma'at$Unlimited$LIGHT$[Fairy/Effect]$$$$$10$?$?$$$$Cannot be Normal Summoned/Set. Must be Special Summoned (from your hand) by sending 1 LIGHT Dragon-Type monster and 1 LIGHT Fairy-Type monster you control to the Graveyard, and cannot be Special Summoned by other ways. Once per turn: You can declare 3 card names; excavate the top 3 cards of your Deck, add any of them that you named to your hand, also send the remaining cards to the Graveyard. This card's ATK and DEF each become equal to the number of cards added to your hand by this effect x 1000.$LIGHT/Dragon/Fairy$$Sends from field to Graveyard for cost/Declares a card name/Excavates from the player's Deck/Adds excavated cards to the hand/Adds from Deck to hand/Sends excavated cards to the Graveyard/Sends from the top of your Deck to your Graveyard$Summon/Ignition$
29095552$Masked HERO Acid$Unlimited$WATER$[Warrior/Fusion/Effect]$$$$$8$2600$2100$$$$Must be Special Summoned with "Mask Change". When this card is Special Summoned: Destroy as many Spells and Traps your opponent controls as possible, and if you do, all monsters they control lose 300 ATK.$Mask Change$$$Summon/Trigger$
62624486$Masked HERO Dian$Unlimited$EARTH$[Warrior/Fusion/Effect]$$$$$8$2800$3000$$$$Must be Special Summoned with "Mask Change". When this card destroys an opponent's monster by battle and sends it to the GY: You can Special Summon 1 Level 4 or lower "HERO" monster from your Deck.$Supports archetypes /HERO$$Activates when it destroys a monster by battle$Summon/Trigger$
44035031$Gravity Warrior$Unlimited$EARTH$[Warrior/Synchro/Effect]$$$$$6$2100$1000$$1 Tuner + 1 or more non-Tuner monsters$$When this card is Synchro Summoned: It gains 300 ATK for each face-up monster your opponent controls. Once per turn, during your opponent's Battle Phase: You can target 1 Defense Position monster your opponent controls; change it to face-up Attack Position, also it must attack this turn, if able.$$$Activates upon Synchro Summon/Changes battle positions$Trigger/Quick$
81020646$Void Ogre Dragon$Unlimited$DARK$[Dragon/Synchro/Effect]$$$$$8$3000$3000$$1 DARK Tuner + 1+ non-Tuner monsters$$Once per turn, when your opponent activates a Spell/Trap Card while you have no cards in your hand (Quick Effect): You can negate the activation, and if you do, destroy it.$DARK$$$Quick$
17418744$Photon Sanctuary$Unlimited$SPELL$$$$$$$$$$$$Special Summon 2 "Photon Tokens" (Thunder-Type/LIGHT/Level 4/ATK 2000/DEF 0) in Defense Position. These Tokens cannot attack or be used as Synchro Material Monsters. You cannot Summon other monsters the turn you activate this card, except for LIGHT monsters.$LIGHT$$$Effect/Lingering/Condition$
43813459$Photon Current$Unlimited$TRAP$$$$$$$$$$$$When a face-up LIGHT Dragon-Type monster you control is targeted for an attack: The attack target gains ATK equal to the attacking monster's ATK, until the end of the Damage Step.$LIGHT/Dragon$$$Activation requirement/Effect$
22061412$Elemental HERO The Shining$Unlimited$LIGHT$[Warrior/Fusion/Effect]$$$$$8$2600$2100$$1 "Elemental HERO" monster + 1 LIGHT monster$$Must be Fusion Summoned and cannot be Special Summoned by other ways. This card gains 300 ATK for each of your banished "Elemental HERO" monsters. When this card is sent from the field to the Graveyard: You can target up to 2 of your banished "Elemental HERO" monsters; add those targets to your hand.$Supports archetypes /Elemental HERO$$Activates from your Graveyard/Adds banished cards to the hand$Summon/Continuous/Trigger$
32003338$Number 34: Terror-Byte$Unlimited$DARK$[Machine/Xyz/Effect]$$$3$$$0$2900$$3 Level 3 monsters$$Once per turn: You can detach 1 Xyz Material from this card to target 1 Level 4 or lower Attack Position monster your opponent controls; gain control of it until the End Phase.$$$Changes control$Ignition$
