Passcode$Name$Status$Attribute$type$link$link_arrows$rank$pendulum_scale$level$attack$defense$spell_attribute$summoning_condition$pendulum_condition$card_text$card_supports$card_anti_supports$card_actions$effect_types$
47741109$Sylvan Snapdrassinagon$Unlimited$DARK$[Plant/Effect]$$$$$1$900$400$$$$If this card is sent from the field or the hand to the Graveyard: You can excavate the top card of your Deck, and if it is a Plant-Type monster, send it to the Graveyard. Otherwise, place it on the bottom of your Deck. If this card is excavated from the Deck and sent to the Graveyard by a card effect: You can excavate the top card of your Deck, and if it is a Plant-Type monster, send it to the Graveyard. Otherwise, place it on the bottom of your Deck.$Plant$$Excavates from the player's Deck/Sends excavated cards to the Graveyard/Sends from your Deck to your Graveyard/Changes your Deck order/Places excavated cards on the bottom of the Deck/Places cards from the Deck on the bottom of the Deck/Activates from your Graveyard$Trigger$
47594939$And the Band Played On$Unlimited$TRAP$$$$$$$$$Continuous$$$Neither player can Special Summon monsters with the same Level as those they control. Neither player can Special Summon monsters with the same Rank as those they control.$$$$Continuous-like$
97750534$The Agent of Entropy - Uranus$Unlimited$DARK$[Fairy/Tuner/Effect]$$$$$5$2200$1200$$$$If "The Sanctuary in the Sky" is on the field, you can Special Summon this card (from your hand). Once per turn: You can send 1 "The Agent" monster from your Deck to the GY, and if you do, this card's Level becomes the Level of the monster sent to the GY by this effect.$Supports archetypes /The Agent$$Sends from your Deck to your Graveyard$Summon/Ignition$
58695102$Re-Cover$Unlimited$EARTH$[Psychic/Tuner/Effect]$$$$$1$700$300$$$$If this card is in the GY and your opponent has 5 or more cards in their Extra Deck than you do: You can pay 2000 LP; Special Summon this card, but banish it when it leaves the field. You can only use this effect of "Re-Cover" once per turn.$$$Activates from your Graveyard$Ignition/Condition$
