Passcode$Name$Status$Attribute$type$link$link_arrows$rank$pendulum_scale$level$attack$defense$spell_attribute$summoning_condition$pendulum_condition$card_text$card_supports$card_anti_supports$card_actions$effect_types$
69695704$Battlestorm$Unlimited$DARK$[Winged Beast/Effect]$$$$$4$1700$1000$$$$This card gains 100 ATK for each Winged Beast-Type monster you control. Once per turn: You can target 1 Spell/Trap Card your opponent controls; destroy that target. You must control 3 or more Winged Beast-Type monsters to activate and to resolve this effect.$Winged Beast$$$Continuous/Ignition/Condition$
51987571$Rockstone Warrior$Unlimited$EARTH$[Rock/Effect]$$$$$4$1800$1600$$$$You take no Battle Damage from battles involving this card. When this attacking card is destroyed by battle and sent to the Graveyard, Special Summon 2 "Rockstone Tokens" (Rock-Type/EARTH/Level 1/ATK 0/DEF 0). These Tokens cannot be Tributed for a Tribute Summon.$$$Activates if destroyed by battle/Activates from your Graveyard$Continuous/Trigger$
97385276$Level Warrior$Unlimited$LIGHT$[Warrior/Effect]$$$$$3$300$600$$$$If there are no monsters on the field, you can Normal Summon this card as a Level 2 monster. If your opponent controls a monster and you control no monsters, you can Special Summon this card (from your hand) as a Level 4 monster.$$$Activates from your hand$Summon$
23770284$Strong Wind Dragon$Unlimited$WIND$[Dragon/Effect]$$$$$6$2400$1000$$$$Cannot be destroyed by battle with a monster that has the same ATK. If this card is Tribute Summoned by Tributing a Dragon-Type monster: It gains ATK equal to half the original ATK of the Tributed monster. If this card attacks a Defense Position monster, inflict piercing battle damage to your opponent.$Dragon$$Activates upon Tribute Summon$Continuous/Trigger$
50164989$Dark Verger$Unlimited$EARTH$[Plant/Effect]$$$$$2$0$1000$$$$When a Plant-Type Tuner monster is Normal Summoned to your side of the field: You can Special Summon this card from your Graveyard in Attack Position.$Plant/Tuner monster$$Activates from your Graveyard/Activates upon Normal Summon$Trigger$
96553688$Phoenixian Seed$Unlimited$FIRE$[Plant/Effect]$$$$$2$800$0$$$$You can send this face-up card to the Graveyard to Special Summon 1 "Phoenixian Cluster Amaryllis" from your hand.$Phoenixian Cluster Amaryllis$$Sends itself from field to Graveyard for cost$Ignition$
23558733$Phoenixian Cluster Amaryllis$Forbidden(OCG)$FIRE$[Plant/Effect]$$$$$8$2200$0$$$$This card cannot be Special Summoned except with its own effect or with "Phoenixian Seed". If this card attacks, it is destroyed after damage calculation. If this card you control is destroyed and sent to the Graveyard, inflict 800 damage to your opponent. During your End Phase, you can remove from play 1 Plant-Type monster from your Graveyard to Special Summon this card from your Graveyard in Defense Position.$Plant$$Activates from your Graveyard$Summon/Continuous/Trigger$
41160533$Rose Tentacles$Unlimited$EARTH$[Plant/Effect]$$$$$6$2200$1200$$$$Cannot be Special Summoned. At the start of your Battle Phase, for each Plant monster your opponent currently controls, this card gains 1 additional attack during each Battle Phase this turn. Each time this card destroys a Plant monster by battle: Inflict 300 damage to your opponent.$$Plant$Activates when it destroys a monster by battle$Summon/Continuous/Trigger$
59042331$Hedge Guard$Unlimited$EARTH$[Plant/Effect]$$$$$3$0$2100$$$$During damage calculation, in either player's turn, when a monster you control attacks or is attacked: You can send this card from your hand to the Graveyard; halve the ATK of that monster you control until the end of this turn, but that monster cannot be destroyed by this battle.$$$Sends itself from hand to Graveyard for cost$Quick$
85431040$Evil Thorn$Unlimited$DARK$[Plant/Effect]$$$$$1$100$300$$$$You can Tribute this card; inflict 300 damage to your opponent, and if you do, you can Special Summon up to 2 "Evil Thorn" from your Deck in Attack Position, but their effects cannot be activated.$$$Tributes itself for cost$Ignition$
22835145$Blackwing - Blizzard the Far North$Unlimited$DARK$[Winged Beast/Tuner/Effect]$$$$$2$1300$0$$$$Cannot be Special Summoned. When this card is Normal Summoned: You can target 1 Level 4 or lower "Blackwing" monster in your Graveyard; Special Summon that target in Defense Position.$Supports archetypes /Blackwing$$Activates upon Normal Summon$Summon/Trigger$
58820853$Blackwing - Shura the Blue Flame$Unlimited$DARK$[Winged Beast/Effect]$$$$$4$1800$1200$$$$When this card destroys an opponent's monster by battle and sends it to the Graveyard: You can Special Summon 1 "Blackwing" monster with 1500 or less ATK from your Deck, but its effects are negated.$Supports archetypes /Blackwing$$$Trigger$
85215458$Blackwing - Kalut the Moon Shadow$Unlimited$DARK$[Winged Beast/Effect]$$$$$3$1400$1000$$$$During either player's Damage Step, when a "Blackwing" monster you control is attacking or being attacked: You can send this card from your hand to the Graveyard; that monster gains 1400 ATK until the end of this turn.$Supports archetypes /Blackwing$$Sends itself from hand to Graveyard for cost$Quick$
11613567$Blackwing - Elphin the Raven$Unlimited$DARK$[Winged Beast/Effect]$$$$$6$2200$1200$$$$If you control a "Blackwing" monster, you can Normal Summon this card without Tributing. When this card is Normal Summoned: You can target 1 monster your opponent controls; change that target's battle position.$Supports archetypes /Blackwing$$Changes battle positions$Summon/Trigger$
57108202$Morphtronic Remoten$Unlimited$EARTH$[Machine/Tuner/Effect]$$$$$3$300$1200$$$$●Once per turn, while in Attack Position: You can target 1 "Morphtronic" monster in your Graveyard; banish that target and add 1 "Morphtronic" monster with the same Level as the target from your Deck to your hand.●Once per turn, while in Defense Position: You can send 1 "Morphtronic" monster from your hand to the Graveyard and add 1 other "Morphtronic" monster with the same Level as that monster from your Graveyard to your hand.$Supports archetypes /Morphtronic$$Sends from your hand to your Graveyard for cost/Adds from Graveyard to hand/Adds from Deck to hand$Ignition$
84592800$Morphtronic Videon$Unlimited$LIGHT$[Machine/Effect]$$$$$4$1000$1000$$$$●While in Attack Position: This card gains 800 ATK for each Equip Card equipped to it.●While in Defense Position: This card gains 800 DEF for each Equip Card equipped to it.$Equip Card$$$Continuous$
10591919$Morphtronic Scopen$Unlimited$LIGHT$[Machine/Tuner/Effect]$$$$$3$800$1400$$$$●While in Attack Position: Once per turn, you can Special Summon 1 Level 4 "Morphtronic" monster from your hand. Destroy it during the End Phase.●While in Defense Position: While this card is in face-up Defense Position, it is Level 4.$Supports archetypes /Morphtronic$$$Ignition/Continuous$
47985614$Gadget Arms$Unlimited$WATER$[Machine/Effect]$$$$$2$200$400$$$$FLIP: Select 1 "Morphtronic" Spell or Trap Card in your Graveyard and add it to your hand.$Supports archetypes /Morphtronic$$Adds from Graveyard to hand$Flip$
83370323$Torapart$Unlimited$DARK$[Warrior/Tuner/Effect]$$$$$2$600$600$$$$This card cannot be used as a Synchro Material Monster, except for the Synchro Summon of a Warrior-Type Synchro Monster. If the Synchro Monster that used this card as a Synchro Material Monster attacks, your opponent cannot activate Trap Cards until the end of the Damage Step.$Warrior/Synchro Monster$$Applies effect when used as Synchro Material$Condition/Unclassified$
10875327$Earthbound Immortal Aslla piscu$Unlimited$DARK$[Winged Beast/Effect]$$$$$10$2500$2500$$$$There can only be 1 "Earthbound Immortal" monster on the field. If there is no face-up Field Spell on the field, destroy this card. Your opponent's monsters cannot target this card for attacks. This card can attack your opponent directly. If this face-up card leaves the field, except by its own effect: Destroy as many face-up monsters your opponent controls as possible, and if you do, inflict 800 damage to your opponent for each monster destroyed.$Field Spell Card$Anti-supports archetypes /Earthbound Immortal$Activates when it leaves the field$Unclassified/Continuous/Trigger$
46263076$Earthbound Immortal Ccapac Apu$Unlimited$DARK$[Fiend/Effect]$$$$$10$3000$2500$$$$There can only be 1 "Earthbound Immortal" monster on the field. If there is no face-up Field Spell on the field, destroy this card. Your opponent's monsters cannot target this card for attacks. This card can attack directly. If this card destroys an opponent's monster by battle: Inflict damage to your opponent equal to the destroyed monster's original ATK.$Field Spell Card$Anti-supports archetypes /Earthbound Immortal$$Unclassified/Continuous/Trigger$
72258771$Koa'ki Meiru Valafar$Unlimited$FIRE$[Fiend/Effect]$$$$$8$3000$2100$$$$During each of your End Phases, destroy this card unless you send 1 "Iron Core of Koa'ki Meiru" from your hand to the Graveyard. You can Tribute Summon this monster by Tributing 1 "Koa'ki Meiru" monster. This card cannot be destroyed by the effects of Trap Cards. During battle between this attacking card and a Defense Position monster whose DEF is lower than the ATK of this card, inflict the difference as Battle Damage to your opponent.$Supports archetypes /Koa'ki Meiru$$Sends from hand to Graveyard for cost$Maintenance cost/Summon/Continuous$
19642889$Koa'ki Meiru Powerhand$Unlimited$EARTH$[Machine/Effect]$$$$$4$2100$1600$$$$During each of your End Phases, destroy this card unless you send 1 "Iron Core of Koa'ki Meiru" from your hand to the Graveyard or reveal 1 Normal Trap Card in your hand. If this card battles a LIGHT or DARK monster, any of that monster's effects that activate or apply on the field are negated during that Battle Phase, while this card remains on the field.$Normal Trap Card/Iron Core of Koa'ki Meiru$LIGHT/DARK$Sends from hand to Graveyard for cost/Reveals your hand for cost$Maintenance cost/Continuous$
45041488$Koa'ki Meiru Guardian$Unlimited$EARTH$[Rock/Effect]$$$$$4$1900$1200$$$$During each of your End Phases, destroy this card unless you send 1 "Iron Core of Koa'ki Meiru" from your hand to the GY or reveal 1 Rock monster in your hand. When a monster effect is activated (Quick Effect): You can Tribute this card; negate the activation, and if you do, destroy that monster.$Rock/Iron Core of Koa'ki Meiru$$Sends from hand to Graveyard for cost/Reveals your hand for cost/Tributes itself for cost$Maintenance cost/Quick$
12435193$Koa'ki Meiru Drago$Unlimited$WIND$[Dragon/Effect]$$$$$4$1900$1600$$$$During each of your End Phases, destroy this card unless you send 1 "Iron Core of Koa'ki Meiru" from your hand to the GY or reveal 1 Dragon monster in your hand. Neither player can Special Summon LIGHT or DARK monsters.$Dragon/Iron Core of Koa'ki Meiru$LIGHT/DARK$Sends from hand to Graveyard for cost/Reveals your hand for cost$Maintenance cost/Continuous$
54520292$Koa'ki Meiru Ice$Unlimited$WATER$[Aqua/Effect]$$$$$4$1900$1200$$$$During each of your End Phases, destroy this card unless you send 1 "Iron Core of Koa'ki Meiru" from your hand to the Graveyard or reveal 1 Continuous Spell Card in your hand. You can send 1 card from your hand to the Graveyard to destroy 1 Special Summoned monster on the field.$Continuous Spell Card/Iron Core of Koa'ki Meiru$$Sends from hand to Graveyard for cost/Reveals your hand for cost$Maintenance cost/Ignition$
80925836$Koa'ki Meiru Doom$Unlimited$WIND$[Fiend/Effect]$$$$$3$1700$800$$$$During each of your End Phases, destroy this card unless you send 1 "Iron Core of Koa'ki Meiru" from your hand to the Graveyard or reveal 1 Fiend-Type monster in your hand. Negate the effects of LIGHT and DARK monsters that activate during the Main Phase.$Fiend/Iron Core of Koa'ki Meiru$LIGHT/DARK$Sends from hand to Graveyard for cost/Reveals your hand for cost$Maintenance cost/Continuous$
17313545$Brain Golem$Unlimited$DARK$[Fiend/Effect]$$$$$6$2500$1800$$$$Effects of face-up LIGHT monsters are negated. If this card destroys a LIGHT monster by battle, it can attack once again in a row.$$LIGHT$Activates when it destroys a monster by battle$Continuous/Trigger$
43708640$Minoan Centaur$Unlimited$EARTH$[Beast-Warrior/Effect]$$$$$6$1800$1000$$$$This card cannot be Special Summoned. You can Tribute this card to Special Summon 2 Level 4 Beast-Warrior-Type Normal Monsters from your Deck.$Beast-Warrior/Normal Monster$$Tributes itself for cost$Summon/Ignition$
80102359$Reinforced Human Psychic Borg$Unlimited$EARTH$[Psychic/Effect]$$$$$4$1500$800$$$$Up to twice per turn, you can remove from play 1 Psychic-Type monster from your Graveyard to have this card gain 500 ATK.$Psychic$$$Ignition$
16191953$Master Gig$Unlimited$EARTH$[Psychic/Effect]$$$$$8$2600$1400$$$$Once per turn, you can pay 1000 Life Points to destroy monsters your opponent controls equal to the number of face-up Psychic-Type monsters you control.$Psychic$$$Ignition$
42685062$Emissary from Pandemonium$Unlimited$EARTH$[Fiend/Tuner/Effect]$$$$$7$2600$1800$$$$This card cannot be Special Summoned. You can Normal Summon this card with 1 Tribute. If you do, it becomes Level 5 and its original ATK and DEF are halved.$$$$Summon/Continuous$
79080761$Gigastone Omega$Unlimited$EARTH$[Rock/Effect]$$$$$5$1000$2300$$$$This card cannot be Normal Summoned or Set. This card can only be Special Summoned by removing from play 2 EARTH monsters from your Graveyard. When this face-up card you control is sent to the Graveyard by a card effect, destroy all Spell and Trap Cards your opponent controls.$EARTH$$Activates from your Graveyard$Summon/Trigger$
15475415$Alien Dog$Unlimited$LIGHT$[Reptile/Effect]$$$$$3$1500$1000$$$$When you Normal Summon an "Alien" monster, you can Special Summon this card from your hand. When you do, place 2 A-Counters on face-up monster(s) your opponent controls.$Supports archetypes /Alien$$Activates from your hand/Activates upon Normal Summon/Distributes A-Counter$Trigger$
42463414$Spined Gillman$Unlimited$WATER$[Sea Serpent/Effect]$$$$$3$1300$0$$$$All Fish, Sea Serpent, and Aqua-Type monsters you control gain 400 ATK.$Fish/Sea Serpent/Aqua$$$Continuous$
78868119$Deep Sea Diva$Unlimited$WATER$[Sea Serpent/Tuner/Effect]$$$$$2$200$400$$$$When this card is Normal Summoned: You can Special Summon 1 Level 3 or lower Sea Serpent monster from your Deck.$Sea Serpent$$Activates upon Normal Summon$Trigger$
04252828$Mermaid Archer$Unlimited$WATER$[Sea Serpent/Effect]$$$$$3$1200$200$$$$Once per turn: You can target 1 face-up Level 3 or lower monster you control; equip that target to this card. (You can only equip 1 monster at a time to this card with this effect.) While equipped with a monster by this effect, this card gains 800 ATK. If this card would be destroyed, you can destroy the monster equipped to it with this effect, instead.$$$Equips monsters from the player's field to itself$Ignition/Continuous$
41741922$Lava Dragon$Unlimited$FIRE$[Dragon/Effect]$$$$$4$1600$1200$$$$You can Tribute this face-up Defense Position card to Special Summon 2 Level 3 or lower Dragon-Type monsters: 1 from your hand, and 1 from your Graveyard.$Dragon/Level 1 Monster Cards/Level 2 Monster Cards/Level 3 Monster Cards$$Tributes itself for cost$Ignition$
77135531$Vanguard of the Dragon$Unlimited$EARTH$[Dragon/Effect]$$$$$4$1700$1300$$$$You can send 1 Dragon-Type monster from your hand to the Graveyard; this card gains 300 ATK. When this card you control is sent to your Graveyard by your opponent's card effect: You can target 1 Dragon-Type Normal Monster in either player's Graveyard; Special Summon that target.$Dragon/Normal Monster$Dragon/Normal Monster$Sends from hand to Graveyard for cost/Activates from your Graveyard$Ignition/Trigger$
04130270$G.B. Hunter$Unlimited$EARTH$[Warrior/Effect]$$$$$4$1200$2000$$$$Cards on the field cannot be returned to the Deck.$$$Prevents returning cards from field to Deck$Continuous$
40529384$Exploder Dragonwing$Unlimited$DARK$[Dragon/Synchro/Effect]$$$$$7$2400$1600$$1 Tuner + 1 or more non-Tuner Dragon-Type monsters$$At the start of the Damage Step, if this card battles a monster: You can destroy that monster, and if you do, inflict damage to your opponent equal to the ATK the destroyed monster had on the field. This card's ATK must be greater than or equal to the ATK of that monster to activate and to resolve this effect.$Dragon$$$Trigger/Condition$
76913983$Blackwing Armed Wing$Unlimited$DARK$[Winged Beast/Synchro/Effect]$$$$$6$2300$1000$$1 "Blackwing" Tuner + 1+ non-Tuner monsters$$If this card attacks a Defense Position monster, it gains 500 ATK during the Damage Step only, also inflict piercing battle damage.$Supports archetypes /Blackwing$$$Continuous$
02403771$Power Tool Dragon$Unlimited$EARTH$[Machine/Synchro/Effect]$$$$$7$2300$2500$$1 Tuner + 1+ non-Tuner monsters$$Once per turn: You can reveal 3 Equip Spells from your Deck, then your opponent randomly adds 1 of them to your hand, and shuffle the other cards into the Deck. If this card would be destroyed while equipped with an Equip Spell(s), you can send 1 of those cards to the GY instead.$Equip Spell Card$$Reveals cards from your Deck/Adds from Deck to hand/Sends from your field to your Graveyard$Ignition/Continuous$
39402797$Trident Dragion$Unlimited$FIRE$[Dragon/Synchro/Effect]$$$$$10$3000$2800$$1 Dragon-Type Tuner + 1 or more non-Tuner Dragon-Type monsters$$Must be Synchro Summoned, and cannot be Special Summoned by other ways. When this card is Synchro Summoned: You can target up to 2 other cards you control; destroy those targets, and if you do, for each destroyed card, this card gains 1 additional attack during each Battle Phase this turn.$Dragon$$Activates upon Synchro Summon$Summon/Trigger$
76891401$Sea Dragon Lord Gishilnodon$Unlimited$WATER$[Sea Serpent/Synchro/Effect]$$$$$5$2300$1800$$1 Tuner + 1 Level 3 non-Tuner monster$$When a face-up Level 3 or lower monster on the field is sent to the Graveyard, this card's ATK becomes 3000 until the End Phase of this turn.$$$$Trigger$
02295440$One for One$Limited$SPELL$$$$$$$$$$$$Send 1 monster from your hand to the GY; Special Summon 1 Level 1 monster from your hand or Deck.$$$Sends from hand to Graveyard for cost$Cost/Effect$
38680149$Mind Trust$Unlimited$SPELL$$$$$$$$$$$$Tribute 1 Level 2 or higher monster. Add 1 Tuner Monster from your Graveyard to your hand whose Level is less than or equal to half of the Tributed monster's.$Tuner monster$$Tributes for cost/Adds from Graveyard to hand$Cost/Effect$
65079854$Thorn of Malice$Unlimited$SPELL$$$$$$$$$Equip$$$Equip only to "Black Rose Dragon" or a Plant monster. It gains 600 ATK. If the equipped monster attacks a Defense Position monster, inflict piercing battle damage to your opponent. If the equipped monster attacks a monster, after damage calculation: The attacked monster loses 600 ATK/DEF. An opponent's monster that battles with the equipped monster cannot be destroyed by that battle.$Black Rose Dragon/Plant$$$Condition/Continuous-like/Trigger-like$
01073952$Magic Planter$Unlimited$SPELL$$$$$$$$$$$$Send 1 face-up Continuous Trap you control to the GY; draw 2 cards.$Continuous Trap Card$$Sends from your field to your Graveyard for cost/You draw cards$Cost/Effect$
38568567$Wonder Clover$Unlimited$SPELL$$$$$$$$$$$$Select 1 face-up monster you control and send 1 Level 4 Plant-Type monster from your hand to the Graveyard. During this turn, the selected monster can attack twice, but other monsters you control cannot declare an attack.$Plant$$Sends from your hand to your Graveyard for cost$Cost/Effect$
64952266$Against the Wind$Unlimited$SPELL$$$$$$$$$$$$Select 1 "Blackwing" monster in your Graveyard. Take damage equal to the ATK of the selected monster, and add it to your hand.$Supports archetypes /Blackwing$$Adds from Graveyard to hand$Effect$
91351370$Black Whirlwind$Unlimited$SPELL$$$$$$$$$Continuous$$$When a "Blackwing" monster is Normal Summoned to your field: You can add 1 "Blackwing" monster from your Deck to your hand with less ATK than that monster.$Supports archetypes /Blackwing$$Activates upon Normal Summon/Adds from Deck to hand$Trigger-like$
37745919$Junk Box$Unlimited$SPELL$$$$$$$$$$$$Select and Special Summon 1 Level 4 or lower "Morphtronic" monster from your Graveyard. Destroy it during the End Phase.$Supports archetypes /Morphtronic$$$Effect$
63730624$Double Tool C&D$Unlimited$SPELL$$$$$$$$$Equip$$$Equip only to a "Power Tool Dragon" or Level 4 or higher Machine-Type "Morphtronic" monster you control. While equipped:● During your turn: It gains 1000 ATK. If it attacks, any effects of the attack target that activate or apply on the field are negated during that Battle Phase.● During your opponent's turn: Your opponent cannot select a monster other than the equipped monster as an attack target. An opponent's monster that battles the equipped monster is destroyed at the end of the Damage Step.$Supports archetypes /Morphtronic$$$Condition/Continuous-like/Trigger-like$
90239723$Morphtronic Repair Unit$Unlimited$SPELL$$$$$$$$$Equip$$$Send 1 "Morphtronic" monster from your hand to the Graveyard and select 1 "Morphtronic" monster in your Graveyard. Special Summon the selected monster and equip it with this card. The equipped monster cannot change its Battle Position. When this card is removed from the Field, destroy the equipped monster.$Supports archetypes /Morphtronic$$Sends from hand to Graveyard for cost/Prevents Battle Position changes/Equips self from field$Cost/Effect/Continuous-like$
36623431$Iron Core of Koa'ki Meiru$Unlimited$SPELL$$$$$$$$$$$$During your Draw Phase, if this card is in your Graveyard, you can add this card to your hand instead of drawing, and/or send 1 "Koa'ki Meiru" monster from your hand to your Graveyard to add this card to your hand.$Supports archetypes /Koa'ki Meiru$$Returns itself from Graveyard to hand/Sends from hand to Graveyard for cost/Replaces normal draw$Trigger-like$
63018036$Iron Core Immediate Disposal$Unlimited$SPELL$$$$$$$$$$$$Select and send 1 "Iron Core of Koa'ki Meiru" from your Deck to your Graveyard.$Iron Core of Koa'ki Meiru$$Sends from your Deck to your Graveyard$Effect$
99002135$Urgent Synthesis$Unlimited$SPELL$$$$$$$$$$$$Return 1 "Iron Core of Koa'ki Meiru" from your Graveyard to the Deck. Special Summon 1 Level 4 or lower "Koa'ki Meiru" monster from your hand or your Graveyard.$Supports archetypes /Koa'ki Meiru$$Returns from Graveyard to Deck for cost$Cost/Effect$
25401880$Psychic Path$Unlimited$SPELL$$$$$$$$$$$$Pay 800 Life Points and select up to 2 of your removed from play Psychic-Type monsters. Add them to your hand.$Psychic$$Adds banished cards to the hand$Cost/Effect$
62896588$Natural Tune$Unlimited$SPELL$$$$$$$$$$$$Select 1 face-up Level 4 or lower Normal Monster you control. It is treated as a Tuner monster while it is face-up on the field.$Normal Monster$$$Effect$
98380593$Supremacy Berry$Unlimited$SPELL$$$$$$$$$$$$If your Life Points were lower than your opponent's when this card was activated, gain 2000 Life Points. If your Life Points were higher than your opponent's, you take 1000 damage.$$$$Effect$
25789292$Forbidden Chalice$Unlimited$SPELL$$$$$$$$$Quick-Play$$$Target 1 face-up monster on the field; until the end of this turn, that target gains 400 ATK, but its effects are negated.$$$$Effect$
51773900$Calming Magic$Unlimited$SPELL$$$$$$$$$$$$This card can only be activated at the start of Main Phase 1. During the Main Phases and Battle Phase of this turn, neither player can Summon monsters.$$$$Activation requirement/Effect$
97168905$Miracle Locus$Unlimited$TRAP$$$$$$$$$$$$Target 1 face-up Attack Position monster you control; your opponent draws 1 card, also that monster gains 1000 ATK until the end of this turn, and if it does, it can make up to 2 attacks on monsters during each Battle Phase this turn. If it attacks or is attacked this turn, your opponent takes no battle damage from that attack.$$$Your opponent draws cards$Effect$
24566654$Crimson Fire$Unlimited$TRAP$$$$$$$$$Counter$$$When your opponent activates a Spell/Trap Card that would inflict damage to you, while you control a "Red Dragon Archfiend": Your opponent takes twice the effect damage you would have taken, instead.$Red Dragon Archfiend$$$Activation requirement/Effect$
50951359$Tuner Capture$Unlimited$TRAP$$$$$$$$$$$$Activate only when your opponent Synchro Summons a monster. Special Summon 1 Tuner Monster used for that Synchro Summon from their Graveyard to your side of the field.$$Synchro Monster/Tuner monster$$Activation requirement/Effect$
87046457$Overdoom Line$Unlimited$TRAP$$$$$$$$$Continuous$$$If a Plant-Type monster(s) is Special Summoned from the Graveyard to your side of the field: It gains 1000 ATK while this card is face-up on the field. Destroy this card during your 2nd End Phase after activation.$Plant$$$Trigger-like/Condition$
23440062$Wicked Rebirth$Unlimited$TRAP$$$$$$$$$Continuous$$$Activate this card by paying 800 LP, then target 1 Synchro Monster in your Graveyard; Special Summon it in Attack Position. Its effects are negated, also it cannot declare an attack this turn. When this card leaves the field, destroy that monster. When that monster is destroyed, destroy this card.$Synchro Monster$$Activates when it leaves the field$Cost/Effect/Continuous-like$
59839761$Delta Crow - Anti Reverse$Unlimited$TRAP$$$$$$$$$$$$If you control a "Blackwing" monster: Destroy all face-down Spells and Traps your opponent controls. If you control exactly 3 "Blackwing" monsters, you can activate this card from your hand.$Supports archetypes /Blackwing$$$Activation requirement/Effect/Condition$
86223870$Level Retuner$Unlimited$TRAP$$$$$$$$$$$$Reduce the Level of 1 face-up monster you control by up to 2.$$$$Effect$
22628574$Fake Feather$Unlimited$TRAP$$$$$$$$$$$$Send 1 "Blackwing" monster from your hand to the Graveyard and select 1 Normal Trap Card in your opponent's Graveyard. The effect of this card will be same as the selected Normal Trap Card.$Supports archetypes /Blackwing$Normal Trap Card$Sends from your hand to your Graveyard for cost/Resolves as another card's effect$Cost/Effect$
59616123$Trap Stun$Unlimited$TRAP$$$$$$$$$$$$Negate all other Trap effects on the field this turn.$$$$Effect$
85101228$Morphtronic Bind$Unlimited$TRAP$$$$$$$$$Continuous$$$While you control a face-up "Morphtronic" monster, all Level 4 or higher monsters your opponent controls cannot declare an attack or change their battle positions.$Supports archetypes /Morphtronic$$Prevents Battle Position changes$Continuous-like$
11596936$Reckoned Power$Unlimited$TRAP$$$$$$$$$$$$Reveal 1 "Iron Core of Koa'ki Meiru" in your hand. Destroy all face-down Spell and Trap Cards your opponent controls.$Iron Core of Koa'ki Meiru$$Reveals your hand for cost$Cost/Effect$
58990631$Automatic Laser$Unlimited$TRAP$$$$$$$$$$$$When your opponent Normal or Special Summons a monster(s) with 1000 or more ATK, reveal 1 "Iron Core of Koa'ki Meiru" in your hand to activate this card. Destroy that Summoned monster(s).$Iron Core of Koa'ki Meiru$$Reveals your hand for cost$Activation requirement/Cost/Effect$
84389640$Attack of the Cornered Rat$Unlimited$TRAP$$$$$$$$$Continuous$$$If a Level 3 or lower Normal Monster you control battles, during the Damage Step you can pay Life Points in multiples of 100. The ATK of the opponent's monster is reduced by the amount of Life Points you paid, until the End Phase. (You cannot pay more Life Points than the ATK of the opponent's monster.)$Normal Monster$$$Quick-like$
11373345$Proof of Powerlessness$Unlimited$TRAP$$$$$$$$$$$$Activate only while you control a face-up Level 7 or higher monster. Destroy all face-up Level 5 or lower monsters your opponent controls. Monsters you control cannot attack this turn.$$$$Activation requirement/Effect$
47778083$Bone Temple Block$Unlimited$TRAP$$$$$$$$$$$$Discard 1 card. Special Summon 1 Level 4 or lower monster from your opponent's Graveyard to your side of the field, and your opponent Special Summons 1 Level 4 or lower monster from your Graveyard to your opponent's side of the field. Those monsters are destroyed during the End Phase of the next turn.$$$Discards for effect$Effect$
83266092$Grave of the Super Ancient Organism$Unlimited$TRAP$$$$$$$$$Continuous$$$Level 6 or higher Special Summoned monsters on the field cannot declare attacks, nor can players activate their effects.$$$$Continuous-like$
10651797$Swallow Flip$Unlimited$TRAP$$$$$$$$$Counter$$$Negate the activation of an Effect Monster's effect that activates when a monster is Special Summoned (including itself), and destroy it.$$$$Effect$
46656406$Mirror of Oaths$Unlimited$TRAP$$$$$$$$$$$$When your opponent Special Summons a monster(s) from their Main Deck: Destroy that monster(s), and if you do, draw 1 card.$$$You draw cards$Activation requirement/Effect$
95090813$Koa'ki Meiru War Arms$Unlimited$EARTH$[Warrior/Effect]$$$$$4$1400$1200$$$$During each of your End Phases, destroy this card unless you send 1 "Iron Core of Koa'ki Meiru" from your hand to the Graveyard or reveal 1 Warrior-Type monster in your hand. Once per turn: You can target 1 Level 3 or lower Warrior-Type monster in your Graveyard; equip that target to this card. This card gains ATK equal to half the combined ATK of the monsters equipped to it by this effect. If this card would be destroyed by battle, destroy all monsters equipped to it by this effect instead.$Warrior/Iron Core of Koa'ki Meiru$$Sends from hand to Graveyard for cost/Reveals your hand for cost/Equips monsters from the player's Graveyard to itself$Maintenance cost/Ignition/Continuous$
32485518$Immortal Ruler$Unlimited$EARTH$[Zombie/Effect]$$$$$4$1800$200$$$$Cannot be Special Summoned. You can Tribute this card, then target 1 "Zombie World" in your GY; add that target to your hand.$Zombie World$$Tributes itself for cost/Adds from Graveyard to hand$Summon/Ignition$
68473226$Hardened Armed Dragon$Unlimited$EARTH$[Dragon/Effect]$$$$$4$1500$800$$$$(This card is not treated as an "Armed Dragon" card.)You can Special Summon this card (from your hand) by sending 1 Level 8 or higher monster from your hand to the GY. If you Tribute this card for the Tribute Summon of a Level 7 or higher monster, that monster cannot be destroyed by card effects.$$$Sends from hand to Graveyard for cost/Applies effect when Tributed for Tribute Summon$Summon/Unclassified$
94878265$Moja$Unlimited$EARTH$[Beast/Effect]$$$$$1$100$100$$$$When this card is destroyed by battle and sent to the Graveyard, you can add 1 Level 4 Beast-Type monster from your Graveyard to your hand.$Level 4 Monster Cards/Beast$$Activates if destroyed by battle/Activates from your Graveyard/Adds from Graveyard to hand$Trigger$
21362970$Beast Striker$Unlimited$EARTH$[Beast/Effect]$$$$$4$1850$400$$$$Once per turn, you can discard 1 card to Special Summon 1 "Moja" from your Deck.$Moja$$Discards for cost$Ignition$
67757079$King of the Beasts$Unlimited$EARTH$[Beast/Effect]$$$$$7$2500$800$$$$You can Tribute 1 face-up "Moja" you control to Special Summon this card from your hand or Graveyard. There can only be 1 face-up "King of the Beasts" on the field.$Moja$$Activates from your hand/Activates from your Graveyard/Tributes for cost$Ignition/Unclassified$
94145683$Swallow's Nest$Unlimited$SPELL$$$$$$$$$Quick-Play$$$Tribute 1 face-up Winged Beast monster; Special Summon 1 Winged Beast monster from your Deck with the same Level the Tributed monster had on the field.$Winged Beast$$Tributes for cost$Cost/Effect$
20140382$Overwhelm$Unlimited$TRAP$$$$$$$$$Counter$$$Activate only while you control a face-up Level 7 or higher monster that was Tribute Summoned. Negate the activation of a Trap Card or Effect Monster's effect and destroy that card.$$Effect Monster$$Activation requirement/Effect$
56535497$Berserking$Unlimited$TRAP$$$$$$$$$Continuous$$$Once per turn, during your Main Phase or your opponent's Battle Phase, you can select 2 face-up Beast-Type monsters on the field. Until the end of turn, 1 of the selected monsters loses half its ATK, and the other monster gains an equal amount of ATK.$Beast$Beast$$Quick-like$
76714458$Spell of Pain$Unlimited$SPELL$$$$$$$$$Quick-Play$$$When your opponent activates a card or effect that would inflict effect damage to you: Your opponent takes the effect damage from that card or effect, instead.$$$$Activation requirement/Effect$
25132288$Light End Dragon$Unlimited$LIGHT$[Dragon/Synchro/Effect]$$$$$8$2600$2100$$1 Tuner + 1 or more non-Tuner LIGHT monsters$$At attack declaration, if this card battles another monster: You can have this card lose 500 ATK and DEF (permanently), and the monster this card is battling loses 1500 ATK and DEF until the End Phase.$LIGHT$$$Trigger$
46609443$Chaos-End Master$Unlimited$LIGHT$[Warrior/Tuner/Effect]$$$$$3$1500$1000$$$$When this card destroys an opponent's monster by battle and sends it to the Graveyard, you can Special Summon 1 Level 5 or higher monster with 1600 or less ATK from your Deck.$$$$Trigger$
82693042$Sphere of Chaos$Unlimited$DARK$[Machine/Effect]$$$$$5$1600$0$$$$While this card is face-up on the field its Attribute is also treated as LIGHT. Once per turn, this card cannot be destroyed by battle. When this card is Tribute Summoned, you can add 1 Level 3 monster from your Deck to your hand.$LIGHT$$Activates upon Tribute Summon/Adds from Deck to hand$Continuous/Trigger$
91133740$Snowman Eater$Unlimited$WATER$[Aqua/Effect]$$$$$3$0$1900$$$$If this card is flipped face-up: Target 1 face-up monster on the field; destroy that target.$$$$Trigger$
71759912$Tree Otter$Unlimited$WATER$[Beast/Effect]$$$$$2$1200$100$$$$Once per turn: You can target 1 face-up monster you control; it gains 1000 ATK until the end of this turn. You must control a Beast-Type monster (other than this card) to activate and to resolve this effect.$Beast$$$Ignition$
37132349$Ojama Red$Unlimited$LIGHT$[Beast/Effect]$$$$$2$0$1000$$$$When this card is Normal Summoned: You can Special Summon up to 4 "Ojama" monsters from your hand in Attack Position.$Supports archetypes /Ojama$$Activates upon Normal Summon$Trigger$
64627453$Ojama Blue$Unlimited$LIGHT$[Beast/Effect]$$$$$2$0$1000$$$$When this card is destroyed by battle and sent to the GY: You can add 2 "Ojama" cards from your Deck to your hand.$Supports archetypes /Ojama$$Activates if destroyed by battle/Activates from your Graveyard/Adds from Deck to hand$Trigger$
90011152$Ojama Country$Unlimited$SPELL$$$$$$$$$Field$$$Once per turn: You can send 1 "Ojama" card from your hand to the GY; Special Summon 1 "Ojama" monster from your GY. While you control an "Ojama" monster, switch the original ATK/DEF of all monsters on the field.$Supports archetypes /Ojama$$Sends from hand to Graveyard for cost/Sends from your hand to your Graveyard$Ignition-like/Continuous-like/Condition$
21672573$Emperor Sem$Unlimited$LIGHT$[Fiend/Effect]$$$$$4$1300$2200$$$$Each time you Tribute Summon a monster, each player can select 1 card from their Graveyard and return it to the top of their Deck.$$$Returns from your Graveyard to your Deck/Returns from your opponent's Graveyard to your opponent's Deck$Trigger$
