Passcode$Name$Status$Attribute$type$link$link_arrows$rank$pendulum_scale$level$attack$defense$spell_attribute$summoning_condition$pendulum_condition$card_text$card_supports$card_anti_supports$card_actions$effect_types$
43096270$Alexandrite Dragon$Unlimited$LIGHT$[Dragon/Normal]$$$$$4$2000$100$$$$Many of the czars' lost jewels can be found in the scales of this priceless dragon. Its creator remains a mystery, along with how they acquired the imperial treasures. But whosoever finds this dragon has hit the jackpot... whether they know it or not.$$$$$
40164421$Minerva, Lightsworn Maiden$Unlimited$LIGHT$[Spellcaster/Tuner/Effect]$$$$$3$800$200$$$$When this card is Normal Summoned: You can add 1 LIGHT Dragon-Type monster from your Deck to your hand, whose Level is less than or equal to the total number of "Lightsworn" monsters with different names in your Graveyard. If this card is sent from the hand or Deck to the Graveyard: Send the top card of your Deck to the Graveyard. During each of your End Phases: Send the top 2 cards of your Deck to the Graveyard.$Supports archetypes /Lightsworn$$Activates upon Normal Summon/Adds from Deck to hand/Activates from your Graveyard/Sends from the top of your Deck to your Graveyard$Trigger$
77558536$Raiden, Hand of the Lightsworn$Unlimited$LIGHT$[Warrior/Tuner/Effect]$$$$$4$1700$1000$$$$During your Main Phase: You can send the top 2 cards of your Deck to the GY, then if any "Lightsworn" monsters were sent to the GY by this effect, this card gains 200 ATK until the end of your opponent's turn. You can only use this effect of "Raiden, Hand of the Lightsworn" once per turn. Once per turn, during your End Phase: Send the top 2 cards of your Deck to the GY.$Supports archetypes /Lightsworn$$Sends from the top of your Deck to your Graveyard$Ignition/Condition/Trigger$
57774843$Judgment Dragon$Unlimited$LIGHT$[Dragon/Effect]$$$$$8$3000$2600$$$$Cannot be Normal Summoned/Set. Must be Special Summoned (from your hand) by having 4 or more "Lightsworn" monsters with different names in your GY. You can pay 1000 LP; destroy all other cards on the field. Once per turn, during your End Phase: Send the top 4 cards of your Deck to the GY.$Supports archetypes /Lightsworn$$Sends from the top of your Deck to your Graveyard$Summon/Ignition/Trigger$
21785144$Gragonith, Lightsworn Dragon$Unlimited$LIGHT$[Dragon/Effect]$$$$$6$2000$1600$$$$This card gains 300 ATK and DEF for each "Lightsworn" monster with a different name in your Graveyard. If this card attacks a Defense Position monster, inflict piercing battle damage to your opponent. During each of your End Phases: Send the top 3 cards of your Deck to the Graveyard.$Supports archetypes /Lightsworn$$Sends from the top of your Deck to your Graveyard$Continuous/Trigger$
94381039$Celestia, Lightsworn Angel$Unlimited$LIGHT$[Fairy/Effect]$$$$$5$2300$200$$$$When you Tribute Summon this card by Tributing a "Lightsworn" monster: You can send the top 4 cards of your Deck to the GY, then target up to 2 cards your opponent controls; destroy those targets.$Supports archetypes /Lightsworn$$Activates upon Tribute Summon/Sends from the top of your Deck to your Graveyard for cost$Trigger$
96235275$Jain, Lightsworn Paladin$Unlimited$LIGHT$[Warrior/Effect]$$$$$4$1800$1200$$$$If this card attacks an opponent's monster, it gains 300 ATK during the Damage Step only. Once per turn, during your End Phase: Send the top 2 cards of your Deck to the Graveyard.$$$Sends from the top of your Deck to your Graveyard$Continuous/Trigger$
22624373$Lyla, Lightsworn Sorceress$Unlimited$LIGHT$[Spellcaster/Effect]$$$$$4$1700$200$$$$You can target 1 Spell/Trap your opponent controls; this card's battle position cannot be changed until the end of your next turn, also change this card you control from face-up Attack Position to face-up Defense Position, and if you do, destroy that target. Once per turn, during your End Phase: Send the top 3 cards of your Deck to the GY.$$$Changes battle positions/Prevents Battle Position changes/Sends from the top of your Deck to your Graveyard$Ignition/Trigger$
59019082$Garoth, Lightsworn Warrior$Unlimited$LIGHT$[Warrior/Effect]$$$$$4$1850$1300$$$$Each time a card(s) is sent from your Deck to the GY by the effect of a "Lightsworn" monster you control, except "Garoth, Lightsworn Warrior": Send the top 2 cards of your Deck to the GY, then draw 1 card for each "Lightsworn" monster sent to the GY by this effect.$Supports archetypes /Lightsworn$$Sends from the top of your Deck to your Graveyard/You draw cards$Trigger$
58996430$Wulf, Lightsworn Beast$Unlimited$LIGHT$[Beast-Warrior/Effect]$$$$$4$2100$300$$$$Cannot be Normal Summoned/Set. Must be Special Summoned by a card effect. If this card is sent from your Deck to the GY: Special Summon it.$$$Activates from your Graveyard$Summon/Trigger$
44178886$Ehren, Lightsworn Monk$Unlimited$LIGHT$[Warrior/Effect]$$$$$4$1600$1000$$$$If this card attacks a Defense Position monster, before damage calculation: Shuffle that monster into the Deck. Once per turn, during your End Phase: Send the top 3 cards of your Deck to the Graveyard.$$$Returns from your opponent's field to your opponent's Deck/Sends from the top of your Deck to your Graveyard$Trigger$
95503687$Lumina, Lightsworn Summoner$Unlimited$LIGHT$[Spellcaster/Effect]$$$$$3$1000$1000$$$$Once per turn: You can discard 1 card, then target 1 Level 4 or lower "Lightsworn" monster in your GY; Special Summon it. Once per turn, during your End Phase: Send the top 3 cards of your Deck to the GY.$Supports archetypes /Lightsworn$$Discards for cost/Sends from the top of your Deck to your Graveyard$Ignition/Trigger$
07183277$Aurkus, Lightsworn Druid$Unlimited$LIGHT$[Beast-Warrior/Effect]$$$$$3$1200$1800$$$$Neither player can target "Lightsworn" monsters (anywhere) with card effects. During each of your End Phases: Send the top 2 cards of your Deck to the Graveyard.$Supports archetypes /Lightsworn$$Sends from the top of your Deck to your Graveyard$Continuous/Trigger$
02420921$Shire, Lightsworn Spirit$Unlimited$LIGHT$[Fairy/Effect]$$$$$3$400$1400$$$$This card gains 300 ATK for each "Lightsworn" monster with a different name in your Graveyard. During each of your End Phases: Send the top 2 cards of your Deck to the Graveyard.$Supports archetypes /Lightsworn$$Sends from the top of your Deck to your Graveyard$Continuous/Trigger$
21502796$Ryko, Lightsworn Hunter$Unlimited$LIGHT$[Beast/Flip/Effect]$$$$$2$200$100$$$$FLIP: Apply these effects (simultaneously).●You can destroy 1 card on the field.●Send the top 3 cards of your Deck to the GY.$$$Sends from the top of your Deck to your Graveyard$Flip$
37742478$Honest$Unlimited$LIGHT$[Fairy/Effect]$$$$$4$1100$1900$$$$During your Main Phase: You can return this face-up card from the field to the hand. During the Damage Step, when a LIGHT monster you control battles (Quick Effect): You can send this card from your hand to the GY; that monster gains ATK equal to the ATK of the opponent's monster it is battling, until the end of this turn.$LIGHT$$Returns itself from field to hand/Sends itself from hand to Graveyard for cost$Ignition/Quick$
30126992$Lightray Diabolos$Unlimited$LIGHT$[Dragon/Effect]$$$$$7$2800$1000$$$$Cannot be Normal Summoned/Set. Must first be Special Summoned (from your hand) by having 5 or more LIGHT monsters with different names in your Graveyard. Once per turn: You can banish 1 LIGHT monster from your Graveyard, then target 1 Set card your opponent controls; reveal that target, then place that target on either the top or bottom of the Deck.$LIGHT$$Reveals face-down cards/Returns from your opponent's field to your opponent's Deck$Summon/Ignition$
38737148$Lightray Daedalus$Unlimited$LIGHT$[Sea Serpent/Effect]$$$$$7$2600$1500$$$$Cannot be Normal Summoned/Set. Must be Special Summoned (from your hand) by having 4 or more LIGHT monsters in your Graveyard, and cannot be Special Summoned by other ways. Once per turn: You can target 1 Field Spell Card and 2 other cards on the field; destroy them.$LIGHT/Field Spell Card$Field Spell Card$$Summon/Ignition$
74064212$Vylon Prism$Unlimited$LIGHT$[Thunder/Tuner/Effect]$$$$$4$1500$1500$$$$If this card is sent from the Monster Card Zone to the Graveyard: You can pay 500 Life Points, then target 1 face-up monster you control; equip this card to that target. If the equipped monster attacks or is attacked: It gains 1000 ATK during the Damage Step only.$$$Activates from your Graveyard/Equips self from Graveyard$Trigger/Trigger-like$
47217354$Fabled Raven$Unlimited$LIGHT$[Fiend/Tuner/Effect]$$$$$2$1300$1000$$$$Once per turn: You can discard any number of cards, and if you do, this card gains 1 Level and 400 ATK for each discarded card, until the end of this turn.$$$Discards for effect$Ignition$
82888408$The Fabled Cerburrel$Unlimited$LIGHT$[Beast/Tuner/Effect]$$$$$2$1000$400$$$$If this card is discarded to the GY: Special Summon it.$$$Activates from your Graveyard$Trigger$
14785765$Blackwing - Zephyros the Elite$Unlimited$DARK$[Winged Beast/Effect]$$$$$4$1600$1000$$$$If this card is in your GY: You can return 1 face-up card you control to the hand; Special Summon this card, and if you do, take 400 damage. You can only use this effect of "Blackwing - Zephyros the Elite" once per Duel.$$$Activates from your Graveyard/Returns from field to hand for cost/Returns from your field to your hand$Ignition/Condition$
04906301$Necro Gardna$Unlimited$DARK$[Warrior/Effect]$$$$$3$600$1300$$$$During your opponent's turn: You can banish this card from your Graveyard; negate the next attack this turn from a monster your opponent controls (this is a Quick Effect).$$$Activates from your Graveyard$Quick$
52665542$Lightsworn Sanctuary$Unlimited$SPELL$$$$$$$$$Continuous$$$Once per turn: You can send 1 "Lightsworn" monster from your hand to the Graveyard, then target 1 other "Lightsworn" monster in your Graveyard; add it to your hand. Each time a card(s) is sent from your Deck to the Graveyard, place 1 Shine Counter on this card. If a "Lightsworn" card(s) you control would be destroyed by a card effect, you can remove 2 Shine Counters from your side of the field for each of those "Lightsworn" card(s) instead.$Supports archetypes /Lightsworn$$Sends from hand to Graveyard for cost/Adds from Graveyard to hand$Ignition-like/Continuous-like$
36099620$Realm of Light$Unlimited$SPELL$$$$$$$$$Field$$$Each time a card(s) is sent from your Deck to the Graveyard, place 1 Shine Counter on this card. All "Lightsworn" monsters gain 100 ATK for each Shine Counter on this card. If this card would be destroyed by a card effect, remove 2 Shine Counters from this card instead.$Supports archetypes /Lightsworn$$$Continuous-like$
00691925$Solar Recharge$Unlimited$SPELL$$$$$$$$$$$$Discard 1 "Lightsworn" monster; draw 2 cards, then send the top 2 cards of your Deck to the GY.$Supports archetypes /Lightsworn$$Discards for cost/You draw cards/Sends from your Deck to your Graveyard$Cost/Effect$
94886282$Charge of the Light Brigade$Unlimited$SPELL$$$$$$$$$$$$Send the top 3 cards of your Deck to the Graveyard; add 1 Level 4 or lower "Lightsworn" monster from your Deck to your hand.$Supports archetypes /Lightsworn$$Sends from the top of your Deck to your Graveyard for cost/Adds from Deck to hand$Cost/Effect$
74848038$Monster Reincarnation$Unlimited$SPELL$$$$$$$$$$$$Discard 1 card, then target 1 monster in your GY; add it to your hand.$$$Adds from Graveyard to hand/Discards for cost$Cost/Effect$
81439173$Foolish Burial$Limited$SPELL$$$$$$$$$$$$Send 1 monster from your Deck to the GY.$$$Sends from your Deck to your Graveyard$Effect$
61962135$Glorious Illusion$Unlimited$TRAP$$$$$$$$$Continuous$$$Activate this card by targeting 1 "Lightsworn" monster in your Graveyard; Special Summon that target in face-up Attack Position. During each of your End Phases: Send the top 2 cards of your Deck to the Graveyard. When this card leaves the field, destroy that monster. When that monster leaves the field, destroy this card.$Supports archetypes /Lightsworn$$Sends from the top of your Deck to your Graveyard$Effect/Trigger-like/Continuous-like$
22201234$Lightsworn Barrier$Unlimited$TRAP$$$$$$$$$Continuous$$$When a "Lightsworn" monster you control is targeted for an attack: You can send the top 2 cards of your Deck to the Graveyard, then target the attacking monster; negate the attack.$Supports archetypes /Lightsworn$$Sends from the top of your Deck to your Graveyard for cost$Trigger-like$
32233746$Vanquishing Light$Unlimited$TRAP$$$$$$$$$Counter$$$When a monster(s) would be Summoned: Tribute 1 "Lightsworn" monster; negate the Summon, and if you do, destroy that monster(s).$Supports archetypes /Lightsworn$$Tributes for cost$Activation requirement/Cost/Effect$
16255442$Beckoning Light$Unlimited$TRAP$$$$$$$$$$$$Discard your entire hand, then for each card you discarded to the GY by this effect, add 1 LIGHT monster from your GY to your hand.$LIGHT$$Discards for effect/Adds from Graveyard to hand$Effect$
73729209$Skill Successor$Unlimited$TRAP$$$$$$$$$$$$Target 1 face-up monster you control; it gains 400 ATK until the end of this turn. During your turn, except the turn this card was sent to the GY: You can banish this card from your GY, then target 1 face-up monster you control; that target gains 800 ATK until the end of this turn.$$$Activates from your Graveyard$Effect/Quick-like$
78474168$Breakthrough Skill$Unlimited$TRAP$$$$$$$$$$$$Target 1 face-up Effect Monster your opponent controls; that face-up monster your opponent controls has its effects negated until the end of this turn. During your turn, except the turn this card was sent to the Graveyard: You can banish this card from your Graveyard, then target 1 face-up Effect Monster your opponent controls; that target has its effects negated until the end of this turn.$$Effect Monster$Activates from your Graveyard$Effect/Quick-like$
04779823$Michael, the Arch-Lightsworn$Unlimited$LIGHT$[Dragon/Synchro/Effect]$$$$$7$2600$2000$$1 Tuner + 1 or more non-Tuner LIGHT monsters$$Once per turn: You can pay 1000 LP, then target 1 card on the field; banish that target. When this card is destroyed: You can target any number of other "Lightsworn" monsters in your Graveyard; shuffle them into the Deck, and if you do, you gain 300 LP for each returned card. Once per turn, during your End Phase: Send the top 3 cards of your Deck to the Graveyard.$Supports archetypes /Lightsworn$$Activates from your Graveyard/Activates while banished/Returns from Graveyard to Deck/Sends from the top of your Deck to your Graveyard$Ignition/Trigger$
