Passcode$Name$Status$Attribute$type$link$link_arrows$rank$pendulum_scale$level$attack$defense$spell_attribute$summoning_condition$pendulum_condition$card_text$card_supports$card_anti_supports$card_actions$effect_types$
47826112$Poseidra, the Atlantean Dragon$Unlimited$WATER$[Sea Serpent/Effect]$$$$$7$2800$1600$$$$You can Tribute 3 Level 3 or lower WATER monsters; Special Summon this card from your hand or Graveyard. When you do: Return all Spell and Trap Cards on the field to the hand, and if you do, if 3 or more cards are returned to the hand by this effect, all monsters your opponent currently controls lose 300 ATK for each.$WATER$$Activates from your hand/Activates from your Graveyard/Tributes for cost/Activates upon Special Summon/Returns from field to hand$Ignition/Trigger$
74311226$Atlantean Dragoons$Unlimited$WATER$[Sea Serpent/Effect]$$$$$4$1800$0$$$$All your Level 3 or lower Sea Serpent monsters can attack directly. If this card is sent to the GY to activate a WATER monster's effect: Add 1 Sea Serpent monster from your Deck to your hand, except "Atlantean Dragoons".$WATER/Sea Serpent$$Activates from your Graveyard/Adds from Deck to hand$Continuous/Trigger$
00706925$Atlantean Marksman$Unlimited$WATER$[Sea Serpent/Effect]$$$$$3$1400$0$$$$When this card inflicts Battle Damage to your opponent: You can Special Summon 1 Level 4 or lower "Atlantean" Sea Serpent-Type monster from your Deck, except "Atlantean Marksman". When this card is sent to the Graveyard to activate a WATER monster's effect: Target 1 Set card your opponent controls; destroy that target.$Supports archetypes /Atlantean$$Activates when it inflicts battle damage/Activates from your Graveyard$Trigger$
37104630$Atlantean Heavy Infantry$Unlimited$WATER$[Sea Serpent/Effect]$$$$$2$0$1600$$$$During your Main Phase, you can Normal Summon 1 Level 4 or lower Sea Serpent-Type monster in addition to your Normal Summon/Set. (You can only gain this effect once per turn.) When this card is sent to the Graveyard to activate a WATER monster's effect: Target 1 face-up card your opponent controls; destroy that target.$WATER/Sea Serpent$$Activates from your Graveyard$Continuous/Trigger$
26976414$Atlantean Pikeman$Unlimited$WATER$[Sea Serpent/Normal]$$$$$2$1400$0$$$$The Great Ocean Lord, who reigns over the depths, is served by these lancers. Deep-sea creatures exist in fear of facing the stream of attacks their lances are capable of.$$$$$
08078366$Atlantean Attack Squad$Unlimited$WATER$[Sea Serpent/Effect]$$$$$3$1400$0$$$$This card gains 800 ATK while you control a face-up Fish, Sea Serpent, or Aqua-Type monster other than this card.$Aqua/Sea Serpent/Fish$$$Continuous$
95231062$Lost Blue Breaker$Unlimited$WATER$[Sea Serpent/Effect]$$$$$3$1400$0$$$$If there is another face-up Fish, Sea Serpent, or Aqua monster on the field: You can Tribute this card, then target 1 Spell/Trap on the field; destroy that target.$Fish/Sea Serpent/Aqua$$Tributes itself for cost$Ignition$
20470500$Armed Sea Hunter$Unlimited$WATER$[Sea Serpent/Effect]$$$$$4$1800$400$$$$After damage calculation, if this card battles an Effect Monster: Negate the effects of that monster (including in the Graveyard). You must control another face-up WATER monster to activate and to resolve this effect. If this card would be destroyed, you can destroy 1 face-up Level 3 or lower WATER monster you control instead.$WATER$$$Trigger/Continuous$
42463414$Spined Gillman$Unlimited$WATER$[Sea Serpent/Effect]$$$$$3$1300$0$$$$All Fish, Sea Serpent, and Aqua-Type monsters you control gain 400 ATK.$Fish/Sea Serpent/Aqua$$$Continuous$
78868119$Deep Sea Diva$Unlimited$WATER$[Sea Serpent/Tuner/Effect]$$$$$2$200$400$$$$When this card is Normal Summoned: You can Special Summon 1 Level 3 or lower Sea Serpent monster from your Deck.$Sea Serpent$$Activates upon Normal Summon$Trigger$
04252828$Mermaid Archer$Unlimited$WATER$[Sea Serpent/Effect]$$$$$3$1200$200$$$$Once per turn: You can target 1 face-up Level 3 or lower monster you control; equip that target to this card. (You can only equip 1 monster at a time to this card with this effect.) While equipped with a monster by this effect, this card gains 800 ATK. If this card would be destroyed, you can destroy the monster equipped to it with this effect, instead.$$$Equips monsters from the player's field to itself$Ignition/Continuous$
65496056$Codarus$Unlimited$WATER$[Sea Serpent/Effect]$$$$$4$1400$1200$$$$You can send 1 face-up "Umi" you control to the Graveyard to target up to 2 cards your opponent controls; send those targets to the Graveyard.$Umi$$Sends from field to Graveyard for cost/Sends from your opponent's field to your opponent's Graveyard$Ignition$
43797906$Warrior of Atlantis$Unlimited$WATER$[Aqua/Effect]$$$$$4$1900$1200$$$$You can discard this card to the Graveyard; add 1 "A Legendary Ocean" from your Deck to your hand.$A Legendary Ocean$$Discards itself for cost/Adds from Deck to hand$Ignition$
18318842$Abyss Soldier$Unlimited$WATER$[Aqua/Effect]$$$$$4$1800$1300$$$$Once per turn: You can discard 1 WATER monster to the Graveyard to target 1 card on the field; return it to the hand.$WATER$$Discards for cost/Returns from field to hand$Ignition$
27655513$Skreech$Unlimited$WATER$[Reptile/Effect]$$$$$4$1500$400$$$$If this card is destroyed by battle: Send 2 WATER monsters from your Deck to the GY.$WATER$$Activates if destroyed by battle/Sends from your Deck to your Graveyard$Trigger$
91133740$Snowman Eater$Unlimited$WATER$[Aqua/Effect]$$$$$3$0$1900$$$$If this card is flipped face-up: Target 1 face-up monster on the field; destroy that target.$$$$Trigger$
81306586$Nightmare Penguin$Unlimited$WATER$[Aqua/Effect]$$$$$4$900$1800$$$$All face-up WATER monsters you control gain 200 ATK. When this card is flipped face-up: Target 1 card your opponent controls; return that target to the hand.$WATER$$Returns from your opponent's field to your opponent's hand$Continuous/Trigger$
93920745$Penguin Soldier$Unlimited$WATER$[Aqua/Flip/Effect]$$$$$2$750$500$$$$FLIP: You can target up to 2 monsters on the field; return those targets to the hand.$$$Returns from field to hand/Returns from your field to your hand/Returns from your opponent's field to your opponent's hand$Flip$
17559367$Deep Diver$Unlimited$WATER$[Aqua/Effect]$$$$$3$1000$1100$$$$At the end of the Battle Phase, if this card was destroyed by battle and sent to the Graveyard: Choose 1 monster from your Deck and place it on top of your Deck.$$$Activates if destroyed by battle/Activates from your Graveyard/Changes your Deck order/Places cards from your Deck on the top of the Deck$Trigger$
30276969$Reese the Ice Mistress$Unlimited$WATER$[Sea Serpent/Tuner/Effect]$$$$$2$800$800$$$$This card cannot be destroyed by battle with a Level 4 or higher monster.$$$$Continuous$
57839750$Mother Grizzly$Unlimited$WATER$[Beast-Warrior/Effect]$$$$$4$1400$1000$$$$When this card is destroyed by battle and sent to the Graveyard: You can Special Summon 1 WATER monster with 1500 or less ATK from your Deck, in face-up Attack Position.$WATER$$Activates from your Graveyard$Trigger$
93830681$Friller Rabca$Unlimited$WATER$[Fish/Effect]$$$$$3$700$1500$$$$When a Fish, Sea Serpent, or Aqua-Type monster you control is targeted for an attack: You can banish this card from your Graveyard, then target the attacking monster; negate the attack, and if you do, that target loses 500 ATK until the end of the next turn. You can only use this effect of "Friller Rabca" once per turn.$Fish/Sea Serpent/Aqua$$Activates from your Graveyard$Trigger$
73199638$Call of the Atlanteans$Unlimited$SPELL$$$$$$$$$Quick-Play$$$Target 3 Level 3 or lower Sea Serpent-Type monsters in your Graveyard; Special Summon all 3 of them. You cannot Special Summon any other monsters during the turn you activate this card.$Sea Serpent$$$Effect/Condition$
00295517$A Legendary Ocean$Unlimited$SPELL$$$$$$$$$Field$$$(This card is always treated as "Umi".)All WATER monsters on the field gain 200 ATK/DEF. Reduce the Level of all WATER monsters in both players' hands and on the field by 1.$WATER$$$Condition/Continuous-like$
73628505$Terraforming$Limited$SPELL$$$$$$$$$$$$Add 1 Field Spell from your Deck to your hand.$Field Spell Card$$Adds from Deck to hand$Effect$
49669730$Water Hazard$Unlimited$SPELL$$$$$$$$$Continuous$$$Once per turn: You can Special Summon 1 Level 4 or lower WATER monster from your hand. You must control no monsters to activate and to resolve this effect.$WATER$$$Ignition-like$
07653207$Aqua Jet$Unlimited$SPELL$$$$$$$$$$$$Target 1 face-up Fish, Sea Serpent, or Aqua-Type monster you control; it gains 1000 ATK.$Fish/Sea Serpent/Aqua$$$Effect$
33057951$Surface$Unlimited$SPELL$$$$$$$$$$$$Target 1 Level 3 or lower Fish, Sea Serpent, or Aqua monster in your GY; Special Summon it in Defense Position.$Fish/Sea Serpent/Aqua$$$Effect$
22123627$Moray of Greed$Unlimited$SPELL$$$$$$$$$$$$Shuffle 2 WATER monsters from your hand into the Deck, then draw 3 cards.$WATER$$Returns from your hand to your Deck/You draw cards$Effect$
96947648$Salvage$Unlimited$SPELL$$$$$$$$$$$$Target 2 WATER monsters with 1500 or less ATK in your GY; add those targets to your hand.$WATER$$Adds from Graveyard to hand$Effect$
53129443$Dark Hole$Unlimited$SPELL$$$$$$$$$$$$Destroy all monsters on the field.$$$$Effect$
51562916$Big Wave Small Wave$Unlimited$SPELL$$$$$$$$$$$$Destroy all face-up WATER monsters you control, then you can Special Summon WATER monsters from your hand, up to the number of monsters destroyed by this effect.$WATER$$$Effect$
07935043$Aegis of the Ocean Dragon Lord$Unlimited$TRAP$$$$$$$$$$$$Until the End Phase, face-up Level 3 or lower WATER monsters you control cannot be destroyed by battle or by card effects.$WATER/Level 1 Monster Cards/Level 2 Monster Cards/Level 3 Monster Cards$$$Effect$
43889633$Forgotten Temple of the Deep$Unlimited$TRAP$$$$$$$$$Continuous$$$While this card is on the field, this card's name becomes "Umi". Once per turn: You can target 1 Level 4 or lower Fish, Sea Serpent or Aqua-Type monster you control; banish that target. During your End Phase: Special Summon the monster(s) banished by this effect.$Umi/Fish/Sea Serpent/Aqua$$$Continuous-like/Quick-like/Trigger-like$
18605135$Tornado Wall$Unlimited$TRAP$$$$$$$$$Continuous$$$Activate only while "Umi" is on the field. While "Umi" is face-up on the field, you take no Battle Damage from attacking monsters. Destroy this card when "Umi" leaves the field.$Umi$$$Activation requirement/Continuous-like$
53582587$Torrential Tribute$Unlimited$TRAP$$$$$$$$$$$$When a monster(s) is Summoned: Destroy all monsters on the field.$$$$Activation requirement/Effect$
06540606$Spiritual Water Art - Aoi$Unlimited$TRAP$$$$$$$$$$$$Tribute 1 WATER monster; look at your opponent's hand, then send 1 card from their hand to the GY.$WATER$$Tributes for cost/Reveals your opponent's hand/Sends from your opponent's hand to your opponent's Graveyard$Cost/Effect$
85742772$Gravity Bind$Unlimited$TRAP$$$$$$$$$Continuous$$$Level 4 or higher monsters cannot attack.$$$$Continuous-like$
25642998$Poseidon Wave$Unlimited$TRAP$$$$$$$$$$$$When an opponent's monster declares an attack: Target the attacking monster; negate the attack, and if you do, inflict 800 damage to your opponent for each Fish, Sea Serpent, or Aqua-Type monster you control.$Fish/Sea Serpent/Aqua$$Activates upon attack declaration$Activation requirement/Effect$
