Passcode$Name$Status$Attribute$type$link$link_arrows$rank$pendulum_scale$level$attack$defense$spell_attribute$summoning_condition$pendulum_condition$card_text$card_supports$card_anti_supports$card_actions$effect_types$
44330098$Gorz the Emissary of Darkness$Unlimited$DARK$[Fiend/Effect]$$$$$7$2700$2500$$$$When you take damage from a card in your opponent's possession: You can Special Summon this card from your hand. You must control no cards to activate and to resolve this effect. When this card is Special Summoned by its effect: Activate the appropriate effect, based on the type of damage.●Battle damage: Special Summon 1 "Emissary of Darkness Token" (Fairy/LIGHT/Level 7/ATK ?/DEF ?). Its ATK and DEF are each equal to the amount of battle damage you took.●Effect damage: Inflict damage to your opponent equal to the damage you took.$$$Activates upon Special Summon$Trigger/Condition$
77585513$Jinzo$Unlimited$DARK$[Machine/Effect]$$$$$6$2400$1500$$$$Trap Cards, and their effects on the field, cannot be activated. Negate all Trap effects on the field.$$$$Continuous$
27911549$Parasite Paracide$Unlimited$EARTH$[Insect/Flip/Effect]$$$$$2$500$300$$$$FLIP: Shuffle this card face-up into your opponent's Deck.If you draw this card after it was added to your Deck by its effect: Special Summon it in Defense Position, and if you do, take 1000 damage. All monsters controlled by the player that Summoned this card by its effect become Insect monsters.$Insect$$Places itself in the opponent's Deck/Allows face-up cards in Main Deck$Flip/Trigger/Continuous$
49587034$Lightforce Sword$Unlimited$TRAP$$$$$$$$$$$$Banish 1 random card from your opponent's hand, face-down. During your opponent's 4th Standby Phase after this card's activation, return that card to their hand.$$$Returns the opponent's banished cards to the hand$Effect/Lingering$
01248895$Chain Destruction$Unlimited$TRAP$$$$$$$$$$$$When a monster(s) with 2000 or less ATK is Summoned: Target 1 of them; destroy all cards with that name in its controller's hand and Main Deck.$$$$Activation requirement/Effect$
60082869$Dust Tornado$Unlimited$TRAP$$$$$$$$$$$$Target 1 Spell/Trap your opponent controls; destroy that target, then you can Set 1 Spell/Trap from your hand.$$$Sets from your hand$Effect$
97077563$Call of the Haunted$Unlimited$TRAP$$$$$$$$$Continuous$$$Activate this card by targeting 1 monster in your GY; Special Summon that target in Attack Position. When this card leaves the field, destroy that monster. When that monster is destroyed, destroy this card.$$$$Effect/Continuous-like$
22359980$Mirror Wall$Unlimited$TRAP$$$$$$$$$Continuous$$$Halve the ATK of your opponent's attacking monsters. Once per turn, during your Standby Phase, pay 2000 LP or destroy this card.$$$$Continuous-like/Maintenance cost$
48539234$Appropriate$Unlimited$TRAP$$$$$$$$$Continuous$$$Activate only when your opponent draws a card(s) outside of either Draw Phase. After that, each time your opponent draws a card(s) outside of either Draw Phase, immediately draw 2 cards.$$$Activates if your opponent draws a card/You draw cards$Activation requirement/Continuous-like$
36468556$Ceasefire$Unlimited$TRAP$$$$$$$$$$$$If a face-down Defense Position monster or an Effect Monster is on the field: Change all face-down Defense Position monsters on the field to face-up Defense Position (Flip monsters' effects are not activated at this time), also inflict 500 damage to your opponent for each Effect Monster on the field.$$Flip monster$Flips monsters face-up$Activation requirement/Effect$
81210420$Magical Hats$Unlimited$TRAP$$$$$$$$$$$$During your opponent's Battle Phase: Choose 2 Spells/Traps from your Deck and 1 monster in your Main Monster Zone. Special Summon them as Normal Monsters (ATK 0/DEF 0) in face-down Defense Position, Set the chosen monster if it is face-up, and shuffle them on the field. The 2 cards chosen from your Deck are destroyed at the end of the Battle Phase, and cannot remain on the field except during this Battle Phase.$$$Flips monsters face-down/Rearranges face-down cards$Activation requirement/Effect/Condition$
71044499$Nobleman of Crossout$Unlimited$SPELL$$$$$$$$$$$$Target 1 face-down monster on the field; destroy that target, and if you do, banish it, then, if it was a Flip monster, each player reveals their Main Deck, then banishes all cards from it with that monster's name.$$Flip monster$Reveals your Deck/Reveals your opponent's Deck$Effect$
70828912$Premature Burial$Forbidden(OCG)$SPELL$$$$$$$$$Equip$$$Activate this card by paying 800 LP, then target 1 monster in your Graveyard; Special Summon that target in Attack Position and equip it with this card. When this card is destroyed, destroy the equipped monster.$$$Equips self from field$Cost/Effect/Continuous-like$
78193831$Buster Blader$Unlimited$EARTH$[Warrior/Effect]$$$$$7$2600$2300$$$$Gains 500 ATK for each Dragon monster your opponent controls or is in their GY.$$Dragon$$Continuous$
98139712$Skull Invitation$Unlimited$TRAP$$$$$$$$$Continuous$$$Each time a card(s) is sent to the Graveyard, inflict 300 damage to its owner for each card sent.$$$$Continuous-like$
23171610$Limiter Removal$Unlimited$SPELL$$$$$$$$$Quick-Play$$$Double the ATK of all Machine monsters you currently control, until the end of this turn. During the End Phase of this turn, destroy those monsters.$Machine$$$Effect/Lingering$
96965364$Insect Imitation$Unlimited$SPELL$$$$$$$$$$$$Tribute 1 monster; Special Summon 1 Insect monster from your Deck whose Level is 1 higher than the Tributed monster had on the field.$Insect$$Tributes for cost$Cost/Effect$
59344077$Magic Drain$Unlimited$TRAP$$$$$$$$$Counter$$$When your opponent activates a Spell Card: They can discard 1 Spell to negate this card's effect, otherwise negate the activation of their Spell Card, and if you do, destroy it.$$$Your opponent discards$Activation requirement/Effect$
85742772$Gravity Bind$Unlimited$TRAP$$$$$$$$$Continuous$$$Level 4 or higher monsters cannot attack.$$$$Continuous-like$
03643300$The Legendary Fisherman$Unlimited$WATER$[Warrior/Effect]$$$$$5$1850$1600$$$$While "Umi" is on the field, this card is unaffected by Spell effects and cannot be targeted for attacks, but does not prevent your opponent from attacking you directly.$Umi$$$Continuous$
27125110$Thousand-Eyes Idol$Unlimited$DARK$[Spellcaster/Normal]$$$$$1$0$0$$$$A wicked entity that controls the hearts of men, its thousand eyes are able to see and expand the negative influences in an individual's soul.$$$$$
63519819$Thousand-Eyes Restrict$Unlimited$DARK$[Spellcaster/Fusion/Effect]$$$$$1$0$0$$"Relinquished" + "Thousand-Eyes Idol"$$Other monsters on the field cannot change their battle positions or attack. Once per turn: You can target 1 monster your opponent controls; equip that target to this card (max. 1). This card's ATK/DEF become equal to that equipped monster's. If this card would be destroyed by battle, destroy that equipped monster instead.$$$Prevents battle position changes/Equips monsters from the opponent's field to itself$Continuous/Ignition$
83994646$4-Starred Ladybug of Doom$Unlimited$WIND$[Insect/Effect]$$$$$3$800$1200$$$$FLIP: Destroy all Level 4 monsters your opponent controls.$$$$Flip$
79870141$Mad Sword Beast$Unlimited$EARTH$[Dinosaur/Effect]$$$$$4$1400$1200$$$$If this card attacks a Defense Position monster, inflict piercing battle damage.$$$$Continuous$
78658564$Goblin Attack Force$Unlimited$EARTH$[Warrior/Effect]$$$$$4$2300$0$$$$If this card attacks, it is changed to Defense Position at the end of the Battle Phase, and its battle position cannot be changed until the End Phase of your next turn.$$$Changes battle positions/Prevents Battle Position changes$Continuous$
00423705$Gearfried the Iron Knight$Unlimited$EARTH$[Warrior/Effect]$$$$$4$1800$1600$$$$If either player equips an Equip Card(s) to this card: Destroy that Equip Card(s).$$Equip Card$$Trigger$
69140098$Gemini Elf$Unlimited$EARTH$[Spellcaster/Normal]$$$$$4$1900$900$$$$Elf twins that alternate their attacks.$$$$$
49064413$The Masked Beast$Unlimited$DARK$[Fiend/Ritual]$$$$$8$3200$1800$$$$You can Ritual Summon this card with "Curse of the Masked Beast".$$$$$
31709826$Revival Jam$Unlimited$WATER$[Aqua/Effect]$$$$$4$1500$500$$$$When this card is destroyed by battle and sent to the Graveyard: You can pay 1000 Life Points; Special Summon it in face-up Defense Position during your next turn's Standby Phase.$$$Activates from your Graveyard$Trigger$
86569121$Melchid the Four-Face Beast$Unlimited$DARK$[Fiend/Normal]$$$$$4$1500$1200$$$$This monster has four different masks for four different attacks.$$$$$
94377247$Curse of the Masked Beast$Unlimited$SPELL$$$$$$$$$Ritual$$$This card is used to Ritual Summon "The Masked Beast". You must also Tribute monsters from your hand or field whose total Levels equal 8 or more.$$$Tributes as an effect$Effect$
29549364$Mask of Restrict$Unlimited$TRAP$$$$$$$$$Continuous$$$Neither player can Tribute cards.$$$Prevents the player's Tributes/Prevents the opponent's Tributes$Continuous-like$
55226821$Lightning Blade$Unlimited$SPELL$$$$$$$$$Equip$$$Equip only to a Warrior monster. It gains 800 ATK. All WATER monsters on the field lose 500 ATK.$Warrior$WATER$$Condition/Continuous-like$
18605135$Tornado Wall$Unlimited$TRAP$$$$$$$$$Continuous$$$Activate only while "Umi" is on the field. While "Umi" is face-up on the field, you take no Battle Damage from attacking monsters. Destroy this card when "Umi" leaves the field.$Umi$$$Activation requirement/Continuous-like$
53582587$Torrential Tribute$Unlimited$TRAP$$$$$$$$$$$$When a monster(s) is Summoned: Destroy all monsters on the field.$$$$Activation requirement/Effect$
94163677$Infinite Cards$Unlimited$SPELL$$$$$$$$$Continuous$$$There is no limit to the hand size for each player.$$$Increases your hand size limit/Increases your opponent's hand size limit$Continuous-like$
21558682$Jam Defender$Unlimited$TRAP$$$$$$$$$Continuous$$$When an opponent's monster declares an attack on a monster you control: You can target 1 "Revival Jam" you control; switch the attack target to that target.$Revival Jam$$Activates upon attack declaration$Trigger-like$
57953380$Card of Safe Return$Forbidden(OCG)$SPELL$$$$$$$$$Continuous$$$When a monster is Special Summoned from your Graveyard, you can draw 1 card.$$$Activates upon Special Summon/You draw cards$Trigger-like$
56747793$United We Stand$Unlimited$SPELL$$$$$$$$$Equip$$$The equipped monster gains 800 ATK/DEF for each face-up monster you control.$$$$Continuous-like$
83746708$Mage Power$Unlimited$SPELL$$$$$$$$$Equip$$$The equipped monster gains 500 ATK/DEF for each Spell/Trap you control.$$$$Continuous-like$
88240808$Kycoo the Ghost Destroyer$Unlimited$DARK$[Spellcaster/Effect]$$$$$4$1800$700$$$$When this card inflicts battle damage to your opponent: You can target up to 2 monsters in their GY; banish those targets. Your opponent cannot banish cards from either GY.$$$Activates when it inflicts battle damage$Trigger/Continuous$
40133511$Bazoo the Soul-Eater$Unlimited$EARTH$[Beast/Effect]$$$$$4$1600$900$$$$Once per turn: You can banish up to 3 monsters from your GY; this card gains 300 ATK for each, until the end of your opponent's turn.$$$$Ignition$
31829185$Dark Necrofear$Unlimited$DARK$[Fiend/Effect]$$$$$8$2200$2800$$$$Cannot be Normal Summoned/Set. Must first be Special Summoned (from your hand) by banishing 3 Fiend monsters from your GY. During the End Phase, if this card is in your GY because it was destroyed in your Monster Zone by an opponent's card and sent there this turn: Target 1 face-up monster your opponent controls; equip this card to that target. While this card is equipped to a monster by this effect, take control of that monster.$Fiend$$Activates from your Graveyard/Equips self from Graveyard/Takes control of equipped$Summon/Trigger/Continuous-like$
45894482$Gilasaurus$Unlimited$EARTH$[Dinosaur/Effect]$$$$$3$1400$400$$$$You can Special Summon this card (from your hand). If Summoned this way: Activate this effect; your opponent can Special Summon 1 monster from their GY.$$$$Unclassified/Trigger$
93599951$Dark Spirit of the Silent$Unlimited$TRAP$$$$$$$$$$$$Activate only when an opponent's monster declares an attack. Negate that attack, and select another face-up monster your opponent controls. That monster attacks instead. (If it is in face-up Defense Position, change it to Attack Position.)$$$Activates upon attack declaration/Changes battle positions$Activation requirement/Effect$
94212438$Destiny Board$Unlimited$TRAP$$$$$$$$$Continuous$$$When this card and all 4 "Spirit Message" cards with different names are placed on your field, you win the Duel. Once per turn, during your opponent's End Phase: Place 1 "Spirit Message" card from your hand or Deck in your Spell & Trap Zone face-up, in the proper order of "I", "N", "A", and "L". When any "Spirit Message" card or "Destiny Board" you control leaves the field, send all "Spirit Message" cards and "Destiny Board" you control to the GY.$Supports archetypes /Spirit Message$$Places cards from hand in Spell & Trap Zone/Places cards from Deck in Spell & Trap Zone$Condition/Trigger-like/Continuous-like$
31893528$Spirit Message "I"$Unlimited$SPELL$$$$$$$$$Continuous$$$This card can only be placed on the field by the effect of "Destiny Board".$$$$Condition$
67287533$Spirit Message "N"$Unlimited$SPELL$$$$$$$$$Continuous$$$This card can only be placed on the field by the effect of "Destiny Board".$$$$Condition$
94772232$Spirit Message "A"$Unlimited$SPELL$$$$$$$$$Continuous$$$This card can only be placed on the field by the effect of "Destiny Board".$$$$Condition$
30170981$Spirit Message "L"$Unlimited$SPELL$$$$$$$$$Continuous$$$This card can only be placed on the field by the effect of "Destiny Board".$$$$Condition$
62279055$Magic Cylinder$Unlimited$TRAP$$$$$$$$$$$$When an opponent's monster declares an attack: Target the attacking monster; negate the attack, and if you do, inflict damage to your opponent equal to its ATK.$$$Activates upon attack declaration$Activation requirement/Effect$
03078576$Yata-Garasu$Limited$WIND$[Fiend/Spirit/Effect]$$$$$2$200$100$$$$Cannot be Special Summoned. During the End Phase of the turn this card was Normal Summoned or flipped face-up: Return it to the hand. If this card inflicts battle damage to your opponent: Skip the Draw Phase of their next turn.$$$Returns itself from field to hand/Skips Draw Phase$Summon/Trigger$
53982768$Dark Ruler Ha Des$Unlimited$DARK$[Fiend/Effect]$$$$$6$2450$1600$$$$Cannot be Special Summoned from the GY. Negate the effects of monsters destroyed by battle with Fiend monsters you control.$Fiend$$$Condition/Continuous$
14531242$Opticlops$Unlimited$DARK$[Fiend/Normal]$$$$$4$1800$1700$$$$A one-eyed giant that serves the "Dark Ruler Ha Des", it skewers its enemies with its sharp horn, shattering them to pieces.$$$$$
49681811$Freed the Matchless General$Unlimited$EARTH$[Warrior/Effect]$$$$$5$2300$1700$$$$Negate any Spell effect that targets this card on the field when it resolves, and if you do, destroy that card. During your Draw Phase, instead of conducting your normal draw: You can add 1 Level 4 or lower Warrior monster from your Deck to your hand. This card must be face-up on the field to activate and to resolve this effect.$Warrior$$Adds from Deck to hand/Replaces normal draw$Continuous/Trigger$
53046408$Emergency Provisions$Unlimited$SPELL$$$$$$$$$Quick-Play$$$Send any number of other Spell/Trap Cards you control to the Graveyard; gain 1000 LP for each card sent to the Graveyard this way.$$$Sends from field to Graveyard for cost$Cost/Effect$
94568601$Tyrant Dragon$Unlimited$FIRE$[Dragon/Effect]$$$$$8$2900$2500$$$$During your Battle Phase, if your opponent controls a monster after this card's first attack, this card can make a second attack. Negate any Trap effects that target this card on the field, and if you do, destroy that Trap. This card cannot be Special Summoned from the GY, unless you Tribute 1 Dragon monster.$Dragon$$Tributes for cost$Continuous/Condition$
31553716$Spear Dragon$Unlimited$WIND$[Dragon/Effect]$$$$$4$1900$0$$$$If this card attacks a Defense Position monster, inflict piercing battle damage. If this card attacks, it is changed to Defense Position at the end of the Damage Step.$$$Changes battle positions$Continuous$
18036057$Airknight Parshath$Unlimited$LIGHT$[Fairy/Effect]$$$$$5$1900$1400$$$$If this card attacks a Defense Position monster, inflict piercing battle damage. If this card inflicts battle damage to your opponent: Draw 1 card.$$$Activates when it inflicts battle damage/You draw cards$Continuous/Trigger$
76862289$Yamata Dragon$Unlimited$FIRE$[Dragon/Spirit/Effect]$$$$$7$2600$3100$$$$This card cannot be Special Summoned. This card returns to its owner's hand during the End Phase of the turn it is Normal Summoned or flipped face-up. When this card inflicts Battle Damage to your opponent, draw cards until you have 5 cards in your hand.$$$Activates when it inflicts battle damage/Returns itself from field to hand/You draw cards$Summon/Trigger$
75745607$Hino-Kagu-Tsuchi$Unlimited$FIRE$[Pyro/Spirit/Effect]$$$$$8$2800$2900$$$$This card cannot be Special Summoned. This card returns to its owner's hand during the End Phase of the turn it is Normal Summoned or flipped face-up. If this card inflicts Battle Damage to your opponent, they discard all cards in their hand during the next Draw Phase, before they draw.$$$Activates when it inflicts battle damage/Returns itself from field to hand/Your opponent discards$Summon/Trigger$
02134346$Asura Priest$Unlimited$LIGHT$[Fairy/Spirit/Effect]$$$$$4$1700$1200$$$$Cannot be Special Summoned. During the End Phase of the turn this card is Normal Summoned or flipped face-up: Return it to the hand. This card can attack all monsters your opponent controls once each.$$$Returns itself from field to hand$Summon/Trigger/Continuous$
00295517$A Legendary Ocean$Unlimited$SPELL$$$$$$$$$Field$$$(This card is always treated as "Umi".)All WATER monsters on the field gain 200 ATK/DEF. Reduce the Level of all WATER monsters in both players' hands and on the field by 1.$WATER$$$Condition/Continuous-like$
31036355$Creature Swap$Unlimited$SPELL$$$$$$$$$$$$Each player chooses 1 monster they control and switches control of those monsters with each other. Those monsters cannot change their battle positions for the rest of this turn.$$$Changes control/Prevents Battle Position changes$Effect/Condition$
29401950$Bottomless Trap Hole$Unlimited$TRAP$$$$$$$$$$$$When your opponent Summons a monster(s) with 1500 or more ATK: Destroy that monster(s) with 1500 or more ATK, and if you do, banish it.$$$$Activation requirement/Effect$
79575620$Injection Fairy Lily$Unlimited$EARTH$[Spellcaster/Effect]$$$$$3$400$1500$$$$If this card attacks or is attacked, during damage calculation (in either player's turn): You can pay 2000 LP once per battle; this card gains 3000 ATK during that damage calculation only.$$$$Quick$
83555666$Ring of Destruction$Unlimited$TRAP$$$$$$$$$$$$During your opponent's turn: Target 1 face-up monster your opponent controls whose ATK is less than or equal to their LP; destroy that face-up monster, and if you do, take damage equal to its original ATK, then inflict damage to your opponent, equal to the damage you took. You can only activate 1 "Ring of Destruction" per turn.$$$$Activation requirement/Effect/Condition$
40659562$Guardian Sphinx$Unlimited$EARTH$[Rock/Effect]$$$$$5$1700$2400$$$$Once per turn: You can change this card to face-down Defense Position. When this card is Flip Summoned: Return all monsters your opponent controls to the hand.$$$Changes battle positions/Flips itself face-down/Activates upon Flip Summon/Returns from field to hand$Ignition/Trigger$
76922029$Don Zaloog$Unlimited$DARK$[Warrior/Effect]$$$$$4$1400$1500$$$$When this card inflicts battle damage to your opponent: You can activate 1 of these effects;●Discard 1 random card from their hand.●Send the top 2 cards of their Deck to the GY.$$$Activates when it inflicts battle damage/Sends from your opponent's Deck to your opponent's Graveyard/Your opponent discards$Trigger$
38699854$Book of Taiyou$Unlimited$SPELL$$$$$$$$$$$$Flip 1 face-down monster on the field into face-up Attack Position.$$$Flips monsters face-up$Effect$
14087893$Book of Moon$Unlimited$SPELL$$$$$$$$$Quick-Play$$$Target 1 face-up monster on the field; change that target to face-down Defense Position.$$$Flips monsters face-down/Changes battle positions$Effect$
37576645$Reckless Greed$Unlimited$TRAP$$$$$$$$$$$$Draw 2 cards and skip your next 2 Draw Phases.$$$You draw cards/Skips Draw Phase$Effect$
90980792$Dark Jeroid$Unlimited$DARK$[Fiend/Effect]$$$$$4$1200$1500$$$$If this card is Summoned: Target 1 face-up monster on the field; it loses 800 ATK.$$$$Trigger$
04335645$Newdoria$Unlimited$DARK$[Fiend/Effect]$$$$$4$1200$800$$$$If this card is destroyed by battle and sent to the GY: Target 1 monster on the field; destroy that target.$$$Activates if destroyed by battle/Activates from your Graveyard$Trigger$
76052811$Helpoemer$Unlimited$DARK$[Fiend/Effect]$$$$$5$2000$1400$$$$Cannot be Special Summoned from the GY. At the end of your opponent's Battle Phase, if this card is in the GY because it was destroyed by battle: Make your opponent discard 1 random card. This card must be in the GY to activate and to resolve this effect.$$$Activates from your Graveyard/Your opponent discards$Summon/Trigger/Condition$
24317029$Gravekeeper's Spy$Unlimited$DARK$[Spellcaster/Flip/Effect]$$$$$4$1200$2000$$$$FLIP: Special Summon 1 "Gravekeeper's" monster with 1500 or less ATK from your Deck.$Supports archetypes /Gravekeeper's$$Activates upon being flipped face-up$Flip$
62473983$Gravekeeper's Chief$Unlimited$DARK$[Spellcaster/Effect]$$$$$5$1900$1200$$$$You can only control 1 face-up "Gravekeeper's Chief". Your GY is unaffected by "Necrovalley". When this card is Tribute Summoned: You can target 1 "Gravekeeper's" monster in your GY; Special Summon that target.$Supports archetypes /Gravekeeper's$Necrovalley$Activates upon Tribute Summon$Unclassified/Continuous/Trigger$
25262697$Gravekeeper's Assailant$Unlimited$DARK$[Spellcaster/Effect]$$$$$4$1500$1500$$$$When this card declares an attack while "Necrovalley" is on the field: You can target 1 face-up monster your opponent controls; change that target's battle position.$Necrovalley$$Activates upon attack declaration/Changes battle positions$Trigger$
85562745$Dark Room of Nightmare$Unlimited$SPELL$$$$$$$$$Continuous$$$Each time your opponent takes damage from a card effect, except "Dark Room of Nightmare", inflict 300 damage to your opponent.$$$$Trigger-like$
47355498$Necrovalley$Unlimited$SPELL$$$$$$$$$Field$$$All "Gravekeeper's" monsters gain 500 ATK/DEF. Cards in the GY cannot be banished. Negate any card effect that would move a card in the GY to a different place. Negate any card effect that changes Types or Attributes in the GY.$Supports archetypes /Gravekeeper's$$$Continuous-like$
78783370$Barrel Behind the Door$Unlimited$TRAP$$$$$$$$$Counter$$$Activate only when a card's effect that would inflict damage to you is activated. Your opponent takes the damage instead.$$$$Activation requirement/Effect$
54704216$Nightmare Wheel$Unlimited$TRAP$$$$$$$$$Continuous$$$Activate this card by targeting 1 monster your opponent controls; it cannot attack or change its battle position. When it leaves the field, destroy this card. Once per turn, during your Standby Phase: Inflict 500 damage to your opponent. That monster must be on the field to activate and to resolve this effect.$$$Prevents Battle Position changes$Continuous-like/Trigger-like/Condition$
00102380$Lava Golem$Unlimited$FIRE$[Fiend/Effect]$$$$$8$3000$2500$$$$Cannot be Normal Summoned/Set. Must first be Special Summoned (from your hand) to your opponent's field by Tributing 2 monsters they control. You cannot Normal Summon/Set the turn you Special Summon this card. Once per turn, during your Standby Phase: Take 1000 damage.$$$Tributes opponent's monsters$Summon/Condition/Trigger$
33508719$Morphing Jar$Limited$EARTH$[Rock/Flip/Effect]$$$$$2$700$600$$$$FLIP: Both players discard as many cards as possible from their hands, then each player draws 5 cards.$$$Discards for effect/You draw cards/Your opponent draws cards$Flip$
51452091$Royal Decree$Unlimited$TRAP$$$$$$$$$Continuous$$$Negate all other Trap effects on the field.$$$$Continuous-like$
16589042$Swift Gaia the Fierce Knight$Unlimited$DARK$[Warrior/Effect]$$$$$7$2300$2100$$$$If this is the only card in your hand, you can Normal Summon this card without Tributing.$$$$Summon$
52077741$Obnoxious Celtic Guard$Unlimited$EARTH$[Warrior/Effect]$$$$$4$1400$1200$$$$Cannot be destroyed by battle with a monster that has 1900 or more ATK.$$$$Continuous$
17444133$Kaiser Sea Horse$Unlimited$LIGHT$[Sea Serpent/Effect]$$$$$4$1700$1650$$$$This card can be treated as 2 Tributes for the Tribute Summon of a LIGHT monster.$LIGHT$$$Unclassified$
91512835$Insect Queen$Unlimited$EARTH$[Insect/Effect]$$$$$7$2200$2400$$$$This card gains 200 ATK for each Insect monster on the field. Cannot declare an attack unless you Tribute 1 monster. Once per turn, during the End Phase, if this card destroyed an opponent's monster by battle this turn: Special Summon 1 "Insect Monster Token" (Insect/EARTH/Level 1/ATK 100/DEF 100) in Attack Position.$Insect$Insect$Activates when it destroys a monster by battle$Continuous/Trigger$
99785935$Alpha The Magnet Warrior$Unlimited$EARTH$[Rock/Normal]$$$$$4$1400$1700$$$$Alpha, Beta, and Gamma meld as one to form a powerful monster.$$$$$
39256679$Beta The Magnet Warrior$Unlimited$EARTH$[Rock/Normal]$$$$$4$1700$1600$$$$Alpha, Beta, and Gamma meld as one to form a powerful monster.$$$$$
11549357$Gamma The Magnet Warrior$Unlimited$EARTH$[Rock/Normal]$$$$$4$1500$1800$$$$Alpha, Beta, and Gamma meld as one to form a powerful monster.$$$$$
75347539$Valkyrion the Magna Warrior$Unlimited$EARTH$[Rock/Effect]$$$$$8$3500$3850$$$$Cannot be Normal Summoned/Set. Must first be Special Summoned (from your hand) by Tributing 1 "Alpha The Magnet Warrior", "Beta The Magnet Warrior", and "Gamma The Magnet Warrior" from your hand and/or field. You can Tribute this card, then target 1 "Alpha The Magnet Warrior", "Beta The Magnet Warrior", and "Gamma The Magnet Warrior" in your GY; Special Summon them.$Alpha The Magnet Warrior/Beta The Magnet Warrior/Gamma The Magnet Warrior$$Tributes for cost/Tributes itself for cost$Summon/Ignition$
52040216$Harpie's Pet Dragon$Unlimited$WIND$[Dragon/Effect]$$$$$7$2000$2500$$$$Gains 300 ATK/DEF for each "Harpie Lady" on the field.$Harpie Lady$$$Continuous$
50287060$Archfiend of Gilfer$Unlimited$DARK$[Fiend/Effect]$$$$$6$2200$2500$$$$When this card is sent to the GY: You can target 1 face-up monster on the field; equip this card to that target. That monster loses 500 ATK while equipped with this card.$$$Activates from your Graveyard/Equips self from Graveyard$Trigger/Continuous-like$
47297616$Light and Darkness Dragon$Unlimited$LIGHT$[Dragon/Effect]$$$$$8$2800$2400$$$$Cannot be Special Summoned. While face-up on the field, this card is also DARK-Attribute. Once per Chain, during either player's turn, when a Spell Card, Trap Card, or monster effect is activated: This card loses exactly 500 ATK and DEF and that activation is negated. When this card is destroyed and sent to the Graveyard: Target 1 monster in your Graveyard (if possible); destroy all cards you control, also Special Summon that monster (if any).$$$Activates from your Graveyard$Summon/Continuous/Quick/Trigger$
53347303$Blue-Eyes Shining Dragon$Unlimited$LIGHT$[Dragon/Effect]$$$$$10$3000$2500$$$$Cannot be Normal Summoned/Set. Must be Special Summoned (from your hand) by Tributing 1 "Blue-Eyes Ultimate Dragon". Gains 300 ATK for each Dragon monster in your GY. When a card or effect is activated that targets this card (Quick Effect): You can negate that effect.$Blue-Eyes Ultimate Dragon/Dragon$$$Summon/Continuous/Quick$
62873545$Dragon Master Knight$Unlimited$LIGHT$[Dragon/Fusion/Effect]$$$$$12$5000$5000$$"Black Luster Soldier" + "Blue-Eyes Ultimate Dragon"$$Must be Fusion Summoned. This card gains 500 ATK for each Dragon monster you control, except this card.$Dragon$$$Summon/Continuous$
44910027$Victory Dragon$Forbidden(OCG)$DARK$[Dragon/Effect]$$$$$8$2400$3000$$$$This card cannot be Special Summoned. To Tribute Summon this card, you must Tribute 3 Dragon-Type monsters. If this card attacks your opponent directly and reduces their Life Points to 0, you win the Match.$Dragon$$$Summon/Condition$
46668237$Green Baboon, Defender of the Forest$Unlimited$EARTH$[Beast/Effect]$$$$$7$2600$1800$$$$When a face-up Beast monster you control is destroyed and sent to the GY, while this card is in your hand or GY (except during the Damage Step): You can pay 1000 LP; Special Summon this card.$Beast$$Activates from your Graveyard$Trigger$
66973070$Dreadscythe Harvester$Unlimited$WIND$[Insect/Effect]$$$$$8$2300$1600$$$$You can Tribute 1 Insect-Type monster to have this card gain 500 ATK until the end of the turn.$Insect$$Tributes for cost$Ignition$
