Passcode$Name$Status$Attribute$type$link$link_arrows$rank$pendulum_scale$level$attack$defense$spell_attribute$summoning_condition$pendulum_condition$card_text$card_supports$card_anti_supports$card_actions$effect_types$
35322812$Woodborg Inpachi$Unlimited$FIRE$[Machine/Normal]$$$$$5$500$2500$$$$The new form of the enigmatic Inpachi, remodeled by cutting-edge Dark World technology. Maneuverability has been sacrificed for strong armor, which is considered more important.$$$$$
62327910$Mighty Guard$Unlimited$EARTH$[Machine/Normal]$$$$$4$500$1200$$$$A machine soldier that was developed as a guard. It is made of rust-proof metal.$$$$$
08715625$Bokoichi the Freightening Car$Unlimited$DARK$[Machine/Normal]$$$$$2$500$500$$$$A freight car that is exclusively for Dekoichi. It can transport anything, but most cargo arrives broken.$$$$$
34100324$Harpie Girl$Unlimited$WIND$[Winged Beast/Normal]$$$$$2$500$500$$$$A Harpie chick who aspires to flit about beautifully and gorgeously, but attack sharply.$$$$$
61505339$The Creator$Unlimited$LIGHT$[Thunder/Effect]$$$$$8$2300$3000$$$$Cannot be Special Summoned from the Graveyard. Once per turn: You can target 1 monster in your Graveyard; send 1 card from your hand to the Graveyard, and if you do, Special Summon that target.$$$Sends from your hand to your Graveyard$Summon/Ignition$
97093037$The Creator Incarnate$Unlimited$LIGHT$[Warrior/Effect]$$$$$4$1600$1500$$$$You can Tribute this card; Special Summon 1 "The Creator" from your hand.$The Creator$$Tributes itself for cost$Ignition$
34088136$Ultimate Insect LV3$Unlimited$WIND$[Insect/Effect]$$$$$3$1400$900$$$$If this card was Special Summoned by the effect of "Ultimate Insect LV1", while it remains on the field all of your opponent's monsters lose 300 ATK. During your Standby Phase, by sending this face-up card to the Graveyard, Special Summon 1 "Ultimate Insect LV5" from your hand or Deck. (You cannot activate this effect the turn this card is Normal Summoned, Special Summoned, or flipped face-up.)$Ultimate Insect LV1/Ultimate Insect LV5$$Sends itself from field to Graveyard for cost$Continuous/Trigger/Condition$
60482781$Mystic Swordsman LV6$Unlimited$EARTH$[Warrior/Effect]$$$$$6$2300$1700$$$$Cannot be Normal Summoned (but can be Normal Set). At the start of the Damage Step, if this card attacked a face-down Defense Position monster: Destroy that monster, and if you do, you can place it on top of your opponent's Deck instead of sending it to the Graveyard.$$$Returns from field to Deck/Returns to the Deck cards that would be sent to the Graveyard$Summon/Trigger$
01995985$Silent Swordsman LV3$Unlimited$LIGHT$[Warrior/Effect]$$$$$3$1000$1000$$$$Negate your opponent's Spell effects that target this card. During your Standby Phase: You can send this face-up card to the Graveyard; Special Summon 1 "Silent Swordsman LV5" from your hand or Deck. You cannot activate this effect the turn this card is Summoned or flipped face-up.$Silent Swordsman LV5$$Sends itself from field to Graveyard for cost$Continuous/Trigger/Condition$
81306586$Nightmare Penguin$Unlimited$WATER$[Aqua/Effect]$$$$$4$900$1800$$$$All face-up WATER monsters you control gain 200 ATK. When this card is flipped face-up: Target 1 card your opponent controls; return that target to the hand.$WATER$$Returns from your opponent's field to your opponent's hand$Continuous/Trigger$
23265594$Heavy Mech Support Platform$Unlimited$DARK$[Machine/Union/Effect]$$$$$3$500$500$$$$Once per turn, you can either: Target 1 Machine monster you control; equip this card to that target, OR: Unequip this card and Special Summon it. A monster equipped with this card gains 500 ATK/DEF, also if the equipped monster would be destroyed by battle or card effect, destroy this card instead.$Machine$$Equips self from field$Ignition/Ignition-like/Continuous-like$
18891691$Perfect Machine King$Unlimited$EARTH$[Machine/Effect]$$$$$8$2700$1500$$$$This card gains 500 ATK for each other Machine-Type monster on the field.$Machine$$$Continuous$
65260293$Element Magician$Unlimited$LIGHT$[Spellcaster/Effect]$$$$$4$1500$1200$$$$This monster gets the following effect(s) while there is a monster(s) with the following Attribute(s) on the field:●WATER: Control of this card cannot switch.●WIND: If this card destroyed your opponent's monster by battle, it can attack once again in a row.$WIND/WATER$WIND/WATER$Cannot change control$Condition/Continuous/Trigger$
92755808$Element Saurus$Unlimited$DARK$[Dinosaur/Effect]$$$$$4$1500$1200$$$$Gains the following effect(s) while there is a monster(s) with the following Attribute(s) on the field.●FIRE: This card gains 500 ATK.●EARTH: Negate the effects of Effect Monsters destroyed by battle with this card.$EARTH/FIRE$EARTH/FIRE$$Condition/Continuous$
28143906$Roc from the Valley of Haze$Unlimited$WIND$[Winged Beast/Effect]$$$$$6$2400$1400$$$$When this card is sent directly from your hand to the Graveyard, add this card to the Deck and shuffle it.$$$Activates from your Graveyard/Returns itself from Graveyard to Deck$Trigger$
16222645$Sasuke Samurai #4$Unlimited$WIND$[Warrior/Effect]$$$$$4$1200$1200$$$$If this card battles a monster, toss a coin and call heads or tails before damage calculation. If you call it right, destroy the opponent's monster with this effect.$$$$Trigger$
91932350$Harpie Lady 1$Unlimited$WIND$[Winged Beast/Effect]$$$$$4$1300$1400$$$$(This card's name is always treated as "Harpie Lady".)All WIND monsters gain 300 ATK.$WIND$$$Condition/Continuous$
27927359$Harpie Lady 2$Unlimited$WIND$[Winged Beast/Effect]$$$$$4$1300$1400$$$$(This card's name is always treated as "Harpie Lady".)Negate the effects of Flip monsters this card destroys by battle.$$Flip monster$$Condition/Continuous$
54415063$Harpie Lady 3$Unlimited$WIND$[Winged Beast/Effect]$$$$$4$1300$1400$$$$(This card's name is always treated as "Harpie Lady".)An opponent's monster that battles this card cannot declare an attack during your opponent's next 2 turns.$$$$Condition/Unclassified$
90810762$Raging Flame Sprite$Unlimited$FIRE$[Pyro/Effect]$$$$$3$100$200$$$$This card can attack directly. If this card inflicts battle damage to your opponent by a direct attack: It gains 1000 ATK.$$$$Continuous/Trigger$
26205777$Thestalos the Firestorm Monarch$Unlimited$FIRE$[Pyro/Effect]$$$$$6$2400$1000$$$$If this card is Tribute Summoned: Discard 1 random card from your opponent's hand, then, if it was a Monster Card, inflict damage to your opponent equal to its original Level x 100.$$$Activates upon Tribute Summon/Your opponent discards$Trigger$
53693416$Eagle Eye$Unlimited$WIND$[Winged Beast/Effect]$$$$$3$1300$1200$$$$When this card is Normal Summoned successfully, no Trap Cards can be activated.$$$$Continuous$
89698120$Tactical Espionage Expert$Unlimited$EARTH$[Warrior/Effect]$$$$$3$1300$1200$$$$When this card is Normal Summoned successfully, no Trap Cards can be activated.$$$$Continuous$
26082229$Invasion of Flames$Unlimited$FIRE$[Pyro/Effect]$$$$$3$1300$1200$$$$When this card is Normal Summoned successfully, no Trap Cards can be activated.$$$$Continuous$
52571838$Creeping Doom Manta$Unlimited$WATER$[Fish/Effect]$$$$$3$1300$1200$$$$When this card is Normal Summoned successfully, no Trap Cards can be activated.$$$$Continuous$
88975532$Pitch-Black Warwolf$Unlimited$DARK$[Beast-Warrior/Effect]$$$$$4$1600$600$$$$Your opponent cannot activate Trap Cards during the Battle Phase.$$$$Continuous$
15960641$Mirage Dragon$Unlimited$LIGHT$[Dragon/Effect]$$$$$4$1600$600$$$$Your opponent cannot activate Trap Cards during the Battle Phase.$$$$Continuous$
51355346$Gaia Soul the Combustible Collective$Unlimited$FIRE$[Pyro/Effect]$$$$$4$2000$0$$$$Once per turn: You can Tribute up to 2 Pyro-Type monsters; this card gains 1000 ATK for each. If this card attacks a Defense Position monster, inflict piercing battle damage to your opponent. During the End Phase: Destroy this card.$Pyro$$Tributes for cost$Ignition/Continuous/Trigger$
88753985$Fox Fire$Unlimited$FIRE$[Pyro/Effect]$$$$$2$300$200$$$$During the End Phase, if this card was destroyed by battle and sent to the Graveyard this turn and was face-up at the start of the Damage Step: Special Summon this card from the Graveyard. This face-up card cannot be Tributed for a Tribute Summon.$$$Activates from your Graveyard$Trigger/Continuous$
$B.E.S. Big Core (Updated from: Big Core)$$DARK$[Machine/Effect]$$$$$6$2300$1100$$$$If this card is Normal Summoned: Place 3 counters on it. Cannot be destroyed by battle. At the end of the Damage Step, if this card battled: Remove 1 counter from this card. If you cannot, destroy it.$$$$$
51632798$Fusilier Dragon, the Dual-Mode Beast$Unlimited$DARK$[Machine/Effect]$$$$$7$2800$2000$$$$You can Normal Summon/Set this card without Tributing, but its original ATK and DEF become halved.$$$$Summon$
87621407$Dekoichi the Battlechanted Locomotive$Unlimited$DARK$[Machine/Flip/Effect]$$$$$4$1400$1000$$$$FLIP: Draw 1 card, then draw 1 additional card for each face-up "Bokoichi the Freightening Car" you control.$Bokoichi the Freightening Car$$You draw cards$Flip$
13026402$A-Team: Trap Disposal Unit$Unlimited$FIRE$[Machine/Effect]$$$$$2$300$400$$$$This effect can be used during either player's turn. When your opponent activates a Trap Card, Tribute this face-up card to negate the activation of the Trap Card and destroy it.$$$Tributes itself for cost$Quick$
40410110$Homunculus the Alchemic Being$Unlimited$LIGHT$[Plant/Effect]$$$$$4$1800$1600$$$$Once per turn: You can change the Attribute of this card.$$$$Ignition$
86805855$Dark Blade the Dragon Knight$Unlimited$DARK$[Warrior/Fusion/Effect]$$$$$6$2200$1500$$"Dark Blade" + "Pitch-Dark Dragon"$$Each time this card inflicts Battle Damage to your opponent, you can select up to 3 Monster Cards from your opponent's Graveyard and remove them from play.$$$Activates when it inflicts battle damage$Trigger$
$Mokey Mokey King$Unlimited$LIGHT$[Fairy/Fusion/Effect]$$$$$6$300$100$$"Mokey Mokey" + "Mokey Mokey" + "Mokey Mokey"$$When this card is removed from the field, you can Special Summon as many "Mokey Mokey" as possible from your Graveyard.$Mokey Mokey$$Activates when it leaves the field$$
49398568$Serial Spell$Unlimited$SPELL$$$$$$$$$Quick-Play$$$Activate only when you activate one of your Normal Spell Cards. Discard all the cards in your hand to the Graveyard. The effect of this card becomes the same as the Normal Spell Card.$Normal Spell Card$$Discards for cost/Resolves as another card's effect$Activation requirement/Cost/Effect$
75782277$Harpies' Hunting Ground$Unlimited$SPELL$$$$$$$$$Field$$$All Winged Beast monsters gain 200 ATK/DEF. If any "Harpie Lady" or "Harpie Lady Sisters" is Normal or Special Summoned: The player who conducted the Summon targets 1 Spell/Trap on the field; that player destroys that target.$Harpie Lady/Harpie Lady Sisters/Winged Beast$$$Continuous-like/Trigger-like$
12181376$Triangle Ecstasy Spark$Unlimited$SPELL$$$$$$$$$$$$Until the end of this turn, the ATK of all "Harpie Lady Sisters" currently on the field becomes 2700, your opponent cannot activate any Trap Cards, also negate all your opponent's Trap effects on the field.$Harpie Lady Sisters$$$Effect$
48576971$Necklace of Command$Unlimited$SPELL$$$$$$$$$Equip$$$When a monster you control that's equipped with this card is destroyed by battle, and this card is sent to the Graveyard, you can either:●Draw 1 card. OR●Discard 1 random card from your opponent's hand.$$$Activates from your Graveyard/You draw cards/Your opponent discards$Trigger-like$
63995093$Machine Duplication$Unlimited$SPELL$$$$$$$$$$$$Target 1 Machine monster you control with 500 or less ATK; Special Summon up to 2 monsters from your Deck with the same name as that face-up monster.$Machine$$$Effect$
75560629$Flint$Unlimited$SPELL$$$$$$$$$Equip$$$The equipped monster loses 300 ATK and cannot change its battle position or declare an attack. If this card is destroyed because the equipped monster is destroyed: Target 1 monster on the field; equip this card to that monster.$$$Prevents Battle Position changes/Equips self from Graveyard$Continuous-like/Trigger-like$
01965724$Mokey Mokey Smackdown$Unlimited$SPELL$$$$$$$$$Continuous$$$If a face-up Fairy monster you control is destroyed while you control "Mokey Mokey", until the end of this turn the ATK of each "Mokey Mokey" you control will become 3000.$Fairy/Mokey Mokey$$$Trigger-like$
47453433$Back to Square One$Unlimited$SPELL$$$$$$$$$$$$Discard 1 card, then target 1 monster on the field; place that target on the top of the Deck.$$$Discards for cost/Returns from field to Deck$Effect$
74848038$Monster Reincarnation$Unlimited$SPELL$$$$$$$$$$$$Discard 1 card, then target 1 monster in your GY; add it to your hand.$$$Adds from Graveyard to hand/Discards for cost$Cost/Effect$
00242146$Ballista of Rampart Smashing$Unlimited$SPELL$$$$$$$$$Equip$$$If the equipped monster attacks a face-down Defense Position monster, it gains 1500 ATK during damage calculation only.$$$$Continuous-like$
37231841$Lighten the Load$Unlimited$SPELL$$$$$$$$$Continuous$$$Once per turn, you can add 1 Level 7 or higher monster from your hand to your Deck and shuffle it, then draw 1 card.$$$Returns from your hand to your Deck/You draw cards$Ignition-like$
13626450$Malice Dispersion$Unlimited$SPELL$$$$$$$$$Quick-Play$$$Discard 1 card from your hand. Destroy all face-up Continuous Trap Cards.$$$Discards for cost$Cost/Effect$
35686187$Tragedy$Unlimited$TRAP$$$$$$$$$$$$When a face-up Attack Position monster(s) your opponent controls is changed to face-up Defense Position: Destroy all Defense Position monsters your opponent controls.$$$Activates if battle positions change$Activation requirement/Effect$
49010598$Divine Wrath$Unlimited$TRAP$$$$$$$$$Counter$$$When a monster effect is activated: Discard 1 card; negate the activation, and if you do, destroy that monster.$$$Discards for cost$Activation requirement/Cost/Effect$
76515293$Xing Zhen Hu$Unlimited$TRAP$$$$$$$$$Continuous$$$Activate by selecting 2 Set Spell or Trap Cards on the field. The selected Spell or Trap Cards cannot be activated.$$$$Continuous-like$
12503902$Rare Metalmorph$Unlimited$TRAP$$$$$$$$$Continuous$$$Activate this card by targeting 1 Machine monster on the field; while this card is face-up on the field, that Machine monster gains 500 ATK, also negate the first Spell effect that targets that monster. When that monster leaves the field, destroy this card.$Machine$$$Continuous-like$
49998907$Fruits of Kozaky's Studies$Unlimited$TRAP$$$$$$$$$$$$Look at the top 3 cards of your Deck and return those cards to the top of the Deck in any order.$$$Looks at cards from the top of your Deck/Changes your Deck order/Places cards from your Deck on the top of the Deck$Effect$
75392615$Mind Haxorz$Unlimited$TRAP$$$$$$$$$$$$Pay 500 Life Points. Look at your opponent's hand and all Set cards on their side of the field.$$$Reveals face-down cards/Reveals your opponent's hand$Cost/Effect$
01781310$Fuh-Rin-Ka-Zan$Unlimited$TRAP$$$$$$$$$$$$When there are face-up WIND, WATER, FIRE and EARTH monster(s) on the field: Apply 1 of these effects.●Destroy all monsters your opponent controls.●Destroy all Spell and Trap Cards your opponent controls.●Discard 2 random cards from your opponent's hand.●Draw 2 cards.$WIND/WATER/FIRE/EARTH$WIND/WATER/FIRE/EARTH$Your opponent discards/You draw cards$Activation requirement/Effect$
48276469$Chain Burst$Unlimited$TRAP$$$$$$$$$Continuous$$$Each time a player activates a Trap Card, they take 1000 damage immediately after it resolves.$$$$Continuous-like$
74270067$Pikeru's Circle of Enchantment$Unlimited$TRAP$$$$$$$$$$$$Damage to you from card effects becomes 0 until the end of this turn.$$$$Effect$
01669772$Spell Purification$Unlimited$TRAP$$$$$$$$$$$$Discard 1 card; destroy all face-up Continuous Spells on the field.$$Continuous Spell Card$Discards for cost$Cost/Effect$
37053871$Astral Barrier$Unlimited$TRAP$$$$$$$$$Continuous$$$If your opponent's monster attacks a monster you control: You can make the attack a direct attack instead.$$$Activates upon attack declaration$Trigger-like$
74458486$Covering Fire$Unlimited$TRAP$$$$$$$$$$$$During the Damage Step, if an opponent's monster attacks your monster: Target 1 other face-up monster you control; your attacked monster gains ATK equal to that target's ATK, during the Damage Step only.$$$$Activation requirement/Effect$
