Passcode$Name$Status$Attribute$type$link$link_arrows$rank$pendulum_scale$level$attack$defense$spell_attribute$summoning_condition$pendulum_condition$card_text$card_supports$card_anti_supports$card_actions$effect_types$
03954901$Felgrand Dragon$Unlimited$LIGHT$[Dragon/Effect]$$$$$8$2800$2800$$$$Cannot be Special Summoned except from the Graveyard, and only if it was sent there from the field. If this card is Special Summoned: Target 1 monster in your Graveyard; this card gains ATK equal to that monster's Level x 200.$$$$Summon/Trigger$
39343610$Darkblaze Dragon$Unlimited$FIRE$[Dragon/Effect]$$$$$7$1200$1000$$$$If this card is Special Summoned from the Graveyard: Its ATK and DEF become double its original ATK and DEF. If this card destroys a monster by battle and sends it to the Graveyard: Inflict damage to your opponent equal to that monster's original ATK.$$$$Trigger$
66337215$Herald of Creation$Unlimited$LIGHT$[Spellcaster/Effect]$$$$$4$1800$600$$$$Once per turn: You can discard 1 card, then target 1 Level 7 or higher monster in your Graveyard; add that target to your hand.$$$Discards for cost/Adds from Graveyard to hand$Ignition$
02732323$Decoy Dragon$Unlimited$FIRE$[Dragon/Effect]$$$$$2$300$200$$$$If this card is targeted for an attack: Target 1 Level 7 or higher Dragon monster in your GY; Special Summon it, and if you do, change the attack target to it and perform damage calculation.$Dragon$$$Trigger$
58551308$Spear Cretin$Unlimited$DARK$[Fiend/Effect]$$$$$2$500$500$$$$FLIP: When this card is sent to the Graveyard after being flipped, each player selects 1 monster from their Graveyard, and Special Summons it in face-up Attack Position or face-down Defense Position.$$$Activates from your Graveyard$Flip$
36354007$Gilford the Lightning$Unlimited$LIGHT$[Warrior/Effect]$$$$$8$2800$1400$$$$You can Tribute 3 monsters to Tribute Summon (but not Set) this card. If Summoned this way: Destroy all monsters your opponent controls.$$$Activates upon Tribute Summon$Summon/Trigger$
33508719$Morphing Jar$Limited$EARTH$[Rock/Flip/Effect]$$$$$2$700$600$$$$FLIP: Both players discard as many cards as possible from their hands, then each player draws 5 cards.$$$Discards for effect/You draw cards/Your opponent draws cards$Flip$
17444133$Kaiser Sea Horse$Unlimited$LIGHT$[Sea Serpent/Effect]$$$$$4$1700$1650$$$$This card can be treated as 2 Tributes for the Tribute Summon of a LIGHT monster.$LIGHT$$$Unclassified$
94568601$Tyrant Dragon$Unlimited$FIRE$[Dragon/Effect]$$$$$8$2900$2500$$$$During your Battle Phase, if your opponent controls a monster after this card's first attack, this card can make a second attack. Negate any Trap effects that target this card on the field, and if you do, destroy that Trap. This card cannot be Special Summoned from the GY, unless you Tribute 1 Dragon monster.$Dragon$$Tributes for cost$Continuous/Condition$
43586926$Twin-Headed Behemoth$Unlimited$WIND$[Dragon/Effect]$$$$$3$1500$1200$$$$During the End Phase, if this card is in the GY because it was destroyed on the field and sent there this turn: You can Special Summon this card, but its ATK/DEF become 1000. You can only use this effect of "Twin-Headed Behemoth" once per Duel.$$$Activates from your Graveyard$Trigger/Condition$
68007326$Guardian Angel Joan$Unlimited$LIGHT$[Fairy/Effect]$$$$$7$2800$2000$$$$When this card destroys a monster by battle and sends it to the GY: Gain LP equal to that monster's original ATK in the GY.$$$$Trigger$
11224103$Horus the Black Flame Dragon LV6$Unlimited$FIRE$[Dragon/Effect]$$$$$6$2300$1600$$$$This card is unaffected by Spell effects. During the End Phase, if this card destroyed a monster by battle this turn: You can send this face-up card to the Graveyard; Special Summon 1 "Horus the Black Flame Dragon LV8" from your hand or Deck.$Horus the Black Flame Dragon LV8$$Activates when it destroys a monster by battle/Sends itself from field to Graveyard for cost$Continuous/Trigger$
39191307$Masked Dragon$Unlimited$FIRE$[Dragon/Effect]$$$$$3$1400$1100$$$$When this card is destroyed by battle and sent to the Graveyard: You can Special Summon 1 Dragon-Type monster with 1500 or less ATK from your Deck.$Dragon$$Activates from your Graveyard$Trigger$
61505339$The Creator$Unlimited$LIGHT$[Thunder/Effect]$$$$$8$2300$3000$$$$Cannot be Special Summoned from the Graveyard. Once per turn: You can target 1 monster in your Graveyard; send 1 card from your hand to the Graveyard, and if you do, Special Summon that target.$$$Sends from your hand to your Graveyard$Summon/Ignition$
97093037$The Creator Incarnate$Unlimited$LIGHT$[Warrior/Effect]$$$$$4$1600$1500$$$$You can Tribute this card; Special Summon 1 "The Creator" from your hand.$The Creator$$Tributes itself for cost$Ignition$
41089128$Flame Ruler$Unlimited$FIRE$[Pyro/Effect]$$$$$4$1500$1600$$$$This card can be treated as 2 Tributes for the Tribute Summon of a FIRE monster.$FIRE$$$Unclassified$
95701283$Majestic Mech - Goryu$Unlimited$LIGHT$[Fairy/Effect]$$$$$8$2900$1800$$$$You can Tribute Summon (but not Set) this card with 1 Tribute. If Summoned this way, during the End Phase: Send it to the Graveyard. If this card attacks a Defense Position monster, inflict piercing battle damage to your opponent.$$$Sends itself from field to Graveyard$Summon/Trigger/Continuous$
84290642$Snipe Hunter$Unlimited$DARK$[Fiend/Effect]$$$$$4$1500$600$$$$You can discard 1 card, then target 1 card on the field; roll a six-sided die, and destroy that target unless you roll a 1 or 6.$$$Discards for cost$Ignition$
38120068$Trade-In$Unlimited$SPELL$$$$$$$$$$$$Discard 1 Level 8 monster; draw 2 cards.$$$Discards for cost/You discard/You draw cards$Cost/Effect$
81439173$Foolish Burial$Limited$SPELL$$$$$$$$$$$$Send 1 monster from your Deck to the GY.$$$Sends from your Deck to your Graveyard$Effect$
68005187$Soul Exchange$Unlimited$SPELL$$$$$$$$$$$$Target 1 monster your opponent controls; this turn, if you Tribute a monster, you must Tribute that target, as if you controlled it. You cannot conduct your Battle Phase the turn you activate this card.$$$Tributes opponent's monsters/Cannot conduct Battle Phase$Effect/Condition$
42703248$Giant Trunade$Forbidden(OCG)$SPELL$$$$$$$$$$$$Return all Spell and Trap Cards on the field to the hand.$$$Returns from field to hand$Effect$
43434803$The Shallow Grave$Unlimited$SPELL$$$$$$$$$$$$Each player targets 1 monster in their own GY; each player Special Summons the target from their GY in face-down Defense Position.$$$$Effect$
70828912$Premature Burial$Forbidden(OCG)$SPELL$$$$$$$$$Equip$$$Activate this card by paying 800 LP, then target 1 monster in your Graveyard; Special Summon that target in Attack Position and equip it with this card. When this card is destroyed, destroy the equipped monster.$$$Equips self from field$Cost/Effect/Continuous-like$
28596933$A Wingbeat of Giant Dragon$Unlimited$SPELL$$$$$$$$$$$$Return 1 Level 5 or higher Dragon-Type monster you control to the hand, and if you do, destroy all Spell and Trap Cards on the field.$Dragon$$Returns from your field to your hand$Effect$
73628505$Terraforming$Limited$SPELL$$$$$$$$$$$$Add 1 Field Spell from your Deck to your hand.$Field Spell Card$$Adds from Deck to hand$Effect$
61127349$Big Bang Shot$Unlimited$SPELL$$$$$$$$$Equip$$$The equipped monster gains 400 ATK. If the equipped monster attacks a Defense Position monster, inflict piercing Battle Damage to your opponent. When this card leaves the field, banish the equipped monster.$$$$Continuous-like$
80161395$Mystik Wok$Unlimited$SPELL$$$$$$$$$Quick-Play$$$Tribute 1 monster. Select either its ATK or DEF and gain that many Life Points.$$$Tributes for cost$Cost/Effect$
69162969$Lightning Vortex$Unlimited$SPELL$$$$$$$$$$$$Discard 1 card; destroy all face-up monsters your opponent controls.$$$Discards for cost$Cost/Effect$
87910978$Brain Control$Unlimited$SPELL$$$$$$$$$$$$Pay 800 LP, then target 1 face-up monster your opponent controls that can be Normal Summoned/Set; take control of that target until the End Phase.$$$Changes control$Cost/Effect$
80921533$Mausoleum of the Emperor$Unlimited$SPELL$$$$$$$$$Field$$$During the Main Phase: The turn player can activate these effect(s).●Pay 1000 LP; immediately after this effect resolves, Normal Summon 1 monster from your hand that requires 1 Tribute, without Tributing.●Pay 2000 LP; immediately after this effect resolves, Normal Summon 1 monster from your hand that requires 2 Tributes, without Tributing.(This is their one Normal Summon/Set for that turn.)$$$$Ignition-like$
01224927$Malevolent Catastrophe$Unlimited$TRAP$$$$$$$$$$$$When an opponent's monster declares an attack: Destroy all Spell and Trap Cards on the field.$$$Activates upon attack declaration$Activation requirement/Effect$
60082869$Dust Tornado$Unlimited$TRAP$$$$$$$$$$$$Target 1 Spell/Trap your opponent controls; destroy that target, then you can Set 1 Spell/Trap from your hand.$$$Sets from your hand$Effect$
97077563$Call of the Haunted$Unlimited$TRAP$$$$$$$$$Continuous$$$Activate this card by targeting 1 monster in your GY; Special Summon that target in Attack Position. When this card leaves the field, destroy that monster. When that monster is destroyed, destroy this card.$$$$Effect/Continuous-like$
77414722$Magic Jammer$Unlimited$TRAP$$$$$$$$$Counter$$$When a Spell Card is activated: Discard 1 card; negate the activation, and if you do, destroy it.$$$Discards for cost$Activation requirement/Cost/Effect$
56120475$Sakuretsu Armor$Unlimited$TRAP$$$$$$$$$$$$When an opponent's monster declares an attack: Target the attacking monster; destroy that target.$$$Activates upon attack declaration$Activation requirement/Effect$
43250041$Draining Shield$Unlimited$TRAP$$$$$$$$$$$$If an opponent's monster declares an attack: Target the attacking monster; negate that attack, and if you do, gain LP equal to that target's ATK.$$$Activates upon attack declaration$Activation requirement/Effect$
