Passcode$Name$Status$Attribute$type$link$link_arrows$rank$pendulum_scale$level$attack$defense$spell_attribute$summoning_condition$pendulum_condition$card_text$card_supports$card_anti_supports$card_actions$effect_types$
44430454$Chamberlain of the Six Samurai$Unlimited$EARTH$[Warrior/Normal]$$$$$3$200$2000$$$$The Six Samurai are supported from the shadows by this silent and mysterious warrior. His past is unknown to them, but his countless scars are proof of his experience.$$$$$
83039729$Grandmaster of the Six Samurai$Unlimited$EARTH$[Warrior/Effect]$$$$$5$2100$800$$$$You can only control 1 "Grandmaster of the Six Samurai". If you control a "Six Samurai" monster, you can Special Summon this card (from your hand). If this card in your possession is destroyed by an opponent's card effect: Target 1 "Six Samurai" monster in your GY; add that target to your hand.$Supports archetypes /Six Samurai$$Activates from your hand/Activates if destroyed by card effect/Returns from your Graveyard to your hand$Unclassified/Trigger$
69025477$The Six Samurai - Yariza$Unlimited$EARTH$[Warrior/Effect]$$$$$3$1000$500$$$$While you control a face-up "Six Samurai" monster with a different name, this card can attack your opponent directly. If this card would be destroyed, you can destroy another face-up "Six Samurai" monster you control instead.$Supports archetypes /Six Samurai$$$Continuous$
95519486$The Six Samurai - Zanji$Unlimited$LIGHT$[Warrior/Effect]$$$$$4$1800$1300$$$$At the end of the Damage Step, if this card attacked: Destroy the monster this card attacked. You must control a face-up "Six Samurai" monster with a different name to activate and to resolve this effect. If this card would be destroyed, you can destroy another face-up "Six Samurai" monster you control instead.$Supports archetypes /Six Samurai$$$Trigger/Continuous$
31904181$The Six Samurai - Nisashi$Unlimited$WIND$[Warrior/Effect]$$$$$4$1400$700$$$$While you control a face-up "Six Samurai" monster with a different name, this card can attack twice during each Battle Phase. If this card would be destroyed, you can destroy another face-up "Six Samurai" monster you control instead.$Supports archetypes /Six Samurai$$$Continuous$
64398890$The Six Samurai - Yaichi$Unlimited$WATER$[Warrior/Effect]$$$$$3$1300$800$$$$Once per turn: You can target 1 Set Spell/Trap Card; destroy that target. You must control a face-up "Six Samurai" monster with a different name to activate and to resolve this effect. This monster cannot declare an attack during the turn this effect is activated. If this card would be destroyed, you can destroy another face-up "Six Samurai" monster you control instead.$Supports archetypes /Six Samurai$$$Ignition/Condition/Continuous$
90397998$The Six Samurai - Kamon$Unlimited$FIRE$[Warrior/Effect]$$$$$3$1500$1000$$$$Once per turn: You can target 1 face-up Spell/Trap Card; destroy that target. You must control a face-up "Six Samurai" monster with a different name to activate and to resolve this effect. This card cannot declare an attack during the turn this effect is activated. If this card would be destroyed, you can destroy another face-up "Six Samurai" monster you control instead.$Supports archetypes /Six Samurai$$$Ignition/Continuous$
27782503$The Six Samurai - Irou$Unlimited$DARK$[Warrior/Effect]$$$$$4$1700$1200$$$$At the start of the Damage Step, if this card attacked a face-down Defense Position monster: Destroy that monster. You must control a face-up "Six Samurai" monster with a different name to activate and to resolve this effect. If this card would be destroyed, you can destroy another face-up "Six Samurai" monster you control instead.$Supports archetypes /Six Samurai$$$Trigger/Continuous$
63176202$Great Shogun Shien$Unlimited$FIRE$[Warrior/Effect]$$$$$7$2500$2400$$$$If you control 2 or more face-up "Six Samurai" monsters, you can Special Summon this card (from your hand). Your opponent can only activate 1 Spell/Trap Card each turn. If this card would be destroyed, you can destroy a face-up "Six Samurai" monster you control instead.$Supports archetypes /Six Samurai$$Activates from your hand$Summon/Continuous$
99675356$Shien's Footsoldier$Unlimited$EARTH$[Warrior/Effect]$$$$$2$700$300$$$$When this card is destroyed by battle and sent to the Graveyard: You can Special Summon 1 Level 3 or lower "Six Samurai" monster from your Deck.$Supports archetypes /Six Samurai$$Activates if destroyed by battle/Activates from your Graveyard$Trigger$
38280762$Enishi, Shien's Chancellor$Unlimited$LIGHT$[Warrior/Effect]$$$$$6$2200$1200$$$$Cannot be Normal Summoned/Set. Must be Special Summoned (from your hand) by banishing 2 "Six Samurai" monsters from your GY. Once per turn: You can target 1 face-up monster; destroy that target. This card cannot attack the turn this effect is activated.$Supports archetypes /Six Samurai$$$Summon/Ignition/Condition$
65685470$Spirit of the Six Samurai$Unlimited$EARTH$[Warrior/Union/Effect]$$$$$3$500$500$$$$Once per turn, you can either: Target 1 face-up "Six Samurai" monster you control; equip this card to that target, OR: Unequip this card and Special Summon it in face-up Attack Position. While equipped by this effect, the equipped monster gains 500 ATK and DEF. If the equipped monster destroys an opponent's monster by battle: Draw 1 card. (A monster can only be equipped with 1 Union Monster at a time. If the equipped monster would be destroyed, destroy this card instead.)$Supports archetypes /Six Samurai$Union monster$Equips self from field/Activates when it destroys a monster by battle/You draw cards$Ignition/Ignition-like/Continuous-like/Trigger-like/Condition$
90642597$Future Samurai$Unlimited$LIGHT$[Warrior/Gemini/Effect]$$$$$4$1600$1200$$$$This card is treated as a Normal Monster while face-up on the field or in the Graveyard. While this card is face-up on the field, you can Normal Summon it to have it become an Effect Monster with this effect.●Once per turn: You can banish 1 monster from your Graveyard to target 1 face-up monster on the field; destroy that target.$$$$Unclassified/Condition/Ignition$
52035300$The Immortal Bushi$Unlimited$DARK$[Warrior/Effect]$$$$$3$1200$600$$$$While this card is face-up on the field, it cannot be Tributed, except for the Tribute Summon of a Warrior-Type monster. During your Standby Phase, if this card is in your Graveyard and all the monsters in your Graveyard are Warrior-Type: You can Special Summon this card. You must also control no monsters to activate and to resolve this effect.$Warrior$$Cannot be Tributed/Activates from your Graveyard$Continuous/Trigger$
78792195$Hand of the Six Samurai$Unlimited$FIRE$[Warrior/Effect]$$$$$3$1600$1000$$$$If you control another "Six Samurai" monster: You can Tribute 1 "Six Samurai" monster, then target 1 monster on the field; destroy that target.$Supports archetypes /Six Samurai$$Tributes for cost$Ignition$
49721904$Legendary Six Samurai - Kizan$Unlimited$EARTH$[Warrior/Effect]$$$$$4$1800$500$$$$If you control a "Six Samurai" monster with a different name, you can Special Summon this card (from your hand). While you control 2 or more other "Six Samurai" monsters, this card gains 300 ATK and DEF.$Supports archetypes /Six Samurai$$Activates from your hand$Unclassified/Continuous$
75116619$Legendary Six Samurai - Enishi$Unlimited$LIGHT$[Warrior/Effect]$$$$$4$1700$700$$$$Once per turn, during either player's turn: You can banish 2 "Six Samurai" monsters from your Graveyard to target 1 face-up monster on the field; return that target to the hand. You must control a face-up "Six Samurai" monster with a different name to activate and to resolve this effect. While you control 2 or more face-up "Six Samurai" monsters except "Legendary Six Samurai - Enishi", this card gains 500 ATK and DEF.$Supports archetypes /Six Samurai$$Returns from field to hand$Quick/Condition/Continuous$
02511717$Legendary Six Samurai - Kageki$Unlimited$WIND$[Warrior/Effect]$$$$$3$200$2000$$$$When this card is Normal Summoned: You can Special Summon 1 Level 4 or lower "Six Samurai" monster from your hand. While you control a "Six Samurai" monster with a different name, this card gains 1500 ATK.$Supports archetypes /Six Samurai$$Activates upon Normal Summon$Trigger/Continuous$
33883834$Shien's Squire$Unlimited$EARTH$[Warrior/Tuner/Effect]$$$$$1$300$700$$$$During damage calculation, in either player's turn, if a "Six Samurai" monster you control battles: You can send this card from your hand to the Graveyard; that monster cannot be destroyed by battle this turn.$Supports archetypes /Six Samurai$$Activates from your hand/Sends itself from hand to Graveyard for cost$Quick$
98162021$Shien's Daredevil$Unlimited$EARTH$[Warrior/Effect]$$$$$4$1600$1000$$$$When this card is Normal Summoned: Place 1 Bushido Counter on it (max. 1). This card gains 300 ATK while it has a Bushido Counter on it. Once per turn: You can target 1 face-up card on the field that you can place a Bushido Counter on; remove 1 Bushido Counter from this card, then place it on that target.$$$$Trigger/Continuous/Ignition$
61737116$Elder of the Six Samurai$Unlimited$EARTH$[Warrior/Effect]$$$$$3$400$0$$$$If your opponent controls a monster and you control no monsters, you can Special Summon this card (from your hand).$$$$Summon$
98126725$Shien's Advisor$Unlimited$EARTH$[Warrior/Effect]$$$$$4$1200$400$$$$If this card is Normal Summoned while you control a "Six Samurai" monster: Declare 1 Monster Type; while this card is face-up on the field, monsters with the declared Monster Type cannot declare an attack or be Special Summoned.$Supports archetypes /Six Samurai$$Activates upon Normal Summon/Declares a Type$Trigger/Continuous$
53129443$Dark Hole$Unlimited$SPELL$$$$$$$$$$$$Destroy all monsters on the field.$$$$Effect$
00403847$The A. Forces$Unlimited$SPELL$$$$$$$$$Continuous$$$All Warrior-Type monsters you control gain 200 ATK for each Warrior or Spellcaster-Type monster you control.$Warrior/Spellcaster$$$Continuous-like$
32807846$Reinforcement of the Army$Limited$SPELL$$$$$$$$$$$$Add 1 Level 4 or lower Warrior monster from your Deck to your hand.$Warrior$$Adds from Deck to hand$Effect$
95281259$The Warrior Returning Alive$Unlimited$SPELL$$$$$$$$$$$$Target 1 Warrior monster in your GY; add that target to your hand.$Warrior$$Adds from Graveyard to hand$Effect$
27178262$Cunning of the Six Samurai$Unlimited$SPELL$$$$$$$$$Quick-Play$$$Send 1 face-up "Six Samurai" monster you control to the Graveyard, then target 1 "Six Samurai" monster in either player's Graveyard; Special Summon that target.$Supports archetypes /Six Samurai$Anti-supports archetypes /Six Samurai$Sends from field to Graveyard for cost$Cost/Effect$
72345736$Six Samurai United$Unlimited$SPELL$$$$$$$$$Continuous$$$Each time a "Six Samurai" monster(s) is Normal or Special Summoned, place 1 Bushido Counter on this card (max. 2). You can send this card to the GY; draw 1 card for each Bushido Counter on this card.$Supports archetypes /Six Samurai$Anti-supports archetypes /Six Samurai$You draw cards/Sends itself from field to Graveyard for cost$Continuous-like/Ignition-like$
27970830$Gateway of the Six$Limited$SPELL$$$$$$$$$Continuous$$$Each time a "Six Samurai" monster(s) is Normal or Special Summoned, place 2 Bushido Counters on this card. You can remove Bushido Counters from your field to activate these effects.●2 Counters: Target 1 "Six Samurai" or "Shien" Effect Monster; that target gains 500 ATK until the end of this turn.●4 Counters: Add 1 "Six Samurai" monster from your Deck or GY to your hand.●6 Counters: Target 1 "Shien" Effect Monster in your GY; Special Summon that target.$Supports archetypes /Six Samurai/Shien$Anti-supports archetypes /Six Samurai$Adds from Deck to hand/Adds from Graveyard to hand$Continuous-like/Ignition-like$
54031490$Shien's Smoke Signal$Unlimited$SPELL$$$$$$$$$$$$Add 1 Level 3 or lower "Six Samurai" monster from your Deck to your hand.$Supports archetypes /Six Samurai$$Adds from Deck to hand$Effect$
53819808$Temple of the Six$Unlimited$SPELL$$$$$$$$$Field$$$Each time a "Six Samurai" monster(s) is Normal or Special Summoned, place 1 Bushido Counter on this card. Monsters your opponent controls lose 100 ATK for each Bushido Counter on this card.$Supports archetypes /Six Samurai$$$Continuous-like$
47436247$Shien's Dojo$Unlimited$SPELL$$$$$$$$$Continuous$$$Each time a "Six Samurai" monster(s) is Normal or Special Summoned, place 1 Bushido Counter on this card. You can send this card to the GY; Special Summon 1 "Six Samurai" or "Shien" Effect Monster from your Main Deck, whose Level is less than or equal to the number of Bushido Counters on this card.$Supports archetypes /Six Samurai/Shien$Anti-supports archetypes /Six Samurai$Sends itself from field to Graveyard for cost$Continuous-like/Ignition-like$
90846359$Rivalry of Warlords$Unlimited$TRAP$$$$$$$$$Continuous$$$Each player can only control 1 Type of monster. Send all other face-up monsters they control to the GY.$$$Sends from field to Graveyard$Continuous-like$
46874015$Return of the Six Samurai$Unlimited$TRAP$$$$$$$$$$$$Target 1 "Six Samurai" monster in your GY; Special Summon that target. Destroy it during the End Phase of this turn.$Supports archetypes /Six Samurai$$$Effect$
21007444$Double-Edged Sword Technique$Unlimited$TRAP$$$$$$$$$$$$Target 2 "Six Samurai" monsters in your GY; Special Summon those targets in Attack Position. During the End Phase of this turn, destroy them, and if you do, take damage equal to those destroyed monsters' ATK.$Supports archetypes /Six Samurai$$$Effect/Lingering$
50078509$Fiendish Chain$Unlimited$TRAP$$$$$$$$$Continuous$$$Activate this card by targeting 1 Effect Monster on the field; negate the effects of that face-up monster while it is on the field, also that face-up monster cannot attack. When it is destroyed, destroy this card.$$$$Continuous-like$
41458579$Musakani Magatama$Unlimited$TRAP$$$$$$$$$Counter$$$When your opponent activates a Spell/Trap Card, or monster effect, that destroys a card(s), while you control a "Six Samurai" monster: Negate the activation, and if you do, destroy it.$Supports archetypes /Six Samurai$$$Activation requirement/Effect$
77847678$Shien's Scheme$Unlimited$TRAP$$$$$$$$$$$$If a "Six Samurai" monster you control is destroyed by battle: Special Summon up to 2 "Six Samurai" monsters from your hand.$Supports archetypes /Six Samurai$$Activates if destroyed by battle$Activation requirement/Effect$
23212990$Six Strike - Thunder Blast$Unlimited$TRAP$$$$$$$$$$$$Remove 1 Bushido Counter from your side of the field to activate 1 of these effects.●Target 1 monster your opponent controls; destroy that target.●Target 1 card your opponent controls; return that target to the hand.$$$Returns from your opponent's field to your opponent's hand$Cost/Effect$
75525309$Six Style - Dual Wield$Unlimited$TRAP$$$$$$$$$$$$If the only monster you control is 1 "Six Samurai" monster in face-up Attack Position: Target 2 cards your opponent controls; return those targets to the hand.$Supports archetypes /Six Samurai$$Returns from your opponent's field to your opponent's hand$Activation requirement/Effect$
01828513$Shadow of the Six Samurai - Shien$Unlimited$EARTH$[Warrior/Xyz/Effect]$$$4$$$2500$400$$2 Level 4 "Six Samurai" monsters$$Once per turn (Quick Effect): You can detach 1 material from this card, then target 1 "Six Samurai" monster you control with less than 2000 ATK; its original ATK becomes 2000 until the end of this turn.$Supports archetypes /Six Samurai$$$Quick$
