Passcode$Name$Status$Attribute$type$link$link_arrows$rank$pendulum_scale$level$attack$defense$spell_attribute$summoning_condition$pendulum_condition$card_text$card_supports$card_anti_supports$card_actions$effect_types$
83518674$Danger! Ogopogo!$Unlimited$DARK$[Sea Serpent/Effect]$$$$$8$1200$3000$$$$You can reveal this card in your hand; your opponent randomly chooses 1 card from your entire hand, then you discard the chosen card. Then, if the discarded card was not "Danger! Ogopogo!", Special Summon 1 "Danger! Ogopogo!" from your hand, and if you do, draw 1 card. If this card is discarded: You can send 1 "Danger!" card from your Deck to the GY, except "Danger! Ogopogo!". You can only use this effect of "Danger! Ogopogo!" once per turn.$Supports archetypes /Danger!$$Activates from your hand/Reveals itself in the hand for cost/Discards for effect/You draw cards/Sends from Deck to Graveyard$Ignition/Trigger/Condition$
50690129$Catche Eve L2$Unlimited$LIGHT$[Cyberse/Effect]$$$$$2$800$600$$$$If this card is in your hand: You can target 1 Level 3 or higher monster you control; reduce its Level by exactly 2, and if you do, Special Summon this card. You can only use this effect of "Catche Eve L2" once per turn.$$$Activates from your hand$Ignition/Condition$
86784733$Cyberse Synchron$Unlimited$DARK$[Cyberse/Tuner/Effect]$$$$$1$100$100$$$$Once per turn: You can target 1 Level 4 or lower monster you control; increase its Level by its original Level until the end of this turn. If your monster(s) in the Extra Monster Zone would be destroyed by battle or card effect, you can banish this card from your GY instead. You can only use this effect of "Cyberse Synchron" once per turn.$$$Activates from your Graveyard$Ignition/Unclassified/Condition$
13173832$Salamangreat Wolvie$Unlimited$FIRE$[Cyberse/Effect]$$$$$4$1700$1000$$$$A monster that was Link Summoned using this card as material cannot be destroyed by battle or card effect for the rest of that turn. You can only use 1 of the following effects of "Salamangreat Wolvie" per turn, and only once that turn.●If this card is Special Summoned from the GY: You can target 1 FIRE monster in your GY; add it to your hand.●If this card is added from your GY to your hand by an effect: You can reveal this card, then target 1 FIRE monster in your GY; add it to your hand.$FIRE$$Activates from your Graveyard/Applies effect when used as Link Material/Activates upon Special Summon/Adds from Graveyard to hand/Activates from your hand/Reveals itself in the hand for cost$Unclassified/Trigger/Condition$
59577547$Salamangreat Parro$Unlimited$FIRE$[Cyberse/Effect]$$$$$5$2000$1000$$$$When an opponent's monster declares an attack: You can Special Summon this card from your hand, in Attack Position. If this card is Special Summoned: You can target 1 "Salamangreat" monster in your GY; this card's ATK becomes that target's. You can Tribute this card; gain 2000 LP. You can only use this effect of "Salamangreat Parro" once per turn.$Supports archetypes /Salamangreat$$Activates upon attack declaration/Activates upon Special Summon/Tributes itself for cost$Trigger/Condition$
86962245$Salamangreat Foxer$Unlimited$FIRE$[Cyberse/Effect]$$$$$3$1200$1000$$$$If you have 3 or more "Salamangreat" monsters in your GY: You can send this card from your hand to the GY, then target 1 "Salamangreat" Link Monster in your GY and 1 card in your opponent's Spell & Trap Zone; return that targeted monster from your GY to the Extra Deck, and if you do, destroy the targeted card on the field. If a card(s) in your opponent's Spell & Trap Zone is destroyed and sent to the GY, while this card is in your GY (except during the Damage Step): You can Special Summon this card in Defense Position. You can only use 1 "Salamangreat Foxer" effect per turn, and only once that turn.$Supports archetypes /Salamangreat$$Activates from your hand/Sends itself from hand to Graveyard for cost/Returns from your Graveyard to your Extra Deck/Activates from your Graveyard$Ignition/Trigger/Condition$
12950294$Speedburst Dragon$Unlimited$DARK$[Dragon/Effect]$$$$$6$2400$600$$$$When you take effect damage (except during the Damage Step): You can Special Summon this card from your hand, then inflict damage to your opponent equal to the damage you took, and if you do, you gain LP equal to half that damage you inflicted. When this card is Tribute Summoned: You can add 2 "Rokket" monsters with different names from your Deck to your hand. You can only use each effect of "Speedburst Dragon" once per turn.$Supports archetypes /Rokket$$Activates upon Tribute Summon/Activates if you take effect damage/Activates from your hand/Adds from Deck to hand$Trigger/Condition$
48355999$Rokket Synchron$Unlimited$DARK$[Dragon/Tuner/Effect]$$$$$1$0$0$$$$When this card is Normal Summoned: You can target 1 Level 5 or higher DARK Dragon monster in your GY; Special Summon it in Defense Position, negate its effects, destroy it during the End Phase, also you cannot Special Summon monsters from the Extra Deck for the rest of this turn, except DARK monsters.$DARK/Dragon$$Activates upon Normal Summon$Trigger$
85840608$Neo Space Connector$Unlimited$LIGHT$[Warrior/Effect]$$$$$4$800$1800$$$$When this card is Normal Summoned: You can Special Summon 1 "Neo-Spacian" monster or 1 "Elemental HERO Neos" from your hand or Deck in Defense Position. You can Tribute this card, then target 1 "Neo-Spacian" monster or 1 "Elemental HERO Neos" in your GY; Special Summon it in Defense Position. You can only use each effect of "Neo Space Connector" once per turn.$Supports archetypes /Neo-Spacian$$Activates upon Normal Summon/Tributes itself for cost$Trigger/Ignition/Condition$
11234702$T.G. Screw Serpent$Unlimited$WATER$[Sea Serpent/Tuner/Effect]$$$$$4$1300$500$$$$If this card is Normal or Special Summoned: You can target 1 Level 4 or lower "T.G." monster in your GY, except "T.G. Screw Serpent"; Special Summon that monster, but its effects are negated. You can banish this card from your GY, then target 1 "T.G." monster you control; increase or reduce its Level by 1 until the end of this turn. You can only use each effect of "T.G. Screw Serpent" once per turn.$Supports archetypes /T.G.$$Activates upon Normal Summon/Activates upon Special Summon/Activates from your Graveyard$Trigger/Ignition/Condition$
48633301$T.G. Booster Raptor$Unlimited$WIND$[Dinosaur/Effect]$$$$$1$400$300$$$$If you control a "T.G." monster, you can Special Summon this card (from your hand). You can only Special Summon "T.G. Booster Raptor" once per turn this way. Once per turn, during the End Phase, if this card is in the GY because it was destroyed on the field and sent there this turn: You can add 1 "T.G." monster from your Deck to your hand, except "T.G. Booster Raptor".$T.G.$$Activates from your Graveyard/Adds from Deck to hand$Summon/Condition/Trigger$
74627016$T.G. Tank Grub$Unlimited$EARTH$[Insect/Tuner/Effect]$$$$$1$0$0$$$$If this card you control is used as Synchro Material for a "T.G." monster, you can treat it as a non-Tuner. If this card is sent to the GY as Synchro Material for a "T.G." monster: You can Special Summon 1 "T.G. Token" (Machine/EARTH/Level 1/ATK 0/DEF 0) in Attack Position. You can only use this effect of "T.G. Tank Grub" once per turn.$Supports archetypes /T.G.$$Activates from your Graveyard$Unclassified/Trigger/Condition$
11012154$Guardragon Justicia$Unlimited$WATER$[Dragon/Tuner/Normal]$$$$$2$0$2100$$$$The fate of the World depends on the Guardragons, born from the World Legacy.$$$$$
43411769$Guardragon Garmides$Unlimited$EARTH$[Dragon/Effect]$$$$$3$1600$1000$$$$If a Normal Monster(s) is sent to your GY (except during the Damage Step): You can Special Summon this card from your hand. If this card is in your GY: You can send 1 Dragon monster from your hand to the GY; add this card to your hand. You can only use each effect of "Guardragon Garmides" once per turn.$Normal Monster/Dragon$$Activates from your hand/Activates from your Graveyard/Sends from hand to Graveyard for cost/Returns itself from Graveyard to hand$Trigger/Ignition/Condition$
79905468$Guardragon Promineses$Unlimited$FIRE$[Dragon/Effect]$$$$$1$500$200$$$$You can send this card from your hand or field to the GY, then target 1 Dragon monster you control; it gains 500 ATK/DEF until the end of your opponent's turn. If a Normal Monster(s) is sent to your GY, while this card is in the GY (except during the Damage Step): You can Special Summon this card, but banish it when it leaves the field. You can only use this effect of "Guardragon Promineses" once per turn.$Dragon/Normal Monster$$Activates from your hand/Sends itself from hand to Graveyard for cost/Sends itself from field to Graveyard for cost/Activates from your Graveyard$Ignition/Trigger/Condition$
06990577$Guardragon Andrake$Unlimited$WIND$[Dragon/Effect]$$$$$4$2000$600$$$$Cannot be Normal Summoned/Set. Must be Special Summoned by a card effect. If this card is Special Summoned from the hand or Deck: You can double this card's original ATK/DEF, until the end of the next turn. If this card is Special Summoned from the GY, or if this banished card is Special Summoned: You can target 1 monster your opponent controls; destroy it. You can only use each effect of "Guardragon Andrake" once per turn.$$$Activates upon Special Summon$Summon/Trigger/Condition$
42388271$World Legacy - "World Ark"$Unlimited$DARK$[Machine/Effect]$$$$$7$2500$500$$$$This card can be treated as 2 Tributes for the Tribute Summon of a monster. You can only use each of the following effects of "World Legacy - "World Ark"" once per turn.●If a Link Monster(s) you control is destroyed by an opponent's card effect and sent to your GY (except during the Damage Step): You can send this card from your hand to the GY, then target 1 of those Link Monsters; Special Summon it.●If your opponent Special Summons a monster(s) from the Extra Deck, while this Normal Summoned/Set card is on the field (except during the Damage Step): You can send 1 monster from your Deck to the GY.$$$Activates from your hand/Sends itself from hand to Graveyard for cost/Activates upon Special Summon/Sends from your Deck to your Graveyard$Unclassified/Condition/Trigger$
79783880$Shiranui Spectralsword Shade$Unlimited$FIRE$[Zombie/Tuner/Effect]$$$$$3$800$0$$$$You can Tribute this card, then target 2 of your banished Zombie monsters, except "Shiranui Spectralsword Shade", including a "Shiranui" monster; Special Summon them in Defense Position, but negate their effects, also, you cannot Special Summon monsters for the rest of this turn, except Zombie monsters. You can only use this effect of "Shiranui Spectralsword Shade" once per turn.$Supports archetypes /Shiranui$$Tributes itself for cost$Ignition/Condition$
05177985$Shiranui Swordmaster$Unlimited$FIRE$[Zombie/Effect]$$$$$2$600$0$$$$If this card is in your GY and you control 2 or more "Shiranui" monsters with different names: You can Special Summon this card, but banish it when it leaves the field. If this card is banished: You can target 1 Zombie monster you control; it gains 600 ATK until the end of this turn. You can only use each effect of "Shiranui Swordmaster" once per turn.$Supports archetypes /Shiranui$$Activates from your Graveyard/Activates while banished$Condition/Trigger$
41562624$Shiranui Squire$Unlimited$FIRE$[Zombie/Effect]$$$$$4$1500$0$$$$When this card is Normal Summoned, you can: Special Summon 1 "Shiranui Spectralsword" monster from your hand or Deck, also you cannot Special Summon monsters for the rest of this turn, except Zombie monsters. If this card is banished: You can draw 1 card, then discard 1 card. You can only use each effect of "Shiranui Squire" once per turn.$Supports archetypes /Shiranui Spectralsword $$Activates upon Normal Summon/Activates while banished/You draw cards/You discard$Trigger/Condition$
78661338$Fantastical Dragon Phantazmay$Unlimited$DARK$[Dragon/Effect]$$$$$7$2400$1800$$$$If your opponent Special Summons a Link Monster(s) (except during the Damage Step): You can Special Summon this card from your hand, draw cards equal to the number of Link Monsters your opponent controls +1, then shuffle cards from your hand into the Deck equal to the number of Link Monsters they control. When your opponent activates a card or effect that targets a monster(s) you control (Quick Effect): You can discard 1 card; negate the activation, and if you do, destroy it. You can only use each effect of "Fantastical Dragon Phantazmay" once per turn.$$Link Monster$Activates from your hand/Activates upon Special Summon/You draw cards/Returns from hand to Deck/You discard for cost$Trigger/Quick/Condition$
04055337$Orcust Knightmare$Unlimited$DARK$[Machine/Effect]$$$$$7$100$2000$$$$Cannot be destroyed by battle with a Link Monster. You can banish this card from your GY, then target 1 face-up monster on the field; you cannot Special Summon monsters, except DARK monsters, for the rest of this turn, also send 1 DARK Machine monster from your Deck to the GY, except "Orcust Knightmare", and if you do, the targeted monster gains ATK equal to the Level of the monster sent to the GY x 100, until the end of this turn. You can only use this effect of "Orcust Knightmare" once per turn.$DARK/Machine$Link Monster$Activates from your Graveyard/Sends from your Deck to your Graveyard$Continuous/Ignition/Condition$
31440046$Prank-Kids Rocksies$Unlimited$EARTH$[Rock/Effect]$$$$$4$1500$1500$$$$If this card is sent to the GY as material for the Fusion or Link Summon of a "Prank-Kids" monster: You can banish 1 card from your hand, and if you do, draw 1 card, then, you can Special Summon 1 "Prank-Kids" monster from your hand or Deck in Defense Position, except "Prank-Kids Rocksies". You can only use this effect of "Prank-Kids Rocksies" once per turn.$Supports archetypes /Prank-Kids$$Activates from your Graveyard/Activates if used as Fusion Material/Activates if used as Link Material/You draw cards$Trigger/Condition$
77848740$Madolche Petingcessoeur$Unlimited$EARTH$[Fairy/Effect]$$$$$4$1400$1400$$$$If this card in your possession is destroyed by an opponent's card and sent to your GY: Shuffle this card into the Deck. You can only use each of the following effects of "Madolche Petingcessoeur" once per turn.●If you have no monsters in your GY: You can Special Summon this card from your hand.●If this card is Special Summoned: You can Special Summon 1 "Madolche" monster from your hand or Deck, except "Madolche Petingcessoeur", and if you do, reduce its Level by 1, also you cannot Special Summon monsters for the rest of this turn, except "Madolche" monsters.$Supports archetypes /Madolche$$Activates if destroyed by battle/Activates if destroyed by card effect/Activates from your Graveyard/Returns itself from Graveyard to Deck/Activates from your hand/Activates upon Special Summon$Trigger/Condition/Ignition$
03233859$Psychic Wheeleder$Unlimited$EARTH$[Psychic/Tuner/Effect]$$$$$3$600$0$$$$If you control a Level 3 monster other than "Psychic Wheeleder", you can Special Summon this card (from your hand) in Defense Position. You can only Special Summon "Psychic Wheeleder" once per turn this way. If this card is sent to the GY as Synchro Material: You can target 1 monster on the field with less ATK than the Synchro Monster that used this card as material; destroy it. You can only use this effect of "Psychic Wheeleder" once per turn.$Synchro Monster$$Activates from your Graveyard/Activates if used as Synchro Material$Unclassified/Condition/Trigger$
30227494$Psychic Tracker$Unlimited$EARTH$[Psychic/Effect]$$$$$3$1600$600$$$$If you control a Level 3 monster other than "Psychic Tracker", you can Special Summon this card (from your hand) in Defense Position. You can only Special Summon "Psychic Tracker" once per turn this way. A Synchro Monster that used this card as material gains 600 ATK.$Synchro Monster$$Applies effect when used as Synchro Material$Unclassified/Condition$
66722103$Thunderclap Monk$Unlimited$LIGHT$[Thunder/Effect]$$$$$4$1900$200$$$$When your opponent activates a monster effect while you control this Special Summoned monster (Quick Effect): You can Tribute this card; negate the activation, and if you do, destroy it. If this card is sent from the field to the GY: You can Special Summon 1 Thunder monster from your hand in Defense Position. You can only use each effect of "Thunderclap Monk" once per turn.$Thunder$$Tributes itself for cost/Activates from your Graveyard$Quick/Trigger/Condition$
03111207$Lappis Dragon$Unlimited$WATER$[Sea Serpent/Tuner/Effect]$$$$$5$0$2600$$$$If this card is added from the Deck to your hand: You can reveal this card; Special Summon it. If this card is added from your GY to your hand by a card effect: You can reveal this card; Special Summon this card, but banish it when it leaves the field. You can only use 1 "Lappis Dragon" effect per turn, and only once that turn.$$$Activates from your hand/Reveals itself in the hand for cost$Trigger/Condition$
39505816$Cataclysmic Scorching Sunburner$Unlimited$FIRE$[Fairy/Effect]$$$$$8$2600$200$$$$If a face-up FIRE monster(s) you control is destroyed by battle or an opponent's card effect: You can Special Summon this card from your hand, then, you can inflict damage to your opponent equal to half the ATK of 1 of those destroyed FIRE monsters in your GY. You can only use this effect of "Cataclysmic Scorching Sunburner" once per turn.$FIRE$$Activates from your hand/Activates if destroyed by battle/Activates if destroyed by card effect$Trigger/Condition$
65500515$Squirt Squid$Unlimited$WATER$[Aqua/Effect]$$$$$2$0$1800$$$$Once per turn, when this card is targeted for an attack by an opponent's monster: You can move this card you control to another of your Main Monster Zones, then, Special Summon 1 "Squid Ink Token" (Aqua/WATER/Level 2/ATK ?/DEF 0). This Token's ATK becomes that opponent's monster's ATK. While this card is in your leftmost or rightmost Main Monster Zone, your opponent's monsters with ATK less than or equal to this card's DEF cannot target it for attacks.$$$Activates upon attack declaration$Trigger/Continuous$
92998610$Aloof Lupine$Unlimited$DARK$[Beast/Effect]$$$$$4$1700$300$$$$When this card is Normal Summoned: You can banish 1 monster from your hand; banish 1 monster from your Deck with the same Type as that monster. If this card is destroyed by battle, or if this card in its owner's possession is destroyed by an opponent's card effect: You can target 1 of your banished monsters; add it to your hand. You can only use each effect of "Aloof Lupine" once per turn.$$$Activates upon Normal Summon/Activates if destroyed by battle/Activates if destroyed by card effect/Adds banished cards to the hand$Trigger/Condition$
38383368$Extraceratops$Unlimited$EARTH$[Warrior/Effect]$$$$$1$100$100$$$$When a monster in the Extra Monster Zone is destroyed by battle with a monster in the Main Monster Zone and sent to the GY, while this card is in the GY: You can Special Summon this card, in Defense Position, to the field of that destroyed monster's owner. You can only use this effect of "Extraceratops" once per turn. If this card Summoned this way is destroyed and sent to the GY: Draw 1 card.$$$Activates if destroyed by battle/Activates if destroyed by card effect/Activates from your Graveyard/You draw cards$Trigger/Condition$
65877963$Impcantation Chalislime$Unlimited$DARK$[Aqua/Ritual/Effect]$$$$$7$2500$1800$$$$You can Ritual Summon this card with "Impcantation Inception". You can reveal this card in your hand; discard 1 card, and if you do, Special Summon 1 "Impcantation" monster from your Deck, also, during the End Phase, lose 2500 LP if you did not Special Summon a Ritual Monster this turn after you resolved this effect. You can send 1 "Impcantation" card from your hand or face-up field to the GY, then target 1 monster your opponent controls; destroy it. You can only use 1 "Impcantation Chalislime" effect per turn, and only once that turn.$Supports archetypes /Impcantation$$Reveals itself in the hand for cost/Discards for effect/Sends from hand to Graveyard for cost/Sends from field to Graveyard for cost$Summon/Ignition/Condition$
91272072$Trickstar Band Sweet Guitar$Unlimited$LIGHT$[Fairy/Fusion/Effect]$$$$$7$2200$1200$$1 "Trickstar" Link Monster + 1 "Trickstar" monster$$Effect damage inflicted to your opponent by your "Trickstar" Link Monster linked to this card is doubled. If your opponent takes damage by a "Trickstar" monster's effect: This card gains ATK equal to the damage they took. Once per turn, during the End Phase, if this card attacked this turn: The ATK gained from this effect returns to 0, then you can add 1 "Trickstar" monster from your GY to your hand.$Supports archetypes /Trickstar$$Adds from Graveyard to hand$Continuous/Trigger$
37261776$Salamangreat Violet Chimera$Unlimited$FIRE$[Cyberse/Fusion/Effect]$$$$$8$2800$2000$$1 "Salamangreat" monster + 1 Link Monster$$If this card is Fusion Summoned: You can make this card gain ATK equal to half the combined original ATK of the materials used to Summon it, until the end of this turn. Once per battle, during damage calculation, if this monster battles a monster whose current ATK is different from its original ATK (Quick Effect): You can double this card's ATK during damage calculation only. If this card that was Fusion Summoned using "Salamangreat Violet Chimera" as material battles a monster, that monster's ATK becomes 0 during damage calculation only.$Supports archetypes /Salamangreat$$Activates upon Fusion Summon$Trigger/Quick/Continuous$
64655485$Elemental HERO Brave Neos$Unlimited$LIGHT$[Warrior/Fusion/Effect]$$$$$7$2500$2000$$"Elemental HERO Neos" + 1 Level 4 or lower Effect Monster$$Must be Fusion Summoned. Gains 100 ATK for each "Neo-Spacian" and "HERO" monster in your GY. When this card destroys an opponent's monster by battle: You can add 1 Spell/Trap from your Deck to your hand that specifically lists the card "Elemental HERO Neos" in its text.$Supports archetypes /HERO/Neo-Spacian$$Activates when it destroys a monster by battle/Adds from Deck to hand$Condition/Continuous/Trigger$
90050480$Elemental HERO Cosmo Neos$Unlimited$LIGHT$[Warrior/Fusion/Effect]$$$$$11$3500$3000$$"Elemental HERO Neos" + 3 "Neo-Spacian" monsters with different Attributes$$Must first be Special Summoned (from your Extra Deck) by shuffling the above cards you control into the Deck. (You do not use "Polymerization".) If this card is Special Summoned from the Extra Deck: You can activate this effect; for the rest of this turn, your opponent cannot activate cards, also cards your opponent controls cannot activate their effects. Your opponent cannot activate cards or effects in response to this effect's activation. Once per turn, during the End Phase: Shuffle this card into the Extra Deck, and if you do, destroy all cards your opponent controls.$Supports archetypes /Neo-Spacian$$Returns Fusion Materials for Contact Fusion to Deck/Activates upon Special Summon/Returns itself from field to Extra Deck$Summon/Trigger$
27548199$Borreload Savage Dragon$Unlimited$DARK$[Dragon/Synchro/Effect]$$$$$8$3000$2500$$1 Tuner + 1+ non-Tuner monsters$$If this card is Synchro Summoned: You can equip 1 Link Monster from your GY to this card, and if you do, place Borrel Counters on this card equal to that Link Monster's Link Rating. This card gains ATK equal to half the ATK of the monster equipped to it by its effect. When your opponent activates a card or effect (Quick Effect): You can remove 1 Borrel Counter from this card; negate the activation. You can only use this effect of "Borreload Savage Dragon" once per turn.$Link Monster$$Activates upon Synchro Summon/Equips monsters from the player's Graveyard to itself$Trigger/Continuous/Condition$
63533837$Cyberse Quantum Dragon$Unlimited$DARK$[Cyberse/Synchro/Effect]$$$$$7$2500$2000$$1 Tuner + 1+ non-Tuner monsters$$While you control a Link Monster, monsters your opponent controls cannot target monsters you control for attacks, except this one, also your opponent cannot target monsters you control with card effects, except this one. Once per turn, at the start of the Damage Step, if this card battles an opponent's monster: You can return that opponent's monster to the hand, also, this card can make a second attack in a row.$Link Monster$$Returns from field to hand$Continuous/Trigger$
99937842$T.G. Star Guardian$Unlimited$LIGHT$[Warrior/Synchro/Tuner/Effect]$$$$$5$100$2200$$1 Tuner + 1+ non-Tuner "T.G." monsters$$Once per Chain, during your opponent's Main Phase, you can (Quick Effect): Immediately after this effect resolves, Synchro Summon using this card you control. You can only use each of the following effects of "T.G. Star Guardian" once per turn.●If this card is Special Summoned: You can target 1 "T.G." monster in your GY; add it to your hand.●During your Main Phase: You can Special Summon 1 "T.G." monster from your hand.$Supports archetypes /T.G.$$Uses itself as a Synchro Material/Activates upon Special Summon/Adds from Deck to hand$Quick/Condition/Trigger/Ignition$
26326541$Shiranui Swordsaga$Unlimited$FIRE$[Zombie/Synchro/Effect]$$$$$5$1900$0$$1 Tuner + 1+ non-Tuner monsters$$You can only Special Summon "Shiranui Swordsaga(s)" once per turn. If this card is Special Summoned: You can target 1 monster on the field; change its battle position. If this card is banished: You can Special Summon 1 "Shiranui Token" (Zombie/FIRE/Level 1/ATK 0/DEF 0). You can only use this effect of "Shiranui Swordsaga" once per turn.$$$Activates upon Special Summon/Changes battle positions/Activates while banished$Condition/Trigger$
52711246$Shiranui Squiresaga$Unlimited$FIRE$[Zombie/Synchro/Effect]$$$$$7$2100$0$$1 Tuner + 1+ non-Tuner monsters$$You can only Special Summon "Shiranui Squiresaga(s)" once per turn. Once per turn: You can banish 1 face-up monster you control or in your GY, then apply these effects, in sequence, depending on what the monster was before it was banished, if it was any of these.●Zombie: You can have all monsters you control gain 300 ATK.●FIRE: You can destroy 1 Spell/Trap on the field.●Synchro: You can destroy 1 monster on the field.$Supports archetypes /Shiranui$$$Trigger/Condition$
99115354$Hyper Psychic Riser$Unlimited$EARTH$[Psychic/Synchro/Effect]$$$$$6$2000$600$$1 Tuner + 1+ non-Tuner monsters$$Monsters with less ATK than this card cannot attack, also neither player can activate the effects of face-up monsters on the field with more ATK than this card. If this card in your possession is destroyed by your opponent's card and sent to your GY: You can target 1 Tuner and 1 non-Tuner monster in your GY with the same Type and Attribute as each other; add them to your hand. You can only use this effect of "Hyper Psychic Riser" once per turn.$Tuner monster$$Activates if destroyed by battle/Activates if destroyed by card effect/Activates from your Graveyard/Adds from Graveyard to hand$Continuous/Trigger/Condition$
25200959$Cyberse Integrator$Unlimited$LIGHT$[Cyberse/Synchro/Effect]$$$$$3$1000$1000$$1 Tuner + 1+ non-Tuner monsters$$If this card is Synchro Summoned, you can: Special Summon 1 Cyberse Tuner from your hand or GY in Defense Position, also you cannot Special Summon monsters for the rest of this turn, except Cyberse monsters. If this Synchro Summoned card is sent to the GY: You can draw 1 card. You can only use each effect of "Cyberse Integrator" once per turn.$Cyberse/Tuner monster$$Activates upon Synchro Summon/Activates from your Graveyard/You draw cards$Trigger/Condition$
52698008$Cyberse Wicckid$Unlimited$DARK$[Cyberse/Link/Effect]$2$Bottom/Bottom-Right$$$$800$- $$2 Cyberse monsters$$This Link Summoned card cannot be destroyed by battle or card effects. Cyberse monsters this card points to cannot be destroyed by card effects. If a monster(s) is Special Summoned to a zone(s) this card points to while you control this monster (except during the Damage Step): You can banish 1 Cyberse monster from your GY; add 1 Cyberse Tuner from your Deck to your hand. You can only use this effect of "Cyberse Wicckid" once per turn.$Cyberse/Tuner monster$$Activates upon Special Summon/Adds from Deck to hand$Continuous/Trigger/Condition$
88093706$Update Jammer$Unlimited$WIND$[Cyberse/Link/Effect]$2$Left/Top$$$$2000$- $$2 Level 2 or higher Cyberse monsters$$Once per battle, during damage calculation, if your Cyberse monster battles (Quick Effect): You can activate this effect; negate all other card effects on the field until the end of the Damage Step, damage calculation for this battle uses each monster's original ATK/DEF, also if an opponent's monster is destroyed by this battle and sent to the GY, inflict 1000 damage to your opponent. If this card is sent to the GY as Link Material: That Link Monster can make a second attack during each Battle Phase this turn.$Cyberse/Link Monster$$Activates when it destroys a monster by battle/Activates from your Graveyard/Activates if used as Link Material$Quick/Trigger$
24487411$Detonate Deleter$Unlimited$DARK$[Cyberse/Link/Effect]$3$Left/Bottom-Left/Right$$$$2100$- $$2+ Cyberse monsters$$Once per turn, at the start of the Damage Step, when this card battles a face-up monster that is not a Link-3 or higher Link Monster: You can destroy that monster. Once per turn: You can Tribute 1 monster this card points to, then target 1 monster your opponent controls; destroy it.$Cyberse$$Tributes for cost$Trigger/Ignition$
51476410$Clock Lizard$Unlimited$DARK$[Cyberse/Link/Effect]$2$Bottom-Left/Bottom$$$$1200$- $$2 Cyberse monsters$$You can Tribute this card; return 1 Fusion Monster from your GY to the Extra Deck, then Fusion Summon that Fusion Monster from your Extra Deck, by banishing Fusion Materials listed on it from your GY. If this card is banished from your GY: You can make Special Summoned monsters your opponent currently controls lose 400 ATK for each Cyberse monster currently in your GY, until the end of this turn.$Cyberse/Fusion Monster$$Tributes itself for cost/Returns from Graveyard to Extra Deck/Activates while banished$Ignition/Trigger$
87871125$Salamangreat Sunlight Wolf$Unlimited$FIRE$[Cyberse/Link/Effect]$2$Top/Bottom$$$$1800$- $$2 FIRE Effect Monsters$$If a monster(s) is Normal or Special Summoned to the zone(s) this card points to (except during the Damage Step): You can add 1 FIRE monster from your GY to your hand, but for the rest of this turn, you cannot Normal Summon/Set or Special Summon monsters with the added monster's name. During your Main Phase, if you control this card that was Link Summoned using "Salamangreat Sunlight Wolf" as material: You can add 1 "Salamangreat" Spell/Trap from your GY to your hand. You can only use each effect of "Salamangreat Sunlight Wolf" once per turn.$Supports archetypes /Salamangreat$$Activates upon Normal Summon/Activates upon Special Summon/Adds from Graveyard to hand$Trigger$
14365823$Trickstar Divaridis$Unlimited$LIGHT$[Fairy/Link/Effect]$2$Bottom-Left/Bottom$$$$1800$- $$2 Level 3 or lower "Trickstar" monsters$$You can only control 1 "Trickstar Divaridis". If this card is Special Summoned: You can inflict 200 damage to your opponent. If your opponent Normal or Special Summons a monster(s): Inflict 200 damage to your opponent.$$$Activates upon Special Summon/Activates upon Normal Summon$Trigger$
50750868$T.G. Trident Launcher$Unlimited$EARTH$[Machine/Link/Effect]$3$Bottom-Left/Bottom/Bottom-Right$$$$2200$- $$2+ Effect Monsters, including a "T.G." Tuner$$If this card is Link Summoned, you can: Special Summon 3 "T.G." monsters (1 from your hand, 1 from your Deck, and 1 from your GY) in Defense Position to your zones this card points to, also you cannot Special Summon monsters for the rest of this turn, except "T.G." monsters. You can only use this effect of "T.G. Trident Launcher" once per turn. Your opponent cannot target "T.G." Synchro Monsters this card points to with card effects.$Supports archetypes /T.G.$$Activates upon Link Summon$Trigger/Continuous$
86148577$Guardragon Elpy$Forbidden(OCG)$DARK$[Dragon/Link/Effect]$1$Left$$$$1000$- $$1 Level 4 or lower Dragon monster$$You cannot Special Summon monsters, except Dragon monsters. During your Main Phase: You can Special Summon 1 Dragon monster from your hand or Deck to your zone that 2 or more Link Monsters point to. You can only use this effect of "Guardragon Elpy" once per turn. You can only Special Summon "Guardragon Elpy(s)" once per turn.$Dragon$$$Condition/Continuous/Ignition$
13143275$Guardragon Pisty$Unlimited$DARK$[Dragon/Link/Effect]$1$Right$$$$1000$- $$1 Level 4 or lower Dragon monster$$You cannot Special Summon monsters, except Dragon monsters. During your Main Phase: You can target 1 of your Dragon monsters that is banished or in your GY; Special Summon it to your zone that 2 or more Link Monsters point to. You can only use this effect of "Guardragon Pisty" once per turn. You can only Special Summon "Guardragon Pisty(s)" once per turn.$Dragon$$$Condition/Continuous/Ignition$
59537380$Guardragon Agarpain$Forbidden(OCG)$DARK$[Dragon/Link/Effect]$2$Top/Bottom$$$$1500$- $$2 Dragon monsters$$You cannot Special Summon monsters, except Dragon monsters. During your Main Phase: You can Special Summon 1 Dragon monster from your Extra Deck, to an Extra Monster Zone or Main Monster Zone you can Summon to, that 2 or more Link Monsters point to. You can only use this effect of "Guardragon Agarpain" once per turn. You can only Special Summon "Guardragon Agarpain(s)" once per turn.$Dragon$$$Condition/Continuous/Ignition$
86926989$Shiranui Skillsaga Supremacy$Unlimited$FIRE$[Zombie/Link/Effect]$3$Top/Left/Bottom$$$$2300$- $$2+ Zombie monsters$$Synchro Monsters you control cannot be destroyed by card effects. FIRE monsters you control cannot be destroyed by battle. During your opponent's turn (Quick Effect): You can target 1 of your banished Zombie Synchro Monsters; Special Summon it to your zone this card points to. You can only use this effect of "Shiranui Skillsaga Supremacy" once per turn.$Zombie/Synchro Monster/FIRE$$$Continuous/Quick/Condition$
12421694$Sky Striker Ace - Kaina$Unlimited$EARTH$[Machine/Link/Effect]$1$Bottom-Right$$$$1500$- $$1 non-EARTH "Sky Striker Ace" monster$$If this card is Special Summoned: You can target 1 face-up monster your opponent controls; it cannot attack until the end of your opponent's turn. Each time you activate a "Sky Striker" Spell Card, or its effect, gain 100 LP immediately after the card or effect resolves. You can only Special Summon "Sky Striker Ace - Kaina(s)" once per turn.$Supports archetypes /Sky Striker/Sky Striker Ace$$Activates upon Special Summon$Trigger/Continuous/Condition$
48815792$Hiita the Fire Charmer, Ablaze$Unlimited$FIRE$[Spellcaster/Link/Effect]$2$Bottom-Left/Bottom-Right$$$$1850$- $$2 monsters, including a FIRE monster$$(This card is always treated as a "Familiar-Possessed" card.)You can target 1 FIRE monster in your opponent's GY; Special Summon it to your zone this card points to. If this Link Summoned card is destroyed by battle, or is destroyed by an opponent's card effect while in its owner's Monster Zone: You can add 1 FIRE monster with 1500 or less DEF from your Deck to your hand. You can only use each effect of "Hiita the Fire Charmer, Ablaze" once per turn.$FIRE$FIRE$Activates from your Graveyard/Adds from Deck to hand$Ignition/Trigger$
25800447$Fusion of Fire$Unlimited$SPELL$$$$$$$$$$$$(This card is always treated as a "Salamangreat" card.)Fusion Summon 1 "Salamangreat" Fusion Monster from your Extra Deck, using monsters from your hand and/or either field as Fusion Material. You can only activate 1 "Fusion of Fire" per turn.$Supports archetypes /Salamangreat$$Sends from your hand to your Graveyard/Sends from your field to your Graveyard/Sends from your opponent's field to your opponent's Graveyard/Uses cards in the hand as Fusion Materials/Uses cards on the player's field as Fusion Materials/Uses cards on the opponent's field as Fusion Materials$Condition$
51208046$Trickstar Live Stage$Unlimited$SPELL$$$$$$$$$Field$$$When this card is activated: You can add 1 "Trickstar" monster from your GY to your hand. You can only use each of the following effects of "Trickstar Live Stage" once per turn, also you cannot Special Summon monsters the turn you activate these effects, except "Trickstar" monsters (even if this card leaves the field).●If you control a "Trickstar" Link Monster: You can Special Summon 1 "Trickstar Token" (Fairy/LIGHT/Level 1/ATK 0/DEF 0).●If your opponent controls a card in their Spell & Trap Zone: You can Special Summon 1 "Trickstar Token".$Supports archetypes /Trickstar$$Adds from Graveyard to hand$Effect/Condition/Ignition-like$
88693151$Trickstar Fusion$Unlimited$SPELL$$$$$$$$$$$$Fusion Summon 1 "Trickstar" Fusion Monster from your Extra Deck, using monsters from your hand or field as Fusion Material. You can banish this card from your GY, then target 1 "Trickstar" monster in your GY; add it to your hand, but you cannot Normal Summon/Set or Special Summon monsters with that name for the rest of this turn.$Supports archetypes /Trickstar$$Sends from your hand to your Graveyard/Sends from your field to your Graveyard/Uses cards in the hand as Fusion Materials/Uses cards on the player's field as Fusion Materials/Activates from your Graveyard/Adds from Graveyard to hand$Effect/Ignition-like$
14088859$Neos Fusion$Unlimited$SPELL$$$$$$$$$$$$Special Summon 1 Fusion Monster from your Extra Deck that lists exactly 2 monsters as material, including "Elemental HERO Neos", by sending those monsters from your hand, Deck, or field, ignoring its Summoning conditions. For the rest of this turn after this card resolves, you cannot Special Summon monsters. If a Fusion Monster(s) you control that lists "Elemental HERO Neos" as material would be destroyed by battle or card effect, or shuffled into the Extra Deck by its own effect, you can banish this card from your GY instead.$Elemental HERO Neos/Fusion Monster$$Sends from your hand to your Graveyard/Sends from your field to your Graveyard/Sends from your Deck to your Graveyard/Uses cards in the hand as Fusion Materials/Uses cards in the player's Deck as Fusion Materials/Uses cards on the player's field as Fusion Materials$Effect/Continuous-like$
50186558$Guardragon Shield$Unlimited$SPELL$$$$$$$$$Field$$$You can target 1 Dragon monster you control; it gains ATK/DEF equal to the total Link Rating of the Link Monsters currently on the field x 100, until the end of the opponent's turn. You can only use this effect of "Guardragon Shield" once per turn. Once per turn, if exactly 1 Dragon monster you control would be destroyed by battle or card effect, you can send 1 Normal Monster from your hand or Deck to the GY instead.$Dragon/Link Monster/Normal Monster$Link Monster$Sends from your hand to your Graveyard/Sends from your Deck to your Graveyard$Ignition-like/Condition/Continuous-like$
87571563$World Legacy Guardragon$Unlimited$SPELL$$$$$$$$$Continuous$$$When this card is activated: You can target 1 Level 4 or lower Dragon monster in your GY; add it to your hand or Special Summon it. Once per turn: You can target 1 Dragon monster you control; move that monster you control to another of your Main Monster Zones. You can only activate 1 "World Legacy Guardragon" per turn.$Dragon$$Returns from your Graveyard to your hand$Effect/Ignition-like/Condition$
13965201$Ghost Meets Girl - A Shiranui's Story$Unlimited$SPELL$$$$$$$$$Quick-Play$$$If your opponent controls a monster: Discard 1 Zombie monster; Special Summon 1 "Shiranui" monster with a different name from your Deck or GY, also you cannot Special Summon monsters, except Zombie monsters, for the rest of this turn after this card resolves. You can only activate 1 "Ghost Meets Girl - A Shiranui's Story" per turn.$Supports archetypes /Shiranui$$Discards for cost$Activation requirement/Cost/Effect$
40364916$Shiranui Style Solemnity$Unlimited$SPELL$$$$$$$$$Continuous$$$This card's name becomes "Shiranui Style Synthesis" while in the Spell & Trap Zone. Once per turn, you can activate 1 of these effects.●Banish 1 Zombie monster from your GY; the Normal and Special Summons of your Zombie monsters cannot be negated for the rest of this turn (even if this card leaves the field).●Target 1 Zombie monster you control; banish it, then you can send 1 Zombie monster with 0 DEF from your Deck to the GY.$Zombie$$Sends from your Deck to your Graveyard$Continuous-like/Ignition-like$
86758915$Impcantation Inception$Unlimited$SPELL$$$$$$$$$Ritual$$$This card can be used to Ritual Summon any Ritual Monster. You must also Tribute "Impcantation" monsters from your hand or field whose total Levels equal or exceed the Level of the Ritual Monster you Ritual Summon. If this card is in your GY: You can send 1 "Impcantation" card from your hand or face-up field to the GY, except "Impcantation Inception"; Special Summon 1 "Impcantation" monster from your Deck, then add this card from the GY to your hand. You can only use this effect of "Impcantation Inception" once per turn.$Supports archetypes /Impcantation$$Tributes as an effect/Activates from your Graveyard/Sends from hand to Graveyard for cost/Sends from field to Graveyard for cost/Returns itself from Graveyard to hand$Condition/Effect/Ignition-like$
12743620$Uni-Song Tuning$Unlimited$SPELL$$$$$$$$$Quick-Play$$$Target 1 Tuner in either GY and 1 face-up monster on the field; banish that Tuner in the GY, then, until the end of this turn, the Level of the targeted monster on the field becomes the Level of the banished Tuner, also it is treated as a Tuner. You can only activate 1 "Uni-Song Tuning" per turn.$Tuner monster$Tuner monster$$Effect/Condition$
49238328$Pot of Extravagance$Unlimited$SPELL$$$$$$$$$$$$At the start of your Main Phase 1: Banish 3 or 6 random face-down cards from your Extra Deck, face-down; draw 1 card for every 3 cards banished. For the rest of this turn after this card resolves, you cannot draw any cards by card effects.$$$You draw cards$Activation requirement/Cost/Effect$
85636437$Edge of the Ring$Unlimited$SPELL$$$$$$$$$Quick-Play$$$If your LP is lower than your opponent's: Target 1 face-up monster your opponent controls; inflict damage to your opponent equal to half of the original ATK of that monster, also, for the rest of this turn after this card resolves, your opponent takes no damage.$$$$Activation requirement/Effect$
12021072$Child's Play$Unlimited$SPELL$$$$$$$$$Continuous$$$Each time your opponent Summons a monster(s), gain 300 LP. Your monsters cannot be destroyed by battle while you have 10,000 or more LP.$$$$Trigger-like/Continuous-like$
48015771$Summon Over$Unlimited$SPELL$$$$$$$$$Field$$$Each time a monster(s) is Special Summoned, place 1 Summon Counter on this card (max. 6). This card with 6 Summon Counters cannot be destroyed by card effects. At the start of each Main Phase 1, if this card has 6 Summon Counters: The turn player can activate this effect; they send this card to the GY, and if they do, they send all Special Summoned monsters their opponent controls to the GY.$$$Sends itself from field to Graveyard/Sends from your opponent's field to your opponent's Graveyard$Continuous-like/Trigger-like$
74414885$NEXT$Unlimited$TRAP$$$$$$$$$$$$Special Summon any number of monsters with different names from your hand and/or GY, in Defense Position, that are all "Neo-Spacian" monsters or "Elemental HERO Neos", but negate their effects, and as long as you control any of those Special Summoned monsters face-up, you cannot Special Summon monsters from the Extra Deck, except Fusion Monsters. You can only activate 1 "NEXT" per turn. If you control no cards, you can activate this card from your hand.$Supports archetypes /Neo-Spacian$$$Effect/Condition$
11908584$Guardragon Corewakening$Unlimited$TRAP$$$$$$$$$Continuous$$$You can send 1 Effect Monster from your hand to the GY; Special Summon 1 Level 4 or lower Dragon Normal Monster from your hand, Deck, or GY, in Defense Position. You can only use this effect of "Guardragon Corewakening" once per turn.$Effect Monster/Dragon/Normal Monster$$Sends from your hand to your Graveyard for cost$Quick-like/Condition$
47393199$Guardragon Cataclysm$Unlimited$TRAP$$$$$$$$$$$$Tribute 1 Dragon monster, then target 2 cards on the field; destroy them. You can only activate 1 "Guardragon Cataclysm" per turn.$Dragon$$Tributes for cost$Cost/Effect/Condition$
74798297$Shiranui Style Success$Unlimited$TRAP$$$$$$$$$$$$Special Summon 1 Zombie monster from your hand, but banish it when it leaves the field. You can banish this card from your GY, then target 1 Zombie monster you control; that Zombie monster is unaffected by card effects this turn, except its own. You can only use 1 "Shiranui Style Success" effect per turn, and only once that turn.$Zombie$$Activates from your Graveyard$Effect/Quick-like/Condition$
00786906$Fateful Hour$Unlimited$TRAP$$$$$$$$$$$$Target 1 monster that cannot be Normal Summoned/Set in either GY; Special Summon it.$Special Summon Monster$$$Effect$
47171541$Orcustrated Release$Unlimited$TRAP$$$$$$$$$$$$Tribute 2 Machine monsters, then target 1 monster in your GY; Special Summon it. If your opponent controls a Link Monster, you can target 2 monsters, instead. You can only activate 1 "Orcustrated Release" per turn.$Machine$Link Monster$Tributes for cost$Cost/Effect/Condition$
73575650$Subterror Succession$Unlimited$TRAP$$$$$$$$$$$$Activate 1 of these effects, also, after that, Set this card face-down instead of sending it to the GY.●Send 1 monster from your hand or face-up field to the GY, and if you do, add 1 Flip monster from your Deck to your hand with the same Attribute, but a different name, as that monster before it was sent to the GY.●Send 1 Flip monster from your hand or face-up field to the GY, and if you do, add 1 monster from your Deck to your hand with the same Attribute but a lower original Level, as that monster before it was sent to the GY.You can only activate 1 "Subterror Succession" per turn.$Flip monster$$Flips itself face-down/Sends from hand to Graveyard/Sends from your field to your Graveyard/Adds from Deck to hand$Effect/Condition$
09064354$Dark Factory of More Production$Unlimited$TRAP$$$$$$$$$Continuous$$$You can send 1 monster from your hand or field to the GY; draw 1 card. You can only use this effect of "Dark Factory of More Production" once per turn.$$$Sends from hand to Graveyard for cost/Sends from field to Graveyard for cost/You draw cards$Cost/Effect$
36458063$Witch's Strike$Unlimited$TRAP$$$$$$$$$$$$If your opponent negates the Normal or Special Summon of a monster(s), or the activation of a card or effect: Destroy all cards your opponent controls and in their hand.$$$$Activation requirement/Effect$
72453068$Loss Time$Unlimited$TRAP$$$$$$$$$$$$If your opponent's LP is 4000 or higher, your LP become 1000 less than theirs. You can only activate 1 "Loss Time" per turn.$$$$Effect$
29913783$Super Anti-Kaiju War Machine Mecha-Thunder-King$Unlimited$LIGHT$[Machine/Effect]$$$$$9$2200$2100$$$$During the Main Phase (Quick Effect): You can discard this card; banish 1 "Kaiju" monster you control that is owned by your opponent, then, you can Special Summon 1 monster from your GY. You can only control 1 "Kaiju" monster. This card is unaffected by other "Kaiju" cards' effects, also it cannot be destroyed by battle with a "Kaiju" monster. During your End Phase, if this card is in your GY: You can Special Summon this card. You can only use this effect of "Super Anti-Kaiju War Machine Mecha-Thunder-King" once per Duel.$Supports archetypes /Kaiju$Anti-supports archetypes /Kaiju$Activates from your hand/Discards itself for cost/Activates from your Graveyard$Quick/Unclassified/Continuous/Trigger/Condition$
56308388$Time Thief Winder$Unlimited$DARK$[Psychic/Effect]$$$$$4$1800$1300$$$$You can detach 1 material from an Xyz Monster you control; Special Summon this card from your hand. If this card is Normal or Special Summoned: You can add 1 "Time Thief" card from your Deck to your hand, except "Time Thief Winder". You can only use each effect of "Time Thief Winder" once per turn.$Supports archetypes /Time Thief$$Activates from your hand/Detaches Xyz Materials for cost/Activates upon Normal Summon/Activates upon Special Summon/Adds from Deck to hand$Ignition/Trigger/Condition$
82496097$Time Thief Bezel Ship$Unlimited$DARK$[Machine/Effect]$$$$$4$1000$2000$$$$(Quick Effect): You can Tribute this card, then target 1 "Time Thief" Xyz Monster you control; attach 1 card from your opponent's GY to that monster as material. If this card is in the GY: You can detach 1 material from an Xyz Monster you control; Special Summon this card, but banish it when it leaves the field. You can only use each effect of "Time Thief Bezel Ship" once per turn.$Supports archetypes /Time Thief$$Tributes itself for cost/Attaches from your opponnent's Graveyard as Xyz Material/Activates from your Graveyard/Detaches Xyz Materials for cost$Quick/Ignition/Condition$
19891131$Time Thief Regulator$Unlimited$DARK$[Machine/Effect]$$$$$4$600$200$$$$If you control no other monsters: You can Tribute this card; Special Summon 2 "Time Thief" monsters with different names from your Deck in Defense Position, except "Time Thief Regulator". When an Xyz Monster you control is destroyed by battle, while this card is in your GY: You can Special Summon this card, but banish it when it leaves the field. You can only use each effect of "Time Thief Regulator" once per turn.$Supports archetypes /Time Thief$$Tributes itself for cost/Activates if destroyed by battle/Activates from your Graveyard$Ignition/Trigger/Condition$
55285840$Time Thief Redoer$Unlimited$DARK$[Psychic/Xyz/Effect]$$$4$$$2400$2000$$2 Level 4 monsters$$Once per turn, during the Standby Phase: You can attach the top card of your opponent's Deck to this card as material. (Quick Effect): You can detach up to 3 different types of materials from this card, then apply the following effect(s) depending on what was detached.●Monster: Banish this card until the End Phase.●Spell: Draw 1 card.●Trap: Place 1 face-up card your opponent controls on the top of the Deck.You can only use this effect of "Time Thief Redoer" once per turn.$$$Attaches as Xyz Material/Detaches Xyz Materials for effect/Detaches multiple Xyz Materials for effect/You draw cards/Returns from field to Deck$Trigger/Quick/Condition$
81670445$Time Thief Hack$Unlimited$SPELL$$$$$$$$$Continuous$$$During the turn they are Special Summoned, Xyz Monsters you control cannot be destroyed by your opponent's card effects, also your opponent cannot target them with card effects. You can target 1 face-up Xyz Monster you control; it gains 300 ATK for each material currently attached to it, until the end of this turn, and if it does, and also has a material that is owned by your opponent, it can attack directly this turn (even if this card leaves the field). You can only use this effect of "Time Thief Hack" once per turn.$Supports archetypes /Time Thief$$$Continuous-like/Ignition-like/Condition$
18678554$Time Thief Flyback$Unlimited$TRAP$$$$$$$$$$$$Target 1 "Time Thief" Xyz Monster you control; attach 1 "Time Thief" card from your hand or Deck to it as material. You can banish this card from your GY, then target 1 "Time Thief" Xyz Monster you control; attach 1 card from your opponent's GY to it as material. You can only use 1 "Time Thief Flyback" effect per turn, and only once that turn.$Supports archetypes /Time Thief$$Attaches from your hand as Xyz Material/Attaches from your Deck as Xyz Material/Attaches from your opponent's Graveyard as Xyz Material/Activates from your Graveyard$Effect/Quick-like/Condition$
44163252$Valkyrie Sechste$Unlimited$LIGHT$[Fairy/Effect]$$$$$1$0$2000$$$$If this card is Special Summoned: You can Special Summon 1 "Valkyrie" monster from your Deck, except "Valkyrie Sechste". During your Main Phase: You can send the top 2 cards of your opponent's Deck to the GY. You can only use each effect of "Valkyrie Sechste" once per turn.$Supports archetypes /Valkyrie$$Activates upon Special Summon/Sends from the top of your opponent's Deck to your opponent's Graveyard$Trigger/Ignition/Condition$
81558967$Valkyrie Vierte$Unlimited$LIGHT$[Fairy/Effect]$$$$$3$1400$1400$$$$During your Main Phase: You can excavate the top cards of your Deck equal to the number of other "Valkyrie" monsters you control, and if you do, add 1 excavated Normal Spell/Trap to your hand, also send the remaining cards to the GY. Otherwise, shuffle all excavated cards into the Deck. When this card is destroyed by battle and sent to the GY: You can Special Summon 1 "Valkyrie" monster from your Deck. You can only use each effect of "Valkyrie Vierte" once per turn.$Supports archetypes /Valkyrie$$Excavates from the player's Deck/Adds excavated cards to the hand/Sends excavated cards to the Graveyard/Sends from the top of your Deck to your Graveyard/Shuffles excavated cards into the Deck/Activates if destroyed by battle/Activates from your Graveyard$Ignition/Trigger/Condition$
17956906$Final Light$Unlimited$SPELL$$$$$$$$$$$$Pay LP in multiples of 1000, then target 1 "Valkyrie" monster in your GY with a different name for every 1000 LP paid; Special Summon them, then your opponent can Special Summon monsters with 2000 or less ATK from their GY, up to the number of monsters you Special Summoned by this effect. You can only activate 1 "Final Light" per turn.$Supports archetypes /Valkyrie$$$Cost/Effect/Condition$
43341600$Apple of Enlightenment$Unlimited$TRAP$$$$$$$$$$$$Target cards in your opponent's GY, up to the number of "Valkyrie" monsters you control; banish them. If this Set card in its owner's control has left the field because of an opponent's effect, and is now in the GY or banished: You can draw cards equal to the number of "Valkyrie" monsters you control +1.$Supports archetypes /Valkyrie$$Activates when it leaves the field/Activates from your Graveyard/Activates while banished/You draw cards$Effect/Trigger-like$
14505685$Cyberse Converter$Unlimited$LIGHT$[Cyberse/Effect]$$$$$2$1000$1000$$$$If all monsters you control are Cyberse monsters (min. 1), you can Special Summon this card (from your hand). You can only Special Summon "Cyberse Converter" once per turn this way. When this card is Normal Summoned: You can target 1 face-up monster you control; it becomes a Cyberse monster until the end of this turn.$Cyberse$$Activates upon Normal Summon$Unclassified/Condition/Trigger$
15327215$Legendary Secret of the Six Samurai$Unlimited$DARK$[Warrior/Effect]$$$$$4$500$2000$$$$When you Normal or Special Summon a "Secret Six Samurai" monster(s) (except during the Damage Step): You can Special Summon this card from your hand. You can only use this effect of "Legendary Secret of the Six Samurai" once per turn. Once per turn: You can banish 1 Level 4 or lower "Six Samurai" monster from your GY; until the end of this turn, this card's Attribute, Level and ATK/DEF become the same as that banished monster's.$Supports archetypes /Secret Six Samurai/Six Samurai$$Activates from your hand/Activates upon Normal Summon/Activates upon Special Summon$Trigger/Condition/Ignition$
16428514$Subterror Guru$Unlimited$EARTH$[Dragon/Flip/Effect]$$$$$4$1600$1800$$$$FLIP: You can add 1 "Subterror" card from your Deck to your hand, except "Subterror Guru". You can target 1 other face-up monster on the field; change that monster, also this card, to face-down Defense Position. This is a Quick Effect if you control another "Subterror" card. You can only use each effect of "Subterror Guru" once per turn.$Supports archetypes /Subterror$$Activates upon being flipped face-up/Adds from Deck to hand/Changes battle positions/Flips itself face-down/Flips monsters face-down$Flip/Ignition/Condition$
98169343$Trickstar Corobane$Unlimited$LIGHT$[Fairy/Effect]$$$$$5$2000$1000$$$$If you control no monsters, or all monsters you control are "Trickstar" monsters: You can Special Summon this card from your hand. During the Damage Step, when your "Trickstar" monster battles an opponent's monster (Quick Effect): You can send this card from your hand to the GY; that monster you control gains ATK equal to its original ATK until the end of this turn. You can only use 1 "Trickstar Corobane" effect per turn, and only once that turn.$Supports archetypes /Trickstar$$Activates from your hand/Sends itself from hand to Graveyard for cost$Ignition/Quick/Condition$
08820526$Performapal Clay Breaker$Unlimited$EARTH$[Warrior/Effect]$$$$$6$2000$1000$$$$If this Tribute Summoned card battles an opponent's monster, during damage calculation: You can make that opponent's monster lose 500 ATK for each face-up Pendulum Monster currently in your Extra Deck, until the end of this turn. When you Pendulum Summon 2 or more monsters at the same time while this card is in your GY: You can add this card from the GY to your hand. You can only use each effect of "Performapal Clay Breaker" once per turn.$Pendulum Monster$$Activates from your Graveyard/Activates upon Pendulum Summon/Returns itself from Graveyard to hand$Trigger/Condition$
77754169$Super Armored Robot Armed Black Iron "C"$Unlimited$EARTH$[Insect/Effect]$$$$$8$2400$2800$$$$If you have 3 Insect monsters with the same name in your GY: You can target any number of them; Special Summon this card from your hand, then equip them to this card. You can send 1 monster equipped to this card by this card's effect to the GY; destroy all monsters your opponent controls with ATK greater than or equal to the ATK of the monster sent to the GY. You can only use each effect of "Super Armored Robot Armed Black Iron "C"" once per turn.$Insect$$Activates from your hand/Equips monsters from the player's Graveyard to itself/Sends from field to Graveyard for cost$Ignition/Condition$
90020780$Shinobi Necro$Unlimited$DARK$[Zombie/Tuner/Effect]$$$$$2$800$0$$$$If another Zombie monster is Special Summoned from your GY while you control this monster (except during the Damage Step): You can draw 1 card, then discard 1 card. If this card in the GY is banished face-up to activate an effect, or by an effect: You can Special Summon this card, but banish it when it leaves the field. You can only use each effect of "Shinobi Necro" once per turn.$Zombie$$Activates upon Special Summon/You draw cards/You discard/Discards for effect/Activates while banished$Trigger/Condition$
66141736$Red Rising Dragon$Unlimited$DARK$[Dragon/Synchro/Effect]$$$$$6$2100$1600$$1 Fiend Tuner + 1+ non-Tuner monsters$$When this card is Synchro Summoned: You can target 1 "Resonator" monster in your GY; Special Summon it. You cannot Special Summon monsters from the Extra Deck the turn you activate this effect, except DARK Dragon Synchro Monsters. During your Main Phase, except the turn this card was sent to the GY: You can banish this card from your GY, then target 2 Level 1 "Resonator" monsters in your GY; Special Summon both.$Supports archetypes /Resonator$$Activates upon Synchro Summon/Activates from your Graveyard$Trigger/Condition/Ignition$
