Passcode$Name$Status$Attribute$type$link$link_arrows$rank$pendulum_scale$level$attack$defense$spell_attribute$summoning_condition$pendulum_condition$card_text$card_supports$card_anti_supports$card_actions$effect_types$
73779005$Dragoons of Draconia$Unlimited$FIRE$[Beast-Warrior/Pendulum/Normal]$$$$2$4$1800$200$$$Once per turn, if a Normal Monster you control destroys an opponent's monster by battle, after damage calculation: You can add 1 Level 4 or higher Normal Monster from your Deck to your hand.$Armed with muskets and iron spears, these mounted land troops of the Draconia Empire are feared by the Reptier Kingdom and other bordering nations.$Normal Monster$$Adds from Deck to hand$Pendulum Effect /Trigger-like$
33823832$Performapal Fire Mufflerlion$Unlimited$FIRE$[Beast/Pendulum/Effect]$$$$5$3$800$800$$$When a Pendulum Monster you control is destroyed by battle: You can Special Summon this card from your Pendulum Zone.$Once per turn, if a Pendulum Monster you control destroys an opponent's monster by battle, after damage calculation: You can make that monster you control gain 200 ATK until the end of the Battle Phase, and if you do, it can make a second attack in a row.$Pendulum Monster$$$Pendulum Effect /Trigger-like/Monster Effect/Trigger$
69211541$Performapal Partnaga$Unlimited$EARTH$[Reptile/Pendulum/Effect]$$$$3$5$500$2100$$$Once per turn: You can target 1 face-up monster you control; it gains 300 ATK for each "Performapal" card you currently control, until the end of this turn.$If this card is Normal or Special Summoned: You can target 1 monster you control; it gains 300 ATK for each "Performapal" monster you currently control. Level 5 or lower monsters cannot attack.$Supports archetypes /Performapal$$Activates upon Normal Summon/Activates upon Special Summon$Pendulum Effect /Ignition-like/Monster Effect/Trigger/Continuous$
96606246$Performapal Friendonkey$Unlimited$EARTH$[Beast/Effect]$$$$$3$1600$600$$$$When this card is Normal Summoned: You can Special Summon 1 Level 4 or lower "Performapal" monster from your hand or Graveyard.$Supports archetypes /Performapal$$Activates upon Normal Summon$Trigger$
22091345$Performapal Spikeagle$Unlimited$WIND$[Winged Beast/Effect]$$$$$2$900$900$$$$Once per turn: You can target 1 face-up monster you control; if it attacks a Defense Position monster this turn, inflict piercing battle damage to your opponent.$$$$Ignition$
65195959$Performapal Stamp Turtle$Unlimited$WATER$[Aqua/Effect]$$$$$4$100$1800$$$$Once per turn: You can target up to 2 face-up monsters on the field; increase their Levels by 1.$$$$Ignition$
91584698$Performapal Trump Witch$Unlimited$DARK$[Spellcaster/Pendulum/Effect]$$$$4$1$100$100$$$Once per turn: You can Fusion Summon 1 Fusion Monster from your Extra Deck, using monsters you control as Fusion Materials.$You can Tribute this card; add 1 "Polymerization" from your Deck or Graveyard to your hand.$Fusion Monster/Polymerization$$Tributes itself for cost/Adds from Deck to hand/Adds from Graveyard to hand/Uses cards on the player's field as Fusion Materials$Pendulum Effect /Ignition-like/Monster Effect/Ignition$
27978707$Superheavy Samurai Flutist$Unlimited$EARTH$[Machine/Effect]$$$$$3$500$1000$$$$You can Tribute this card; Special Summon 1 "Superheavy Samurai" monster from your hand. During either player's turn, when a card or effect is activated that targets a "Superheavy Samurai" monster you control: You can banish this card from your Graveyard; negate the activation, and if you do, destroy that card. You can only use each effect of "Superheavy Samurai Flutist" once per turn.$Supports archetypes /Superheavy Samurai$$Tributes itself for cost/Activates from your Graveyard$Ignition/Quick/Condition$
64373401$Superheavy Samurai Trumpeter$Unlimited$EARTH$[Machine/Tuner/Effect]$$$$$2$300$600$$$$If you have no Spell/Trap Cards in your Graveyard, you can Special Summon this card (from your hand). After this card was Special Summoned this way, you cannot Special Summon monsters for the rest of this turn, except "Superheavy Samurai" monsters. If this card is Tributed for the Tribute Summon of a "Superheavy Samurai" monster and sent to the Graveyard, and you have no Spell/Trap Cards in your Graveyard: You can Special Summon this card.$Supports archetypes /Superheavy Samurai$$Activates from your Graveyard$Summon/Unclassified/Trigger$
90361010$Superheavy Samurai Soulpiercer$Unlimited$EARTH$[Machine/Effect]$$$$$4$1200$0$$$$You can target 1 "Superheavy Samurai" monster you control; equip this monster from your hand or your side of the field to that target. If it attacks a Defense Position monster, inflict piercing battle damage to your opponent. If this card is sent from the field to the Graveyard: You can add 1 "Superheavy Samurai" monster from your Deck to your hand, except "Superheavy Samurai Soulpiercer".$Supports archetypes /Superheavy Samurai$$Activates from your hand/Equips self from hand/Equips self from field/Activates from your Graveyard/Adds from Deck to hand$Ignition/Continuous-like/Trigger$
27756115$Superheavy Samurai Soulbeads$Unlimited$EARTH$[Machine/Effect]$$$$$1$0$0$$$$You can target 1 "Superheavy Samurai" monster you control; equip this monster from your hand or your side of the field to that target. Each turn, the first time the monster equipped with this card by this effect would be destroyed by a card effect, it is not destroyed. When a Defense Position monster is destroyed by battle and sent to your Graveyard: You can send this card from your hand to the Graveyard; Special Summon that monster in Attack Position.$Supports archetypes /Superheavy Samurai$$Activates from your hand/Equips self from hand/Equips self from field/Activates if destroyed by battle/Sends itself from hand to Graveyard for cost$Ignition/Continuous-like/Trigger$
53251824$Raidraptor - Vanishing Lanius$Unlimited$DARK$[Winged Beast/Effect]$$$$$4$1300$1600$$$$Once per turn, during your Main Phase, if this card was Normal or Special Summoned this turn: You can Special Summon 1 Level 4 or lower "Raidraptor" monster from your hand.$Supports archetypes /Raidraptor$$$Ignition$
99645428$Gem-Knight Lapis$Unlimited$EARTH$[Rock/Normal]$$$$$3$1200$100$$$$The best of friends with Lazuli, this soldier deeply cares about the well-being of her friends.$$$$$
26034577$Infernoid Antra$Unlimited$FIRE$[Fiend/Effect]$$$$$2$0$2000$$$$Cannot be Normal Summoned/Set. Must be Special Summoned (from your hand) by banishing 1 "Infernoid" monster from your hand or Graveyard while the total Levels and Ranks of all Effect Monsters you control are 8 or lower, and cannot be Special Summoned by other ways. Once per turn: You can target 1 face-up card your opponent controls; return it to the hand. Once per turn, during your opponent's turn: You can Tribute 1 monster, then target 1 card in your opponent's Graveyard; banish it (this is a Quick Effect).$Supports archetypes /Infernoid$$Returns from field to hand/Tributes for cost$Summon/Ignition/Quick$
52038272$Infernoid Harmadik$Unlimited$FIRE$[Fiend/Effect]$$$$$3$1600$0$$$$Cannot be Normal Summoned/Set. Must be Special Summoned (from your hand) by banishing 1 "Infernoid" monster from your hand or Graveyard while the total Levels and Ranks of all Effect Monsters you control are 8 or lower, and cannot be Special Summoned by other ways. Once per turn: You can target 1 monster on the field; destroy it. This card cannot attack the turn you activate this effect. Once per turn, during your opponent's turn: You can Tribute 1 monster, then target 1 card in your opponent's Graveyard; banish it (this is a Quick Effect).$Supports archetypes /Infernoid$$Tributes for cost$Summon/Ignition/Quick$
89423971$Infernoid Patrulea$Unlimited$FIRE$[Fiend/Effect]$$$$$4$1800$0$$$$Cannot be Normal Summoned/Set. Must be Special Summoned (from your hand) by banishing 1 "Infernoid" monster from your hand or Graveyard while the total Levels and Ranks of all Effect Monsters you control are 8 or lower, and cannot be Special Summoned by other ways. Once per turn: You can target 1 Spell/Trap Card on the field; destroy it. This card cannot attack the turn you activate this effect. Once per turn, during your opponent's turn: You can Tribute 1 monster, then target 1 card in your opponent's Graveyard; banish it (this is a Quick Effect).$Supports archetypes /Infernoid$$Tributes for cost$Summon/Ignition/Quick$
25811989$Infernoid Piaty$Unlimited$FIRE$[Fiend/Effect]$$$$$5$2200$0$$$$Cannot be Normal Summoned/Set. Must be Special Summoned (from your hand or Graveyard) by banishing 2 "Infernoid" monsters from your hand or Graveyard while the total Levels and Ranks of all Effect Monsters you control are 8 or lower, and cannot be Special Summoned by other ways. When this card inflicts battle damage to your opponent by attacking an opponent's monster: You can send 1 random card from your opponent's hand to the Graveyard. Once per turn, during either player's turn: You can Tribute 1 monster, then target 1 card in your opponent's Graveyard; banish it.$Supports archetypes /Infernoid$$Sends from your opponent's hand to your opponent's Graveyard/Tributes for cost$Summon/Trigger/Quick$
51316684$Infernoid Seitsemas$Unlimited$FIRE$[Fiend/Effect]$$$$$7$2600$0$$$$Cannot be Normal Summoned/Set. Must be Special Summoned (from your hand or Graveyard) by banishing 2 "Infernoid" monsters from your hand or Graveyard while the total Levels and Ranks of all Effect Monsters you control are 8 or lower, and cannot be Special Summoned by other ways. If this card attacks an opponent's monster, this effect can be activated at the end of the Battle Phase: Banish 1 card on the field. Once per turn, during either player's turn: You can Tribute 1 monster, then target 1 card in your opponent's Graveyard; banish it.$Supports archetypes /Infernoid$$Tributes for cost$Summon/Trigger/Quick$
88301393$Infernoid Attondel$Unlimited$FIRE$[Fiend/Effect]$$$$$8$2800$0$$$$Cannot be Normal Summoned/Set. Must be Special Summoned (from your hand or Graveyard) by banishing 2 "Infernoid" monsters from your hand or Graveyard while the total Levels and Ranks of all Effect Monsters you control are 8 or lower, and cannot be Special Summoned by other ways. When this card destroys an opponent's monster by battle and sends it to the Graveyard: You can activate this effect; this card can make a second attack in a row. Once per turn, during either player's turn: You can Tribute 1 monster, then target 1 card in your opponent's Graveyard; banish it.$Supports archetypes /Infernoid$$Tributes for cost$Summon/Trigger/Quick$
14799437$Infernoid Onuncu$Unlimited$FIRE$[Fiend/Effect]$$$$$10$3000$3000$$$$Cannot be Normal Summoned/Set. Must be Special Summoned (from your hand or Graveyard) by banishing 3 "Infernoid" monsters from your hand or Graveyard while the total Levels and Ranks of all Effect Monsters you control are 8 or lower, and cannot be Special Summoned by other ways. When this card is Special Summoned: You can destroy all other monsters on the field. Once per turn, during either player's turn, when a Spell/Trap Card or effect is activated: You can Tribute 1 monster; negate the activation, and if you do, banish that card.$Supports archetypes /Infernoid$$Activates upon Special Summon/Tributes for cost$Summon/Trigger/Quick$
51194046$Qliphort Monolith$Unlimited$EARTH$[Machine/Pendulum/Normal]$$$$1$5$2400$1000$$$You cannot Special Summon monsters, except "Qli" monsters. This effect cannot be negated. Once per turn, during the End Phase, if you Tribute Summoned this turn: You can draw a number of cards equal to the number of "Qli" monsters you Tributed for Tribute Summons this turn.$Unhandled exception at 0x1i-666 in qliphort.exe: Access violation writing location 0x00-000Continue, ignoring this error? ＜Y／N＞...[ ]Xlmgzxg drgs gsv Hzxivw Givv rh uliyrwwvm. Gsv hxlfitv szh yvvm fmovzhsvw.$Supports archetypes /Qli$$Effect that cannot be negated/You draw cards$Pendulum Effect /Continuous-like/Condition/Trigger-like$
87588741$Qliphort Cephalopod$Unlimited$EARTH$[Machine/Pendulum/Effect]$$$$9$7$2800$1000$$$You cannot Special Summon monsters, except "Qli" monsters. This effect cannot be negated. All monsters your opponent controls lose 300 ATK.$You can Normal Summon this card without Tributing. If this card is Normal Summoned without Tributing, or is Special Summoned, its Level becomes 4 and its original ATK becomes 1800. If this card is Normal Summoned/Set, it is unaffected by activated effects from any monster whose original Level/Rank is lower than this card's current Level. When this card is Tribute Summoned by Tributing a "Qli" monster(s): You can activate this effect; if your opponent has more monsters in their Graveyard than you do, you gain LP equal to the difference x 300, and if you do, inflict the same amount of damage to your opponent.$Supports archetypes /Qli$$Effect that cannot be negated/Activates upon Tribute Summon$Pendulum Effect /Continuous-like/Condition/Monster Effect/Summon/Unclassified/Continuous/Trigger$
13073850$Qliphort Stealth$Unlimited$EARTH$[Machine/Pendulum/Effect]$$$$1$8$2800$1000$$$You cannot Special Summon monsters, except "Qli" monsters. This effect cannot be negated. All "Qli" monsters you control gain 300 ATK.$You can Normal Summon this card without Tributing. If this card is Normal Summoned without Tributing, or is Special Summoned, its Level becomes 4 and its original ATK becomes 1800. If this card is Normal Summoned/Set, it is unaffected by activated effects from any monster whose original Level/Rank is lower than this card's current Level. When this card is Tribute Summoned by Tributing a "Qli" monster(s): You can target 1 card on the field; return it to the hand. Your opponent cannot activate cards or effects in response to this effect's activation.$Supports archetypes /Qli$$Effect that cannot be negated/Activates upon Tribute Summon/Returns from field to hand$Pendulum Effect /Continuous-like/Condition/Monster Effect/Summon/Unclassified/Continuous/Trigger$
40061558$Apoqliphort Skybase$Unlimited$EARTH$[Machine/Effect]$$$$$9$2900$2500$$$$Cannot be Special Summoned. Requires 3 "Qli" Tributes to Normal Summon/Set. If this card is Normal Summoned/Set, it is unaffected by Spell/Trap effects and by activated effects from any monster whose original Level/Rank is lower than this card's current Level. Once per turn: You can target 1 monster your opponent controls; take control of it until the End Phase.$Supports archetypes /Qli$$Changes control$Summon/Continuous/Ignition$
86466163$Satellarknight Capella$Unlimited$LIGHT$[Warrior/Effect]$$$$$4$1100$2000$$$$If this card is Summoned: You can apply the effect below for the rest of this turn. You can only use this effect of "Satellarknight Capella" once per turn (but if it resolves, you can apply the effect multiple times).●You can treat Level 4 or lower "tellarknight" monsters you control as Level 5 when Xyz Summoning using 3 or more monsters as Xyz Materials.$Supports archetypes /tellarknight$$Activates upon Normal Summon/Activates upon Flip Summon/Activates upon Special Summon$Trigger/Condition$
13851202$Satellarknight Rigel$Unlimited$LIGHT$[Warrior/Effect]$$$$$4$1900$700$$$$If this card is Summoned: You can target 1 "tellarknight" monster on the field; it gains 500 ATK, but send it to the Graveyard during the End Phase. You can only use this effect of "Satellarknight Rigel" once per turn.$Supports archetypes /tellarknight$$Activates upon Normal Summon/Activates upon Flip Summon/Activates upon Special Summon/Sends from your field to your Graveyard$Trigger/Condition$
49249907$Yosenju Magat$Unlimited$WIND$[Beast/Effect]$$$$$6$2000$100$$$$If this card is Normal Summoned: You can Special Summon 1 "Yosenju" monster from your Deck, except "Yosenju Magat". During the End Phase, if this card was Special Summoned this turn: Return it to the hand.$Supports archetypes /Yosenju$$Activates upon Normal Summon/Returns itself from field to hand$Trigger$
25244515$Yosenju Tsujik$Unlimited$WIND$[Beast-Warrior/Effect]$$$$$4$1000$0$$$$During the End Phase, if this card was Normal Summoned this turn: Return it to the hand. You can only use each of these effects of "Yosenju Tsujik" once per turn.●During either player's Damage Step, when a "Yosenju" monster you control battles an opponent's monster: You can discard this card; that monster you control gains 1000 ATK until the end of this turn.●You can target 1 "Yosenju" monster on the field; it gains 1000 ATK until the end of this turn.$Supports archetypes /Yosenju$$Returns itself from field to hand/Discards itself for cost$Trigger/Condition/Quick/Ignition$
52738610$Dance Princess of the Nekroz$Unlimited$WATER$[Spellcaster/Effect]$$$$$4$1600$800$$$$Your opponent cannot activate cards or effects in response to the activation of a "Nekroz" Ritual Spell Card. "Nekroz" Ritual Monsters you control cannot be targeted by an opponent's card effects. If this card is Tributed by a card effect: You can target 1 of your banished "Necroz" monsters, except "Dance Princess of the Nekroz"; add it to your hand. You can only use this effect of "Dance Princess of the Nekroz" once per turn.$Supports archetypes /Nekroz$$Activates from your Graveyard/Adds banished cards to the hand$Continuous/Trigger/Condition$
88123329$Spiritual Beast Rampengu$Unlimited$WIND$[Beast/Effect]$$$$$4$1600$400$$$$Once per turn: You can banish 1 "Ritual Beast" monster from your Extra Deck and send 1 "Ritual Beast" monster with the same Type as that monster from your Deck to the Graveyard. You can only Special Summon "Spiritual Beast Rampengu(s)" once per turn.$Supports archetypes /Ritual Beast$$Sends from your Deck to your Graveyard$Ignition/Condition$
15521027$Morphtronic Smartfon$Unlimited$EARTH$[Machine/Tuner/Effect]$$$$$1$100$100$$$$Cannot be Normal Summoned/Set. Must first be Special Summoned (from your hand) by banishing 1 "Morphtronic" monster from your Graveyard.●While in Attack Position: Once per turn: You can roll a six-sided die, excavate that many cards from the top of your Deck, add 1 excavated "Morphtronic" card to your hand, also shuffle the rest back into the Deck.●While in Defense Position: Once per turn: You can roll a six-sided die, look at that many cards from the top of your Deck, then place all of them on either the top or the bottom of the Deck, but in any order.$Supports archetypes /Morphtronic$$Excavates from the player's Deck/Adds excavated cards to the hand/Adds from Deck to hand/Shuffles excavated cards into the Deck/Looks at cards from the top of your Deck/Changes your Deck order/Places cards from the Deck on the top of the Deck/Places cards from the Deck on the bottom of the Deck$Summon/Ignition$
51916032$Jinzo - Jector$Unlimited$DARK$[Machine/Effect]$$$$$4$800$2000$$$$This card's name becomes "Jinzo" while on the field or in the GY. You can Tribute this card; add 1 "Jinzo" monster from your Deck to your hand, except "Jinzo - Jector", then reveal all Set cards in your opponent's Spell & Trap Zones, and if there are Traps among them, you can Special Summon "Jinzo" monsters from your hand, up to the number of Traps revealed. You can only use this effect of "Jinzo - Jector" once per turn.$Supports archetypes /Jinzo $$Tributes itself for cost/Adds from Deck to hand/Reveals face-down cards$Unclassified/Ignition/Condition$
88901771$Skilled Blue Magician$Unlimited$LIGHT$[Spellcaster/Effect]$$$$$4$1800$1800$$$$Each time a Spell Card is activated, place 1 Spell Counter on this card when that Spell resolves (max. 3). You can Tribute this card with 3 Spell Counters on it; Special Summon 1 "Gaia The Fierce Knight" monster from your hand, Deck, or GY. You can banish this card from your GY, then target 1 card you control that you can place a Spell Counter on; place 1 Spell Counter on it.$Supports archetypes /Gaia The Fierce Knight $Spell Card$Activates from your Graveyard/Tributes itself for cost$Continuous/Ignition$
14309486$Koa'ki Meiru Overload$Unlimited$EARTH$[Rock/Effect]$$$$$4$1900$1200$$$$During each of your End Phases, destroy this card unless you send 1 "Iron Core of Koa'ki Meiru" from your hand to the GY or reveal 1 Rock monster in your hand. When your opponent would Summon a monster(s) (Quick Effect): You can Tribute this card; negate the Summon, and if you do, destroy that monster(s).$Rock/Iron Core of Koa'ki Meiru$$Sends from hand to Graveyard for cost/Reveals your hand for cost/Tributes itself for cost$Maintenance cost/Quick$
40894584$Jigabyte$Unlimited$WATER$[Reptile/Effect]$$$$$4$1500$200$$$$You can only control 1 "Jigabyte". If you control a Spellcaster monster, you can Special Summon this card (from your hand). When this card is destroyed by battle or card effect and sent to the GY: You can Special Summon 1 monster with 1500 ATK/200 DEF from your Deck, except "Jigabyte".$Spellcaster$$Activates from your hand/Activates if destroyed by battle/Activates if destroyed by card effect/Activates from your Graveyard$Unclassified/Summon/Trigger$
87288189$Caius the Mega Monarch$Unlimited$DARK$[Fiend/Effect]$$$$$8$2800$1000$$$$You can Tribute Summon this card by Tributing 1 Tribute Summoned monster. If this card is Tribute Summoned: Target 1 card on the field; banish it, and if you do, inflict 1000 damage to your opponent, then, if it is a DARK Monster Card, banish all cards with that name from the hand, Main Deck, Extra Deck, and GY of the player who controlled it. If this card was Tribute Summoned by Tributing a DARK monster, add this additional effect.●You can target 2 cards, instead.$DARK$DARK$Activates upon Tribute Summon$Summon/Trigger/Condition$
13683298$Thunderclap Skywolf$Unlimited$LIGHT$[Thunder/Effect]$$$$$7$2500$2000$$$$If this card is Special Summoned from the Graveyard: You can destroy all face-up monsters your opponent controls. You cannot conduct your Battle Phase the turn you activate this effect.$$$Cannot conduct Battle Phase$Trigger/Condition$
40672993$Lightning Rod Lord$Unlimited$LIGHT$[Thunder/Effect]$$$$$4$1800$100$$$$Neither player can activate Spell Cards during Main Phase 1.$$$$Continuous$
76066541$Dragon Dowser$Unlimited$EARTH$[Wyrm/Effect]$$$$$4$1500$1500$$$$When this card is destroyed by battle and sent to the Graveyard, or when this card you control is destroyed by an opponent's card effect and sent to your Graveyard: You can Special Summon 1 EARTH Pendulum Monster from your Deck in Defense Position, but destroy it during the End Phase. You can only use this effect of "Dragon Dowser" once per turn.$EARTH/Pendulum Monster$$Activates from your Graveyard$Trigger/Condition$
12451640$Frontline Observer$Unlimited$EARTH$[Machine/Effect]$$$$$4$1000$1500$$$$During the End Phase, if this card was Normal Summoned this turn: You can add 1 EARTH Pendulum Monster from your Deck to your hand. If this card was Normal Summoned, during the End Phase of the Summoning player's next turn: You can Tribute this card; add 1 EARTH monster from your Deck to your hand.$EARTH/Pendulum Monster$$Adds from Deck to hand/Tributes itself for cost$Trigger$
49959355$Uni-Zombie$Unlimited$DARK$[Zombie/Tuner/Effect]$$$$$3$1300$0$$$$You can target 1 face-up monster on the field; discard 1 card, and if you do, increase that target's Level by 1. You can target 1 face-up monster on the field; monsters you control cannot attack for the rest of this turn, except Zombie monsters, also send 1 Zombie monster from your Deck to the GY, and if you do, increase that target's Level by 1. You can only use each effect of "Uni-Zombie" once per turn.$Zombie$$Discards for effect/Sends from your Deck to your Graveyard$Ignition/Condition$
75944053$Deskbot 003$Unlimited$EARTH$[Machine/Effect]$$$$$3$500$500$$$$When this card is Normal Summoned: You can Special Summon 1 "Deskbot" monster from your Deck, except "Deskbot 003". Once per turn (Quick Effect): You can target 1 "Deskbot" monster you control; it gains 500 ATK/DEF for each "Deskbot" card you currently control, until the end of this turn.$Supports archetypes /Deskbot$$Activates upon Normal Summon$Trigger/Quick$
12338068$Legendary Maju Garzett$Unlimited$DARK$[Fiend/Effect]$$$$$8$0$0$$$$Cannot be Normal Summoned/Set. Must be Special Summoned (from your hand) by Tributing all monsters you control. This card's ATK becomes the combined original ATK of the Tributed monsters. If this card attacks a Defense Position monster, inflict piercing battle damage.$$$Tributes for cost$Summon/Continuous$
48737767$Marmiting Captain$Unlimited$EARTH$[Warrior/Effect]$$$$$3$1200$400$$$$When this card is Normal Summoned: You can shuffle 1 card from your hand into the Deck, then draw 1 card, then you can Special Summon it if it is a monster.$$$Activates upon Normal Summon/Returns from hand to Deck/You draw cards$Trigger$
74122412$Nekroz of Gungnir$Unlimited$WATER$[Spellcaster/Ritual/Effect]$$$$$7$2500$1700$$$$You can Ritual Summon this card with any "Nekroz" Ritual Spell. Must be Ritual Summoned, without using any Level 7 monsters. You can only use each of these effects of "Nekroz of Gungnir" once per turn.●(Quick Effect): You can discard this card, then target 1 "Nekroz" monster you control; it cannot be destroyed by battle or card effects this turn.●(Quick Effect): You can discard 1 "Nekroz" card, then target 1 card on the field; destroy it.$Supports archetypes /Nekroz$$Discards itself for cost/Discards for cost$Summon/Condition/Quick$
01516510$Rune-Eyes Pendulum Dragon$Unlimited$DARK$[Dragon/Fusion/Effect]$$$$$8$3000$2000$$"Odd-Eyes Pendulum Dragon" + 1 Spellcaster-Type monster$$If this card was Fusion Summoned using a Pendulum Summoned monster(s) on the field as Fusion Material, it is unaffected by your opponent's card effects this turn. Apply the appropriate effect, depending on the original Level of the monster used as Fusion Material that was not "Odd-Eyes Pendulum Dragon".●Level 4 or lower: This card can make up to 2 attacks on monsters during each Battle Phase.●Level 5 or higher: This card can make up to 3 attacks on monsters during each Battle Phase.$Spellcaster/Odd-Eyes Pendulum Dragon$$$Unclassified/Continuous$
47611119$Gem-Knight Lady Lapis Lazuli$Unlimited$EARTH$[Rock/Fusion/Effect]$$$$$5$2400$1000$$"Gem-Knight Lapis" + 1 "Gem-Knight" monster$$Must first be Fusion Summoned with the above Fusion Materials. You can only Special Summon "Gem-Knight Lady Lapis Lazuli(s)" once per turn. Once per turn: You can send 1 "Gem-Knight" monster from your Main Deck or Extra Deck to the Graveyard, and if you do, inflict 500 damage to your opponent for each Special Summoned monster on the field.$Supports archetypes /Gem-Knight$$Sends from your Deck to your Graveyard/Sends from Extra Deck to Graveyard$Summon/Condition/Ignition$
74009824$El Shaddoll Wendigo$Unlimited$WIND$[Psychic/Fusion/Effect]$$$$$6$200$2800$$1 "Shaddoll" monster + 1 WIND monster$$Must first be Fusion Summoned. (Quick Effect): You can target 1 monster you control; this turn, it cannot be destroyed by battle with an opponent's Special Summoned monster. You can only use this effect of "El Shaddoll Wendigo" once per turn. If this card is sent to the GY: You can target 1 "Shaddoll" Spell/Trap in your GY; add it to your hand.$Supports archetypes /Shaddoll$$Activates from your Graveyard/Adds from Graveyard to hand$Summon/Quick/Condition/Trigger$
00494922$Superheavy Samurai Warlord Susanowo$Unlimited$EARTH$[Machine/Synchro/Effect]$$$$$10$2400$3800$$1 Machine-Type Tuner + 1 or more non-Tuner "Superheavy Samurai" monsters$$This card can attack while in face-up Defense Position. If it does, apply its DEF for damage calculation. Once per turn, during either player's turn, if you have no Spell/Trap Cards in your Graveyard: You can target 1 Spell/Trap Card in your opponent's Graveyard; Set it to your side of the field, but banish it when it leaves the field.$Supports archetypes /Superheavy Samurai$$Sets from your opponent's Graveyard$Continuous/Quick$
36898537$Metaphys Horus$Unlimited$LIGHT$[Wyrm/Synchro/Effect]$$$$$6$2300$1600$$1 Tuner + 1+ non-Tuner monsters$$If this card is Synchro Summoned: You can activate the appropriate effect(s), depending on the non-Tuner monster(s) used as Synchro Material;●Normal Monster: This face-up card is unaffected by other card effects this turn.●Effect Monster: You can target 1 other face-up card on the field; negate that target's effects.●Pendulum Monster: Your opponent chooses 1 monster they control and gives control of it to you, but it cannot attack this turn.$Normal Monster/Effect Monster/Pendulum Monster$$Activates upon Synchro Summon/Changes control$Trigger$
73887236$Raidraptor - Rise Falcon$Unlimited$DARK$[Winged Beast/Xyz/Effect]$$$4$$$100$2000$$3 Level 4 Winged Beast-Type monsters$$This card can attack all Special Summoned monsters your opponent controls, once each. Once per turn: You can detach 1 Xyz Material from this card, then target 1 face-up Special Summoned monster your opponent controls; this card gains ATK equal to that monster's current ATK.$Winged Beast$Special Summon$$Continuous/Ignition$
09272381$Stellarknight Constellar Diamond$Unlimited$LIGHT$[Wyrm/Xyz/Effect]$$$5$$$2700$2000$$3 or more Level 5 LIGHT monsters$$During your Main Phase 2, you can also Xyz Summon this card by using a "tellarknight" Xyz Monster you control as the Xyz Material, except "Stellarknight Constellar Diamond". (Xyz Materials attached to that monster also become Xyz Materials on this card.) While this card has Xyz Material, neither player can send cards from the Deck to the Graveyard, and any card that returns from the Graveyard to the hand is banished instead. During either player's turn, when an opponent's DARK monster activates its effect: You can detach 1 Xyz Material from this card; negate that activation, and if you do, destroy it.$Supports archetypes /tellarknight$DARK$Transfers/Applies effects if Xyz Material is attached$Summon/Continuous/Quick$
36776089$Sky Cavalry Centaurea$Unlimited$LIGHT$[Beast-Warrior/Xyz/Effect]$$$2$$$2000$0$$2 Level 2 monsters$$Cannot be destroyed by battle while it has material. At the end of the Damage Step, if this card battled an opponent's monster: You can detach 1 material from this card; return that opponent's monster to the hand.$$$Applies effects if Xyz Material is attached/Returns from field to hand$Continuous/Trigger$
62161698$Illusion Balloons$Unlimited$SPELL$$$$$$$$$Quick-Play$$$If a monster(s) was destroyed during this turn, while you controlled it: Excavate the top 5 cards of your Deck, then you can Special Summon 1 excavated "Performapal" monster, also shuffle the rest back into your Deck.$Supports archetypes /Performapal$$Excavates from the player's Deck/Shuffles excavated cards into the Deck$Activation requirement/Effect$
08559793$Raidraptor - Nest$Unlimited$SPELL$$$$$$$$$Continuous$$$If you control 2 or more "Raidraptor" monsters: You can add 1 "Raidraptor" monster from your Deck or GY to your hand. You can only use this effect of "Raidraptor - Nest" once per turn.$Supports archetypes /Raidraptor$$Adds from Deck to hand/Adds from Graveyard to hand$Ignition-like/Condition$
35544402$Constellar Twinkle$Unlimited$SPELL$$$$$$$$$$$$Target 1 "Constellar" monster you control; increase its Level by 1 or 2. If this card is in the Graveyard: You can banish 1 "Constellar" monster from your Graveyard; add this card from the Graveyard to your hand. You can only use this effect of "Constellar Twinkle" once per turn.$Supports archetypes /Constellar$$Activates from your Graveyard/Returns itself from Graveyard to hand$Effect/Ignition-like/Condition$
61948106$Gottoms' Second Call$Unlimited$SPELL$$$$$$$$$$$$If you control an "X-Saber" Synchro Monster: You can target 2 "X-Saber" monsters in your Graveyard; Special Summon both targets, ignoring their Summoning conditions, but change their ATK to 0, also destroy them during the End Phase of this turn. You can only activate 1 "Gottoms' Second Call" per turn. You cannot conduct your Battle Phase the turn you activate this card.$Supports archetypes /X-Saber$$Cannot conduct Battle Phase$Activation requirement/Effect/Condition$
08437145$Void Seer$Unlimited$SPELL$$$$$$$$$Quick-Play$$$Target 1 "Infernoid" monster you control; that target is unaffected by the opponent's card effects this turn. If an "Infernoid" monster(s) you control would be destroyed by a card effect, you can banish this card from your Graveyard instead of destroying 1 of those monsters.$Supports archetypes /Infernoid$$$Effect/Unclassified$
34822850$Void Expansion$Unlimited$SPELL$$$$$$$$$Field$$$During your Standby Phase: You can Special Summon 1 "Infernoid Token" (Fiend-Type/FIRE/Level 1/ATK 0/DEF 0). To Special Summon an "Infernoid" monster using its own procedure, you can banish "Infernoid" monster(s) you control instead of those in the Graveyard (or any combination of both). Your opponent cannot target "Infernoid" monsters you control for attacks or with card effects, except the "Infernoid" monster you control with the highest Level (either, if tied).$Supports archetypes /Infernoid$$$Trigger-like/Continuous-like$
60226558$Nephe Shaddoll Fusion$Unlimited$SPELL$$$$$$$$$Equip$$$Activate this card by declaring 1 Attribute. Equip only to a "Shaddoll" monster, and it becomes that Attribute. During your Main Phase: You can Fusion Summon 1 "Shaddoll" Fusion Monster from your Extra Deck, using monsters from your hand or field as Fusion Material, including the equipped monster. You can only use this effect of "Nephe Shaddoll Fusion" once per turn.$Supports archetypes /Shaddoll$$Declares an Attribute/Equips self from field/Sends from your hand to your Graveyard/Sends from your field to your Graveyard/Uses cards in the hand as Fusion Materials/Uses cards on the player's field as Fusion Materials$Condition/Continuous-like/Ignition-like$
97211663$Nekroz Cycle$Unlimited$SPELL$$$$$$$$$Ritual$$$This card can be used to Ritual Summon any "Nekroz" Ritual Monster. Tribute monsters from your hand or field, then Ritual Summon 1 "Nekroz" Ritual Monster from your hand or GY whose Level exactly equals the total Levels of those monsters. You can only use this effect of "Nekroz Cycle" once per turn. If you control no monsters: You can banish this card and 1 "Nekroz" monster from your GY; add 1 "Nekroz" Spell from your Deck to your hand.$Supports archetypes /Nekroz$$Tributes as an effect/Activates from your Graveyard/Adds from Deck to hand$Effect/Condition/Ignition-like$
33609262$Tenacity of the Monarchs$Unlimited$SPELL$$$$$$$$$$$$Reveal 1 monster in your hand with 2400 ATK & 1000 DEF, or 2800 ATK & 1000 DEF; add 1 "Monarch" Spell/Trap Card from your Deck to your hand, except "Tenacity of the Monarchs". You can only activate 1 "Tenacity of the Monarchs" per turn.$Supports archetypes /Monarch $$Reveals your hand for cost/Adds from Deck to hand$Effect/Condition$
60004971$Dragunity Divine Lance$Unlimited$SPELL$$$$$$$$$Equip$$$Equip only to a "Dragunity" monster. It gains ATK equal to its Level x 100, also it is unaffected by Trap effects. During your Main Phase: You can equip 1 Dragon-Type "Dragunity" Tuner monster from your Deck to the monster equipped with this card. You can only use this effect of "Dragunity Divine Lance" once per turn.$Supports archetypes /Dragunity$$Places cards from Deck in Spell & Trap Zone$Condition/Continuous-like/Ignition-like$
96598015$Pot of Riches$Unlimited$SPELL$$$$$$$$$$$$Shuffle 3 Pendulum Monsters into the Deck, from your GY and/or face-up from your Extra Deck, then draw 2 cards. You can only activate 1 "Pot of Riches" per turn. You cannot Special Summon the turn you activate this card, except by Pendulum Summon.$Pendulum Monster$$Returns from your Graveyard to your Deck/Returns from your Extra Deck to your Main Deck/You draw cards$Effect/Condition$
23587624$A Wild Monster Appears!$Unlimited$SPELL$$$$$$$$$$$$If only your opponent controls a monster: Special Summon from your hand, 1 monster with an original Level of 10 or lower that cannot be Normal Summoned/Set, ignoring its Summoning conditions. It is unaffected by the effects of your cards, except for its own effects and this card's, also shuffle it into the Deck during your opponent's next End Phase. For the rest of this turn, you cannot Normal Summon/Set or Special Summon monsters, and your opponent takes no damage.$$$Returns from field to Deck$Activation requirement/Effect/Condition$
69982329$Pendulum Shift$Unlimited$SPELL$$$$$$$$$Quick-Play$$$Target 1 card in either player's Pendulum Zone and declare a Pendulum Scale from 1 to 10; this turn, that card becomes that Pendulum Scale.$$$$Effect$
95376428$Extra Net$Unlimited$SPELL$$$$$$$$$Field$$$If a monster(s) is Special Summoned from the Extra Deck: The opponent of the player that conducted the Special Summon can apply this effect.●Draw 1 card.$$$You draw cards/Your opponent draws cards$Trigger-like$
22765132$Performapal Call$Unlimited$TRAP$$$$$$$$$$$$When an opponent's monster declares a direct attack: Target that attacking monster; negate the attack, and if you do, add up to 2 "Performapal" monsters from your Deck to your hand, whose total DEF is less than or equal to the ATK of the targeted monster. Until the end of your next turn after this card resolves, you cannot Special Summon monsters from the Extra Deck.$Supports archetypes /Performapal$$Activates upon attack declaration/Adds from Deck to hand$Activation requirement/Effect/Condition$
58169731$Wall of Disruption$Unlimited$TRAP$$$$$$$$$$$$When an opponent's monster declares an attack: All Attack Position monsters your opponent controls lose 800 ATK for each monster they control.$$$Activates upon attack declaration$Activation requirement/Effect$
95254840$Last Minute Cancel$Unlimited$TRAP$$$$$$$$$$$$When an opponent's monster declares an attack while you control an Attack Position monster(s): Change all monsters you control to Defense Position. For the rest of this turn after this card resolves, return any face-up "Performapal" monster you control that is destroyed by battle or card effect to the hand instead of sending it to the Graveyard.$Supports archetypes /Performapal$$Activates upon attack declaration/Changes battle positions/Returns from your field to your hand/Returns to the hand cards that would be sent to the Graveyard$Activation requirement/Effect$
21648584$Raidraptor - Readiness$Unlimited$TRAP$$$$$$$$$$$$This turn, "Raidraptor" monsters you control cannot be destroyed by battle. If you have a "Raidraptor" monster in your Graveyard: You can banish this card from your Graveyard; you take no damage this turn.$Supports archetypes /Raidraptor$$Activates from your Graveyard$Effect/Quick-like$
57047293$Eye of the Void$Unlimited$TRAP$$$$$$$$$$$$Special Summon 1 "Infernoid" monster from your hand, ignoring its Summoning conditions, but its effects are negated until the end of this turn.$Supports archetypes /Infernoid$$$Effect$
94432298$Void Launch$Unlimited$TRAP$$$$$$$$$Continuous$$$During each of your Standby Phases: You can send up to 2 "Infernoid" monsters from your Deck to the Graveyard. If you control a monster that is not an "Infernoid" monster, send this card to the Graveyard.$Supports archetypes /Infernoid$$Sends from your Deck to your Graveyard/Sends itself from field to Graveyard$Trigger-like/Continuous-like$
20426907$Re-qliate$Unlimited$TRAP$$$$$$$$$Continuous$$$If a monster is Normal or Flip Summoned, and it is a Level 4 or lower monster: Negate its effects until the end of this turn. If a monster(s) is Special Summoned, and it is a Level 5 or higher monster: Negate its effects until the end of this turn, also banish it when it leaves the field. If there is no "Qli" card on the field, except "Re-qliate", send this card to the Graveyard.$Supports archetypes /Qli$$Activates upon Normal Summon/Activates upon Flip Summon/Activates upon Special Summon/Sends itself from field to Graveyard$Trigger-like/Continuous-like$
57815601$Ritual Beast Ambush$Unlimited$TRAP$$$$$$$$$$$$Target 1 of your "Ritual Beast Tamer" monsters and 1 of your "Spiritual Beast" monsters that are banished and/or in your Graveyard; Special Summon them in Defense Position. After this card is activated, you cannot Special Summon monsters, except "Ritual Beast" monsters, for the rest of this turn. You can only activate 1 "Ritual Beast Ambush" per turn.$Supports archetypes /Spiritual Beast/Ritual Beast Tamer/Ritual Beast$$$Effect/Condition$
83319610$Zenmaiday$Unlimited$TRAP$$$$$$$$$Continuous$$$Once per turn: You can target 1 Machine-Type Xyz Monster you control; attach 1 "Wind-Up" monster from your hand or field to that monster as an Xyz Material. You can send this face-up card from the field to the Graveyard, then target 1 "Wind-Up" Xyz Monster you control; Special Summon, from your Extra Deck, 1 "Wind-Up" monster that is 1 Rank higher than that target, by using that target as Xyz Material. (This Special Summon is treated as an Xyz Summon. Xyz Materials attached to it also become Xyz Materials on the Summoned monster.) You cannot activate these effects in the same Chain.$Supports archetypes /Wind-Up$$Attaches as Xyz Material/Sends itself from field to Graveyard for cost/Transfers$Quick-like/Condition$
25704359$Unpossessed$Unlimited$TRAP$$$$$$$$$Continuous$$$"Charmer" monsters you control cannot be destroyed by battle. If a "Familiar-Possessed" monster you control attacks an opponent's monster, it gains 800 ATK during damage calculation only. If a monster(s) you control is destroyed by battle or card effect, while this card is already face-up in your Spell & Trap Zone: You can Special Summon 1 Spellcaster monster with 1500 DEF from your Deck, whose Attribute is different from at least 1 of those destroyed monsters' original Attributes on the field, in Attack Position or face-down Defense Position. You can only use this effect of "Unpossessed" once per turn.$Supports archetypes /Charmer/Familiar-Possessed$$Activates if destroyed by battle/Activates if destroyed by card effect$Continuous-like/Trigger-like/Condition$
52198054$Blaze Accelerator Reload$Unlimited$TRAP$$$$$$$$$Continuous$$$This card's name becomes "Tri-Blaze Accelerator" while in the Spell & Trap Zone. During either player's Main Phase: You can send 1 "Volcanic" card from your hand to the Graveyard, and if you do, draw 1 card. You can only use this effect of "Blaze Accelerator Reload" once per turn. During either player's Main Phase: You can banish this card from your Graveyard; send 1 "Volcanic" card from your Deck to the Graveyard.$Supports archetypes /Volcanic$$Sends from your hand to your Graveyard/You draw cards/Activates from your Graveyard/Sends from your Deck to your Graveyard$Continuous-like/Quick-like/Condition$
88197162$Soul Transition$Unlimited$TRAP$$$$$$$$$$$$If you control no Special Summoned monsters: Tribute 1 face-up Level 4 Normal Summoned/Set monster; draw 2 cards. You can only activate 1 "Soul Transition" per turn. You cannot Special Summon monsters the turn you activate this card.$$$Tributes for cost/You draw cards$Activation requirement/Effect/Condition$
15582767$Echo Oscillation$Unlimited$TRAP$$$$$$$$$Continuous$$$You can target 1 card in your Pendulum Zone; destroy it, then draw 1 card. You can only use this effect of "Echo Oscillation" once per turn.$Pendulum Monster$$You draw cards$Quick-like/Condition$
51976476$Double Trap Hole$Unlimited$TRAP$$$$$$$$$$$$If your opponent Special Summons a monster(s) in Defense Position: Banish those monster(s) that were Summoned in (and currently in) Defense Position.$$$$Effect$
00164710$Mischief of the Gnomes$Unlimited$TRAP$$$$$$$$$$$$This turn, reduce the Levels of all monsters in each player's hand by 1 (even after they are Summoned/Set). You can banish this card from the Graveyard; this turn, reduce the Levels of all monsters in each player's hand by 1 (even after they are Summoned/Set).$$$$Effect/Quick-like$
36553319$Farfa, Malebranche of the Burning Abyss$Unlimited$DARK$[Fiend/Effect]$$$$$3$1000$1900$$$$If you control a monster that is not a "Burning Abyss" monster, destroy this card. You can only use 1 of these effects of "Farfa, Malebranche of the Burning Abyss" per turn, and only once that turn.●If you control no Spells/Traps: You can Special Summon this card from your hand.●If this card is sent to the GY: You can target 1 monster on the field; banish it until the End Phase.$Supports archetypes /Burning Abyss$$Activates from your Graveyard/Returns banished cards to the field$Continuous/Condition/Ignition/Trigger$
62957424$Libic, Malebranche of the Burning Abyss$Unlimited$DARK$[Fiend/Effect]$$$$$3$1300$700$$$$If you control a monster that is not a "Burning Abyss" monster, destroy this card. You can only use 1 of these effects of "Libic, Malebranche of the Burning Abyss" per turn, and only once that turn.●If you control no Spell/Trap Cards: You can Special Summon this card from your hand.●If this card is sent to the Graveyard: You can Special Summon 1 Level 3 DARK Fiend-Type monster from your hand, but its effects are negated.$Supports archetypes /Burning Abyss$$Activates from your hand/Activates from your Graveyard$Continuous/Condition/Ignition/Trigger$
09342162$Cagna, Malebranche of the Burning Abyss$Unlimited$DARK$[Fiend/Effect]$$$$$3$1500$300$$$$If you control a monster that is not a "Burning Abyss" monster, destroy this card. You can only use 1 of these effects of "Cagna, Malebranche of the Burning Abyss" per turn, and only once that turn.●If you control no Spell/Trap Cards: You can Special Summon this card from your hand.●If this card is sent to the Graveyard: You can send 1 "Burning Abyss" Spell/Trap Card from your Deck to the Graveyard.$Supports archetypes /Burning Abyss$$Activates from your Graveyard/Sends from your Deck to your Graveyard$Continuous/Condition/Ignition/Trigger$
35330871$Malacoda, Netherlord of the Burning Abyss$Unlimited$DARK$[Fiend/Ritual/Effect]$$$$$6$2700$2200$$$$You can Ritual Summon this card with "Good & Evil in the Burning Abyss". Must be Ritual Summoned, and cannot be Special Summoned by other ways. Once per turn, during either player's turn: You can send 1 "Burning Abyss" monster from your hand to the Graveyard, then target 1 face-up monster your opponent controls; until the end of this turn, that target loses ATK and DEF equal to the ATK and DEF of the "Burning Abyss" monster sent to the Graveyard this way. If this card is sent from the field to the Graveyard: You can target 1 card on the field; send it to the Graveyard.$Supports archetypes /Burning Abyss$$Sends from hand to Graveyard for cost/Sends from your hand to your Graveyard/Sends from field to Graveyard/Activates from your Graveyard$Summon/Quick/Trigger$
62835876$Good & Evil in the Burning Abyss$Unlimited$SPELL$$$$$$$$$Ritual$$$This card is used to Ritual Summon "Malacoda, Netherlord of the Burning Abyss". You must also Tribute monsters from your hand or field whose total Levels equal 6 or more. During your Main Phase, except the turn this card was sent to the Graveyard: You can banish this card from your Graveyard and send 1 "Burning Abyss" monster from your hand to the Graveyard; add 1 "Burning Abyss" card from your Deck to your hand. You can only use this effect of "Good & Evil in the Burning Abyss" once per turn.$Supports archetypes /Burning Abyss$$Tributes as an effect/Activates from your Graveyard/Sends from hand to Graveyard for cost/Adds from Deck to hand$Effect/Ignition-like/Condition$
98229575$U.A. Playmaker$Unlimited$EARTH$[Warrior/Effect]$$$$$8$2600$2000$$$$You can Special Summon this card (from your hand) by returning 1 "U.A." monster you control to the hand, except "U.A. Playmaker". You can only Special Summon "U.A. Playmaker" once per turn this way. When another "U.A." monster you control declares an attack: You can have this card lose exactly 800 ATK, and if you do, your attacking monster gains 800 ATK.$Supports archetypes /U.A.$$Returns from your field to your hand/Activates upon attack declaration$Summon/Condition/Trigger$
34614289$U.A. Blockbacker$Unlimited$EARTH$[Warrior/Effect]$$$$$7$1600$2700$$$$You can Special Summon this card (from your hand) by returning 1 "U.A." monster you control to the hand, except "U.A. Blockbacker". You can only Special Summon "U.A. Blockbacker" once per turn this way. Once per turn, when your opponent Special Summons a monster(s): You can change their battle positions, and if you do, negate their effects.$Supports archetypes /U.A.$$Returns from your field to your hand/Activates upon Special Summon/Changes battle positions$Summon/Condition/Trigger$
61613388$U.A. Turnover Tactics$Unlimited$SPELL$$$$$$$$$Quick-Play$$$If you control 2 or more "U.A." monsters with different names: Shuffle as many monsters on the field as possible into the Deck, then Special Summon "U.A." monsters from your Deck that have different names from each other, up to the number of cards shuffled into your Main Deck, but those monsters cannot attack this turn. Then your opponent can Special Summon monsters from their Deck, up to the number of cards shuffled into their Main Deck. You can only activate 1 "U.A. Turnover Tactics" per turn.$Supports archetypes /U.A.$$Returns from field to Deck$Activation requirement/Effect/Condition$
02948263$Gogogo Golem - Golden Form$Unlimited$EARTH$[Rock/Effect]$$$$$4$?$1500$$$$Cannot be Normal Summoned/Set. Must be Special Summoned (from your hand) by Tributing 1 "Gogogo" monster, and cannot be Special Summoned by other ways. This card's ATK becomes double the original ATK of the Tributed monster. Any battle damage your opponent takes from attacks involving this card is halved. Once per turn, during either player's turn, if a monster effect is activated on your opponent's side of the field: This card loses exactly 1500 ATK, and if it does, negate that effect.$Supports archetypes /Gogogo$$$Summon/Continuous/Quick$
39432962$Dododo Witch$Unlimited$EARTH$[Warrior/Effect]$$$$$4$1200$1600$$$$When this card is Normal or Special Summoned: You can Special Summon 1 "Dododo" monster from your hand in Attack Position or face-down Defense Position, except "Dododo Witch".$Supports archetypes /Dododo$$Activates upon Normal Summon/Activates upon Special Summon$Trigger$
75421661$Dododo Swordsman$Unlimited$EARTH$[Warrior/Effect]$$$$$8$0$3000$$$$While this Flip Summoned card is face-up on the field, it gains 3500 ATK. When this card is flipped face-up: You can target up to 2 face-up monsters on the field; destroy them.$$$$Continuous/Trigger$
01826676$Toy Knight$Unlimited$EARTH$[Machine/Effect]$$$$$4$200$1200$$$$Cannot be Special Summoned from the Deck. If your opponent controls more monsters than you do, you can Special Summon this card (from your hand). When this card is Normal or Special Summoned: You can Special Summon 1 "Toy Knight" from your hand.$$$Activates from your hand/Activates upon Normal Summon/Activates upon Special Summon$Summon/Trigger$
38210374$Explossum$Unlimited$EARTH$[Beast/Effect]$$$$$1$100$100$$$$You can target 1 face-up Xyz Monster your opponent controls; equip this monster from your hand or your side of the field to that target. If a monster equipped with this card by this effect has no Xyz Materials, destroy that monster. While this card is equipped to a monster, during each of your opponent's Standby Phases: Detach 1 Xyz Material from the equipped monster.$$Xyz Monster$Equips self from hand/Equips self from field/Detaches Xyz Materials for effect$Ignition/Continuous-like/Trigger-like$
64605089$Swordsman of Revealing Light$Unlimited$LIGHT$[Warrior/Effect]$$$$$8$0$2400$$$$When an opponent's monster declares a direct attack: You can Special Summon this card from your hand, then if this card's DEF is higher than the attacking monster's ATK, destroy that attacking monster. An Xyz Monster that was Summoned using this card on the field as Xyz Material gains this effect.●Each turn, the first time this card would be destroyed by battle, it is not destroyed.$Xyz Monster$$Activates upon attack declaration/Grants effect as Xyz Material$Trigger/Unclassified/Continuous$
01003028$Doggy Diver$Unlimited$DARK$[Warrior/Effect]$$$$$4$1000$1000$$$$If your opponent controls a monster and all face-up monsters you control (min. 1) are Level 4, you can Special Summon this card (from your hand). You can only Special Summon "Doggy Diver" once per turn this way. This card cannot be used as an Xyz Material for an Xyz Summon, except for the Xyz Summon of a Warrior-Type monster.$Warrior$$$Summon/Condition$
37198732$Level Lifter$Unlimited$SPELL$$$$$$$$$$$$Send 1 monster from your hand to the Graveyard, then target up to 2 face-up monsters you control; until the end of this turn, their Levels become the original Level of the monster sent to the Graveyard to activate this card.$$$Sends from your hand to your Graveyard$Cost/Effect$
63583431$Gogogo Talisman$Unlimited$SPELL$$$$$$$$$Continuous$$$While you control 2 or more "Gogogo" monsters, you take no effect damage. Once per turn, when an attack is declared involving a "Gogogo" monster you control: You can activate this effect; that monster you control cannot be destroyed by that battle.$Supports archetypes /Gogogo$$Activates upon attack declaration$Continuous-like/Trigger-like$
36376145$Soul Strike$Unlimited$TRAP$$$$$$$$$$$$If your LP is 4000 or less, when an attack is declared involving a monster you control and an opponent's monster: Pay half your LP, then target 1 face-up monster you control; it gains ATK equal to the deficit between your current LP and 4000 until the end of your opponent's turn. You can only activate 1 "Soul Strike" per turn.$$$Activates upon attack declaration$Activation requirement/Effect/Condition$
