Passcode$Name$Status$Attribute$type$link$link_arrows$rank$pendulum_scale$level$attack$defense$spell_attribute$summoning_condition$pendulum_condition$card_text$card_supports$card_anti_supports$card_actions$effect_types$
03026686$Valkyrie Dritte$Unlimited$LIGHT$[Fairy/Effect]$$$$$4$1000$1600$$$$If this card is Normal or Special Summoned: You can add 1 "Valkyrie" card from your Deck to your hand, except "Valkyrie Dritte". You can only use this effect of "Valkyrie Dritte" once per turn. Gains 200 ATK for each of your opponent's banished monsters.$Supports archetypes /Valkyrie$$Activates upon Normal Summon/Activates upon Special Summon/Adds from Deck to hand$Trigger/Condition/Continuous$
30411385$Valkyrie Zweite$Unlimited$LIGHT$[Fairy/Effect]$$$$$5$1600$1600$$$$If this card is Summoned: You can target 1 monster your opponent controls; destroy it. After damage calculation, if this card battled: You can target 1 Continuous Spell in your GY; add it to your hand. You can only use each effect of "Valkyrie Zweite" once per turn.$Continuous Spell Card$$Activates upon Normal Summon/Activates upon Flip Summon/Activates upon Special Summon/Adds from Graveyard to hand$Trigger/Condition$
66809920$Valkyrie Erste$Unlimited$LIGHT$[Fairy/Effect]$$$$$6$1600$1800$$$$If this card is Special Summoned from your hand by a Spell effect: You can target 1 "Mischief of the Time Goddess" in your GY; add it to your hand. If you control a "Valkyrie" monster other than "Valkyrie Erste" (Quick Effect): You can banish 1 monster from your opponent's GY, then this card's ATK becomes equal to the banished monster's original ATK until the end of this turn. You can only use each effect of "Valkyrie Erste" once per turn.$Supports archetypes /Valkyrie$$Activates upon Special Summon/Adds from Graveyard to hand$Trigger/Quick/Condition$
02204038$Valkyrie Brunhilde$Unlimited$LIGHT$[Fairy/Effect]$$$$$7$1800$2000$$$$Unaffected by your opponent's Spell effects. Gains 500 ATK for each monster your opponent controls. When an opponent's monster declares an attack: You can have this card lose exactly 1000 DEF, and if you do, your "Valkyrie" monsters cannot be destroyed by battle this turn.$Supports archetypes /Valkyrie$$Activates upon attack declaration$Continuous/Trigger$
39299733$Fortune Chariot$Unlimited$WIND$[Fairy/Union/Effect]$$$$$6$1000$2000$$$$(This card is also always treated as a "Valkyrie" card.)Once per turn, you can either: Target 1 Fairy monster you control; equip this card to that target, OR: Unequip this card and Special Summon it. If the equipped monster would be destroyed by battle or card effect, destroy this card instead. The equipped monster can attack directly, but when it does so using this effect, the battle damage inflicted to your opponent is halved.$Fairy$$Equips self from field$Condition/Ignition/Ignition-like/Continuous-like$
65687442$Ride of the Valkyries$Unlimited$SPELL$$$$$$$$$$$$Special Summon any number of "Valkyrie" monsters with different names from your hand. If you Special Summoned 3 or more monsters with this effect, you take no battle damage until the end of the next turn. During the End Phase of the turn you activated this card, shuffle all monsters you control into the Deck. You can banish this card from your GY; add 1 "Mischief of the Time Goddess" from your Deck to your hand. You can only use this effect of "Ride of the Valkyries" once per turn.$Supports archetypes /Valkyrie$$Returns from your field to your Deck/Returns from your field to your Extra Deck/Adds from Deck to hand$Unclassified/Effect/Trigger-like/Ignition-like/Condition$
92182447$Mischief of the Time Goddess$Unlimited$SPELL$$$$$$$$$Quick-Play$$$Neither player can activate cards or effects in response to this card's activation. Cannot be activated as Chain Link 2 or higher. At the end of your Battle Phase, if all monsters you control are "Valkyrie" monsters (min. 1): Send this card to the GY, also, immediately after this effect resolves, skip to the start of the Battle Phase of your next turn. If you do, you cannot activate "Mischief of the Time Goddess" until the end of that turn.$Supports archetypes /Valkyrie$$Sends itself from field to Graveyard/Skips Main Phase 2/Skips End Phase/Skips a turn/Skips Draw Phase/Skips Standby Phase/Skips Main Phase 1$Condition/Trigger-like$
38576155$Goddess Skuld's Oracle$Unlimited$SPELL$$$$$$$$$Continuous$$$When this card is activated: If all monsters you control are "Valkyrie" monsters (min. 1), you can add 1 "Goddess Verdande's Guidance" from your Deck to your hand. Once per turn, during your Main Phase: You can look at the top 3 cards of your opponent's Deck, and if you do, place them on top of their Deck in any order, but you cannot Normal or Special Summon monsters for the rest of this turn, except Fairy monsters. You can only activate 1 "Goddess Skuld's Oracle" per turn.$Supports archetypes /Valkyrie$$Adds from Deck to hand/Looks at cards from the top of the opponent's Deck/Changes the opponent's Deck order/Places cards from opponent's Deck on the top of the Deck$Trigger-like/Ignition-like/Condition$
64961254$Goddess Verdande's Guidance$Unlimited$SPELL$$$$$$$$$Continuous$$$When this card is activated: If all monsters you control are "Valkyrie" monsters (min. 1), you can add 1 "Goddess Urd's Verdict" from your Deck to your hand. Once per turn: You can declare 1 type of card (Monster, Spell, or Trap); reveal the top card of your opponent's Deck and if it was the declared type, they Set it to their field. Otherwise, they add it to their hand. You can only activate 1 "Goddess Verdande's Guidance" per turn.$Supports archetypes /Valkyrie$$Adds from Deck to hand/Declares a card type/Reveals from the top of your opponent's Deck/Sets from your opponent's Deck/Adds from your opponent's Deck to your opponent's hand$Trigger-like/Ignition-like/Effect/Condition$
91969909$Goddess Urd's Verdict$Unlimited$SPELL$$$$$$$$$Continuous$$$Your opponent cannot target "Valkyrie" monsters you control with card effects, also they cannot be destroyed by your opponent's card effects. Once per turn: You can declare 1 card name, then target 1 Set card your opponent controls; reveal the Set card, and if it was the declared card, banish it. Otherwise, banish 1 card you control.$Supports archetypes /Valkyrie$$Declares a card name/Reveals face-down cards$Continuous-like/Ignition-like/Effect$
37354507$Ninja Grandmaster Saizo$Unlimited$LIGHT$[Warrior/Link/Effect]$2$Bottom-Left/Bottom-Right$$$$2000$- $$2 "Ninja" monsters$$During your Main Phase: You can Set 1 "Ninjitsu Art" Spell/Trap directly from your Deck. You can only use this effect of "Ninja Grandmaster Saizo" once per turn. While this card points to a monster(s), this card cannot be targeted for an attack, also your opponent cannot target it with card effects.$Supports archetypes /Ninja/Ninjitsu Art$$Sets from your Deck$Ignition/Condition/Continuous$
64749612$Yellow Ninja$Unlimited$WIND$[Warrior/Effect]$$$$$4$1900$1800$$$$If this card is Normal Summoned or flipped face-up: You can Special Summon 1 Level 4 or lower "Ninja" monster from your hand in Attack Position or face-down Defense Position, also you cannot Special Summon monsters from the Extra Deck for the rest of this turn, except "Ninja" monsters. You can only use this effect of "Yellow Ninja" once per turn.$Supports archetypes /Ninja$$Activates upon Normal Summon/Activates upon being flipped face-up$Trigger/Condition$
90247311$Yellow Dragon Ninja$Unlimited$WIND$[Dinosaur/Effect]$$$$$8$3000$1500$$$$Cannot be Special Summoned, except with the effect of a "Ninja" monster or "Ninjitsu Art" card. Once per turn (Quick Effect): You can send 1 "Ninja" monster and 1 "Ninjitsu Art" card from your hand and/or face-up field to the GY, then target up to 2 Spells/Traps on the field; destroy them.$Supports archetypes /Ninja/Ninjitsu Art$$Sends from your hand to your Graveyard/Sends from your field to your Graveyard$Summon/Quick$
26232916$Hidden Village of Ninjitsu Arts$Unlimited$SPELL$$$$$$$$$Field$$$If a "Ninja" monster is Summoned to your field (except during the Damage Step): You can target 1 "Ninja" monster or 1 "Ninjitsu Art" card in your GY; add it to your hand, but for the rest of this turn, you cannot activate cards, or the effects of cards, with the same name as the added card. If a "Ninja" monster(s) or "Ninjitsu Art" card(s) you control would be destroyed by battle or an opponent's card effect, you can banish 1 "Ninja" monster from your GY instead. You can only use each effect of "Hidden Village of Ninjitsu Arts" once per turn.$Supports archetypes /Ninja/Ninjitsu Art$$Activates upon Normal Summon/Activates upon Flip Summon/Activates upon Special Summon/Adds from Graveyard to hand$Trigger-like/Continuous-like/Condition$
63626024$Ninjitsu Art of Mirage-Transformation$Unlimited$TRAP$$$$$$$$$Continuous$$$Tribute 1 "Ninja" monster, then target 1 monster in your opponent's GY; Special Summon it to your field. It is also treated as a "Ninja" monster while this card is face-up on the field. When this card leaves the field, send that monster to the GY. You can only activate 1 "Ninjitsu Art of Mirage-Transformation" per turn.$Supports archetypes /Ninja$$Tributes for cost/Sends from field to Graveyard$Cost/Effect/Continuous-like/Condition$
12948099$Old Entity Cthugua$Unlimited$FIRE$[Pyro/Synchro/Effect]$$$$$4$2200$200$$1 Tuner + 1+ non-Tuner monsters$$If this card is Synchro Summoned: You can return all Rank 4 Xyz Monsters on the field to the Extra Deck. If you Fusion Summon using this card as Fusion Material: Draw 1 card. An Xyz Monster that was Summoned using this card on the field as Xyz Material gains this effect.●If it is Xyz Summoned: Draw 1 card.$Xyz Monster$Xyz Monster$Activates upon Synchro Summon/Returns from field to Extra Deck/Activates if used as Fusion Material/You draw cards/Grants effect as Xyz Material$Trigger/Unclassified$
08809344$Outer Entity Nyarla$Unlimited$EARTH$[Fiend/Xyz/Effect]$$$4$$$0$2600$$2 Level 4 monsters$$When this card is Xyz Summoned: You can discard any number of cards; increase this card's Rank by the number of discarded cards. Once per turn, while this card has Xyz Material: You can target 1 monster in your GY; detach all materials from this card, and if you do, attach that target to this card as material. When a monster is attached by this effect, this card's Type and Attribute become the same as that monster's original Type and Attribute.$$$Activates upon Xyz Summon/Discards for cost/Attaches as Xyz Material$Trigger/Ignition$
34945480$Outer Entity Azathot$Forbidden(OCG)$DARK$[Fiend/Xyz/Effect]$$$5$$$2400$0$$3 Level 5 monsters$$You can also Xyz Summon this card by using an "Outer Entity" Xyz Monster you control as material. (Transfer its materials to this card.) Cannot be used as material for an Xyz Summon. After this card was Xyz Summoned, your opponent cannot activate monster effects for the rest of that turn. If this card has at least 3 Xyz Materials (1 Fusion, 1 Synchro, and 1 Xyz Monster): You can detach 1 material from this card; destroy all cards your opponent controls.$Supports archetypes /Outer Entity$$Transfers$Summon/Condition/Unclassified/Ignition$
49033797$Forbidden Trapezohedron$Unlimited$SPELL$$$$$$$$$$$$If you control exactly 2 monster card types (among Fusion, Synchro, and/or Xyz): Apply the following effect based on those types.●Fusion and Synchro: Special Summon 1 "Outer Entity" Xyz Monster from your Extra Deck, and if you do, attach this card to it as material.●Synchro and Xyz: Special Summon 1 "Elder Entity" Fusion Monster from your Extra Deck.●Xyz and Fusion: Special Summon 1 "Old Entity" Synchro Monster from your Extra Deck.You can only activate 1 "Forbidden Trapezohedron" per turn.$Supports archetypes /Outer Entity/Elder Entity/Old Entity$$Attaches itself from your field as Xyz Material$Activation requirement/Effect/Condition$
97973962$Aleister the Invoker of Madness$Unlimited$DARK$[Spellcaster/Link/Effect]$2$Bottom-Left/Bottom-Right$$$$1800$- $$2 monsters with different Types and different Attributes$$This card's name becomes "Aleister the Invoker" while on the field or in the GY. If a monster is Fusion Summoned while you control this monster (except during the Damage Step): You can discard 1 card, and if you do, add 1 "Invocation" or "The Book of the Law" from your Deck to your hand. If this face-up card you control leaves the field because of an opponent's card effect: You can add 1 "Omega Summon" from your Deck to your hand.$Aleister the Invoker/Fusion Monster/Invocation/The Book of the Law/Omega Summon$Fusion Monster$Activates upon Fusion Summon/Discards for effect/Adds from Deck to hand/Activates when it leaves the field$Unclassified/Trigger$
41006930$Strike Ninja$Unlimited$DARK$[Warrior/Effect]$$$$$4$1700$1200$$$$(Quick Effect): You can banish 2 DARK monsters from your GY; banish this face-up card until the End Phase. You can only use this effect of "Strike Ninja" once per turn.$DARK$$Returns itself to the field while banished$Quick$
95027497$Ninja Grandmaster Hanzo$Unlimited$DARK$[Warrior/Effect]$$$$$4$1800$1000$$$$When this card is Normal Summoned: You can add 1 "Ninjitsu Art" card from your Deck to your hand. When this card is Flip or Special Summoned: You can add 1 "Ninja" monster from your Deck to your hand, except "Ninja Grandmaster Hanzo".$Supports archetypes /Ninja/Ninjitsu Art$$Activates upon Normal Summon/Activates upon Flip Summon/Activates upon Special Summon/Adds from Deck to hand$Trigger$
58911105$Upstart Golden Ninja$Unlimited$LIGHT$[Warrior/Effect]$$$$$4$500$1800$$$$Once per turn: You can send 1 Trap from your hand to the GY; Special Summon 1 Level 4 or lower "Ninja" monster from your Deck in face-up Defense Position or face-down Defense Position.$Supports archetypes /Ninja$$Sends from hand to Graveyard for cost$Ignition$
99212922$White Dragon Ninja$Unlimited$LIGHT$[Dragon/Effect]$$$$$7$2700$1200$$$$Cannot be Special Summoned, except with a "Ninjitsu Art" card's effect. Spells/Traps you control cannot be destroyed by card effects.$Supports archetypes /Ninjitsu Art$$$Summon/Continuous$
58165765$Red Dragon Ninja$Unlimited$FIRE$[Winged Beast/Effect]$$$$$6$2400$1200$$$$When this card is Summoned: You can banish 1 "Ninja" or "Ninjitsu Art" card from your GY, then target 1 Set card your opponent controls; reveal that Set card, then return it to either the top or bottom of the Deck. Your opponent cannot activate the targeted card in response to this effect's activation. You can only use this effect of "Red Dragon Ninja" once per turn.$Supports archetypes /Ninja/Ninjitsu Art$$Activates upon Normal Summon/Activates upon Flip Summon/Activates upon Special Summon/Reveals face-down cards/Returns from your opponent's field to your opponent's Deck$Trigger/Condition$
79441381$Twilight Ninja Jogen$Unlimited$DARK$[Warrior/Pendulum/Effect]$$$$1$7$2000$1000$$$If your "Ninja" monster attacks a Defense Position monster, inflict piercing battle damage to your opponent.$You can reveal 1 "Ninjitsu Art" card in your hand; Special Summon this card from your hand. If this card attacks a Defense Position monster, inflict piercing battle damage.$Supports archetypes /Ninja/Ninjitsu Art$$Reveals your hand for cost$Pendulum Effect /Continuous-like/Monster Effect/Ignition/Continuous$
16272453$Armor Ninjitsu Art of Alchemy$Unlimited$SPELL$$$$$$$$$$$$If you control a "Ninjitsu Art" card: Destroy as many other "Ninjitsu Art" cards you control as possible, then draw 2 cards.$Supports archetypes /Ninjitsu Art$$You draw cards$Activation requirement/Effect$
70861343$Ninjitsu Art of Transformation$Unlimited$TRAP$$$$$$$$$Continuous$$$Activate this card by Tributing 1 face-up "Ninja" monster; Special Summon 1 Beast, Winged Beast, or Insect monster from your hand or Deck whose Level is less than or equal to the Level the Tributed monster had on the field +3. When this card leaves the field, destroy that monster.$Supports archetypes /Ninja$$Tributes for cost$Cost/Effect/Continuous-like$
90200789$Ninjitsu Art of Super-Transformation$Unlimited$TRAP$$$$$$$$$Continuous$$$Activate this card by targeting 1 "Ninja" monster you control and 1 face-up monster your opponent controls; send them to the GY, then Special Summon 1 Dragon, Dinosaur, or Sea Serpent monster from your Deck whose Level is less than or equal to the combined original Levels of the sent monster(s). When this card leaves the field, banish that monster.$Supports archetypes /Ninja$$Sends from field to Graveyard$Effect/Continuous-like$
02148918$Armor Ninjitsu Art of Rust Mist$Unlimited$TRAP$$$$$$$$$Continuous$$$When a monster(s) is Special Summoned to your opponent's field, if you control a "Ninja" monster: Halve the current ATK of that Special Summoned monster(s).$Supports archetypes /Ninja$$$Trigger-like$
89943723$Elemental HERO Neos$Unlimited$LIGHT$[Warrior/Normal]$$$$$7$2500$2000$$$$A new Elemental HERO has arrived from Neo-Space! When he initiates a Contact Fusion with a Neo-Spacian his unknown powers are unleashed.$$$$$
17732278$Neo-Spacian Glow Moss$Unlimited$LIGHT$[Plant/Effect]$$$$$3$300$900$$$$If this card attacks or is attacked: Your opponent draws 1 card and shows it, then, based on its type apply this effect.●Monster: End the Battle Phase of this turn.●Spell: If this card is attacking, you can change it to a direct attack instead.●Trap: Change this card to Defense Position.$$$Your opponent draws cards/Shows the opponent's drawn cards/Ends the Battle Phase/Changes battle positions$Trigger$
89621922$Neo-Spacian Flare Scarab$Unlimited$FIRE$[Insect/Effect]$$$$$3$500$500$$$$Gains 400 ATK for each Spell/Trap your opponent controls.$$$$Continuous$
78512663$Elemental HERO Magma Neos$Unlimited$FIRE$[Warrior/Fusion/Effect]$$$$$9$3000$2500$$"Elemental HERO Neos" + "Neo-Spacian Flare Scarab" + "Neo-Spacian Grand Mole"$$Must first be Special Summoned (from your Extra Deck) by shuffling the above cards you control into the Deck. (You do not use "Polymerization".) This card gains 400 ATK for each card on the field. Once per turn, during the End Phase: Shuffle this card into the Extra Deck. If this card is shuffled into the Extra Deck this way: Return all cards on the field to the hand.$$$Returns Fusion Materials for Contact Fusion to Deck/Returns itself from field to Extra Deck/Returns from field to hand$Summon/Continuous/Trigger$
17032740$Elemental HERO Chaos Neos$Unlimited$DARK$[Warrior/Fusion/Effect]$$$$$9$3000$2500$$"Elemental HERO Neos" + "Neo-Spacian Dark Panther" + "Neo-Spacian Glow Moss"$$Must first be Special Summoned (from your Extra Deck) by shuffling the above cards you control into the Deck. (You do not use "Polymerization"). Once per turn, during the End Phase: Shuffle this card into the Extra Deck, and if you do, Set all face-up monsters on the field. Once per turn, during your Main Phase 1: You can toss a coin 3 times.●3 Heads: Destroy all monsters your opponent controls.●2 Heads: For the rest of this turn, the effects of all face-up monsters your opponent controls are negated.●1 Head: Return all monsters you control to the hand.$$$Returns Fusion Materials for Contact Fusion to Deck/Returns itself from field to Extra Deck/Flips monsters face-down/Returns from your field to your hand$Summon/Trigger/Ignition$
46759931$Vision HERO Trinity$Unlimited$DARK$[Warrior/Fusion/Effect]$$$$$8$2500$2000$$3 "HERO" monsters$$After this card is Fusion Summoned, for the rest of this turn, this card's ATK becomes double its original ATK. This Fusion Summoned card can make a second and third attack during each Battle Phase. Cannot attack directly.$Supports archetypes /HERO$$$Unclassified/Continuous$
21954587$Mermail Abyssmegalo$Unlimited$WATER$[Sea Serpent/Effect]$$$$$7$2400$1900$$$$You can discard 2 other WATER monsters to the GY; Special Summon this card from your hand. When Summoned this way: You can add 1 "Abyss-" Spell/Trap from your Deck to your hand. You can Tribute 1 other Attack Position WATER monster; this card can make a second attack during each Battle Phase this turn.$Supports archetypes /Abyss-$$Activates from your hand/Discards for cost/Activates upon Special Summon/Adds from Deck to hand/Tributes for cost$Ignition/Trigger$
37781520$Mermail Abyssleed$Unlimited$WATER$[Sea Serpent/Effect]$$$$$7$2700$1000$$$$You can discard 3 other WATER monsters to the GY; Special Summon this card from your hand. When Summoned this way: You can target 1 "Abyss-" Spell/Trap in your GY; add that target to your hand. You can Tribute 1 other Attack Position "Mermail" monster; send 1 random card from your opponent's hand to the GY. You can only use this effect of "Mermail Abyssleed" once per turn.$Supports archetypes /Abyss-/Mermail$$Activates from your hand/Discards for cost/Adds from Deck to hand/Tributes for cost/Sends from your opponent's hand to your opponent's Graveyard$Ignition/Trigger/Condition$
22446869$Mermail Abyssteus$Unlimited$WATER$[Aqua/Effect]$$$$$7$1700$2400$$$$You can discard 1 other WATER monster to the GY; Special Summon this card from your hand. When Summoned this way: You can add 1 Level 4 or lower "Mermail" monster from your Deck to your hand. You can only use this effect of "Mermail Abyssteus" once per turn.$Supports archetypes /Mermail$$Discards for cost/Adds from Deck to hand$Ignition/Trigger/Condition$
86120751$Aleister the Invoker$Unlimited$DARK$[Spellcaster/Effect]$$$$$4$1000$1800$$$$(Quick Effect): You can send this card from your hand to the GY, then target 1 Fusion Monster you control; it gains 1000 ATK/DEF until the end of this turn. If this card is Normal Summoned or flipped face-up: You can add 1 "Invocation" from your Deck to your hand.$Fusion Monster/Invocation$$Activates from your hand/Sends itself from hand to Graveyard for cost/Activates upon Normal Summon/Activates upon being flipped face-up/Adds from Deck to hand$Quick/Trigger$
75286621$Invoked Mechaba$Unlimited$LIGHT$[Machine/Fusion/Effect]$$$$$9$2500$2100$$"Aleister the Invoker" + 1 LIGHT monster$$Once per turn, when a Spell/Trap Card, or monster effect, is activated (Quick Effect): You can send the same type of card (Monster, Spell, or Trap) from your hand to the GY; negate the activation, and if you do, banish that card.$LIGHT$$Sends from hand to Graveyard for cost$Quick$
47679935$Magical Meltdown$Unlimited$SPELL$$$$$$$$$Field$$$When this card is activated: You can add 1 "Aleister the Invoker" from your Deck to your hand. The activation of your cards and effects that include an effect that Fusion Summons a Fusion Monster cannot be negated, also your opponent's cards and effects cannot activate when a monster is Fusion Summoned this way. You can only activate 1 "Magical Meltdown" per turn.$Aleister the Invoker/Fusion Summon$$Adds from Deck to hand/Prevents the negation of activations$Effect/Continuous-like/Condition$
74063034$Invocation$Unlimited$SPELL$$$$$$$$$$$$Fusion Summon 1 Fusion Monster from your Extra Deck, using monsters from your hand as Fusion Material. If Summoning an "Invoked" Fusion Monster this way, you can also banish monsters from your field and/or either player's GY as Fusion Material. If this card is in your GY: You can target 1 of your banished "Aleister the Invoker"; shuffle this card into the Deck, and if you do, add that monster to your hand. You can only use this effect of "Invocation" once per turn.$Supports archetypes /Invoked$$Sends from your hand to your Graveyard/Uses cards in the hand as Fusion Materials/Uses cards on the player's field as Fusion Materials/Uses cards in the player's Graveyard as Fusion Materials/Uses cards in the opponent's Graveyard as Fusion Materials/Activates from your Graveyard/Returns itself from Graveyard to Deck/Adds banished cards to the hand$Effect/Ignition-like/Condition$
47457347$Omega Summon$Unlimited$TRAP$$$$$$$$$$$$Target any number of your banished "Invoked" monsters with different names; Special Summon them in Defense Position.$Supports archetypes /Invoked$$$Effect$
29587993$Mist Valley Apex Avian$Unlimited$WIND$[Winged Beast/Effect]$$$$$7$2700$2000$$$$Once per Chain, when a card or effect is activated (Quick Effect): You can target 1 "Mist Valley" card you control; return that target to the hand, and if you do, negate the activation, and if you do that, destroy it.$Supports archetypes /Mist Valley$$Returns from your field to your hand$Quick$
43722862$Windwitch - Ice Bell$Unlimited$WIND$[Spellcaster/Effect]$$$$$3$1000$1000$$$$If you control no monsters: You can Special Summon this card from your hand, then you can Special Summon 1 "Windwitch" monster from your Deck, but it cannot be Tributed. You cannot Special Summon monsters from the Extra Deck the turn you activate this effect, except Level 5 or higher WIND monsters. If this card is Normal or Special Summoned: You can inflict 500 damage to your opponent. You can only use each effect of "Windwitch - Ice Bell" once per turn.$Supports archetypes /Windwitch$$Cannot be Tributed$Ignition/Condition/Trigger$
14558127$Ash Blossom & Joyous Spring$Unlimited$FIRE$[Zombie/Tuner/Effect]$$$$$3$0$1800$$$$When a card or effect is activated that includes any of these effects (Quick Effect): You can discard this card; negate that effect.●Add a card from the Deck to the hand.●Special Summon from the Deck.●Send a card from the Deck to the GY.You can only use this effect of "Ash Blossom & Joyous Spring" once per turn.$$$Activates from your hand/Discards itself for cost$Quick/Condition$
03113836$Gem-Knight Seraphinite$Unlimited$EARTH$[Fairy/Fusion/Effect]$$$$$5$2300$1400$$1 "Gem-Knight" monster + 1 LIGHT monster$$Must first be Fusion Summoned with the above Fusion Materials. During your Main Phase, you can Normal Summon/Set 1 monster in addition to your Normal Summon/Set. (You can only gain this effect once per turn.)$Supports archetypes /Gem-Knight$$$Summon/Continuous$
94977269$El Shaddoll Winda$Unlimited$DARK$[Spellcaster/Fusion/Effect]$$$$$5$2200$800$$1 "Shaddoll" monster + 1 DARK monster$$Must first be Fusion Summoned. Cannot be destroyed by an opponent's card effects. Each player can only Special Summon monster(s) once per turn while this card is face-up on the field. If this card is sent to the GY: You can target 1 "Shaddoll" Spell/Trap in your GY; add it to your hand.$Supports archetypes /Shaddoll$$Activates from your Graveyard/Adds from Graveyard to hand$Summon/Continuous/Trigger$
21249921$Dragunity Knight - Vajrayana$Unlimited$WIND$[Dragon/Synchro/Effect]$$$$$6$1900$1200$$1 Dragon Tuner + 1+ non-Tuner Winged Beast monsters$$When this card is Synchro Summoned: You can target 1 Level 3 or lower Dragon "Dragunity" monster in your GY; equip that target to this card. Once per turn: You can send 1 Equip Card equipped to this card to the GY; double this card's ATK until the end of this turn.$Supports archetypes /Dragunity$$Activates upon Synchro Summon/Equips monsters from the player's Graveyard to itself/Sends from your field to your Graveyard for cost$Trigger/Ignition$
42110604$Hi-Speedroid Chanbara$Unlimited$WIND$[Machine/Synchro/Effect]$$$$$5$2000$1000$$1 Tuner + 1+ non-Tuner monsters$$This card can make a second attack during each Battle Phase. At the start of the Damage Step, if this card battles: It gains 200 ATK. If this card is sent to the GY: You can target 1 of your banished "Speedroid" cards; add it to your hand. You can only Special Summon "Hi-Speedroid Chanbara(s)" once per turn.$Supports archetypes /Speedroid$$Activates from your Graveyard/Adds banished cards to the hand$Continuous/Trigger/Condition$
28776350$Akashic Magician$Unlimited$DARK$[Spellcaster/Link/Effect]$2$Top/Bottom$$$$1700$- $$2 monsters with the same Type, except Tokens$$You can only Link Summon "Akashic Magician(s)" once per turn. If this card is Link Summoned: Return all monsters this card points to to the hand. Once per turn: You can declare 1 card name; excavate cards from the top of your Deck, equal to the total Link Rating of the Link Monsters co-linked to this card, then if you excavated any copies of the declared card, add them to your hand, also send the remaining cards to the GY.$Link Monster$$Activates upon Link Summon/Returns from field to hand/Declares a card name/Excavates from the player's Deck/Adds excavated cards to the hand/Adds from Deck to hand/Sends excavated cards to the Graveyard/Sends from the top of your Deck to your Graveyard$Condition/Trigger/Ignition$
80033124$Cyberdark Impact!$Unlimited$SPELL$$$$$$$$$$$$Fusion Summon 1 "Cyberdark Dragon" from your Extra Deck, by shuffling 1 each of "Cyberdark Horn", "Cyberdark Edge", and "Cyberdark Keel" from your hand, field, and/or GY, into the Deck, as Fusion Material.$Cyberdark Horn/Cyberdark Edge/Cyberdark Keel/Cyberdark Dragon$$Uses cards in the hand as Fusion Materials/Uses cards in the player's Graveyard as Fusion Materials/Uses cards on the player's field as Fusion Materials/Returns from your hand to your Deck/Returns from your Graveyard to your Deck/Returns from your field to your Deck/Returns Fusion Materials used in a Fusion Summon to Deck$Effect$
74029853$Golden Bamboo Sword$Unlimited$SPELL$$$$$$$$$$$$If you control a "Bamboo Sword" Equip Spell: Draw 2 cards.$Supports archetypes /Bamboo Sword$$You draw cards$Activation requirement/Effect$
01073952$Magic Planter$Unlimited$SPELL$$$$$$$$$$$$Send 1 face-up Continuous Trap you control to the GY; draw 2 cards.$Continuous Trap Card$$Sends from your field to your Graveyard for cost/You draw cards$Cost/Effect$
12644061$Advanced Dark$Unlimited$SPELL$$$$$$$$$Field$$$All "Crystal Beast" monsters on the field and in the GY become DARK. If an "Ultimate Crystal" monster attacks, negate the effects of the attack target during that Battle Phase. During damage calculation, if a "Crystal Beast" monster you control battles and you would take damage: You can send 1 "Crystal Beast" monster from your Deck to the GY; you take no battle damage from that battle.$Supports archetypes /Crystal Beast/Ultimate Crystal$$Sends from your Deck to your Graveyard for cost$Continuous-like/Trigger-like$
44394295$Shaddoll Fusion$Unlimited$SPELL$$$$$$$$$$$$Fusion Summon 1 "Shaddoll" Fusion Monster from your Extra Deck, using monsters from your hand or field as Fusion Material. If your opponent controls a monster that was Special Summoned from the Extra Deck, you can also use monsters in your Deck as Fusion Material. You can only activate 1 "Shaddoll Fusion" per turn.$Supports archetypes /Shaddoll$$Sends from your hand to your Graveyard/Sends from your field to your Graveyard/Uses cards in the hand as Fusion Materials/Uses cards on the player's field as Fusion Materials/Sends from your Deck to your Graveyard/Uses cards in the player's Deck as Fusion Materials$Effect/Condition$
40089744$Gateway to Chaos$Unlimited$SPELL$$$$$$$$$Field$$$When this card is activated: Add 1 "Black Luster Soldier" Ritual Monster or 1 "Gaia The Fierce Knight" monster from your Deck to your hand. Each time a Monster Card(s) is sent from the hand or field to the GY, place 1 Spell Counter on this card for each of those cards (max. 6). Once per turn: You can remove 3 Spell Counters from this card; add 1 Ritual Spell from your Deck to your hand. You can only activate 1 "Gateway to Chaos" per turn.$Supports archetypes /Black Luster Soldier /Gaia The Fierce Knight $$Adds from Deck to hand$Effect/Continuous-like/Ignition-like/Condition$
43898403$Twin Twisters$Unlimited$SPELL$$$$$$$$$Quick-Play$$$Discard 1 card, then target up to 2 Spells/Traps on the field; destroy them.$$$Discards for cost$Cost/Effect$
38844957$Urgent Ritual Art$Unlimited$TRAP$$$$$$$$$$$$If you control no Ritual Monsters: Banish 1 Ritual Spell from your hand or GY; this card's effect becomes that card's effect that Ritual Summons a monster when the card is activated.$Ritual Spell Card$$Resolves as another card's effect$Activation requirement/Cost/Effect$
