Passcode$Name$Status$Attribute$type$link$link_arrows$rank$pendulum_scale$level$attack$defense$spell_attribute$summoning_condition$pendulum_condition$card_text$card_supports$card_anti_supports$card_actions$effect_types$
85463083$Ghostrick Ghoul$Unlimited$DARK$[Zombie/Effect]$$$$$3$1100$1200$$$$Cannot be Normal Summoned, unless you control a "Ghostrick" monster. Once per turn: You can change this card to face-down Defense Position. Once per turn, during your Main Phase 1: You can target 1 "Ghostrick" monster you control; its ATK becomes equal to the combined original ATK of all "Ghostrick" monsters currently on the field, until the end of your opponent's next turn, but if it does, only that monster can attack this turn.$Supports archetypes /Ghostrick$Anti-supports archetypes /Ghostrick$Changes battle positions/Flips itself face-down$Summon/Ignition$
62514770$Labradorite Dragon$Unlimited$DARK$[Dragon/Tuner/Normal]$$$$$6$0$2400$$$$The ancients compared this prized creature to moonlight rippling across water. A bringer of harmony, reminder of past glories, able to soothe the hearts of even the most ambitious men.$$$$$
99902789$Chow Chow Chan$Unlimited$EARTH$[Beast/Effect]$$$$$2$800$800$$$$When your opponent activates a Normal Trap Card in response to your monster's attack declaration targeting an opponent's monster: You can discard this card; negate the activation, and if you do, destroy that card (this is a Quick Effect).$$Normal Trap Card$Activates from your hand/Discards itself for cost$Quick$
35307484$Malicevorous Spoon$Unlimited$DARK$[Fiend/Effect]$$$$$2$100$500$$$$When a "Malicevorous" monster with a different name is Normal or Special Summoned to your side of the field (except during the Damage Step): You can target 1 Level 2 Fiend-Type monster in your Graveyard; Special Summon that target. Its effects are negated. You can only use the effect of "Malicevorous Spoon" once per turn.$Supports archetypes /Malicevorous$$$Trigger/Condition$
61791132$Malicevorous Fork$Unlimited$DARK$[Fiend/Effect]$$$$$2$400$400$$$$You can send 1 other Fiend-Type monster from your hand to the Graveyard; Special Summon this card from your hand.$Fiend$$Sends from hand to Graveyard for cost$Ignition$
98780137$Malicevorous Knife$Unlimited$DARK$[Fiend/Effect]$$$$$2$600$100$$$$When this card is Normal Summoned: You can target 1 "Malicevorous" monster in your Graveyard except "Malicevorous Knife"; Special Summon that target.$Supports archetypes /Malicevorous$$Activates upon Normal Summon$Trigger$
24184846$Battlin' Boxer Rib Gardna$Unlimited$FIRE$[Warrior/Effect]$$$$$3$100$1400$$$$During either player's turn: You can banish this card from your hand or Graveyard, then target 1 "Battlin' Boxer" monster you control; banish it until your next Standby Phase.$Supports archetypes /Battlin' Boxer$$Returns banished cards to the field$Quick$
61679541$Battlin' Boxer Rabbit Puncher$Unlimited$FIRE$[Warrior/Effect]$$$$$3$800$1000$$$$At the start of the Damage Step, if this card attacks a Defense Position monster: Destroy that monster.$$$$Trigger$
97064649$Secret Sect Druid Wid$Unlimited$DARK$[Spellcaster/Effect]$$$$$4$0$1800$$$$If this card is sent from the field to the Graveyard: You can target 1 Continuous Spell Card in your Graveyard; Set that target. That Set card cannot be activated this turn. You can only use the effect of "Secret Sect Druid Wid" once per turn.$Continuous Spell Card$$Activates from your Graveyard/Sets from your Graveyard$Trigger/Condition$
24062258$Secret Sect Druid Dru$Unlimited$DARK$[Spellcaster/Effect]$$$$$4$1800$0$$$$When this card is Normal Summoned: You can target 1 Level 4 DARK monster in your Graveyard with 0 ATK and/or DEF, except "Secret Sect Druid Dru"; Special Summon that target in face-up Defense Position. Its effects are negated. You can only use the effect of "Secret Sect Druid Dru" once per turn.$DARK$$Activates upon Normal Summon$Trigger/Condition$
50457953$Mythic Tree Dragon$Unlimited$EARTH$[Dragon/Effect]$$$$$4$100$1400$$$$Once per turn: You can target 1 WATER Dragon-Type monster you control; this card's Level becomes the current Level of that monster.$WATER/Dragon$$$Ignition$
92841002$Mythic Water Dragon$Unlimited$WATER$[Dragon/Effect]$$$$$8$1000$2000$$$$If you control an EARTH monster, you can Special Summon this card (from your hand). You can only Special Summon "Mythic Water Dragon" once per turn this way.$EARTH$$$Summon/Condition$
29330706$Armed Protector Dragon$Unlimited$LIGHT$[Dragon/Effect]$$$$$8$2000$2800$$$$Face-up Equip Cards you control cannot be destroyed by card effects. This card gains 500 ATK for each Equip Card equipped to this card.$Equip Card$$$Continuous$
55735315$Soul Drain Dragon$Unlimited$LIGHT$[Dragon/Effect]$$$$$8$4000$0$$$$Cannot be Normal Summoned/Set. Must be Special Summoned by a Dragon-Type Xyz Monster's effect in your possession, and cannot be Special Summoned by other ways. When Special Summoned, if your Life Points are lower than your opponent's: This card gains ATK equal to your current Life Point deficit, and if it does, your opponent takes no further damage this turn. This card cannot attack your opponent directly.$Dragon/Xyz Monster$$$Summon/Trigger/Continuous$
92729410$Baby Raccoon Ponpoko$Unlimited$EARTH$[Beast/Effect]$$$$$2$800$0$$$$When this card is Normal Summoned: You can Special Summon 1 Level 2 Beast-Type monster from your Deck in face-down Defense Position, except "Baby Raccoon Ponpoko". You cannot Special Summon any monsters during the turn you activate this effect, except Beast-Type monsters.$Beast$$$Trigger/Condition$
28118128$Baby Raccoon Tantan$Unlimited$EARTH$[Beast/Effect]$$$$$2$0$800$$$$FLIP: Special Summon 1 Level 2 Beast-Type monster from your Deck, except "Baby Raccoon Tantan".$Beast$$$Flip$
54512827$Ghostrick Lantern$Unlimited$DARK$[Fiend/Effect]$$$$$1$800$0$$$$Cannot be Normal Summoned, unless you control a "Ghostrick" monster. Once per turn: You can change this card to face-down Defense Position. When an opponent's monster declares a direct attack, or when a "Ghostrick" monster you control is targeted for an attack: You can negate the attack, and if you do, Special Summon this card from your hand in face-down Defense Position.$Supports archetypes /Ghostrick$$Changes battle positions/Flips itself face-down/Activates upon attack declaration$Summon/Ignition/Trigger$
81907872$Ghostrick Specter$Unlimited$DARK$[Fiend/Effect]$$$$$1$600$0$$$$Cannot be Normal Summoned, unless you control a "Ghostrick" monster. Once per turn: You can change this card to face-down Defense Position. When a "Ghostrick" monster is destroyed by an opponent's card effect, or by battle with their attacking monster, and sent to your GY: You can Special Summon this card from your hand in face-down Defense Position, and if you do, draw 1 card.$Supports archetypes /Ghostrick$$Changes battle positions/Flips itself face-down/You draw cards$Summon/Ignition/Trigger$
27491571$Ghostrick Witch$Unlimited$DARK$[Spellcaster/Effect]$$$$$2$1200$200$$$$Cannot be Normal Summoned, unless you control a "Ghostrick" monster. Once per turn: You can change this card to face-down Defense Position. Once per turn: You can target 1 face-up monster your opponent controls; change it to face-down Defense Position.$Supports archetypes /Ghostrick$$Changes battle positions/Flips itself face-down/Flips monsters face-down$Summon/Ignition$
54490275$Ghostrick Yuki-onna$Unlimited$DARK$[Spellcaster/Effect]$$$$$2$1000$800$$$$Cannot be Normal Summoned, unless you control a "Ghostrick" monster. Once per turn: You can change this card to face-down Defense Position. When this card is destroyed by battle and sent to the Graveyard: You can change the monster that destroyed it to face-down Defense Position, and if you do, it cannot change its battle position.$Supports archetypes /Ghostrick$$Changes battle positions/Flips itself face-down/Flips monsters face-down/Prevents Battle Position changes/Activates if destroyed by battle/Activates from your Graveyard$Summon/Ignition/Trigger$
80885284$Ghostrick Jiangshi$Unlimited$DARK$[Zombie/Effect]$$$$$3$400$1800$$$$Cannot be Normal Summoned, unless you control a "Ghostrick" monster. Once per turn: You can change this card to face-down Defense Position. When this card is flipped face-up: You can add from your Deck to your hand, 1 "Ghostrick" monster whose Level is less than or equal to the number of "Ghostrick" monsters you control. You can only use this effect of "Ghostrick Jiangshi" once per turn.$Supports archetypes /Ghostrick$$Flips itself face-down/Changes battle positions/Adds from Deck to hand$Summon/Ignition/Trigger/Condition$
16279989$Ghostrick Stein$Unlimited$DARK$[Zombie/Effect]$$$$$3$1600$0$$$$Cannot be Normal Summoned, unless you control a "Ghostrick" monster. Once per turn: You can change this card to face-down Defense Position. When this card inflicts battle damage to your opponent: You can add 1 "Ghostrick" Spell/Trap Card from your Deck to your hand. You can only use this effect of "Ghostrick Stein" once per turn.$Supports archetypes /Ghostrick$$Changes battle positions/Flips itself face-down/Adds from Deck to hand$Summon/Ignition/Trigger/Condition$
53678698$Bujin Mikazuchi$Unlimited$LIGHT$[Beast-Warrior/Effect]$$$$$4$1900$1500$$$$When a Beast-Warrior-Type "Bujin" monster(s) you control is destroyed by battle or by card effect and sent to the Graveyard: You can Special Summon this card from your hand. Once per turn, during the End Phase, if a "Bujin" monster(s) was sent from your hand to your Graveyard this turn while you controlled this face-up card: You can add 1 "Bujin" Spell/Trap Card from your Deck to your hand. You can only control 1 "Bujin Mikazuchi".$Supports archetypes /Bujin$$Activates if destroyed by battle/Activates if destroyed by card effect/Adds from Deck to hand$Trigger/Unclassified$
89662736$Bujingi Crow$Unlimited$LIGHT$[Winged Beast/Effect]$$$$$4$1700$800$$$$When a Beast-Warrior-Type "Bujin" monster you control is targeted for an attack by an opponent's monster: You can send this card from your hand to the Graveyard; negate the attack, and if you do, inflict damage to your opponent equal to half the attacker's ATK. You can only use the effect of "Bujingi Crow" once per turn.$Supports archetypes /Bujin$$Sends itself from hand to Graveyard for cost$Trigger/Condition$
16157341$Bujingi Ibis$Unlimited$LIGHT$[Winged Beast/Effect]$$$$$4$1600$300$$$$During your Main Phase 1: You can send this card from your hand to the Graveyard, then target 1 "Bujin" monster you control; this turn, if it attacks a Defense Position monster, inflict piercing battle damage to your opponent.$Supports archetypes /Bujin$$Sends itself from hand to Graveyard for cost$Ignition$
42551040$Bujingi Boar$Unlimited$LIGHT$[Beast/Effect]$$$$$4$1100$1900$$$$If you control a "Bujin" monster: You can banish this card from your Graveyard, then target 1 face-up Attack Position monster your opponent controls; change it to face-up Defense Position, and if you do, its DEF becomes 0 until the end of this turn.$Supports archetypes /Bujin$$Changes battle positions$Ignition$
88940154$Bujingi Centipede$Unlimited$LIGHT$[Beast/Effect]$$$$$4$1700$500$$$$If you control a Beast-Warrior-Type "Bujin" monster: You can banish this card from your Graveyard, then target 1 Spell/Trap Card your opponent controls; destroy that target. You can only use the effect of "Bujingi Centipede" once per turn.$Supports archetypes /Bujin$$$Ignition/Condition$
15335853$Mecha Phantom Beast Sabre Hawk$Unlimited$WIND$[Machine/Effect]$$$$$4$2100$100$$$$This card cannot attack your opponent directly. If you have a monster in your Graveyard that is not a "Mecha Phantom Beast" monster, this card cannot attack. This card's Level is increased by the total Levels of all "Mecha Phantom Beast Tokens" you control. While you control a Token, this card cannot be destroyed by battle or card effects. Once per turn: You can Tribute 1 Token, then target 1 card in either player's Graveyard; banish that target.$Supports archetypes /Mecha Phantom Beast$$Tributes for cost$Continuous/Ignition$
41329458$Mecha Phantom Beast Kalgriffin$Unlimited$WIND$[Machine/Effect]$$$$$7$1000$2500$$$$You can Tribute 2 "Mecha Phantom Beast" monsters; Special Summon this card from your hand. You can only use this effect of "Mecha Phantom Beast Kalgriffin" once per turn. While you control a Token, this card cannot be destroyed by battle or card effects. Once per turn: You can discard 1 "Mecha Phantom Beast" monster; Special Summon 1 "Mecha Phantom Beast Token" (Machine-Type/WIND/Level 3/ATK 0/DEF 0).$Supports archetypes /Mecha Phantom Beast$$Activates from your hand/Tributes for cost/Discards for cost$Ignition/Condition/Continuous$
88728507$Vampire Sorcerer$Unlimited$DARK$[Zombie/Effect]$$$$$4$1500$1500$$$$If this card in your possession is sent to your GY by your opponent's card: You can add 1 DARK "Vampire" monster or 1 "Vampire" Spell/Trap from your Deck to your hand. You can banish this card from your GY; 1 DARK "Vampire" monster you Normal Summon this turn can be Summoned without Tributing.$Supports archetypes /Vampire$$Activates from your Graveyard/Adds from Deck to hand$Trigger/Ignition$
14212201$Shadow Vampire$Unlimited$DARK$[Zombie/Effect]$$$$$5$2000$0$$$$Cannot be used as material for an Xyz Summon, except the Xyz Summon of a DARK monster. When this card is Normal Summoned: You can Special Summon 1 DARK "Vampire" monster from your hand or Deck, except "Shadow Vampire", but monsters you control cannot attack for the rest of this turn, except that Special Summoned monster.$Supports archetypes /Vampire$$Activates upon Normal Summon$Trigger/Condition$
40607210$Vampire Grace$Unlimited$DARK$[Zombie/Effect]$$$$$6$2000$1200$$$$When a Level 5 or higher Zombie monster(s) is Special Summoned to your field by the effect of a Zombie monster while this card is in your GY: You can pay 2000 LP; Special Summon this card from your GY. You can only use this effect of "Vampire Grace" once per turn. Once per turn: You can declare 1 card type (Monster, Spell, or Trap); your opponent sends 1 card of that type from their Deck to the GY.$Zombie$$Declares a card type/Sends from your opponent's Deck to your opponent's Graveyard$Trigger/Condition/Ignition$
17601919$Pumprincess the Princess of Ghosts$Unlimited$DARK$[Zombie/Effect]$$$$$3$900$1000$$$$If this face-up card is destroyed while in a Monster Zone, you can place it face-up in your Spell & Trap Zone as a Continuous Spell Card, instead of sending it to the Graveyard. While this card is treated as a Continuous Spell Card by this effect, during each player's Standby Phase: Place 1 Pumpkin Counter on this card. All monsters your opponent controls lose 100 ATK and DEF for each Pumpkin Counter on this card.$$$Activates if destroyed by battle/Activates if destroyed by card effect/Places itself in Spell & Trap Zone/Places destroyed cards in Spell & Trap Zone$Unclassified/Trigger-like/Continuous-like$
53090623$Yellow-Bellied Oni$Unlimited$DARK$[Zombie/Effect]$$$$$4$1000$1000$$$$When you Xyz Summon a monster: You can Special Summon this card from your hand. Once per turn: You can detach 1 Xyz Material from a monster you control, then target 1 face-up Xyz Monster on the field; reduce its Rank by 1, and if you do, it loses 300 ATK.$Xyz Monster$Xyz Monster$Activates upon Xyz Summon/Detaches Xyz Materials for cost$Trigger/Ignition$
80485722$Vampire Hunter$Unlimited$DARK$[Warrior/Effect]$$$$$4$1600$1600$$$$At the start of the Damage Step, if this card battles a DARK monster: Destroy that monster.$$DARK$$Trigger$
16889337$Aratama$Unlimited$DARK$[Fiend/Spirit/Effect]$$$$$4$800$1800$$$$Cannot be Special Summoned. During the End Phase of the turn this card is Normal Summoned or flipped face-up: Return it to the hand. When this card is Normal Summoned or flipped face-up: You can add 1 Spirit monster from your Deck to your hand, except "Aratama".$Spirit monster$$Returns itself from field to hand/Adds from Deck to hand$Summon/Trigger$
43378076$Rasetsu$Unlimited$FIRE$[Fairy/Spirit/Effect]$$$$$4$1500$1900$$$$Cannot be Special Summoned. During the End Phase of the turn this card is Normal Summoned or flipped face-up: Return it to the hand. When this card is Normal Summoned or flipped face-up: You can reveal 1 Spirit monster from your hand, except "Rasetsu", then target 1 face-up Attack Position monster your opponent controls; return that target to the hand. You cannot Special Summon during the turn you activate this effect.$Spirit monster$$Returns itself from field to hand/Activates upon Normal Summon/Activates upon being flipped face-up/Reveals your hand for cost/Returns from your opponent's field to your opponent's hand$Summon/Trigger/Condition$
89362180$Skelesaurus$Unlimited$DARK$[Zombie/Gemini/Effect]$$$$$4$1700$1400$$$$This card is treated as a Normal Monster while face-up on the field or in the Graveyard. While this card is a Normal Monster on the field, you can Normal Summon it to have it become an Effect Monster with these effects.●This card becomes EARTH Dinosaur-Type. When this card destroys an opponent's monster by battle and sends it to the Graveyard: You can Special Summon that monster to your field in Defense Position, and if you do, it becomes Zombie-Type.$$$Activates when it destroys a monster by battle$Unclassified/Condition/Continuous/Trigger$
15767889$Knight Day Grepher$Unlimited$LIGHT$[Warrior/Gemini/Effect]$$$$$4$1700$1600$$$$This card is treated as a Normal Monster while face-up on the field or in the Graveyard. While this card is a Normal Monster on the field, you can Normal Summon it to have it become an Effect Monster with this effect.●During your End Phase: You can target 1 Equip Spell Card in your Graveyard; add that target to your hand. You can only use this effect of "Knight Day Grepher" once per turn.$Equip Spell Card$$Adds from Graveyard to hand$Unclassified/Condition/Trigger$
42155488$Genomix Fighter$Unlimited$WIND$[Psychic/Tuner/Effect]$$$$$6$2200$1100$$$$You can Normal Summon this card without Tributing, but its original ATK is halved and its Level becomes 3. Once per turn: You can declare 1 Monster Type; if this card is used as a Synchro Material Monster this turn, treat this card and the other Synchro Material Monsters as that Monster Type for that Synchro Summon. If you activate this effect, you cannot Normal or Special Summon monsters for the rest of this turn, except monsters with the declared Monster Type.$$$$Summon/Ignition/Condition$
78540593$Mariña, Princess of Sunflowers$Unlimited$FIRE$[Plant/Effect]$$$$$8$2800$1600$$$$If exactly 1 other Plant monster you control (and no other cards) is destroyed by battle or card effect and sent to the GY: You can target 1 card your opponent controls; destroy that target. This card must be face-up on the field to activate and to resolve this effect.$Plant$$Activates if destroyed by battle/Activates if destroyed by card effect$Trigger/Condition$
15545291$Granmarg the Mega Monarch$Unlimited$EARTH$[Rock/Effect]$$$$$8$2800$1000$$$$You can Tribute Summon this card by Tributing 1 Tribute Summoned monster. When this card is Tribute Summoned: Target up to 2 Set cards on the field; destroy those targets. If this card was Tribute Summoned by Tributing an EARTH monster, add this additional effect.●Also, draw 1 card after that.$EARTH$$Activates upon Tribute Summon/You draw cards$Summon/Trigger/Condition$
41039846$Swarm of Crows$Unlimited$DARK$[Winged Beast/Effect]$$$$$5$1200$1800$$$$Cannot be Special Summoned from the Deck. Once per turn: You can change this card to face-down Defense Position. When this card is Flip Summoned: Discard 1 random card from your opponent's hand.$$$Flips itself face-down/Changes battle positions/Activates upon Flip Summon/Your opponent discards$Summon/Ignition/Trigger$
77428945$Terrene Toothed Tsuchinoko$Unlimited$EARTH$[Reptile/Effect]$$$$$3$1600$500$$$$When this card is Special Summoned: Change all other Special Summoned monsters on the field to face-down Defense Position. You can only use the effect of "Terrene Toothed Tsuchinoko" once per turn.$$$Flips monsters face-down/Changes battle positions$Trigger/Condition$
14812659$Risebell the Star Psycher$Unlimited$WIND$[Psychic/Effect]$$$$$4$1500$1500$$$$Once per turn, during either player's turn: You can target 1 face-up monster on the field; increase its Level by 1.$$$$Quick$
40217358$Blue Duston$Unlimited$WATER$[Fiend/Effect]$$$$$1$0$1000$$$$Cannot be used as a Fusion, Synchro, or Xyz Material for a Summon. While this card is face-up on the field, it cannot be Tributed. When this card on the field is destroyed: Banish 1 random card from its controller's hand, face-down, until the Standby Phase of the next turn. You can only control 1 face-up "Blue Duston".$$$Cannot be Tributed/Returns the player's banished cards to the hand/Returns the opponent's banished cards to the hand$Condition/Continuous/Trigger/Unclassified$
77205367$Number C96: Dark Storm$Unlimited$DARK$[Fiend/Xyz/Effect]$$$3$$$1000$1000$$4 Level 3 DARK monsters$$This card cannot be destroyed by battle, also all battle damage you take from battles involving this card is also inflicted to your opponent. If this card has "Number 96: Dark Mist" as an Xyz Material, it gains this effect.●Once per battle, during either player's turn, when an attack is declared involving this card and an opponent's monster: You can detach 1 Xyz Material from this card; the ATK of the opponent's monster becomes 0, and if it does, this card gains ATK equal to the original ATK of the opponent's monster.$DARK/Number 96: Dark Mist$$$Continuous/Condition/Quick$
03790062$Number 65: Djinn Buster$Unlimited$DARK$[Fiend/Xyz/Effect]$$$2$$$1300$0$$2 Level 2 DARK monsters$$During either player's turn, when an effect of an opponent's monster is activated: You can detach 2 Xyz Materials from this card; negate the activation, and if you do, inflict 500 damage to your opponent.$DARK$$Detaches multiple Xyz Materials as cost$Quick$
49195710$Number C65: King Overfiend$Unlimited$DARK$[Fiend/Xyz/Effect]$$$3$$$1600$0$$3 Level 3 DARK monsters$$Once per turn: You can detach 1 Xyz Material from this card, then target 1 face-up monster your opponent controls; it loses 1000 ATK and DEF. While this card has "Number 65: Djinn Buster" as an Xyz Material, it gains this effect.●Effect Monsters your opponent controls cannot activate their effects.$Number 65: Djinn Buster$$$Ignition/Condition/Continuous$
76589815$Battlin' Boxer Cheat Commissioner$Unlimited$FIRE$[Warrior/Xyz/Effect]$$$3$$$0$1300$$2 Level 3 monsters$$All monsters your opponent controls must attack, if able. While you control another "Battlin' Boxer" monster, your opponent cannot target this card for attacks. When an attack is declared involving another "Battlin' Boxer" monster you control: You can detach 2 Xyz Materials from this card; look at your opponent's hand, then Set 1 Spell Card from their hand to your side of the field.$Supports archetypes /Battlin' Boxer$$Detaches multiple Xyz Materials from itself for cost/Reveals your opponent's hand/Exchanges cards$Continuous/Trigger$
02978414$Number 46: Dragluon$Unlimited$LIGHT$[Dragon/Xyz/Effect]$$$8$$$3000$3000$$2 Level 8 Dragon-Type monsters$$Once per turn, if you control no other monsters: You can detach 1 Xyz Material from this card, then activate 1 of these effects.●Special Summon 1 Dragon-Type monster from your hand.●Target 1 Dragon-Type monster your opponent controls; take control of that target.●Dragon-Type monsters your opponent controls cannot activate their effects until the end of your opponent's tur$Dragon$Dragon$Changes control$Ignition$
39972129$Number 64: Ronin Raccoon Sandayu$Unlimited$EARTH$[Beast/Xyz/Effect]$$$2$$$1000$1000$$2 Level 2 Beast-Type monsters$$Once per turn: You can detach 1 Xyz Material from this card; Special Summon 1 "Kagemusha Raccoon Token" (Beast-Type/EARTH/Level 1/ATK ?/DEF 0). (When Summoned, its ATK becomes equal to the current ATK of the monster on the field that has the highest ATK. Your choice, if tied.) While you control another Beast-Type monster, this card cannot be destroyed by battle or card effects.$Beast$$$Ignition/Condition/Continuous$
75367227$Ghostrick Alucard$Unlimited$DARK$[Zombie/Xyz/Effect]$$$3$$$1800$1600$$2 Level 3 monsters$$Monsters your opponent controls cannot target face-up "Ghostrick" monsters, or any face-down Defense Position monsters, for attacks, except this one. You can detach 1 Xyz Material from this card, then target 1 Set card your opponent controls; destroy that target. You can only use this effect of "Ghostrick Alucard" once per turn. If this card is sent to the Graveyard: You can target 1 other "Ghostrick" card in your Graveyard; add that target to your hand.$Supports archetypes /Ghostrick$$Activates from your Graveyard/Adds from Graveyard to hand$Continuous/Ignition/Condition/Trigger$
01855932$Bujintei Kagutsuchi$Unlimited$LIGHT$[Beast-Warrior/Xyz/Effect]$$$4$$$2500$2000$$2 Level 4 Beast-Warrior-Type monsters$$When this card is Xyz Summoned: Send the top 5 cards of your Deck to the Graveyard (or your entire Deck, if less than 5), also this card gains 100 ATK for each "Bujin" card sent to the Graveyard by this effect. If a "Bujin" Beast-Warrior-Type monster(s) you control would be destroyed by battle or by card effect, you can detach 1 Xyz Material from this card instead of destroying 1 of those monsters. You can only control 1 "Bujintei Kagutsuchi".$Supports archetypes /Bujin$$Activates upon Xyz Summon/Sends from the top of your Deck to your Graveyard$Trigger/Continuous/Condition$
38250531$Crimson Knight Vampire Bram$Unlimited$DARK$[Zombie/Xyz/Effect]$$$5$$$2500$0$$2 Level 5 Zombie monsters$$You can detach 1 material from this card, then target 1 monster in your opponent's GY; Special Summon that target to your field, but only that monster can attack for the rest of this turn. You can only use this effect of "Crimson Knight Vampire Bram" once per turn. Once per turn, during the Standby Phase of the next turn after this card you controlled was destroyed by your opponent's card and sent to your GY: Special Summon this card in Defense Position.$Zombie$$Activates if destroyed by battle/Activates if destroyed by card effect/Activates from your Graveyard$Ignition/Condition/Trigger$
64245689$Meliae of the Trees$Unlimited$EARTH$[Plant/Xyz/Effect]$$$3$$$1700$900$$2 Level 3 EARTH monsters$$Once per turn: You can detach 1 Xyz Material from this card, then activate 1 of these effects.●Send 1 Plant-Type monster from your Deck to the Graveyard.●Target 1 Plant-Type monster in your Graveyard; Special Summon that target in face-up Defense Position.$EARTH/Plant$$Sends from your Deck to your Graveyard$Ignition$
01639384$Divine Dragon Knight Felgrand$Unlimited$LIGHT$[Warrior/Xyz/Effect]$$$8$$$2800$1800$$2 Level 8 monsters$$Once per turn, during either player's turn: You can detach 1 Xyz Material from this card, then target 1 face-up monster on the field; this turn, its effects are negated, but it is unaffected by other card effects.$$$$Quick$
37038993$Puralis, the Purple Pyrotile$Unlimited$FIRE$[Reptile/Synchro/Tuner/Effect]$$$$$2$800$1400$$1 Tuner + 1 non-Tuner monster$$When this card is sent from the field to the Graveyard: All monsters your opponent currently controls lose 500 ATK.$$$Activates from your Graveyard$Trigger$
63422098$Giganticastle$Unlimited$EARTH$[Rock/Synchro/Effect]$$$$$9$2900$2800$$1 Tuner + 1 or more non-Tuner monsters$$This card gains 200 ATK and DEF for each non-Tuner Synchro Material Monster used to Synchro Summon this card.$$$$Continuous$
00917796$Gagagatag$Unlimited$SPELL$$$$$$$$$$$$All "Gagaga" monsters you currently control gain 500 ATK for each "Gagaga" monster you currently control, until your next Standby Phase. You can only activate 1 "Gagagatag" per turn.$Supports archetypes /Gagaga$$$Effect/Condition$
36916401$Battlin' Boxing Spirits$Unlimited$SPELL$$$$$$$$$$$$Send the top card of your Deck to the Graveyard, then target 1 "Battlin' Boxer" monster in your Graveyard; Special Summon that target in face-up Defense Position. You can only activate 1 "Battlin' Boxing Spirits" per turn.$Supports archetypes /Battlin' Boxer$$Sends from the top of your Deck to your Graveyard for cost$Cost/Effect/Condition$
63300440$Dragon Shield$Unlimited$SPELL$$$$$$$$$Equip$$$Equip only to a Dragon-Type monster. It cannot be destroyed by battle or by card effects. Neither player takes any battle damage from attacks involving it.$Dragon$$$Condition/Continuous-like$
99795159$Ghostrick Mansion$Unlimited$SPELL$$$$$$$$$Field$$$Monsters cannot attack face-down Defense Position monsters, but can attack directly if all monsters their opponent controls are face-down Defense Position. All effect damage, and battle damage inflicted by monsters other than "Ghostrick" monsters, is halved.$Supports archetypes /Ghostrick$$$Continuous-like$
35183853$Bujin Regalia - The Mirror$Unlimited$SPELL$$$$$$$$$$$$At the start of your Main Phase 1, if your opponent controls more monsters than you do and you control a Beast-Warrior-Type "Bujin" monster: Until the end of your opponent's next turn, Spell/Trap Cards, and their effects, cannot be activated.$Supports archetypes /Bujin$$$Activation requirement/Effect$
62188962$Vampire Kingdom$Unlimited$SPELL$$$$$$$$$Field$$$Zombie monsters gain 500 ATK during damage calculation only. Once per turn, when a card(s) is sent from your opponent's Deck to the GY: Target 1 card on the field; send 1 DARK "Vampire" monster from your hand or Deck to the GY, and if you do, destroy that target.$Supports archetypes /Vampire$$Sends from your hand to your Graveyard/Sends from your Deck to your Graveyard$Continuous-like/Trigger-like$
98672567$Pot of Dichotomy$Unlimited$SPELL$$$$$$$$$$$$At the start of your Main Phase 1: Target 3 monsters with different Types in your Graveyard; Shuffle all 3 into the Deck, then draw 2 cards. You cannot conduct your Battle Phase the turn you activate this card.$$$Returns from your Graveyard to your Deck/You draw cards/Cannot conduct Battle Phase$Activation requirement/Effect/Condition$
25067275$Swords at Dawn$Unlimited$SPELL$$$$$$$$$Quick-Play$$$Target 1 Equip Spell Card in your Graveyard and 1 appropriate monster on the field; equip the Equip Spell Card to that monster. Destroy that Equip Spell Card during the End Phase. If you activate this card, you cannot Special Summon for the rest of this turn. You can only activate 1 "Swords at Dawn" per turn.$Equip Spell Card$$Places cards from Graveyard in Spell & Trap Zone$Effect/Condition$
61466310$Return of the Monarchs$Unlimited$SPELL$$$$$$$$$Continuous$$$You cannot Special Summon monsters from the Extra Deck. When you Tribute Summon a monster: You can activate 1 of these effects;●Add, from your Deck to your hand, 1 monster with 2400 ATK and 1000 DEF with a different name from that Tribute Summoned monster.●Add, from your Deck to your hand, 1 monster with 2800 ATK and 1000 DEF with a different name from that Tribute Summoned monster.The Tribute Summoned monster must be face-up on the field to activate and to resolve this effect. You can only use this effect of "Return of the Monarchs" once per turn.$$$Adds from Deck to hand$Continuous-like/Trigger-like/Condition$
98850929$Sacred Serpent's Wake$Unlimited$SPELL$$$$$$$$$Quick-Play$$$You can only activate 1 "Sacred Serpent's Wake" per turn. If you control 2 or more different kinds of monsters (Ritual, Fusion, Synchro or Xyz): Activate 1 or more effects, depending on the number of different kinds you control, and resolve in sequence;●2 or more: Target 1 monster in your Graveyard or 1 of your banished monsters; add that target to your hand.●3 or more: Target 1 Trap Card in your Graveyard; add that target to your hand.●4: Target 1 Spell Card in your Graveyard, except "Sacred Serpent's Wake"; add that target to your hand.$Ritual Monster/Fusion Monster/Synchro Monster/Xyz Monster$$Adds from Graveyard to hand/Adds banished cards to the hand$Condition/Activation requirement/Effect$
24845628$Magicalized Duston Mop$Unlimited$SPELL$$$$$$$$$Equip$$$You can only control 1 "Magicalized Duston Mop". The equipped monster cannot be Tributed, or be used as a Fusion, Synchro, or Xyz Material for a Summon. When this card you control is destroyed by an opponent's card effect and sent to your Graveyard: You can add 1 "Duston" monster from your Deck to your hand.$Supports archetypes /Duston$$Activates if destroyed by card effect/Activates from your Graveyard/Adds from Deck to hand/Cannot be Tributed$Condition/Continuous-like/Trigger-like$
50243722$Burst Rebirth$Unlimited$TRAP$$$$$$$$$$$$Pay 2000 Life Points, then target 1 monster in your Graveyard; Special Summon that target in face-down Defense Position.$$$$Cost/Effect$
97738431$Numbers Overlay Boost$Unlimited$TRAP$$$$$$$$$$$$Target 1 "Number" Xyz Monster you control that has no Xyz Materials; attach 2 monsters from your hand to that face-up Xyz Monster, as Xyz Materials.$Supports archetypes /Number$$Attaches as Xyz Material$Activation requirement/Effect$
23122036$Intrigue Shield$Unlimited$TRAP$$$$$$$$$$$$Target 1 face-up monster you control; equip this card to that target. Once per turn, while the equipped monster is in Attack Position, it cannot be destroyed by battle. You take no battle damage from attacks involving it.$$$Equips self from field$Effect/Continuous-like$
50527144$Ghostrick Vanish$Unlimited$TRAP$$$$$$$$$$$$Reveal 1 "Ghostrick" monster in your hand; this turn, "Ghostrick" cards you control, and face-down Defense Position monsters you control, cannot be targeted by, or be destroyed by, card effects.$Supports archetypes /Ghostrick$$Reveals your hand for cost$Cost/Effect$
86516889$Ghostrick Scare$Unlimited$TRAP$$$$$$$$$$$$Target any number of face-down Defense Position monsters you control; change them to face-up Defense Position, count the number of "Ghostrick" monsters among them, and if you do, change up to that many face-up monsters your opponent controls to face-down Defense Position (min. 1).$Supports archetypes /Ghostrick$$Flips monsters face-up/Flips monsters face-down$Activation requirement/Effect$
22900598$Vampire Takeover$Unlimited$TRAP$$$$$$$$$$$$If you have no card in your Field Zone and all face-up monsters you control are Zombie monsters (min. 1): Activate 1 "Vampire Kingdom" directly from your Deck, then, you can Special Summon 1 DARK "Vampire" monster from your GY in Defense Position. You can only activate 1 "Vampire Takeover" per turn.$Supports archetypes /Vampire$$Activates cards from your Deck$Activation requirement/Effect/Condition$
59305593$Mistake$Unlimited$TRAP$$$$$$$$$Continuous$$$Neither player can add cards from their Deck to their hand except by drawing them.$$$Prevents adding cards from Deck to hand$Continuous-like$
85893201$Chain Ignition$Unlimited$TRAP$$$$$$$$$Continuous$$$Once per turn, if a monster(s) your opponent controls is destroyed by your opponent's card effect (except during the Damage Step): You can target 1 card on the field; destroy that target.$$$$Trigger-like$
22888900$Grisaille Prison$Unlimited$TRAP$$$$$$$$$$$$If you control a face-up monster that was Tribute, Ritual, or Fusion Summoned: Until the end of your opponent's next turn, neither player can Synchro or Xyz Summon, Synchro and Xyz Monsters cannot attack, also their effects are negated.$Tribute Summon/Ritual Monster/Fusion Monster$Xyz Monster/Synchro Monster$$Activation requirement/Effect$
58272005$Survival of the Fittest$Unlimited$TRAP$$$$$$$$$$$$Target 1 Dinosaur-Type monster you control; equip this card to that target. It gains 1000 ATK. When that attacking monster destroys an opponent's monster by battle and sends it to the Graveyard: You can activate this effect; the equipped monster can make a second attack on an opponent's monster in a row.$Dinosaur$$Equips self from field/Activates when it destroys a monster by battle$Effect/Continuous-like/Trigger-like$
$BIG Win!?$$TRAP$$$$$$$$$$$$Declare a Level between 1 and 12; each player tosses a coin, and if both are Heads, the Levels of all face-up monsters you currently control become the declared Level. If both are tails, you lose Life Points equal to the declared Level x 500.$$$$$
11958188$Bujingi Raven$Unlimited$LIGHT$[Winged Beast/Effect]$$$$$4$1600$900$$$$When a "Bujin" monster you control is destroyed by battle with an opponent's monster and sent to your Graveyard: You can send this card from your hand to the Graveyard; destroy that opponent's monster.$Supports archetypes /Bujin$$Sends itself from hand to Graveyard for cost$Trigger$
58947797$Vampire Duke$Unlimited$DARK$[Zombie/Effect]$$$$$5$2000$0$$$$Cannot be used as material for an Xyz Summon, except for the Xyz Summon of a DARK monster. When this card is Normal Summoned: You can target 1 DARK "Vampire" monster in your GY; Special Summon that target in Defense Position. When this card is Special Summoned: You can declare 1 card type (Monster, Spell, or Trap); your opponent sends 1 card of that type from their Deck to the GY. You can only use this effect of "Vampire Duke" once per turn.$Supports archetypes /Vampire$$Declares a card type/Sends from your opponent's Deck to your opponent's Graveyard$Trigger/Condition$
84341431$Archfiend Giant$Unlimited$DARK$[Fiend/Effect]$$$$$6$2400$1600$$$$If this face-up card on the field would be destroyed by a card effect, you can pay 500 LP instead. This effect can only be used once while this card is face-up on the field. If this card is destroyed by a card effect and sent to the Graveyard: You can Special Summon 1 "Archfiend" monster from your hand.$Supports archetypes /Archfiend$$Activates from your Graveyard$Continuous/Condition/Trigger$
10736540$Lady of the Lake$Unlimited$LIGHT$[Aqua/Tuner/Effect]$$$$$1$200$1800$$$$Cannot be used as a Synchro Material Monster, except for the Synchro Summon of a Warrior-Type monster. If this card is used for a Synchro Summon, banish it. When this card is Normal Summoned: You can target 1 "Noble Knight" Normal Monster in your Graveyard; Special Summon that target. If this card is in your Graveyard: You can target 1 Level 5 "Noble Knight" monster you control; reduce its Level by 1, and if you do, Special Summon this card from the Graveyard.$Supports archetypes /Noble Knight$$Activates upon Normal Summon/Activates from your Graveyard$Condition/Trigger/Ignition$
47120245$Noble Knight Borz$Unlimited$LIGHT$[Warrior/Effect]$$$$$4$1700$900$$$$This card is treated as a Normal Monster while face-up on the field. While equipped with a "Noble Arms" Equip Spell Card, this card becomes an Effect Monster with these effects.●This card becomes DARK and its Level is increased by 1. During your Main Phase: You can reveal 3 "Noble Arms" cards from your Deck, have your opponent randomly add 1 of them to your hand, and send the rest to the Graveyard. You can only use this effect of "Noble Knight Borz" once per turn.$Supports archetypes /Noble Arms$$Reveals cards from your Deck/Adds from Deck to hand/Sends from your Deck to your Graveyard$Continuous/Ignition/Condition$
83519853$Ignoble Knight of High Laundsallyn$Unlimited$DARK$[Warrior/Synchro/Effect]$$$$$5$2100$900$$1 Tuner + 1 or more non-Tuner "Noble Knight" monsters$$When this card is Synchro Summoned: You can equip 1 "Noble Arms" Equip Spell Card from your Deck to this card. At the end of the Battle Phase, if this card destroyed a monster by battle and sent it to the Graveyard: You can add 1 "Noble Knight" or "Noble Arms" card from your Deck to your hand. You can only control 1 "Ignoble Knight of High Laundsallyn".$Supports archetypes /Noble Arms/Noble Knight$$Activates upon Synchro Summon/Equips from the player's Deck to itself/Activates when it destroys a monster by battle/Adds from Deck to hand$Trigger/Unclassified$
10613952$Sacred Noble Knight of King Artorigus$Unlimited$LIGHT$[Warrior/Xyz/Effect]$$$5$$$2200$2200$$2 Level 5 "Noble Knight" monsters$$When this card is Xyz Summoned: You can target up to 3 "Noble Arms" Equip Spell Cards with different names in your Graveyard; equip those targets to this card. Once per turn: You can detach 1 Xyz Material from this card, then target 1 other monster on the field; destroy that target. If this card on the field is sent to the Graveyard: You can target 1 Level 4 or higher "Noble Knight" monster in your Graveyard; Special Summon that target$Supports archetypes /Noble Knight/Noble Arms$$Activates upon Xyz Summon/Places cards from Graveyard in Spell & Trap Zone$Trigger/Ignition$
46008667$Noble Arms - Excaliburn$Unlimited$SPELL$$$$$$$$$Equip$$$Equip only to a "Noble Knight" monster. It cannot be targeted by an opponent's card effects. During your turn, except the turn this card was sent to the Graveyard: You can banish this card from your Graveyard, then target 1 "Noble Knight" Xyz Monster you control; Special Summon from your Extra Deck, 1 "Noble Knight" Xyz Monster with a different name, by using that target as the Xyz Material. (This Special Summon is treated as an Xyz Summon. Xyz Materials attached to it also become Xyz Materials on the Summoned monster.) You can only use this effect of "Noble Arms - Excaliburn" once per turn.$Supports archetypes /Noble Knight$$Activates from your Graveyard/Transfers$Condition/Continuous-like/Ignition-like$
72497366$Sinister Yorishiro$Unlimited$TRAP$$$$$$$$$Continuous$$$Each turn, 1 Level 5 or higher Fiend monster you Normal Summon can be Summoned without Tributing. If exactly 1 Normal Summoned/Set Level 5 or higher Fiend monster (and no other cards) would be destroyed, you can send this card to the GY instead.$Fiend$$Sends itself from field to Graveyard$Continuous-like$
32995007$Celestial Wolf Lord, Blue Sirius$Unlimited$DARK$[Beast-Warrior/Synchro/Effect]$$$$$6$2400$1500$$1 Tuner + 1 or more non-Tuner monsters$$When this card on the field is destroyed and sent to the Graveyard: Target 1 face-up monster your opponent controls; it loses 2400 ATK.$$$Activates from your Graveyard$Trigger$
60181553$Mira the Star-Bearer$Unlimited$LIGHT$[Warrior/Xyz/Effect]$$$1$$$1100$1000$$3 Level 1 monsters$$If this face-up card would be destroyed, you can detach 1 Xyz Material from this card instead. Level 4 or lower monsters you control cannot be destroyed by card effects.$$$Detaches Xyz Materials for effect$Continuous$
65737274$Dragard$Unlimited$DARK$[Dragon/Effect]$$$$$4$1300$1900$$$$When this card is Normal Summoned: You can target 1 Normal Monster with 1000 or less ATK in your Graveyard; Special Summon that target in face-up Defense Position. Once per turn: You can Tribute 1 Dragon-Type monster, then target 1 face-up monster you control; until the End Phase, its Level becomes 8, and if it does, it gains 800 ATK.$Normal Monster/Dragon$$Activates upon Normal Summon/Tributes for cost$Trigger/Ignition$
99234526$White Dragon Wyverburster$Unlimited(OCG)$LIGHT$[Dragon/Effect]$$$$$4$1700$1800$$$$Cannot be Normal Summoned/Set. Must be Special Summoned (from your hand) by banishing 1 DARK monster from your GY. You can only Special Summon "White Dragon Wyverburster" once per turn this way. If this card is sent from the field to the GY: You can add 1 "Black Dragon Collapserpent" from your Deck to your hand.$DARK/Black Dragon Collapserpent$$Adds from Deck to hand$Summon/Condition/Trigger$
35629124$Kidmodo Dragon$Unlimited$EARTH$[Dragon/Effect]$$$$$3$100$200$$$$If this card is sent to the Graveyard: You can Special Summon 1 Dragon-Type monster from your hand. You cannot Special Summon monsters, except Dragon-Type monsters, nor conduct your Battle Phase, the turn you activate this effect. You can only use this effect of "Kidmodo Dragon" once per turn.$Dragon$$Activates from your Graveyard/Cannot conduct Battle Phase$Trigger/Condition$
25407643$Secret Sanctuary of the Spellcasters$Unlimited$SPELL$$$$$$$$$Continuous$$$When a monster(s) (except a Spellcaster-Type monster) is Normal or Special Summoned to your opponent's side of the field while you control another face-up Spell Card and your opponent does not control any face-up Spell Cards: That monster cannot attack or activate its effects this turn. (This applies even if this card leaves the field.) If you do not control any Spellcaster-Type monsters, destroy this card.$Spellcaster$$Activates upon Normal Summon/Activates upon Special Summon$Trigger-like/Continuous-like$
61901281$Black Dragon Collapserpent$Unlimited(OCG)$DARK$[Dragon/Effect]$$$$$4$1800$1700$$$$Cannot be Normal Summoned/Set. Must be Special Summoned (from your hand) by banishing 1 LIGHT monster from your GY. You can only Special Summon "Black Dragon Collapserpent" once per turn this way. If this card is sent from the field to the GY: You can add 1 "White Dragon Wyverburster" from your Deck to your hand.$LIGHT/White Dragon Wyverburster$$Adds from Deck to hand$Summon/Condition/Trigger$
50789693$Armored Kappa$Unlimited$WATER$[Psychic/Xyz/Effect]$$$2$$$400$1000$$2 Level 2 monsters$$Once per turn: You can detach 1 Xyz Material from this card; this card gains 1000 ATK or DEF. During either player's Battle Step, while an attack involving your monster is occurring: You can discard 1 card; for the rest of this turn, monsters you control cannot be destroyed by battle, also you take no battle damage. You can only use this effect of "Armored Kappa" once per Duel.$$$Discards for cost$Ignition/Quick/Condition$
97173708$Oh Tokenbaum!$Unlimited$TRAP$$$$$$$$$$$$Tribute 2 or more Tokens with the same Level, then target monsters in your Graveyard with that same Level, up to the number of Tokens Tributed; Special Summon them, but their effects are negated, also destroy them during the End Phase.$Monster Token$$Tributes for cost$Cost/Effect/Condition$
52575195$Vivid Knight$Unlimited$LIGHT$[Beast-Warrior/Effect]$$$$$4$1700$800$$$$During either player's turn (except during the Damage Step), when your opponent targets exactly 1 LIGHT Beast-Warrior-Type monster you control (and no other cards) for an attack, or with a card effect: Banish that monster you control until your next Standby Phase, and if you do, Special Summon this card from your hand.$LIGHT/Beast-Warrior$$Activates from your hand/Activates upon attack declaration$Quick$
