Passcode$Name$Status$Attribute$type$link$link_arrows$rank$pendulum_scale$level$attack$defense$spell_attribute$summoning_condition$pendulum_condition$card_text$card_supports$card_anti_supports$card_actions$effect_types$
26302522$Blast Sphere$Unlimited$DARK$[Machine/Effect]$$$$$4$1400$1400$$$$If this face-down Defense Position card was attacked by an opponent's monster, before damage calculation: Equip this card to the attacking monster. Then, during your opponent's next Standby Phase: Destroy the monster this card is equipped to, and if you do, inflict damage to your opponent equal to the ATK the destroyed monster had on the field.$$$Equips self from field$Trigger/Trigger-like$
26376390$Copycat$Unlimited$LIGHT$[Spellcaster/Effect]$$$$$1$0$0$$$$If this card is Summoned: Target 1 face-up monster your opponent controls; this card's ATK/DEF become equal to that monster's original ATK/DEF.$$$Activates upon Normal Summon/Activates upon Flip Summon/Activates upon Special Summon$Trigger$
37507488$Relieve Monster$Unlimited$TRAP$$$$$$$$$$$$When an opponent's monster declares an attack: Target 1 monster you control; return that target to the hand, then Special Summon 1 Level 4 monster from your hand.$$$Activates upon attack declaration/Returns from your field to your hand$Activation requirement/Effect$
86871614$Cloning$Unlimited$TRAP$$$$$$$$$$$$When your opponent Normal or Flip Summons a monster that has a Level: Target that face-up monster; Special Summon 1 "Clone Token", with the same original Type, Attribute, Level, ATK, and DEF as that target. When that target is destroyed and sent to the GY, destroy this Token.$$$$Activation requirement/Effect/Condition$
